episode,step,cluster_id,selected_uav_id,selected_uav_rate_bps,match,success_probability
0,0,0,0,78529836.26741076,1,1.0
0,0,1,3,74168125.58513722,1,1.0
0,0,2,6,96243717.56216282,1,1.0
0,0,3,11,81923404.00773522,1,1.0
0,1,0,2,95217123.02433313,1,1.0
0,1,1,4,82758950.9792474,1,1.0
0,1,2,8,77656755.10164359,1,1.0
0,1,3,11,85110025.39482689,1,1.0
0,2,0,2,88003022.14651892,1,1.0
0,2,1,4,68653457.27033192,1,1.0
0,2,2,8,71244280.24933988,1,1.0
0,2,3,10,95640618.95515911,1,1.0
0,3,0,2,86797188.77241069,1,1.0
0,3,1,3,94708752.71884453,1,1.0
0,3,2,7,88759217.97871955,1,1.0
0,3,3,11,69311835.98240328,1,1.0
0,4,0,2,78268782.28407678,1,1.0
0,4,1,4,69530878.23581704,1,1.0
0,4,2,8,87937840.28583123,1,1.0
0,4,3,10,118907863.66536057,1,1.0
0,5,0,2,108228226.06532736,1,1.0
0,5,1,3,69243503.32802734,1,1.0
0,5,2,8,64060560.85386332,1,1.0
0,5,3,11,64970523.07873954,1,1.0
0,6,0,2,64934529.73194647,1,1.0
0,6,1,5,68424993.14217584,1,1.0
0,6,2,7,79531214.55666277,1,1.0
0,6,3,10,71634869.06091906,1,1.0
0,7,0,0,65595982.947467335,1,1.0
0,7,1,4,87705733.76854914,1,1.0
0,7,2,8,94823331.83628058,1,1.0
0,7,3,10,95558396.36365278,1,1.0
0,8,0,2,81758832.1630483,1,1.0
0,8,1,4,80202714.57076415,1,1.0
0,8,2,7,72672841.31597874,1,1.0
0,8,3,10,69140055.2828787,1,1.0
0,9,0,0,63702947.955931254,1,1.0
0,9,1,3,68286374.4150439,1,1.0
0,9,2,8,62711991.26545499,1,1.0
0,9,3,10,105166114.47456354,1,1.0
0,10,0,2,68796691.74641332,1,1.0
0,10,1,3,82943518.81254698,1,1.0
0,10,2,7,74184886.37792379,1,1.0
0,10,3,10,77689788.69985777,1,1.0
0,11,0,2,123909105.46389385,1,1.0
0,11,1,4,72925788.25001913,1,1.0
0,11,2,8,60232335.124610394,1,1.0
0,11,3,10,80141620.94277768,1,1.0
0,12,0,2,101965762.97383432,1,1.0
0,12,1,3,72285044.05310574,1,1.0
0,12,2,8,88325140.12306722,1,1.0
0,12,3,10,87169586.99829376,1,1.0
0,13,0,2,84281739.32440755,1,1.0
0,13,1,3,71081937.67314817,1,1.0
0,13,2,8,83168236.75172715,1,1.0
0,13,3,10,115443911.74096866,1,1.0
0,14,0,2,77096084.25258768,1,1.0
0,14,1,3,87860948.80948581,1,1.0
0,14,2,8,107294885.81494664,1,1.0
0,14,3,10,102489161.11880115,1,1.0
0,15,0,0,63044166.366900034,1,1.0
0,15,1,4,84297957.50209486,1,1.0
0,15,2,8,87625175.68419127,1,1.0
0,15,3,10,87081007.09587355,1,1.0
0,16,0,2,81050589.07635303,1,1.0
0,16,1,4,72424958.63527814,1,1.0
0,16,2,7,56150865.36341323,1,1.0
0,16,3,10,85108055.55711743,1,1.0
0,17,0,2,77070740.21350683,1,1.0
0,17,1,4,69487316.98343952,1,1.0
0,17,2,8,75853235.40568486,1,1.0
0,17,3,11,68373098.11665986,1,1.0
0,18,0,2,115396612.5385614,1,1.0
0,18,1,4,82338368.5161606,1,1.0
0,18,2,8,87477379.35324854,1,1.0
0,18,3,11,115755889.23865598,1,1.0
0,19,0,2,75383652.98498653,1,1.0
0,19,1,3,71782405.46511365,1,1.0
0,19,2,8,62409044.745851755,1,1.0
0,19,3,10,57556161.99303412,1,1.0
0,20,0,0,78354840.35670306,1,1.0
0,20,1,3,74243143.36963056,1,1.0
0,20,2,6,67419591.75607753,1,1.0
0,20,3,10,81044814.40211137,1,1.0
0,21,0,0,53192778.08968919,1,1.0
0,21,1,3,89765912.96093047,1,1.0
0,21,2,8,120896087.5139608,1,1.0
0,21,3,10,97085225.58744888,1,1.0
0,22,0,2,64536400.346009865,1,1.0
0,22,1,4,100940594.25534077,1,1.0
0,22,2,8,75412271.7464274,1,1.0
0,22,3,10,98280466.56083715,1,1.0
0,23,0,1,61476327.482858576,1,1.0
0,23,1,4,81115587.69849592,1,1.0
0,23,2,6,60939338.848333366,1,1.0
0,23,3,10,84031676.93548718,1,1.0
1,0,0,2,79573046.03857575,1,1.0
1,0,1,3,69818832.27609043,1,1.0
1,0,2,8,65031208.34468856,1,1.0
1,0,3,11,87647563.45204084,1,1.0
1,1,0,2,83767102.4468396,1,1.0
1,1,1,3,72796332.91918768,1,1.0
1,1,2,7,67561131.7027967,1,1.0
1,1,3,10,96312503.85234307,1,1.0
1,2,0,2,105027302.98329863,1,1.0
1,2,1,5,64116320.126366064,1,1.0
1,2,2,8,72055293.7929211,1,1.0
1,2,3,11,77490454.23660582,1,1.0
1,3,0,2,73429198.26379032,1,1.0
1,3,1,3,93840773.92829472,1,1.0
1,3,2,8,100100469.22890086,1,1.0
1,3,3,10,64796676.83433589,1,1.0
1,4,0,2,76062849.43582499,1,1.0
1,4,1,3,80897102.46741126,1,1.0
1,4,2,8,82970588.17443967,1,1.0
1,4,3,10,106929830.90100804,1,1.0
1,5,0,2,91700667.0669592,1,1.0
1,5,1,3,69601082.56182711,1,1.0
1,5,2,8,86277247.6732166,1,1.0
1,5,3,10,65609864.84091487,1,1.0
1,6,0,2,77751117.55041724,1,1.0
1,6,1,3,100603991.62261552,1,1.0
1,6,2,8,78247042.83837591,1,1.0
1,6,3,10,84010284.39706719,1,1.0
1,7,0,0,61587933.00800917,1,1.0
1,7,1,4,93860329.14668582,1,1.0
1,7,2,8,68009727.65601143,1,1.0
1,7,3,11,61846429.629789956,1,1.0
1,8,0,2,83814787.59976237,1,1.0
1,8,1,3,138330445.078816,1,1.0
1,8,2,6,91789436.64193961,1,1.0
1,8,3,10,98368793.36623648,1,1.0
1,9,0,2,106753218.81706187,1,1.0
1,9,1,3,91186765.1473436,1,1.0
1,9,2,8,62162366.09212677,1,1.0
1,9,3,10,64055230.55387463,1,1.0
1,10,0,2,82131339.93104984,1,1.0
1,10,1,3,71230236.35126631,1,1.0
1,10,2,6,63014806.36463649,1,1.0
1,10,3,10,76559273.97490825,1,1.0
1,11,0,2,73234846.46305339,1,1.0
1,11,1,4,78513875.12045492,1,1.0
1,11,2,8,67747854.92963782,1,1.0
1,11,3,10,66488120.338528596,1,1.0
1,12,0,2,80348546.41547939,1,1.0
1,12,1,3,80709543.00956517,1,1.0
1,12,2,8,99970958.82431795,1,1.0
1,12,3,10,98989614.40881163,1,1.0
1,13,0,2,66086130.74441342,1,1.0
1,13,1,5,89262453.35428913,1,1.0
1,13,2,7,66650086.404289156,1,1.0
1,13,3,10,87647580.52734892,1,1.0
1,14,0,0,53440950.06764676,1,1.0
1,14,1,3,67229341.17054857,1,1.0
1,14,2,6,79436537.02651906,1,1.0
1,14,3,10,94214729.07301669,1,1.0
1,15,0,0,79955366.97944386,1,1.0
1,15,1,3,90268685.5747274,1,1.0
1,15,2,6,79703907.62419446,1,1.0
1,15,3,11,77237361.52867961,1,1.0
1,16,0,2,105758024.01796255,1,1.0
1,16,1,3,52758487.937588215,1,1.0
1,16,2,6,64306956.791520536,1,1.0
1,16,3,11,71102780.6298153,1,1.0
1,17,0,2,104705961.88393766,1,1.0
1,17,1,3,77295640.80894968,1,1.0
1,17,2,8,73537592.73125426,1,1.0
1,17,3,11,78819408.94411054,1,1.0
1,18,0,0,91344968.91714491,1,1.0
1,18,1,3,92346245.4874378,1,1.0
1,18,2,6,68695048.02411464,1,1.0
1,18,3,10,104416929.54909955,1,1.0
1,19,0,2,70920387.04890431,1,1.0
1,19,1,3,66100554.25805129,1,1.0
1,19,2,6,86381433.3909659,1,1.0
1,19,3,10,78162582.40751684,1,1.0
1,20,0,2,61542282.79036518,1,1.0
1,20,1,3,92813599.47618632,1,1.0
1,20,2,6,88306718.78300035,1,1.0
1,20,3,10,82544199.02869825,1,1.0
1,21,0,2,93876703.29931276,1,1.0
1,21,1,5,63180250.87916337,1,1.0
1,21,2,8,67011665.76834242,1,1.0
1,21,3,10,82303439.53817248,1,1.0
1,22,0,2,77100875.90730162,1,1.0
1,22,1,3,69157005.7063793,1,1.0
1,22,2,8,58861249.625559956,1,1.0
1,22,3,10,88866679.13640279,1,1.0
1,23,0,2,74313778.1706426,1,1.0
1,23,1,3,61622526.80701084,1,1.0
1,23,2,8,81695820.51384898,1,1.0
1,23,3,10,101887259.60034391,1,1.0
2,0,0,2,92646435.11616856,1,1.0
2,0,1,3,76896370.02594039,1,1.0
2,0,2,8,82940623.57628137,1,1.0
2,0,3,10,99001039.46832147,1,1.0
2,1,0,2,90519505.06300949,1,1.0
2,1,1,4,71267459.22536701,1,1.0
2,1,2,7,56723824.91313395,1,1.0
2,1,3,10,72775238.9089615,1,1.0
2,2,0,0,56495302.95372776,1,1.0
2,2,1,3,74744315.17692803,1,1.0
2,2,2,6,66525548.84010457,1,1.0
2,2,3,10,91967848.00596514,1,1.0
2,3,0,2,82357882.56609704,1,1.0
2,3,1,3,70548878.64617144,1,1.0
2,3,2,8,78655072.47123706,1,1.0
2,3,3,10,78559749.49758166,1,1.0
2,4,0,2,61532926.97604966,1,1.0
2,4,1,3,69238096.19780126,1,1.0
2,4,2,8,57766678.96402203,1,1.0
2,4,3,10,87539730.5301645,1,1.0
2,5,0,2,66284318.95347911,1,1.0
2,5,1,3,70572508.19483778,1,1.0
2,5,2,6,67387692.11606652,1,1.0
2,5,3,10,85175097.45937413,1,1.0
2,6,0,1,61328986.77575164,1,1.0
2,6,1,3,64107335.01357591,1,1.0
2,6,2,8,71154355.32911928,1,1.0
2,6,3,10,91566220.42650078,1,1.0
2,7,0,2,56918520.73810233,1,1.0
2,7,1,4,94432872.03850439,1,1.0
2,7,2,7,55216559.22176924,1,1.0
2,7,3,10,105058727.53779338,1,1.0
2,8,0,1,72652343.83919486,1,1.0
2,8,1,4,57297463.36642695,1,1.0
2,8,2,6,82738528.10311633,1,1.0
2,8,3,10,88977697.2744864,1,1.0
2,9,0,0,65244931.76440454,1,1.0
2,9,1,4,67486348.97781737,1,1.0
2,9,2,6,74049042.91955094,1,1.0
2,9,3,11,65714526.34301224,1,1.0
2,10,0,0,59142593.264483444,1,1.0
2,10,1,3,78602690.73155186,1,1.0
2,10,2,7,70116390.83592291,1,1.0
2,10,3,10,70310475.21014711,1,1.0
2,11,0,2,94107462.63605104,1,1.0
2,11,1,5,61742740.0661558,1,1.0
2,11,2,8,95163941.14660999,1,1.0
2,11,3,10,96644902.44224234,1,1.0
2,12,0,0,64446494.06623796,1,1.0
2,12,1,3,66904668.589586385,1,1.0
2,12,2,6,63005139.45404729,1,1.0
2,12,3,10,73012259.06565924,1,1.0
2,13,0,2,90092171.38034469,1,1.0
2,13,1,3,71183026.32443367,1,1.0
2,13,2,6,68045444.03402658,1,1.0
2,13,3,11,98826591.6172521,1,1.0
2,14,0,2,58709831.91524097,1,1.0
2,14,1,3,76796129.57956629,1,1.0
2,14,2,8,58506810.172854215,1,1.0
2,14,3,10,80078478.96102475,1,1.0
2,15,0,2,71379408.80196331,1,1.0
2,15,1,3,60903741.25355374,1,1.0
2,15,2,8,66792494.37104914,1,1.0
2,15,3,11,69586846.45373267,1,1.0
2,16,0,2,76035258.2414786,1,1.0
2,16,1,3,55434935.753844336,1,1.0
2,16,2,8,56962846.58372527,1,1.0
2,16,3,10,89861191.47622295,1,1.0
2,17,0,2,76011715.31684878,1,1.0
2,17,1,3,65674617.026736684,1,1.0
2,17,2,6,72324237.2114284,1,1.0
2,17,3,11,77797345.1507723,1,1.0
2,18,0,2,85913849.42726447,1,1.0
2,18,1,4,83738846.70119447,1,1.0
2,18,2,8,69383652.56337917,1,1.0
2,18,3,10,71434241.52437206,1,1.0
2,19,0,2,72043025.17972139,1,1.0
2,19,1,3,85179782.6794724,1,1.0
2,19,2,7,79557348.72815995,1,1.0
2,19,3,10,65159424.163485,1,1.0
2,20,0,2,75293448.0038474,1,1.0
2,20,1,4,64063955.22586772,1,1.0
2,20,2,6,69399880.69526587,1,1.0
2,20,3,10,116004008.79989871,1,1.0
2,21,0,2,70906931.03806913,1,1.0
2,21,1,4,59288978.146644056,1,1.0
2,21,2,8,77780602.04082882,1,1.0
2,21,3,10,84393651.11593632,1,1.0
2,22,0,2,84187996.59737608,1,1.0
2,22,1,4,63583099.72597178,1,1.0
2,22,2,8,64789612.734394565,1,1.0
2,22,3,11,98255386.59582272,1,1.0
2,23,0,2,69451551.50231872,1,1.0
2,23,1,4,64789465.1105225,1,1.0
2,23,2,6,64403853.05090239,1,1.0
2,23,3,11,70916135.62061545,1,1.0
3,0,0,0,70256804.37017559,1,1.0
3,0,1,3,69288423.07193515,1,1.0
3,0,2,8,103706546.19540125,1,1.0
3,0,3,10,108566884.25085232,1,1.0
3,1,0,2,83879672.89513627,1,1.0
3,1,1,3,81028266.90018004,1,1.0
3,1,2,8,64183858.69475053,1,1.0
3,1,3,11,71394785.50157808,1,1.0
3,2,0,1,61584285.7049785,1,1.0
3,2,1,3,88241147.21394467,1,1.0
3,2,2,8,58716461.62746166,1,1.0
3,2,3,10,108058780.70755371,1,1.0
3,3,0,2,75194463.15313262,1,1.0
3,3,1,4,66668033.91046074,1,1.0
3,3,2,8,56037857.45184509,1,1.0
3,3,3,10,84413668.9274577,1,1.0
3,4,0,2,87272082.75774482,1,1.0
3,4,1,4,80898134.8795151,1,1.0
3,4,2,6,69310666.75797072,1,1.0
3,4,3,11,93191398.03272265,1,1.0
3,5,0,2,77742324.42722638,1,1.0
3,5,1,3,90070579.58807312,1,1.0
3,5,2,8,85110321.35661052,1,1.0
3,5,3,11,76473706.54150368,1,1.0
3,6,0,2,74946060.49881175,1,1.0
3,6,1,3,64911795.96799574,1,1.0
3,6,2,8,95581879.1230033,1,1.0
3,6,3,11,109562629.1733643,1,1.0
3,7,0,2,69070202.17671323,1,1.0
3,7,1,3,86397614.14373255,1,1.0
3,7,2,6,65148948.70520133,1,1.0
3,7,3,10,90224724.06657688,1,1.0
3,8,0,2,75859717.90552992,1,1.0
3,8,1,4,73525442.73447731,1,1.0
3,8,2,7,64587728.78958685,1,1.0
3,8,3,11,69593910.90813228,1,1.0
3,9,0,0,69841862.70053922,1,1.0
3,9,1,4,73329748.88128391,1,1.0
3,9,2,6,53770682.91662811,1,1.0
3,9,3,11,74804789.08393577,1,1.0
3,10,0,2,76822843.94052267,1,1.0
3,10,1,3,87640126.88021827,1,1.0
3,10,2,8,68563893.24677466,1,1.0
3,10,3,11,84417217.1625042,1,1.0
3,11,0,0,79706402.70829311,1,1.0
3,11,1,3,90048346.01657142,1,1.0
3,11,2,6,92625548.02214526,1,1.0
3,11,3,11,90877331.28342994,1,1.0
3,12,0,2,64644794.46723635,1,1.0
3,12,1,4,68997803.60984576,1,1.0
3,12,2,8,77601452.31922933,1,1.0
3,12,3,11,83239976.18272069,1,1.0
3,13,0,2,60398645.01348274,1,1.0
3,13,1,3,102092528.67949063,1,1.0
3,13,2,6,68857595.55814107,1,1.0
3,13,3,10,76503620.03286839,1,1.0
3,14,0,0,84208867.84698373,1,1.0
3,14,1,4,57800790.577428766,1,1.0
3,14,2,8,91845932.15603377,1,1.0
3,14,3,10,71814762.80461241,1,1.0
3,15,0,2,67552720.93923473,1,1.0
3,15,1,4,71719575.44916405,1,1.0
3,15,2,6,58451491.210834116,1,1.0
3,15,3,10,83640273.94729874,1,1.0
3,16,0,1,63370556.748717465,1,1.0
3,16,1,3,75931708.36678949,1,1.0
3,16,2,8,76445172.89195532,1,1.0
3,16,3,10,80585958.56895016,1,1.0
3,17,0,2,115975181.5898601,1,1.0
3,17,1,3,120702098.58887611,1,1.0
3,17,2,8,69497080.93348382,1,1.0
3,17,3,11,88420386.7931341,1,1.0
3,18,0,2,84663490.19268276,1,1.0
3,18,1,3,79448090.31723155,1,1.0
3,18,2,8,85666282.82019322,1,1.0
3,18,3,10,111219620.58365946,1,1.0
3,19,0,2,69995442.02364995,1,1.0
3,19,1,3,70562363.44433442,1,1.0
3,19,2,8,65900241.408630595,1,1.0
3,19,3,11,96208254.09962532,1,1.0
3,20,0,2,74277768.28594305,1,1.0
3,20,1,4,72932240.43770544,1,1.0
3,20,2,8,70145899.49246997,1,1.0
3,20,3,11,104660518.42656168,1,1.0
3,21,0,0,64530683.820342615,1,1.0
3,21,1,3,77035898.18633188,1,1.0
3,21,2,8,73731674.43110983,1,1.0
3,21,3,10,73377213.3753669,1,1.0
3,22,0,0,67042249.26904255,1,1.0
3,22,1,3,89936204.22295722,1,1.0
3,22,2,7,73256610.87733585,1,1.0
3,22,3,10,97494969.21297719,1,1.0
3,23,0,0,60933245.704780795,1,1.0
3,23,1,3,103179831.40017898,1,1.0
3,23,2,8,74187782.49140984,1,1.0
3,23,3,11,70140498.80314834,1,1.0
4,0,0,0,61915212.46853966,1,1.0
4,0,1,3,68726077.56839639,1,1.0
4,0,2,8,65985867.75953543,1,1.0
4,0,3,11,71213063.85211276,1,1.0
4,1,0,2,59496126.48520062,1,1.0
4,1,1,3,88000278.94563499,1,1.0
4,1,2,8,75090387.33078076,1,1.0
4,1,3,10,94250731.16947566,1,1.0
4,2,0,0,77846949.33547896,1,1.0
4,2,1,3,67461723.71979046,1,1.0
4,2,2,8,60135633.0064665,1,1.0
4,2,3,9,63812003.81008727,1,1.0
4,3,0,2,85619198.61151433,1,1.0
4,3,1,3,81076993.88587506,1,1.0
4,3,2,8,76668341.43173878,1,1.0
4,3,3,10,82328188.71011458,1,1.0
4,4,0,2,116862388.03265293,1,1.0
4,4,1,4,70584369.67375231,1,1.0
4,4,2,6,65280303.218720086,1,1.0
4,4,3,10,76729914.18468711,1,1.0
4,5,0,0,74050312.01309285,1,1.0
4,5,1,3,101894457.39273691,1,1.0
4,5,2,8,76503506.4858287,1,1.0
4,5,3,10,68185040.75184894,1,1.0
4,6,0,2,70523866.24016985,1,1.0
4,6,1,3,139423273.85311598,1,1.0
4,6,2,7,57268356.72511079,1,1.0
4,6,3,9,62109538.30996416,1,1.0
4,7,0,0,56829933.82550696,1,1.0
4,7,1,4,67983530.71789134,1,1.0
4,7,2,8,94438439.64670065,1,1.0
4,7,3,10,82911417.42517674,1,1.0
4,8,0,2,68674868.34570366,1,1.0
4,8,1,3,58086881.53555278,1,1.0
4,8,2,8,71196322.7073636,1,1.0
4,8,3,10,81054878.28574601,1,1.0
4,9,0,0,74810577.66964382,1,1.0
4,9,1,3,82565797.29609835,1,1.0
4,9,2,7,56228450.823134914,1,1.0
4,9,3,10,80256557.35527644,1,1.0
4,10,0,2,77097959.2745464,1,1.0
4,10,1,3,69877985.43375869,1,1.0
4,10,2,6,113454650.90864378,1,1.0
4,10,3,10,93426752.4031153,1,1.0
4,11,0,2,77740723.76679385,1,1.0
4,11,1,3,73770988.56010506,1,1.0
4,11,2,7,80047979.55752249,1,1.0
4,11,3,10,71517044.60216014,1,1.0
4,12,0,1,59652776.71614685,1,1.0
4,12,1,4,92463066.44599478,1,1.0
4,12,2,7,105856291.59418896,1,1.0
4,12,3,10,110764931.68404979,1,1.0
4,13,0,1,66462481.840126865,1,1.0
4,13,1,4,66816446.241218336,1,1.0
4,13,2,8,64536656.96406697,1,1.0
4,13,3,10,74805114.60751906,1,1.0
4,14,0,0,58212064.84150082,1,1.0
4,14,1,3,66503454.58954394,1,1.0
4,14,2,8,78495563.68133439,1,1.0
4,14,3,10,104300326.64042446,1,1.0
4,15,0,2,77868897.59863381,1,1.0
4,15,1,5,68900032.32860875,1,1.0
4,15,2,6,65653542.18664281,1,1.0
4,15,3,10,77884203.4541066,1,1.0
4,16,0,0,73462354.42133242,1,1.0
4,16,1,4,67493215.60546508,1,1.0
4,16,2,6,58475837.116918996,1,1.0
4,16,3,10,83915150.07541902,1,1.0
4,17,0,2,89191005.76033376,1,1.0
4,17,1,4,121695212.40554129,1,1.0
4,17,2,8,80876417.16908027,1,1.0
4,17,3,10,155348331.28201872,1,1.0
4,18,0,2,73691957.61187911,1,1.0
4,18,1,4,64496505.7589616,1,1.0
4,18,2,7,82164194.81860897,1,1.0
4,18,3,10,120498045.95728308,1,1.0
4,19,0,2,80650946.11242026,1,1.0
4,19,1,3,87679891.22351184,1,1.0
4,19,2,8,67200881.46321152,1,1.0
4,19,3,10,71073257.73282643,1,1.0
4,20,0,1,88641513.28524898,1,1.0
4,20,1,3,84090391.7955756,1,1.0
4,20,2,7,58061010.767327204,1,1.0
4,20,3,10,79207376.43210894,1,1.0
4,21,0,0,58759236.32934793,1,1.0
4,21,1,3,56422433.05976422,1,1.0
4,21,2,7,73093434.24510747,1,1.0
4,21,3,10,60744866.17051769,1,1.0
4,22,0,2,92611293.23767336,1,1.0
4,22,1,3,89088313.22003947,1,1.0
4,22,2,8,80246680.52809358,1,1.0
4,22,3,10,98192985.57456484,1,1.0
4,23,0,2,74424328.52292924,1,1.0
4,23,1,3,105414601.3224692,1,1.0
4,23,2,7,70736737.42635684,1,1.0
4,23,3,10,69675777.56893812,1,1.0
5,0,0,2,77445604.8084325,1,1.0
5,0,1,3,57034750.96798763,1,1.0
5,0,2,8,76470438.67796394,1,1.0
5,0,3,10,75286643.7529873,1,1.0
5,1,0,2,78321141.4421106,1,1.0
5,1,1,3,75543893.88662292,1,1.0
5,1,2,7,82091129.88156952,1,1.0
5,1,3,10,86498514.66606702,1,1.0
5,2,0,1,60681682.88760315,1,1.0
5,2,1,3,69185851.7791013,1,1.0
5,2,2,8,64152871.77045113,1,1.0
5,2,3,10,86748244.25186805,1,1.0
5,3,0,2,110242427.90333661,1,1.0
5,3,1,3,68250666.0314266,1,1.0
5,3,2,6,73329902.22723739,1,1.0
5,3,3,10,84975390.85372557,1,1.0
5,4,0,0,53541135.647328556,1,1.0
5,4,1,3,95141907.59119323,1,1.0
5,4,2,8,63419965.41631995,1,1.0
5,4,3,10,94158836.02719076,1,1.0
5,5,0,0,96968199.17103161,1,1.0
5,5,1,3,86026366.05351786,1,1.0
5,5,2,8,85905040.94144088,1,1.0
5,5,3,10,79974476.38440605,1,1.0
5,6,0,2,71744386.21810584,1,1.0
5,6,1,3,112852950.4840995,1,1.0
5,6,2,8,89577103.18658179,1,1.0
5,6,3,11,61480633.734330975,1,1.0
5,7,0,2,65228699.03790412,1,1.0
5,7,1,3,60284172.23113424,1,1.0
5,7,2,7,69464608.93893866,1,1.0
5,7,3,10,89486599.63510373,1,1.0
5,8,0,2,73514813.16795506,1,1.0
5,8,1,4,109354407.84376308,1,1.0
5,8,2,8,90014973.90132017,1,1.0
5,8,3,10,71769696.03799881,1,1.0
5,9,0,2,73142560.22965138,1,1.0
5,9,1,3,73620881.34741725,1,1.0
5,9,2,7,81787614.75909497,1,1.0
5,9,3,10,79317444.67753172,1,1.0
5,10,0,2,80067770.70531125,1,1.0
5,10,1,3,62424890.23096815,1,1.0
5,10,2,7,168014690.01037756,1,1.0
5,10,3,10,126936874.65291367,1,1.0
5,11,0,2,83701461.07480703,1,1.0
5,11,1,3,79044895.85386181,1,1.0
5,11,2,8,84558425.61417827,1,1.0
5,11,3,11,77543795.25387506,1,1.0
5,12,0,2,79771110.83590232,1,1.0
5,12,1,4,78968661.99007104,1,1.0
5,12,2,7,66269692.18299531,1,1.0
5,12,3,10,72014197.22301978,1,1.0
5,13,0,0,66674498.61808355,1,1.0
5,13,1,3,66022666.825005375,1,1.0
5,13,2,7,65521313.25037886,1,1.0
5,13,3,10,69983218.43794678,1,1.0
5,14,0,2,86029549.50192781,1,1.0
5,14,1,4,82741353.37588689,1,1.0
5,14,2,8,67123772.20741384,1,1.0
5,14,3,10,86524206.05024962,1,1.0
5,15,0,2,75983124.77461863,1,1.0
5,15,1,3,81874240.82375966,1,1.0
5,15,2,8,84490663.3664298,1,1.0
5,15,3,10,95433146.58595401,1,1.0
5,16,0,2,109124516.84177352,1,1.0
5,16,1,4,54989467.50164622,1,1.0
5,16,2,7,64297825.371522374,1,1.0
5,16,3,11,63109965.14518354,1,1.0
5,17,0,2,71565387.3048827,1,1.0
5,17,1,3,119902643.952788,1,1.0
5,17,2,8,54247762.68960221,1,1.0
5,17,3,10,61132372.96668811,1,1.0
5,18,0,0,64047122.84715275,1,1.0
5,18,1,4,76079036.97647354,1,1.0
5,18,2,8,60916596.387055665,1,1.0
5,18,3,11,100328268.79226181,1,1.0
5,19,0,2,65611702.67404477,1,1.0
5,19,1,5,70302464.25259992,1,1.0
5,19,2,8,85155479.7019119,1,1.0
5,19,3,10,109366020.46694592,1,1.0
5,20,0,1,67160219.23912242,1,1.0
5,20,1,3,81511793.77210808,1,1.0
5,20,2,8,60078537.20248694,1,1.0
5,20,3,10,73945442.19446076,1,1.0
5,21,0,2,89377295.90253836,1,1.0
5,21,1,4,68121575.6306092,1,1.0
5,21,2,8,85193189.48833847,1,1.0
5,21,3,10,71553014.54113425,1,1.0
5,22,0,2,63861932.45162218,1,1.0
5,22,1,4,80483538.14182386,1,1.0
5,22,2,7,68977494.81036793,1,1.0
5,22,3,10,75438976.63911662,1,1.0
5,23,0,2,95140129.02580827,1,1.0
5,23,1,4,82534189.34604992,1,1.0
5,23,2,8,70622842.84163345,1,1.0
5,23,3,10,73663906.93848044,1,1.0
6,0,0,2,84741227.66429709,1,1.0
6,0,1,4,65040819.392781615,1,1.0
6,0,2,8,69142087.46085593,1,1.0
6,0,3,10,102516147.3619462,1,1.0
6,1,0,2,63582598.6813607,1,1.0
6,1,1,3,155126363.02812442,1,1.0
6,1,2,8,74469911.36825596,1,1.0
6,1,3,10,90635227.18629566,1,1.0
6,2,0,0,64766315.01143751,1,1.0
6,2,1,4,69281871.00005226,1,1.0
6,2,2,7,65096473.20756544,1,1.0
6,2,3,11,64747525.770184994,1,1.0
6,3,0,2,55867488.191613756,1,1.0
6,3,1,3,84555588.12305057,1,1.0
6,3,2,8,68383233.98224075,1,1.0
6,3,3,10,66699083.071411155,1,1.0
6,4,0,2,85308884.77898735,1,1.0
6,4,1,3,73701764.47792803,1,1.0
6,4,2,7,89542637.65943138,1,1.0
6,4,3,10,84203635.28376251,1,1.0
6,5,0,0,128402894.63557547,1,1.0
6,5,1,3,62866120.16186346,1,1.0
6,5,2,8,59574948.1428475,1,1.0
6,5,3,10,78271994.4965105,1,1.0
6,6,0,2,64435959.500569366,1,1.0
6,6,1,3,85824826.01803938,1,1.0
6,6,2,8,78163283.986357,1,1.0
6,6,3,10,64347009.41667699,1,1.0
6,7,0,0,68936449.9267663,1,1.0
6,7,1,4,70148284.76334466,1,1.0
6,7,2,6,80802262.49104078,1,1.0
6,7,3,11,107319812.1331555,1,1.0
6,8,0,2,65814631.86294573,1,1.0
6,8,1,3,58934056.520755894,1,1.0
6,8,2,8,97197552.3634302,1,1.0
6,8,3,10,66447351.13864623,1,1.0
6,9,0,0,64251299.3878775,1,1.0
6,9,1,4,59805307.84767126,1,1.0
6,9,2,8,56156343.63960196,1,1.0
6,9,3,10,77763205.06925169,1,1.0
6,10,0,2,92373463.59790714,1,1.0
6,10,1,3,75198521.45733324,1,1.0
6,10,2,7,57279536.97840474,1,1.0
6,10,3,10,78053900.51316626,1,1.0
6,11,0,0,77673685.66467825,1,1.0
6,11,1,3,74217906.0649258,1,1.0
6,11,2,7,67915614.74100767,1,1.0
6,11,3,11,82422427.41537434,1,1.0
6,12,0,2,65559132.45317189,1,1.0
6,12,1,3,78866152.1454691,1,1.0
6,12,2,6,51857258.19675901,1,1.0
6,12,3,10,84943459.69056794,1,1.0
6,13,0,2,61424784.33540535,1,1.0
6,13,1,3,62979775.39869482,1,1.0
6,13,2,8,65953507.94283872,1,1.0
6,13,3,10,78397010.76882191,1,1.0
6,14,0,2,92741578.3524671,1,1.0
6,14,1,3,85269698.44961008,1,1.0
6,14,2,8,65269678.60403548,1,1.0
6,14,3,10,79525499.08317418,1,1.0
6,15,0,2,63937919.30986479,1,1.0
6,15,1,3,65760341.82520975,1,1.0
6,15,2,8,68340840.79200569,1,1.0
6,15,3,11,83390158.2293958,1,1.0
6,16,0,2,69455928.45766173,1,1.0
6,16,1,4,71987892.53362148,1,1.0
6,16,2,8,59733843.76288609,1,1.0
6,16,3,11,70215145.81612496,1,1.0
6,17,0,2,102564521.71597219,1,1.0
6,17,1,3,69821868.99271236,1,1.0
6,17,2,8,68881622.6266724,1,1.0
6,17,3,10,83658641.95739098,1,1.0
6,18,0,2,70386225.73912212,1,1.0
6,18,1,3,102287434.54176031,1,1.0
6,18,2,7,64806337.600000806,1,1.0
6,18,3,11,72186664.61602727,1,1.0
6,19,0,2,66361168.657877594,1,1.0
6,19,1,3,63540516.521862276,1,1.0
6,19,2,8,83627082.4696671,1,1.0
6,19,3,11,93634461.62042515,1,1.0
6,20,0,0,71616942.59867269,1,1.0
6,20,1,3,83444232.77368866,1,1.0
6,20,2,8,81388992.39301853,1,1.0
6,20,3,10,83736056.4663398,1,1.0
6,21,0,2,93722837.91616365,1,1.0
6,21,1,4,69102216.97867908,1,1.0
6,21,2,8,98459021.20783655,1,1.0
6,21,3,10,72747508.4602948,1,1.0
6,22,0,2,118272837.9028373,1,1.0
6,22,1,3,104208996.86458988,1,1.0
6,22,2,8,78695899.52432746,1,1.0
6,22,3,10,65954894.31411179,1,1.0
6,23,0,2,81031542.19089824,1,1.0
6,23,1,3,72481926.51542066,1,1.0
6,23,2,8,67549087.54036812,1,1.0
6,23,3,10,57673300.91858729,1,1.0
7,0,0,2,86793132.01308976,1,1.0
7,0,1,4,64505233.60731245,1,1.0
7,0,2,8,98562307.23940855,1,1.0
7,0,3,11,83101850.99049427,1,1.0
7,1,0,2,72051983.10888387,1,1.0
7,1,1,3,70288891.31917094,1,1.0
7,1,2,7,64360598.76574996,1,1.0
7,1,3,11,69658841.10473377,1,1.0
7,2,0,0,58735741.66776112,1,1.0
7,2,1,3,61936610.641360566,1,1.0
7,2,2,6,67759652.62616374,1,1.0
7,2,3,11,75752727.39219017,1,1.0
7,3,0,2,67296270.07760476,1,1.0
7,3,1,3,69198688.82445388,1,1.0
7,3,2,8,55601824.009962134,1,1.0
7,3,3,10,73346800.16485742,1,1.0
7,4,0,2,58819776.011507995,1,1.0
7,4,1,4,75324837.00210711,1,1.0
7,4,2,6,77122668.4348523,1,1.0
7,4,3,10,72280723.7840897,1,1.0
7,5,0,0,74734462.61984403,1,1.0
7,5,1,3,81626757.86392155,1,1.0
7,5,2,7,85645601.47673036,1,1.0
7,5,3,10,90999880.00929433,1,1.0
7,6,0,2,68081514.74982812,1,1.0
7,6,1,4,60904822.30656686,1,1.0
7,6,2,6,55626712.42419759,1,1.0
7,6,3,11,73394213.33146071,1,1.0
7,7,0,2,69142991.75673716,1,1.0
7,7,1,3,82811075.5158085,1,1.0
7,7,2,8,67572316.12413643,1,1.0
7,7,3,10,73429120.22200976,1,1.0
7,8,0,0,85988028.48627692,1,1.0
7,8,1,4,67428186.90290155,1,1.0
7,8,2,8,71941862.11120869,1,1.0
7,8,3,11,79030189.2200712,1,1.0
7,9,0,2,91059906.87579454,1,1.0
7,9,1,3,66919137.49214656,1,1.0
7,9,2,8,88289129.49470179,1,1.0
7,9,3,10,145499859.0001761,1,1.0
7,10,0,2,88353588.48576692,1,1.0
7,10,1,3,70428056.5602768,1,1.0
7,10,2,6,67591101.22225802,1,1.0
7,10,3,10,93795829.09896141,1,1.0
7,11,0,2,67355286.1333017,1,1.0
7,11,1,3,101821675.4238595,1,1.0
7,11,2,8,55081291.38114123,1,1.0
7,11,3,10,99140221.73928134,1,1.0
7,12,0,2,77396655.16476434,1,1.0
7,12,1,3,88343145.71897124,1,1.0
7,12,2,8,90705945.48088613,1,1.0
7,12,3,9,73296725.88442117,1,1.0
7,13,0,2,68352106.39412789,1,1.0
7,13,1,4,61028077.032614216,1,1.0
7,13,2,8,74727650.30296089,1,1.0
7,13,3,11,69559176.79884651,1,1.0
7,14,0,2,81345645.47915003,1,1.0
7,14,1,3,67881015.15019459,1,1.0
7,14,2,8,61428286.27795897,1,1.0
7,14,3,10,116677358.43918587,1,1.0
7,15,0,2,97389806.88228697,1,1.0
7,15,1,4,65002985.68027009,1,1.0
7,15,2,8,111015599.77972229,1,1.0
7,15,3,10,81942405.39656138,1,1.0
7,16,0,1,56572278.02015493,1,1.0
7,16,1,4,71036133.26149234,1,1.0
7,16,2,8,70058537.78787814,1,1.0
7,16,3,10,74591213.56807673,1,1.0
7,17,0,2,77600126.79072922,1,1.0
7,17,1,4,68416928.15595295,1,1.0
7,17,2,7,72456310.20123945,1,1.0
7,17,3,11,69265359.94596636,1,1.0
7,18,0,2,80560707.8964886,1,1.0
7,18,1,5,61839316.41249544,1,1.0
7,18,2,6,73017993.60874343,1,1.0
7,18,3,10,102958489.52527517,1,1.0
7,19,0,2,65881158.90584485,1,1.0
7,19,1,3,98840534.18192482,1,1.0
7,19,2,6,78037386.63946995,1,1.0
7,19,3,10,77970080.97752549,1,1.0
7,20,0,0,125746103.40824142,1,1.0
7,20,1,4,70944475.90403739,1,1.0
7,20,2,8,83353886.0131802,1,1.0
7,20,3,11,75443581.51153395,1,1.0
7,21,0,2,65747669.57458144,1,1.0
7,21,1,3,87186532.25004072,1,1.0
7,21,2,7,59740727.6601966,1,1.0
7,21,3,10,73266092.87726499,1,1.0
7,22,0,2,74367208.63656668,1,1.0
7,22,1,3,61555832.80115441,1,1.0
7,22,2,8,98762592.54458483,1,1.0
7,22,3,10,86347086.90007697,1,1.0
7,23,0,2,86216396.58937325,1,1.0
7,23,1,4,80511534.20220535,1,1.0
7,23,2,8,71842522.6966146,1,1.0
7,23,3,10,70005593.45471641,1,1.0
8,0,0,0,69579749.19781157,1,1.0
8,0,1,3,97687817.91545594,1,1.0
8,0,2,8,80130067.19939308,1,1.0
8,0,3,10,78407341.30264723,1,1.0
8,1,0,0,70414723.89510837,1,1.0
8,1,1,3,63363156.90518755,1,1.0
8,1,2,8,71010738.31093076,1,1.0
8,1,3,11,97752455.18621612,1,1.0
8,2,0,0,55506208.25484257,1,1.0
8,2,1,3,74177464.77091368,1,1.0
8,2,2,8,78087986.49842216,1,1.0
8,2,3,11,85509426.87434779,1,1.0
8,3,0,2,76549182.98596099,1,1.0
8,3,1,4,62901069.41268344,1,1.0
8,3,2,7,70065428.5141814,1,1.0
8,3,3,10,91633728.99096644,1,1.0
8,4,0,2,128415501.2847194,1,1.0
8,4,1,4,73598500.95418851,1,1.0
8,4,2,8,77478192.54707213,1,1.0
8,4,3,10,82664652.67425363,1,1.0
8,5,0,2,70547630.99785602,1,1.0
8,5,1,4,69439202.81031653,1,1.0
8,5,2,7,59392751.00770727,1,1.0
8,5,3,10,62340401.50461463,1,1.0
8,6,0,2,90024451.77279156,1,1.0
8,6,1,3,85537648.52924694,1,1.0
8,6,2,8,73255766.55820298,1,1.0
8,6,3,11,68528544.68799478,1,1.0
8,7,0,0,124795412.77375089,1,1.0
8,7,1,4,81610365.47184795,1,1.0
8,7,2,8,87317325.66467571,1,1.0
8,7,3,10,74841821.20069432,1,1.0
8,8,0,2,79157384.7966407,1,1.0
8,8,1,4,82882769.65603834,1,1.0
8,8,2,7,63851938.198500395,1,1.0
8,8,3,10,83438386.20753992,1,1.0
8,9,0,0,63801076.602376916,1,1.0
8,9,1,4,72575847.26861994,1,1.0
8,9,2,8,69481028.67120308,1,1.0
8,9,3,10,65631863.93569542,1,1.0
8,10,0,2,69193335.69810443,1,1.0
8,10,1,4,76369289.25859122,1,1.0
8,10,2,7,81915690.92119665,1,1.0
8,10,3,10,91698465.01334922,1,1.0
8,11,0,2,58722320.14261911,1,1.0
8,11,1,3,103641398.56100245,1,1.0
8,11,2,7,97661148.92447017,1,1.0
8,11,3,10,91254976.62183726,1,1.0
8,12,0,2,99257032.64877549,1,1.0
8,12,1,3,68472546.38569051,1,1.0
8,12,2,6,56905031.524493575,1,1.0
8,12,3,10,91808912.17827272,1,1.0
8,13,0,2,107603566.7432444,1,1.0
8,13,1,3,72475392.3145088,1,1.0
8,13,2,6,75425874.62464514,1,1.0
8,13,3,10,114104434.00817159,1,1.0
8,14,0,0,67263740.81209423,1,1.0
8,14,1,3,63445604.89127687,1,1.0
8,14,2,8,70252223.0102262,1,1.0
8,14,3,10,86109425.83077359,1,1.0
8,15,0,1,64193248.215105645,1,1.0
8,15,1,3,61580791.05640588,1,1.0
8,15,2,7,57790316.30226328,1,1.0
8,15,3,10,69875570.62609516,1,1.0
8,16,0,1,70619632.48900251,1,1.0
8,16,1,3,79185084.37229401,1,1.0
8,16,2,7,81271047.64993238,1,1.0
8,16,3,10,80474882.60668594,1,1.0
8,17,0,0,69245409.32119365,1,1.0
8,17,1,3,75714483.77306828,1,1.0
8,17,2,7,72409572.82178928,1,1.0
8,17,3,10,73989478.44422199,1,1.0
8,18,0,2,86172310.24861953,1,1.0
8,18,1,3,75823056.34010856,1,1.0
8,18,2,8,72794738.03627752,1,1.0
8,18,3,10,74002710.92324315,1,1.0
8,19,0,2,87403403.98474944,1,1.0
8,19,1,3,71647302.53718159,1,1.0
8,19,2,8,59976350.78577552,1,1.0
8,19,3,11,69226050.30525334,1,1.0
8,20,0,2,74177033.7241386,1,1.0
8,20,1,4,72529778.99679068,1,1.0
8,20,2,6,75216380.98597565,1,1.0
8,20,3,10,100960814.57899457,1,1.0
8,21,0,0,67237987.5996147,1,1.0
8,21,1,3,91893292.72821449,1,1.0
8,21,2,7,68526737.9264774,1,1.0
8,21,3,10,69941597.34753422,1,1.0
8,22,0,0,69246508.15781826,1,1.0
8,22,1,4,69373027.14522348,1,1.0
8,22,2,7,76355055.18106082,1,1.0
8,22,3,10,79812868.44959114,1,1.0
8,23,0,2,99170016.14186352,1,1.0
8,23,1,3,64551890.31701648,1,1.0
8,23,2,7,63110202.16408361,1,1.0
8,23,3,10,87813331.6992484,1,1.0
9,0,0,0,69557621.23793966,1,1.0
9,0,1,3,74092746.71497361,1,1.0
9,0,2,8,66209562.320586324,1,1.0
9,0,3,10,70684879.47899432,1,1.0
9,1,0,2,79606640.64567333,1,1.0
9,1,1,3,85291395.3714152,1,1.0
9,1,2,8,68221912.89555614,1,1.0
9,1,3,10,67888852.88699129,1,1.0
9,2,0,2,83116933.99074084,1,1.0
9,2,1,3,84846258.96196665,1,1.0
9,2,2,8,76821429.79046673,1,1.0
9,2,3,11,77693290.4291283,1,1.0
9,3,0,2,97345890.48554845,1,1.0
9,3,1,3,70003824.65924053,1,1.0
9,3,2,8,64409398.089164816,1,1.0
9,3,3,11,65521797.54969498,1,1.0
9,4,0,2,82077795.03185248,1,1.0
9,4,1,3,84017231.41861229,1,1.0
9,4,2,8,65080386.62624565,1,1.0
9,4,3,10,61941840.39735687,1,1.0
9,5,0,0,64859546.893692516,1,1.0
9,5,1,3,89837343.43475464,1,1.0
9,5,2,8,85409428.95379722,1,1.0
9,5,3,10,90208642.63011566,1,1.0
9,6,0,2,99519857.06688976,1,1.0
9,6,1,4,60238504.776086226,1,1.0
9,6,2,7,67227352.96481998,1,1.0
9,6,3,11,118729107.22798778,1,1.0
9,7,0,2,67519086.30588368,1,1.0
9,7,1,3,57662098.23583399,1,1.0
9,7,2,8,67566728.82743184,1,1.0
9,7,3,10,73596025.97128755,1,1.0
9,8,0,2,70768112.50723788,1,1.0
9,8,1,4,69699353.86120056,1,1.0
9,8,2,8,72958879.46405339,1,1.0
9,8,3,11,86910763.04679418,1,1.0
9,9,0,2,72017125.18754594,1,1.0
9,9,1,3,109690407.88083778,1,1.0
9,9,2,8,83476293.96077111,1,1.0
9,9,3,10,74003934.54642735,1,1.0
9,10,0,2,80219777.94098645,1,1.0
9,10,1,4,85055450.04608673,1,1.0
9,10,2,8,55291696.87303419,1,1.0
9,10,3,10,112348792.44487062,1,1.0
9,11,0,2,69946378.72472847,1,1.0
9,11,1,3,73471191.07196447,1,1.0
9,11,2,8,81290711.61230518,1,1.0
9,11,3,11,74975721.83659585,1,1.0
9,12,0,0,64613877.26388467,1,1.0
9,12,1,3,86593879.23953259,1,1.0
9,12,2,8,74080234.79047143,1,1.0
9,12,3,11,84437375.32411778,1,1.0
9,13,0,0,65900467.47323468,1,1.0
9,13,1,3,99917836.64810339,1,1.0
9,13,2,8,67189129.01987301,1,1.0
9,13,3,10,79697946.23489258,1,1.0
9,14,0,2,77717913.53288949,1,1.0
9,14,1,3,60744862.78968632,1,1.0
9,14,2,6,64410617.68076944,1,1.0
9,14,3,10,91826638.29364863,1,1.0
9,15,0,2,73461776.04866824,1,1.0
9,15,1,3,70944899.19051199,1,1.0
9,15,2,7,68296038.66393812,1,1.0
9,15,3,11,62023146.84348582,1,1.0
9,16,0,2,60783843.97096137,1,1.0
9,16,1,4,69407271.25242446,1,1.0
9,16,2,7,69987256.87923819,1,1.0
9,16,3,10,91732517.28536834,1,1.0
9,17,0,0,69577583.79570064,1,1.0
9,17,1,3,95751214.65712433,1,1.0
9,17,2,7,65671822.91948895,1,1.0
9,17,3,10,75833922.94232418,1,1.0
9,18,0,2,70780741.35206018,1,1.0
9,18,1,3,92101914.8124236,1,1.0
9,18,2,7,57186806.17216417,1,1.0
9,18,3,11,116209562.23426245,1,1.0
9,19,0,2,94100186.16969201,1,1.0
9,19,1,3,87824268.73558909,1,1.0
9,19,2,8,74754555.96500407,1,1.0
9,19,3,10,126901836.91041997,1,1.0
9,20,0,2,61283219.352901556,1,1.0
9,20,1,3,59620197.199528344,1,1.0
9,20,2,8,55159325.20509795,1,1.0
9,20,3,10,68998840.73299637,1,1.0
9,21,0,2,76257844.643743,1,1.0
9,21,1,4,70264765.15796639,1,1.0
9,21,2,8,105705516.22640564,1,1.0
9,21,3,10,94718192.05974129,1,1.0
9,22,0,0,67458587.05808884,1,1.0
9,22,1,4,71647842.47204602,1,1.0
9,22,2,6,74101591.16505669,1,1.0
9,22,3,10,66625693.67274958,1,1.0
9,23,0,2,108020958.87548316,1,1.0
9,23,1,4,69039156.8775395,1,1.0
9,23,2,8,70132980.6274485,1,1.0
9,23,3,11,69769724.29384312,1,1.0
10,0,0,0,65452076.43325606,1,1.0
10,0,1,5,73768789.82962924,1,1.0
10,0,2,8,92504535.95001212,1,1.0
10,0,3,10,91241596.49478976,1,1.0
10,1,0,2,72895699.08837536,1,1.0
10,1,1,4,71983916.27571383,1,1.0
10,1,2,7,72945047.91746597,1,1.0
10,1,3,11,75670860.23291138,1,1.0
10,2,0,2,81069759.33116443,1,1.0
10,2,1,3,63118399.25102924,1,1.0
10,2,2,8,56719987.21595936,1,1.0
10,2,3,11,69070924.34992556,1,1.0
10,3,0,2,75000376.25447308,1,1.0
10,3,1,3,65054281.36852615,1,1.0
10,3,2,8,69521589.4094888,1,1.0
10,3,3,11,80796215.51384981,1,1.0
10,4,0,2,98079612.64377122,1,1.0
10,4,1,3,75662641.59588727,1,1.0
10,4,2,8,65684529.02337838,1,1.0
10,4,3,10,96195986.34786841,1,1.0
10,5,0,2,130314841.15642215,1,1.0
10,5,1,3,69648887.56595661,1,1.0
10,5,2,6,70356988.46189633,1,1.0
10,5,3,10,88060766.11636126,1,1.0
10,6,0,2,76644237.54732005,1,1.0
10,6,1,4,77334759.64324,1,1.0
10,6,2,8,86791831.75904644,1,1.0
10,6,3,10,85100448.67522623,1,1.0
10,7,0,2,93577003.50272289,1,1.0
10,7,1,4,76418764.63739166,1,1.0
10,7,2,7,62206529.071279585,1,1.0
10,7,3,11,66899726.95149497,1,1.0
10,8,0,2,84382785.0745323,1,1.0
10,8,1,3,81306220.90341695,1,1.0
10,8,2,8,58404807.03826567,1,1.0
10,8,3,11,84965297.4487277,1,1.0
10,9,0,1,78052684.9716713,1,1.0
10,9,1,3,81227684.02928917,1,1.0
10,9,2,6,63898703.425521016,1,1.0
10,9,3,10,72326487.94337277,1,1.0
10,10,0,2,77253692.69189417,1,1.0
10,10,1,4,81543453.13666122,1,1.0
10,10,2,6,88254129.28735381,1,1.0
10,10,3,10,73022261.33919574,1,1.0
10,11,0,2,66483845.25173802,1,1.0
10,11,1,3,101295998.64496021,1,1.0
10,11,2,8,76344256.05378217,1,1.0
10,11,3,10,88445159.07694471,1,1.0
10,12,0,2,84059563.5056107,1,1.0
10,12,1,5,63839157.563129164,1,1.0
10,12,2,8,64545046.56853646,1,1.0
10,12,3,10,75255416.96243326,1,1.0
10,13,0,0,67455127.87114924,1,1.0
10,13,1,4,62623498.624058954,1,1.0
10,13,2,8,71117268.37495948,1,1.0
10,13,3,10,97597792.38322024,1,1.0
10,14,0,1,63576465.39609027,1,1.0
10,14,1,3,72401947.24503486,1,1.0
10,14,2,7,77806788.267918,1,1.0
10,14,3,10,80826087.90878738,1,1.0
10,15,0,1,67644327.10783468,1,1.0
10,15,1,3,68057786.75210772,1,1.0
10,15,2,8,76930482.57646519,1,1.0
10,15,3,10,72618680.00282112,1,1.0
10,16,0,2,70822195.8856151,1,1.0
10,16,1,3,71804805.70111609,1,1.0
10,16,2,7,72181003.3980417,1,1.0
10,16,3,10,76144237.52991441,1,1.0
10,17,0,2,86184735.1285548,1,1.0
10,17,1,3,85845116.87258953,1,1.0
10,17,2,7,71966192.36493236,1,1.0
10,17,3,11,70093284.2036387,1,1.0
10,18,0,2,71062622.84497413,1,1.0
10,18,1,4,82193155.50573425,1,1.0
10,18,2,8,85979060.90512528,1,1.0
10,18,3,10,72955445.99832219,1,1.0
10,19,0,2,67586734.87103625,1,1.0
10,19,1,4,72891727.09946083,1,1.0
10,19,2,8,61852541.409678735,1,1.0
10,19,3,10,84063851.9777642,1,1.0
10,20,0,2,89255474.93849131,1,1.0
10,20,1,3,85594839.72423282,1,1.0
10,20,2,6,59408151.087921225,1,1.0
10,20,3,10,96285865.61059085,1,1.0
10,21,0,1,59430688.797243,1,1.0
10,21,1,3,68337959.80018356,1,1.0
10,21,2,8,65315969.489217035,1,1.0
10,21,3,10,78998577.61546485,1,1.0
10,22,0,2,63503739.99922874,1,1.0
10,22,1,3,72111897.41636313,1,1.0
10,22,2,8,74631006.55679987,1,1.0
10,22,3,10,80537288.5815465,1,1.0
10,23,0,2,69102531.18320522,1,1.0
10,23,1,3,78564592.21838826,1,1.0
10,23,2,8,57961906.79533331,1,1.0
10,23,3,11,76686783.07451548,1,1.0
11,0,0,2,70366522.75737074,1,1.0
11,0,1,3,83138581.70492588,1,1.0
11,0,2,6,53989882.30855631,1,1.0
11,0,3,10,79765681.36459367,1,1.0
11,1,0,0,89840808.1972402,1,1.0
11,1,1,3,76807885.97817674,1,1.0
11,1,2,7,63336006.65442138,1,1.0
11,1,3,11,75589922.47574057,1,1.0
11,2,0,0,57522039.68099306,1,1.0
11,2,1,4,66092680.243853435,1,1.0
11,2,2,8,74853388.49114725,1,1.0
11,2,3,10,76742399.4960541,1,1.0
11,3,0,2,71869468.46852583,1,1.0
11,3,1,4,66334461.1326068,1,1.0
11,3,2,8,67838982.63299209,1,1.0
11,3,3,11,67628548.05177781,1,1.0
11,4,0,2,71167298.24968544,1,1.0
11,4,1,4,55764994.012830354,1,1.0
11,4,2,8,60304152.701873794,1,1.0
11,4,3,10,72561770.58502962,1,1.0
11,5,0,2,75155401.3892063,1,1.0
11,5,1,4,95020047.00893599,1,1.0
11,5,2,8,92987027.85019352,1,1.0
11,5,3,10,95813671.88993688,1,1.0
11,6,0,2,69851694.18107021,1,1.0
11,6,1,4,76869314.4557308,1,1.0
11,6,2,7,61852319.0610036,1,1.0
11,6,3,11,72808565.83097945,1,1.0
11,7,0,0,61768066.84233376,1,1.0
11,7,1,3,75804675.37549412,1,1.0
11,7,2,8,78626524.19252367,1,1.0
11,7,3,10,103908411.3998993,1,1.0
11,8,0,2,57631713.072120436,1,1.0
11,8,1,3,78355467.8999866,1,1.0
11,8,2,8,80148185.75646234,1,1.0
11,8,3,10,61397060.14597568,1,1.0
11,9,0,2,55726699.29263576,1,1.0
11,9,1,3,73796652.87387711,1,1.0
11,9,2,8,61617609.61498841,1,1.0
11,9,3,11,77298006.71775697,1,1.0
11,10,0,2,74071988.79646584,1,1.0
11,10,1,4,71802498.59683052,1,1.0
11,10,2,8,55570767.84249183,1,1.0
11,10,3,11,105101281.25344598,1,1.0
11,11,0,2,98464716.64758128,1,1.0
11,11,1,3,71604183.82787451,1,1.0
11,11,2,7,55314240.37573699,1,1.0
11,11,3,10,72988718.07670927,1,1.0
11,12,0,0,68668179.32325515,1,1.0
11,12,1,3,81506277.18945764,1,1.0
11,12,2,8,67600568.14231226,1,1.0
11,12,3,11,111621908.33407488,1,1.0
11,13,0,2,64577032.69291989,1,1.0
11,13,1,3,63886503.50009989,1,1.0
11,13,2,8,69394471.96045302,1,1.0
11,13,3,10,70551051.68333955,1,1.0
11,14,0,0,64020024.24553456,1,1.0
11,14,1,3,67395524.2255856,1,1.0
11,14,2,8,58760545.00371383,1,1.0
11,14,3,10,83575009.02237295,1,1.0
11,15,0,2,64251780.38448508,1,1.0
11,15,1,3,63791050.44000916,1,1.0
11,15,2,6,61745687.62718144,1,1.0
11,15,3,10,62950074.807713106,1,1.0
11,16,0,2,83827961.5275103,1,1.0
11,16,1,3,55674765.253471546,1,1.0
11,16,2,7,69296365.77360462,1,1.0
11,16,3,10,73908332.90822154,1,1.0
11,17,0,1,66802256.12371178,1,1.0
11,17,1,3,62423942.124216124,1,1.0
11,17,2,8,52139133.17739621,1,1.0
11,17,3,10,88051784.37232028,1,1.0
11,18,0,0,63493535.10481493,1,1.0
11,18,1,3,67439788.30097678,1,1.0
11,18,2,8,73982373.91320613,1,1.0
11,18,3,10,79828241.88420652,1,1.0
11,19,0,2,75008431.6752668,1,1.0
11,19,1,3,72981934.269479,1,1.0
11,19,2,8,83894577.46820055,1,1.0
11,19,3,11,77767731.65242612,1,1.0
11,20,0,2,72953536.41907662,1,1.0
11,20,1,3,118754089.35641174,1,1.0
11,20,2,7,63869609.77034521,1,1.0
11,20,3,10,60553507.6630544,1,1.0
11,21,0,2,59475393.85662353,1,1.0
11,21,1,3,69756114.17428121,1,1.0
11,21,2,8,82078872.29541999,1,1.0
11,21,3,10,70752849.77326742,1,1.0
11,22,0,2,77199231.1458324,1,1.0
11,22,1,4,68589103.3134841,1,1.0
11,22,2,8,66491526.22182068,1,1.0
11,22,3,11,70903924.17303653,1,1.0
11,23,0,2,98602670.06725226,1,1.0
11,23,1,3,60464683.33850833,1,1.0
11,23,2,8,86447489.27896327,1,1.0
11,23,3,10,87833512.9021194,1,1.0
12,0,0,2,72766690.93311091,1,1.0
12,0,1,4,78249101.96328136,1,1.0
12,0,2,6,75835489.28810965,1,1.0
12,0,3,11,68846414.2800322,1,1.0
12,1,0,2,67918389.43136974,1,1.0
12,1,1,4,61524325.13541375,1,1.0
12,1,2,8,63615266.32179078,1,1.0
12,1,3,11,62800820.23916907,1,1.0
12,2,0,1,74469204.05366328,1,1.0
12,2,1,4,69129073.8835596,1,1.0
12,2,2,8,80331077.28354372,1,1.0
12,2,3,10,106429756.28855215,1,1.0
12,3,0,2,72150816.2707604,1,1.0
12,3,1,3,71194888.78662236,1,1.0
12,3,2,8,66727901.794846326,1,1.0
12,3,3,10,100165154.30264904,1,1.0
12,4,0,2,100958370.98360455,1,1.0
12,4,1,3,69049878.37432508,1,1.0
12,4,2,8,63604699.20070362,1,1.0
12,4,3,10,89073216.8418931,1,1.0
12,5,0,2,72926194.82914993,1,1.0
12,5,1,4,54826584.212807536,1,1.0
12,5,2,8,71302284.83461238,1,1.0
12,5,3,11,63498610.580190934,1,1.0
12,6,0,2,73399426.39887287,1,1.0
12,6,1,4,61341883.45368486,1,1.0
12,6,2,8,79719039.47728963,1,1.0
12,6,3,10,85091594.42207973,1,1.0
12,7,0,2,79136589.46919316,1,1.0
12,7,1,3,75821433.54095528,1,1.0
12,7,2,6,55858717.975461446,1,1.0
12,7,3,10,70267484.78836858,1,1.0
12,8,0,2,67772781.78395964,1,1.0
12,8,1,4,73714259.74585764,1,1.0
12,8,2,8,60756645.46386765,1,1.0
12,8,3,10,88796793.175519,1,1.0
12,9,0,2,62650526.349982545,1,1.0
12,9,1,3,107018038.16486046,1,1.0
12,9,2,7,70183023.44537236,1,1.0
12,9,3,10,83303746.63586923,1,1.0
12,10,0,2,70054381.5476273,1,1.0
12,10,1,3,96648979.20976119,1,1.0
12,10,2,7,60913757.61403718,1,1.0
12,10,3,10,82335652.30255136,1,1.0
12,11,0,2,62398878.822437406,1,1.0
12,11,1,4,67174902.95653947,1,1.0
12,11,2,8,67201703.74072984,1,1.0
12,11,3,10,67098306.90188878,1,1.0
12,12,0,0,54455851.59590862,1,1.0
12,12,1,4,62047588.01509895,1,1.0
12,12,2,8,74101309.97996405,1,1.0
12,12,3,10,61480677.27095693,1,1.0
12,13,0,0,63054450.3194684,1,1.0
12,13,1,4,85492588.29951714,1,1.0
12,13,2,8,76175686.05997299,1,1.0
12,13,3,11,69829502.85040587,1,1.0
12,14,0,0,61864049.269117594,1,1.0
12,14,1,3,87646859.65628178,1,1.0
12,14,2,8,83831785.54006396,1,1.0
12,14,3,11,73469988.38384995,1,1.0
12,15,0,2,61768540.26029867,1,1.0
12,15,1,3,67280848.1231258,1,1.0
12,15,2,6,58243686.53558668,1,1.0
12,15,3,10,96216069.48032334,1,1.0
12,16,0,2,71505896.30522506,1,1.0
12,16,1,4,64719658.588145405,1,1.0
12,16,2,8,55743233.493548036,1,1.0
12,16,3,10,72582700.58162494,1,1.0
12,17,0,1,64348553.70589129,1,1.0
12,17,1,3,60161525.88449512,1,1.0
12,17,2,8,66107808.642661355,1,1.0
12,17,3,10,69209036.93507294,1,1.0
12,18,0,2,75824414.36001708,1,1.0
12,18,1,3,72817246.59627168,1,1.0
12,18,2,8,77880393.77928452,1,1.0
12,18,3,11,62123547.03983521,1,1.0
12,19,0,2,78289920.13228856,1,1.0
12,19,1,3,67424830.61310461,1,1.0
12,19,2,8,56769902.21601816,1,1.0
12,19,3,10,115712700.62784205,1,1.0
12,20,0,2,73123990.99632445,1,1.0
12,20,1,4,60189337.617312945,1,1.0
12,20,2,7,65852663.26500057,1,1.0
12,20,3,11,68379493.10440964,1,1.0
12,21,0,2,92216462.4112925,1,1.0
12,21,1,3,94893286.48801337,1,1.0
12,21,2,8,57920673.92049584,1,1.0
12,21,3,11,103368293.24971096,1,1.0
12,22,0,2,60623936.923225015,1,1.0
12,22,1,3,84233257.92661873,1,1.0
12,22,2,8,78704501.13087745,1,1.0
12,22,3,10,68280883.43767938,1,1.0
12,23,0,2,67693803.20427668,1,1.0
12,23,1,3,112370634.94536012,1,1.0
12,23,2,6,56064718.18136083,1,1.0
12,23,3,10,68557119.7700493,1,1.0
13,0,0,2,70089083.39504933,1,1.0
13,0,1,3,90259735.76341675,1,1.0
13,0,2,6,52897255.18605415,1,1.0
13,0,3,10,96392986.48198032,1,1.0
13,1,0,2,96206387.12520413,1,1.0
13,1,1,4,65952463.42249062,1,1.0
13,1,2,7,57514816.36577542,1,1.0
13,1,3,10,80370147.64992625,1,1.0
13,2,0,2,87992172.29879707,1,1.0
13,2,1,3,60522733.08847899,1,1.0
13,2,2,7,61796721.164217874,1,1.0
13,2,3,10,72777647.58361785,1,1.0
13,3,0,2,63345202.44494882,1,1.0
13,3,1,3,102688742.3435433,1,1.0
13,3,2,8,76004108.7784836,1,1.0
13,3,3,10,73609530.969034,1,1.0
13,4,0,2,76846343.26544441,1,1.0
13,4,1,4,65951157.32098601,1,1.0
13,4,2,8,64063380.001902714,1,1.0
13,4,3,11,67761185.22763067,1,1.0
13,5,0,2,75454302.54946858,1,1.0
13,5,1,3,72238414.15866193,1,1.0
13,5,2,8,72290392.14639595,1,1.0
13,5,3,10,100490950.97266565,1,1.0
13,6,0,2,90605932.41257021,1,1.0
13,6,1,4,68812397.10761605,1,1.0
13,6,2,6,87294113.77759768,1,1.0
13,6,3,10,96321697.78997204,1,1.0
13,7,0,0,64798229.6807897,1,1.0
13,7,1,3,71968314.71004742,1,1.0
13,7,2,7,72304181.68226044,1,1.0
13,7,3,10,64358462.14807758,1,1.0
13,8,0,2,77634268.65937419,1,1.0
13,8,1,4,98591314.08635244,1,1.0
13,8,2,7,63759183.669407666,1,1.0
13,8,3,11,63006722.877233215,1,1.0
13,9,0,2,68119258.52308874,1,1.0
13,9,1,4,68650768.7615784,1,1.0
13,9,2,8,72247874.47892973,1,1.0
13,9,3,11,100446138.40737283,1,1.0
13,10,0,2,106846629.88957089,1,1.0
13,10,1,5,74544247.54512233,1,1.0
13,10,2,8,78787005.5224875,1,1.0
13,10,3,11,92725876.68444973,1,1.0
13,11,0,2,61089704.3857669,1,1.0
13,11,1,4,64035096.29854504,1,1.0
13,11,2,8,85243422.83601235,1,1.0
13,11,3,11,69009390.25611635,1,1.0
13,12,0,0,75046464.90147303,1,1.0
13,12,1,3,78882618.1774671,1,1.0
13,12,2,8,55570621.90082525,1,1.0
13,12,3,10,70250062.54030731,1,1.0
13,13,0,2,97804774.84818387,1,1.0
13,13,1,3,68802615.16123967,1,1.0
13,13,2,8,76265178.04357828,1,1.0
13,13,3,11,82117371.28957577,1,1.0
13,14,0,2,57479888.378967,1,1.0
13,14,1,3,83704894.52815378,1,1.0
13,14,2,7,58229208.56649693,1,1.0
13,14,3,10,115255512.3560846,1,1.0
13,15,0,2,58316770.57568247,1,1.0
13,15,1,4,78784790.8490044,1,1.0
13,15,2,7,54922844.86550978,1,1.0
13,15,3,10,79080265.6014164,1,1.0
13,16,0,0,71811681.58620594,1,1.0
13,16,1,4,87328687.08795522,1,1.0
13,16,2,8,69136112.61924416,1,1.0
13,16,3,10,83751008.71291086,1,1.0
13,17,0,0,68387690.8634344,1,1.0
13,17,1,3,94839306.7531911,1,1.0
13,17,2,7,70517056.38238223,1,1.0
13,17,3,10,87754951.23675175,1,1.0
13,18,0,2,73255138.65457943,1,1.0
13,18,1,3,70995007.20282555,1,1.0
13,18,2,8,60884822.00909991,1,1.0
13,18,3,10,72454541.07494402,1,1.0
13,19,0,2,80736020.82088742,1,1.0
13,19,1,4,80828305.01246321,1,1.0
13,19,2,8,86682660.50835048,1,1.0
13,19,3,10,91986238.97055496,1,1.0
13,20,0,2,90895402.01126091,1,1.0
13,20,1,3,65338920.69742304,1,1.0
13,20,2,8,65568908.88774922,1,1.0
13,20,3,10,120106367.29526658,1,1.0
13,21,0,2,84290579.17465545,1,1.0
13,21,1,3,77518927.21687126,1,1.0
13,21,2,8,73472462.38552465,1,1.0
13,21,3,10,80830898.4395738,1,1.0
13,22,0,1,70019689.66278861,1,1.0
13,22,1,3,65658770.60326658,1,1.0
13,22,2,6,57044548.101007104,1,1.0
13,22,3,10,71304878.6503976,1,1.0
13,23,0,2,58008732.58410526,1,1.0
13,23,1,3,76923287.75975296,1,1.0
13,23,2,6,57149939.43752065,1,1.0
13,23,3,11,83314350.43967478,1,1.0
14,0,0,2,66554291.570079945,1,1.0
14,0,1,3,65789925.11280715,1,1.0
14,0,2,6,64927137.876134895,1,1.0
14,0,3,10,80827045.73864199,1,1.0
14,1,0,0,76994294.98240866,1,1.0
14,1,1,4,63046244.8956363,1,1.0
14,1,2,6,62222620.81123011,1,1.0
14,1,3,10,77672329.26240626,1,1.0
14,2,0,0,64516849.46131663,1,1.0
14,2,1,3,77304974.88727261,1,1.0
14,2,2,8,57287429.54669894,1,1.0
14,2,3,10,91567124.53358965,1,1.0
14,3,0,2,73351561.4271877,1,1.0
14,3,1,3,77093927.22949815,1,1.0
14,3,2,8,54256132.3542426,1,1.0
14,3,3,11,77982376.31893162,1,1.0
14,4,0,2,62439759.899834976,1,1.0
14,4,1,3,62362000.35398471,1,1.0
14,4,2,8,78604396.35182683,1,1.0
14,4,3,11,64689172.92535966,1,1.0
14,5,0,2,86610650.00504616,1,1.0
14,5,1,3,68573083.27606033,1,1.0
14,5,2,8,67107037.794570625,1,1.0
14,5,3,10,84474253.37714052,1,1.0
14,6,0,2,85541444.665641,1,1.0
14,6,1,3,78174198.22595891,1,1.0
14,6,2,8,71688534.9905344,1,1.0
14,6,3,10,86104697.39110741,1,1.0
14,7,0,2,77800802.70962921,1,1.0
14,7,1,3,61678154.42470279,1,1.0
14,7,2,8,79107420.11941855,1,1.0
14,7,3,11,67459812.26513277,1,1.0
14,8,0,2,64417734.7454626,1,1.0
14,8,1,4,69138782.32978423,1,1.0
14,8,2,8,65044821.59586982,1,1.0
14,8,3,10,82384744.30174755,1,1.0
14,9,0,2,94470628.99514346,1,1.0
14,9,1,4,69602978.89490755,1,1.0
14,9,2,6,59909092.75348923,1,1.0
14,9,3,10,97252310.69805141,1,1.0
14,10,0,0,95450607.8053035,1,1.0
14,10,1,3,93395975.05176133,1,1.0
14,10,2,7,72080689.96260338,1,1.0
14,10,3,11,84661220.73870055,1,1.0
14,11,0,2,64030040.51395067,1,1.0
14,11,1,4,84898154.45284991,1,1.0
14,11,2,7,63864277.62230339,1,1.0
14,11,3,10,89189533.77849308,1,1.0
14,12,0,2,68350083.00160812,1,1.0
14,12,1,3,76563513.71026699,1,1.0
14,12,2,8,88658777.87677,1,1.0
14,12,3,10,70229316.35021615,1,1.0
14,13,0,2,67463001.53223968,1,1.0
14,13,1,4,61562233.1046144,1,1.0
14,13,2,8,77518405.63183789,1,1.0
14,13,3,11,67682025.60278276,1,1.0
14,14,0,2,61353010.78676775,1,1.0
14,14,1,4,63671681.947958775,1,1.0
14,14,2,8,61672094.791789345,1,1.0
14,14,3,11,68413445.81210774,1,1.0
14,15,0,2,72114190.3278228,1,1.0
14,15,1,3,82129887.92376684,1,1.0
14,15,2,8,89251814.36972225,1,1.0
14,15,3,10,75515384.75984775,1,1.0
14,16,0,2,67026671.71534219,1,1.0
14,16,1,3,64622819.22425092,1,1.0
14,16,2,8,83314279.30374585,1,1.0
14,16,3,10,77000355.11358057,1,1.0
14,17,0,1,62458250.55786839,1,1.0
14,17,1,4,64071626.14761185,1,1.0
14,17,2,6,64083813.22198096,1,1.0
14,17,3,10,110549362.79555993,1,1.0
14,18,0,2,88636545.93984051,1,1.0
14,18,1,3,90459976.58626387,1,1.0
14,18,2,6,58494431.066173635,1,1.0
14,18,3,11,88435597.39933701,1,1.0
14,19,0,2,87711466.71773851,1,1.0
14,19,1,3,67119834.03252679,1,1.0
14,19,2,8,83805781.96574387,1,1.0
14,19,3,10,71096639.64586684,1,1.0
14,20,0,1,60134832.6482587,1,1.0
14,20,1,3,75370545.84535572,1,1.0
14,20,2,8,68096554.69536312,1,1.0
14,20,3,11,79241885.96447258,1,1.0
14,21,0,2,82597570.5233145,1,1.0
14,21,1,3,78441581.76228409,1,1.0
14,21,2,7,58070833.51836362,1,1.0
14,21,3,11,78362375.05065043,1,1.0
14,22,0,2,75696782.16821755,1,1.0
14,22,1,3,69898743.84122324,1,1.0
14,22,2,8,56839323.370259985,1,1.0
14,22,3,10,96145016.02186981,1,1.0
14,23,0,2,60074277.4895372,1,1.0
14,23,1,4,73295177.40319215,1,1.0
14,23,2,8,77976814.27232867,1,1.0
14,23,3,10,133181378.17446586,1,1.0
15,0,0,2,79189376.2315944,1,1.0
15,0,1,4,79199363.44065067,1,1.0
15,0,2,7,65330568.80794419,1,1.0
15,0,3,10,79986639.26927581,1,1.0
15,1,0,2,110879288.21847239,1,1.0
15,1,1,3,88737847.93891232,1,1.0
15,1,2,8,58998766.43840869,1,1.0
15,1,3,10,69983860.25558804,1,1.0
15,2,0,1,53368632.693630986,1,1.0
15,2,1,3,94390396.7849816,1,1.0
15,2,2,8,98943871.01484947,1,1.0
15,2,3,10,92252385.54732168,1,1.0
15,3,0,2,120129975.09222955,1,1.0
15,3,1,3,113267547.93758816,1,1.0
15,3,2,8,69752746.4587629,1,1.0
15,3,3,11,73803287.96507916,1,1.0
15,4,0,1,55949787.19763602,1,1.0
15,4,1,3,75471324.09963776,1,1.0
15,4,2,8,76118823.85136479,1,1.0
15,4,3,11,68274377.65756737,1,1.0
15,5,0,2,79361206.9572679,1,1.0
15,5,1,4,74921607.18357481,1,1.0
15,5,2,8,75917369.83605178,1,1.0
15,5,3,10,66672706.33088134,1,1.0
15,6,0,2,84007755.76656356,1,1.0
15,6,1,3,65999063.61293321,1,1.0
15,6,2,8,68246854.33449706,1,1.0
15,6,3,11,69725512.46552032,1,1.0
15,7,0,2,66161425.18939207,1,1.0
15,7,1,3,88277825.30173302,1,1.0
15,7,2,7,61221955.67306443,1,1.0
15,7,3,10,85407729.6369121,1,1.0
15,8,0,0,67154817.18985811,1,1.0
15,8,1,3,66756728.733568914,1,1.0
15,8,2,6,72593682.1595314,1,1.0
15,8,3,10,105565216.27740309,1,1.0
15,9,0,2,84247353.90007745,1,1.0
15,9,1,3,74928073.74060996,1,1.0
15,9,2,7,61197197.55654856,1,1.0
15,9,3,10,76995046.52012481,1,1.0
15,10,0,2,84876202.75253211,1,1.0
15,10,1,4,60729688.616564125,1,1.0
15,10,2,8,71323519.1666765,1,1.0
15,10,3,11,70687414.1203817,1,1.0
15,11,0,2,71645711.06036006,1,1.0
15,11,1,3,70017230.99324763,1,1.0
15,11,2,8,78743356.20118544,1,1.0
15,11,3,10,80077969.00046036,1,1.0
15,12,0,2,74487520.30577727,1,1.0
15,12,1,3,84405930.42416395,1,1.0
15,12,2,8,75636509.77891375,1,1.0
15,12,3,10,84188392.03078274,1,1.0
15,13,0,2,81231214.15090339,1,1.0
15,13,1,3,82677763.60777143,1,1.0
15,13,2,7,63017047.28406056,1,1.0
15,13,3,10,76092392.80159764,1,1.0
15,14,0,2,57320166.46626922,1,1.0
15,14,1,4,89369660.31203073,1,1.0
15,14,2,6,58343213.94170451,1,1.0
15,14,3,11,66450768.86468973,1,1.0
15,15,0,2,70722132.69531558,1,1.0
15,15,1,3,87643559.36096057,1,1.0
15,15,2,8,75508728.20053723,1,1.0
15,15,3,10,88038420.73245329,1,1.0
15,16,0,0,71303796.58599997,1,1.0
15,16,1,3,81733297.05632485,1,1.0
15,16,2,7,63747431.37473507,1,1.0
15,16,3,10,86676005.18164761,1,1.0
15,17,0,2,76927125.90211873,1,1.0
15,17,1,3,78217180.59603508,1,1.0
15,17,2,8,61524985.25863214,1,1.0
15,17,3,10,85546135.13007134,1,1.0
15,18,0,0,57523699.011666104,1,1.0
15,18,1,3,76223879.40873392,1,1.0
15,18,2,8,69217472.52408691,1,1.0
15,18,3,10,74704728.69589688,1,1.0
15,19,0,2,67182477.50955911,1,1.0
15,19,1,3,82980027.1200116,1,1.0
15,19,2,8,67745923.41302715,1,1.0
15,19,3,10,78121732.18357545,1,1.0
15,20,0,2,69131373.5921647,1,1.0
15,20,1,4,80498380.19731672,1,1.0
15,20,2,8,71505607.18311548,1,1.0
15,20,3,11,64742785.30265348,1,1.0
15,21,0,0,56968281.31510997,1,1.0
15,21,1,4,99076170.20728147,1,1.0
15,21,2,8,58812246.553004384,1,1.0
15,21,3,10,72998120.64323018,1,1.0
15,22,0,2,94371000.3147348,1,1.0
15,22,1,3,95780829.0759753,1,1.0
15,22,2,7,76130080.87367186,1,1.0
15,22,3,10,65287832.129816584,1,1.0
15,23,0,2,69218950.6497274,1,1.0
15,23,1,4,70823628.91847311,1,1.0
15,23,2,8,64123568.312414445,1,1.0
15,23,3,10,71779617.56375018,1,1.0
16,0,0,2,92507391.6177817,1,1.0
16,0,1,3,85324078.1935146,1,1.0
16,0,2,6,72536035.59972264,1,1.0
16,0,3,10,91840086.47857888,1,1.0
16,1,0,2,71774629.01612534,1,1.0
16,1,1,3,64163006.77701559,1,1.0
16,1,2,6,70089265.59247625,1,1.0
16,1,3,11,90165196.38509534,1,1.0
16,2,0,2,85867645.39705533,1,1.0
16,2,1,4,77762637.26936302,1,1.0
16,2,2,8,94213668.43971121,1,1.0
16,2,3,10,83128038.10336003,1,1.0
16,3,0,2,60210326.9746035,1,1.0
16,3,1,3,98017724.32510453,1,1.0
16,3,2,7,54621942.86073389,1,1.0
16,3,3,10,76576636.51561865,1,1.0
16,4,0,2,86182840.44747998,1,1.0
16,4,1,4,68123908.17996268,1,1.0
16,4,2,6,59124971.91976683,1,1.0
16,4,3,10,111589576.34665401,1,1.0
16,5,0,2,65683971.89459617,1,1.0
16,5,1,4,60404150.86789397,1,1.0
16,5,2,8,104535832.31776085,1,1.0
16,5,3,11,80920024.39940265,1,1.0
16,6,0,2,108876531.51988454,1,1.0
16,6,1,3,83473974.30140485,1,1.0
16,6,2,8,76333047.83651808,1,1.0
16,6,3,11,63097954.87960351,1,1.0
16,7,0,2,60729139.8007325,1,1.0
16,7,1,3,105203342.13630553,1,1.0
16,7,2,8,71569898.97819178,1,1.0
16,7,3,11,59864218.58702601,1,1.0
16,8,0,0,69342999.84128906,1,1.0
16,8,1,3,84188121.80598736,1,1.0
16,8,2,7,81568447.09439114,1,1.0
16,8,3,10,76931216.42851393,1,1.0
16,9,0,2,59675761.20405745,1,1.0
16,9,1,3,75223996.30675028,1,1.0
16,9,2,6,65438938.23391376,1,1.0
16,9,3,10,90964879.76083276,1,1.0
16,10,0,2,53524256.91843029,1,1.0
16,10,1,4,60617741.700202696,1,1.0
16,10,2,8,65283160.877959825,1,1.0
16,10,3,10,73348614.47875237,1,1.0
16,11,0,2,74507365.07670091,1,1.0
16,11,1,4,73407544.15955015,1,1.0
16,11,2,8,72963176.3664421,1,1.0
16,11,3,10,74913799.05217376,1,1.0
16,12,0,2,96412810.55498189,1,1.0
16,12,1,3,74178711.56240857,1,1.0
16,12,2,8,63766400.8222002,1,1.0
16,12,3,10,64541524.15662381,1,1.0
16,13,0,0,59492404.3147711,1,1.0
16,13,1,4,88091775.8428985,1,1.0
16,13,2,8,77137875.95953901,1,1.0
16,13,3,10,91163097.89899516,1,1.0
16,14,0,2,65539414.96005606,1,1.0
16,14,1,3,61710933.43090793,1,1.0
16,14,2,7,83377134.40107691,1,1.0
16,14,3,11,79435903.38176566,1,1.0
16,15,0,2,94748916.69523825,1,1.0
16,15,1,3,99111543.7809213,1,1.0
16,15,2,8,72677279.31923397,1,1.0
16,15,3,10,79165583.3724794,1,1.0
16,16,0,2,67252708.84504996,1,1.0
16,16,1,4,72931366.24659154,1,1.0
16,16,2,6,65240644.28389515,1,1.0
16,16,3,11,67517574.96991506,1,1.0
16,17,0,2,61126616.92747172,1,1.0
16,17,1,3,100678527.89897884,1,1.0
16,17,2,7,60093923.13656687,1,1.0
16,17,3,11,85305905.15467295,1,1.0
16,18,0,2,79614964.24011698,1,1.0
16,18,1,3,90694582.77533713,1,1.0
16,18,2,8,69081927.54190561,1,1.0
16,18,3,10,86799482.86315407,1,1.0
16,19,0,2,69765373.0912601,1,1.0
16,19,1,3,81549896.04449141,1,1.0
16,19,2,8,100023566.15910746,1,1.0
16,19,3,10,91697071.16176194,1,1.0
16,20,0,1,74824146.56924783,1,1.0
16,20,1,3,61985862.49894904,1,1.0
16,20,2,8,80034836.34974703,1,1.0
16,20,3,11,72405021.07345393,1,1.0
16,21,0,2,91758416.45374145,1,1.0
16,21,1,4,66326031.46384072,1,1.0
16,21,2,8,91935710.50021948,1,1.0
16,21,3,11,77996952.32564576,1,1.0
16,22,0,2,69530080.83996978,1,1.0
16,22,1,3,68964049.7038939,1,1.0
16,22,2,8,69526410.42163846,1,1.0
16,22,3,11,103768243.10987456,1,1.0
16,23,0,2,62477719.63751213,1,1.0
16,23,1,4,67054968.06279846,1,1.0
16,23,2,8,77095867.766187,1,1.0
16,23,3,10,86034915.33562967,1,1.0
17,0,0,2,88862901.07403162,1,1.0
17,0,1,3,65783481.18416818,1,1.0
17,0,2,8,68737963.71437314,1,1.0
17,0,3,10,63603453.39537066,1,1.0
17,1,0,2,97575818.97303562,1,1.0
17,1,1,4,66843367.78926042,1,1.0
17,1,2,8,59698037.47153519,1,1.0
17,1,3,10,71343125.24423078,1,1.0
17,2,0,2,85989695.69116096,1,1.0
17,2,1,3,70046984.17988941,1,1.0
17,2,2,8,63472449.427669026,1,1.0
17,2,3,10,72979464.6055921,1,1.0
17,3,0,2,66948325.91558032,1,1.0
17,3,1,3,84194696.01459202,1,1.0
17,3,2,8,93845867.0622552,1,1.0
17,3,3,10,108568229.27425157,1,1.0
17,4,0,0,87785222.49275483,1,1.0
17,4,1,3,70660968.85359019,1,1.0
17,4,2,7,68704798.78808104,1,1.0
17,4,3,10,111910119.14220236,1,1.0
17,5,0,2,69434915.54723258,1,1.0
17,5,1,4,84227209.87768388,1,1.0
17,5,2,8,68784979.07155901,1,1.0
17,5,3,10,85472553.974927,1,1.0
17,6,0,0,73182709.11376514,1,1.0
17,6,1,3,69615550.89102808,1,1.0
17,6,2,8,77158862.78144778,1,1.0
17,6,3,10,89564557.73904133,1,1.0
17,7,0,2,66344144.08302438,1,1.0
17,7,1,5,66464098.71130708,1,1.0
17,7,2,8,86013774.06198733,1,1.0
17,7,3,10,94077019.81537561,1,1.0
17,8,0,2,81756742.62425871,1,1.0
17,8,1,3,81113255.81835237,1,1.0
17,8,2,8,70312655.45446229,1,1.0
17,8,3,10,74639156.75118378,1,1.0
17,9,0,2,67897635.16290142,1,1.0
17,9,1,4,78034878.51712722,1,1.0
17,9,2,7,72121818.67411932,1,1.0
17,9,3,10,117457301.46909727,1,1.0
17,10,0,2,67039637.306304336,1,1.0
17,10,1,3,73218681.92696531,1,1.0
17,10,2,8,58550323.01961781,1,1.0
17,10,3,10,73707628.70231694,1,1.0
17,11,0,2,95115392.69422366,1,1.0
17,11,1,3,73118984.155167,1,1.0
17,11,2,6,69924953.99553989,1,1.0
17,11,3,11,85707264.19198115,1,1.0
17,12,0,2,74050171.22964258,1,1.0
17,12,1,3,67268263.48895214,1,1.0
17,12,2,8,62704232.3905762,1,1.0
17,12,3,10,78686940.80292857,1,1.0
17,13,0,1,58216960.66769876,1,1.0
17,13,1,3,68722679.50727762,1,1.0
17,13,2,8,61166887.813199155,1,1.0
17,13,3,11,64792845.57858892,1,1.0
17,14,0,2,61562612.12557168,1,1.0
17,14,1,3,74648661.72055207,1,1.0
17,14,2,7,57709741.3233681,1,1.0
17,14,3,10,77939574.476799,1,1.0
17,15,0,2,72666712.03319594,1,1.0
17,15,1,3,114505300.02507573,1,1.0
17,15,2,8,65798911.38235303,1,1.0
17,15,3,10,78362563.18233535,1,1.0
17,16,0,2,82137687.07153338,1,1.0
17,16,1,3,68216343.82793269,1,1.0
17,16,2,8,57290350.27527888,1,1.0
17,16,3,11,78430396.30500613,1,1.0
17,17,0,2,75623472.543209,1,1.0
17,17,1,5,62249789.121434845,1,1.0
17,17,2,8,98241582.62444705,1,1.0
17,17,3,10,75368909.94937195,1,1.0
17,18,0,2,65642501.31164869,1,1.0
17,18,1,4,69717365.65487546,1,1.0
17,18,2,6,70045759.45998085,1,1.0
17,18,3,11,65003674.95253754,1,1.0
17,19,0,2,62973901.3848034,1,1.0
17,19,1,3,97947144.05494133,1,1.0
17,19,2,7,66543289.02265323,1,1.0
17,19,3,10,90362256.58273952,1,1.0
17,20,0,2,77911284.23515308,1,1.0
17,20,1,3,73144196.7781524,1,1.0
17,20,2,8,86286209.7755688,1,1.0
17,20,3,10,90546944.54137734,1,1.0
17,21,0,2,82673352.8501333,1,1.0
17,21,1,3,79341341.39267397,1,1.0
17,21,2,8,92571927.80923006,1,1.0
17,21,3,10,117988216.62868273,1,1.0
17,22,0,2,64545764.018160686,1,1.0
17,22,1,5,96793357.0223186,1,1.0
17,22,2,7,69826601.73231283,1,1.0
17,22,3,10,102835702.76062374,1,1.0
17,23,0,2,76317031.96922515,1,1.0
17,23,1,4,67414139.89656055,1,1.0
17,23,2,6,55807760.86517394,1,1.0
17,23,3,10,66914036.756998554,1,1.0
18,0,0,2,75866214.31232549,1,1.0
18,0,1,3,79453884.43852755,1,1.0
18,0,2,6,58361010.99021991,1,1.0
18,0,3,11,111873605.68451944,1,1.0
18,1,0,2,84757139.02613282,1,1.0
18,1,1,3,66646563.53873069,1,1.0
18,1,2,8,72536650.80828977,1,1.0
18,1,3,10,95482623.22423932,1,1.0
18,2,0,2,87288706.44872126,1,1.0
18,2,1,3,81549061.25827837,1,1.0
18,2,2,6,61767181.10707677,1,1.0
18,2,3,10,93626908.93036154,1,1.0
18,3,0,2,66238202.41240927,1,1.0
18,3,1,3,69407237.24823704,1,1.0
18,3,2,6,66516878.116594605,1,1.0
18,3,3,11,76511097.9340924,1,1.0
18,4,0,2,81918633.07532442,1,1.0
18,4,1,3,74072417.38949883,1,1.0
18,4,2,8,65524503.94105955,1,1.0
18,4,3,10,88423612.6214486,1,1.0
18,5,0,2,102068808.6395954,1,1.0
18,5,1,4,58340708.70736366,1,1.0
18,5,2,7,67179842.68987428,1,1.0
18,5,3,10,108098651.21993324,1,1.0
18,6,0,1,61328015.36442351,1,1.0
18,6,1,3,82422255.98809637,1,1.0
18,6,2,8,66607464.45122837,1,1.0
18,6,3,10,84758678.00302187,1,1.0
18,7,0,2,86376854.408703,1,1.0
18,7,1,3,79596545.0754825,1,1.0
18,7,2,6,60069037.11169791,1,1.0
18,7,3,10,69518853.22262874,1,1.0
18,8,0,2,66828292.79694281,1,1.0
18,8,1,3,81859038.33589183,1,1.0
18,8,2,8,79872715.23638593,1,1.0
18,8,3,11,69277144.54057969,1,1.0
18,9,0,2,89129872.3385988,1,1.0
18,9,1,4,75451748.72101082,1,1.0
18,9,2,8,63660755.18548747,1,1.0
18,9,3,10,69910334.61086546,1,1.0
18,10,0,2,61289773.846998446,1,1.0
18,10,1,3,82307880.78949414,1,1.0
18,10,2,8,79900476.15455313,1,1.0
18,10,3,10,96603654.28613955,1,1.0
18,11,0,2,79091884.08569345,1,1.0
18,11,1,3,57691643.00215042,1,1.0
18,11,2,8,56628315.20991955,1,1.0
18,11,3,11,76501225.9664749,1,1.0
18,12,0,2,73624402.98721981,1,1.0
18,12,1,3,101346058.38148822,1,1.0
18,12,2,8,63453906.208400555,1,1.0
18,12,3,10,103705637.26902533,1,1.0
18,13,0,1,53523181.635897644,1,1.0
18,13,1,3,72308775.92082767,1,1.0
18,13,2,6,70965529.52408919,1,1.0
18,13,3,11,74209578.4242969,1,1.0
18,14,0,0,69117337.17432703,1,1.0
18,14,1,3,91499692.71278532,1,1.0
18,14,2,7,58079725.1586568,1,1.0
18,14,3,10,85419596.01351653,1,1.0
18,15,0,2,79626808.84663674,1,1.0
18,15,1,3,75869290.80139157,1,1.0
18,15,2,7,76322882.12705138,1,1.0
18,15,3,10,62975503.32574243,1,1.0
18,16,0,2,76269558.92428483,1,1.0
18,16,1,3,70790873.3115792,1,1.0
18,16,2,7,57430229.57360488,1,1.0
18,16,3,11,68588604.40970837,1,1.0
18,17,0,2,61887911.63622945,1,1.0
18,17,1,4,90844785.70121896,1,1.0
18,17,2,8,76500684.123335,1,1.0
18,17,3,11,68314413.25944458,1,1.0
18,18,0,2,83258501.51293534,1,1.0
18,18,1,3,70662852.16041835,1,1.0
18,18,2,8,92067502.73656584,1,1.0
18,18,3,10,74276290.66978411,1,1.0
18,19,0,2,60301306.05864825,1,1.0
18,19,1,3,101842359.85886739,1,1.0
18,19,2,7,62196885.216250196,1,1.0
18,19,3,10,104899062.39964037,1,1.0
18,20,0,2,65152667.71588318,1,1.0
18,20,1,4,67054589.296106845,1,1.0
18,20,2,7,86787980.05276279,1,1.0
18,20,3,11,87731736.66558936,1,1.0
18,21,0,2,61822558.83763196,1,1.0
18,21,1,3,76118314.4813728,1,1.0
18,21,2,7,59223252.28952948,1,1.0
18,21,3,10,91777990.90805446,1,1.0
18,22,0,2,74740388.90097389,1,1.0
18,22,1,3,68357146.53615034,1,1.0
18,22,2,8,90044115.85150455,1,1.0
18,22,3,10,68481328.12043206,1,1.0
18,23,0,2,75764788.02610996,1,1.0
18,23,1,3,81351401.38388349,1,1.0
18,23,2,8,94749769.12317704,1,1.0
18,23,3,10,66198344.76839541,1,1.0
19,0,0,2,56308792.40814224,1,1.0
19,0,1,4,67836753.34663156,1,1.0
19,0,2,8,58379675.25164754,1,1.0
19,0,3,10,80478540.77537857,1,1.0
19,1,0,0,64998587.00722546,1,1.0
19,1,1,3,77297677.84203772,1,1.0
19,1,2,8,70340477.704401,1,1.0
19,1,3,10,131549415.99558225,1,1.0
19,2,0,2,84316681.20172715,1,1.0
19,2,1,3,67534369.01095359,1,1.0
19,2,2,8,83986158.63026063,1,1.0
19,2,3,10,71021083.53249851,1,1.0
19,3,0,2,76705595.50852682,1,1.0
19,3,1,3,67132164.85477561,1,1.0
19,3,2,8,87564491.75123425,1,1.0
19,3,3,10,80046352.23793207,1,1.0
19,4,0,2,58371734.76077887,1,1.0
19,4,1,3,90729930.70741569,1,1.0
19,4,2,7,65602469.29960328,1,1.0
19,4,3,10,76952645.20016569,1,1.0
19,5,0,2,81362938.65620278,1,1.0
19,5,1,4,66117848.83669786,1,1.0
19,5,2,8,82039358.93839139,1,1.0
19,5,3,10,67903995.44956991,1,1.0
19,6,0,1,55593297.01753544,1,1.0
19,6,1,4,69913475.6094734,1,1.0
19,6,2,6,71589815.97550781,1,1.0
19,6,3,10,78933242.26763442,1,1.0
19,7,0,0,64116534.22439289,1,1.0
19,7,1,5,58682222.219272725,1,1.0
19,7,2,8,54722303.56890421,1,1.0
19,7,3,11,77493269.8617364,1,1.0
19,8,0,2,84707873.07698007,1,1.0
19,8,1,3,75519461.40381041,1,1.0
19,8,2,6,77125265.83234352,1,1.0
19,8,3,10,85581243.5337948,1,1.0
19,9,0,2,70089431.36086544,1,1.0
19,9,1,3,94967255.67341107,1,1.0
19,9,2,8,56926525.19845307,1,1.0
19,9,3,10,62876356.00111602,1,1.0
19,10,0,2,60646854.12502843,1,1.0
19,10,1,3,72692674.69002841,1,1.0
19,10,2,8,68890601.75941107,1,1.0
19,10,3,11,71868781.37392399,1,1.0
19,11,0,1,56137414.355469376,1,1.0
19,11,1,4,84496341.68654722,1,1.0
19,11,2,8,69465874.20193247,1,1.0
19,11,3,11,85738708.91520835,1,1.0
19,12,0,2,59364067.69700823,1,1.0
19,12,1,3,68038777.55574432,1,1.0
19,12,2,8,66022433.99141671,1,1.0
19,12,3,10,99213346.93133704,1,1.0
19,13,0,2,75150712.49773237,1,1.0
19,13,1,3,76875433.84041052,1,1.0
19,13,2,8,74739793.77638154,1,1.0
19,13,3,10,76981575.31356227,1,1.0
19,14,0,2,56959545.78624289,1,1.0
19,14,1,3,77018109.11858262,1,1.0
19,14,2,6,71791114.56203154,1,1.0
19,14,3,11,73801176.69916302,1,1.0
19,15,0,0,61370516.71376577,1,1.0
19,15,1,3,64413417.46776166,1,1.0
19,15,2,7,57446529.57958751,1,1.0
19,15,3,10,85143979.55422834,1,1.0
19,16,0,2,62733830.69068172,1,1.0
19,16,1,3,89577093.59454161,1,1.0
19,16,2,8,64264150.61079963,1,1.0
19,16,3,10,93528643.04045948,1,1.0
19,17,0,2,99521817.87675032,1,1.0
19,17,1,3,78010563.10676134,1,1.0
19,17,2,7,74779230.09810948,1,1.0
19,17,3,10,78587487.85273595,1,1.0
19,18,0,2,65143036.22063236,1,1.0
19,18,1,3,84741008.13078389,1,1.0
19,18,2,7,58536965.58016553,1,1.0
19,18,3,10,130983485.73501569,1,1.0
19,19,0,2,77991872.9229798,1,1.0
19,19,1,3,111023486.40200812,1,1.0
19,19,2,8,69494818.89576994,1,1.0
19,19,3,10,73628001.57725564,1,1.0
19,20,0,2,62235987.813931614,1,1.0
19,20,1,4,80689572.17637447,1,1.0
19,20,2,6,56946993.294536866,1,1.0
19,20,3,10,65606076.09399553,1,1.0
19,21,0,0,61670648.3603788,1,1.0
19,21,1,3,65566865.16753501,1,1.0
19,21,2,8,62012097.59445744,1,1.0
19,21,3,11,99793746.81362829,1,1.0
19,22,0,0,75338082.5621846,1,1.0
19,22,1,3,78985622.03920664,1,1.0
19,22,2,8,58687545.33919687,1,1.0
19,22,3,10,68380052.82055047,1,1.0
19,23,0,2,61126217.49964086,1,1.0
19,23,1,3,94346649.059555,1,1.0
19,23,2,7,58402798.25810947,1,1.0
19,23,3,10,87455534.77744696,1,1.0
20,0,0,2,71407142.1368724,1,1.0
20,0,1,4,64475069.109478995,1,1.0
20,0,2,8,79626399.63047077,1,1.0
20,0,3,10,67720293.75941318,1,1.0
20,1,0,2,78638630.64355993,1,1.0
20,1,1,3,59680569.00727848,1,1.0
20,1,2,8,67989848.03996968,1,1.0
20,1,3,10,100583187.20172602,1,1.0
20,2,0,1,65022232.02008135,1,1.0
20,2,1,3,66589510.71177535,1,1.0
20,2,2,8,75938299.4047409,1,1.0
20,2,3,11,123959406.82431264,1,1.0
20,3,0,2,81364340.23939544,1,1.0
20,3,1,3,80671950.55873771,1,1.0
20,3,2,8,65729482.535001054,1,1.0
20,3,3,10,86178061.98178986,1,1.0
20,4,0,2,71415602.91251422,1,1.0
20,4,1,3,89098263.79416178,1,1.0
20,4,2,8,69939628.95263459,1,1.0
20,4,3,11,68548378.62914896,1,1.0
20,5,0,0,66880093.80014048,1,1.0
20,5,1,3,57960069.083434574,1,1.0
20,5,2,8,101337756.13031437,1,1.0
20,5,3,10,72230182.376627,1,1.0
20,6,0,0,67818069.9729281,1,1.0
20,6,1,3,82384100.7850961,1,1.0
20,6,2,8,79430307.17844345,1,1.0
20,6,3,10,81381483.64259808,1,1.0
20,7,0,2,59980555.11685668,1,1.0
20,7,1,3,98496946.71688646,1,1.0
20,7,2,8,69964123.59591807,1,1.0
20,7,3,10,67210165.35642688,1,1.0
20,8,0,0,69787356.57289034,1,1.0
20,8,1,3,96056376.81896745,1,1.0
20,8,2,8,83025820.6385818,1,1.0
20,8,3,10,69340101.63290112,1,1.0
20,9,0,2,69122360.62826209,1,1.0
20,9,1,4,79954705.69985494,1,1.0
20,9,2,8,84210312.51391606,1,1.0
20,9,3,10,69491533.97185917,1,1.0
20,10,0,2,57428280.041423604,1,1.0
20,10,1,3,88432622.1227271,1,1.0
20,10,2,8,56316275.94003867,1,1.0
20,10,3,10,99037646.50105052,1,1.0
20,11,0,2,93569869.27861181,1,1.0
20,11,1,4,66211663.42452455,1,1.0
20,11,2,7,67641979.76563184,1,1.0
20,11,3,11,69952668.04694167,1,1.0
20,12,0,2,70950591.73188987,1,1.0
20,12,1,3,84042154.57142542,1,1.0
20,12,2,8,90984121.54157238,1,1.0
20,12,3,10,71991401.46155114,1,1.0
20,13,0,2,70050132.10092025,1,1.0
20,13,1,3,73449156.03868993,1,1.0
20,13,2,7,54894989.81230106,1,1.0
20,13,3,10,72327521.22902204,1,1.0
20,14,0,2,75792078.17063488,1,1.0
20,14,1,4,66058794.04503505,1,1.0
20,14,2,8,75139112.1127582,1,1.0
20,14,3,10,84621330.78146763,1,1.0
20,15,0,2,72423046.56396298,1,1.0
20,15,1,4,75244853.72258367,1,1.0
20,15,2,8,71185306.93802655,1,1.0
20,15,3,11,79388953.41447818,1,1.0
20,16,0,2,80636257.93672816,1,1.0
20,16,1,3,70621812.8783538,1,1.0
20,16,2,8,65631881.13155625,1,1.0
20,16,3,10,99695221.17383388,1,1.0
20,17,0,2,79444435.85929282,1,1.0
20,17,1,3,76375563.75286421,1,1.0
20,17,2,6,62082729.458050065,1,1.0
20,17,3,11,100553283.11621784,1,1.0
20,18,0,2,86520829.85742237,1,1.0
20,18,1,5,69831315.42557873,1,1.0
20,18,2,8,70087855.03831974,1,1.0
20,18,3,11,63999628.5497081,1,1.0
20,19,0,2,93235936.5460167,1,1.0
20,19,1,3,86623502.60203174,1,1.0
20,19,2,7,64678994.796575256,1,1.0
20,19,3,10,103129241.87809117,1,1.0
20,20,0,0,77556330.13992774,1,1.0
20,20,1,3,85920135.43523692,1,1.0
20,20,2,8,88384412.3269295,1,1.0
20,20,3,10,75975013.11052513,1,1.0
20,21,0,2,65285943.25235705,1,1.0
20,21,1,4,67284934.06565647,1,1.0
20,21,2,8,66986035.81145802,1,1.0
20,21,3,11,74607161.40894334,1,1.0
20,22,0,1,68055720.16400433,1,1.0
20,22,1,4,75077545.90146571,1,1.0
20,22,2,8,100316991.99399246,1,1.0
20,22,3,10,74345322.57749708,1,1.0
20,23,0,2,85805073.16387263,1,1.0
20,23,1,3,92634740.47677906,1,1.0
20,23,2,7,54109525.3044065,1,1.0
20,23,3,11,75733210.88449739,1,1.0
21,0,0,2,75973634.92270797,1,1.0
21,0,1,3,64482510.34425042,1,1.0
21,0,2,8,78096321.30888852,1,1.0
21,0,3,10,88277670.50607525,1,1.0
21,1,0,2,83544859.08648545,1,1.0
21,1,1,3,82523383.82577834,1,1.0
21,1,2,8,70633240.49046959,1,1.0
21,1,3,10,67348209.53752002,1,1.0
21,2,0,2,89778258.29046772,1,1.0
21,2,1,3,71753332.63070388,1,1.0
21,2,2,8,81796153.83648823,1,1.0
21,2,3,10,79129035.00434165,1,1.0
21,3,0,2,72366111.34113981,1,1.0
21,3,1,3,75804452.23387358,1,1.0
21,3,2,8,79185623.3672861,1,1.0
21,3,3,10,70709696.2629329,1,1.0
21,4,0,2,68769708.94627452,1,1.0
21,4,1,3,77141532.25374395,1,1.0
21,4,2,7,79049772.86348699,1,1.0
21,4,3,11,67676742.82060368,1,1.0
21,5,0,2,58532944.412059724,1,1.0
21,5,1,3,80167763.91061896,1,1.0
21,5,2,6,53811816.45076396,1,1.0
21,5,3,10,73084952.1668476,1,1.0
21,6,0,0,69880582.19748776,1,1.0
21,6,1,4,65467765.76084557,1,1.0
21,6,2,8,74737795.56459479,1,1.0
21,6,3,10,73749163.23039302,1,1.0
21,7,0,2,91483806.63996525,1,1.0
21,7,1,3,70502302.2684584,1,1.0
21,7,2,7,57484557.37666765,1,1.0
21,7,3,10,94313855.32504849,1,1.0
21,8,0,2,76688517.2093188,1,1.0
21,8,1,3,75544763.01767051,1,1.0
21,8,2,8,61349206.75973699,1,1.0
21,8,3,10,84371328.16036084,1,1.0
21,9,0,2,74312610.25986789,1,1.0
21,9,1,4,84376592.21963736,1,1.0
21,9,2,8,80168616.63116123,1,1.0
21,9,3,10,73445611.99377209,1,1.0
21,10,0,2,70132788.09240007,1,1.0
21,10,1,3,66909992.09406261,1,1.0
21,10,2,7,52741678.60741023,1,1.0
21,10,3,10,86127612.95952116,1,1.0
21,11,0,2,65143678.04158125,1,1.0
21,11,1,3,71844172.74426356,1,1.0
21,11,2,8,66544017.433242954,1,1.0
21,11,3,10,90897742.79897228,1,1.0
21,12,0,2,63960480.3031639,1,1.0
21,12,1,3,68073561.62891875,1,1.0
21,12,2,6,69997031.31985886,1,1.0
21,12,3,10,100400375.16258125,1,1.0
21,13,0,2,70654431.72188021,1,1.0
21,13,1,3,84166649.1617575,1,1.0
21,13,2,6,59923178.789847456,1,1.0
21,13,3,10,119087877.51585206,1,1.0
21,14,0,2,68904069.42640951,1,1.0
21,14,1,5,58780912.70783406,1,1.0
21,14,2,8,57054537.230065614,1,1.0
21,14,3,10,69953516.55583407,1,1.0
21,15,0,2,72612034.21531892,1,1.0
21,15,1,3,89069565.93465032,1,1.0
21,15,2,8,93215669.14282674,1,1.0
21,15,3,10,69463259.5646668,1,1.0
21,16,0,2,59837147.538642995,1,1.0
21,16,1,4,71164994.30278358,1,1.0
21,16,2,6,91016830.83675773,1,1.0
21,16,3,10,89243338.13095924,1,1.0
21,17,0,2,83310885.92082056,1,1.0
21,17,1,3,84473476.27319397,1,1.0
21,17,2,8,60403161.030595504,1,1.0
21,17,3,10,85093208.81273755,1,1.0
21,18,0,2,56954064.325322725,1,1.0
21,18,1,3,69662304.71660955,1,1.0
21,18,2,8,63542606.35914103,1,1.0
21,18,3,11,67594683.28231446,1,1.0
21,19,0,2,86522175.13932763,1,1.0
21,19,1,3,108005659.93975893,1,1.0
21,19,2,8,55791509.86090909,1,1.0
21,19,3,10,72034617.15374674,1,1.0
21,20,0,2,71631543.49138342,1,1.0
21,20,1,3,82760341.71666813,1,1.0
21,20,2,8,67631059.08305754,1,1.0
21,20,3,10,81965203.04206297,1,1.0
21,21,0,0,64492334.25111031,1,1.0
21,21,1,3,80324337.09078111,1,1.0
21,21,2,7,54428614.84802557,1,1.0
21,21,3,10,80264854.73351417,1,1.0
21,22,0,2,89966839.27102545,1,1.0
21,22,1,4,64544153.339416936,1,1.0
21,22,2,7,80484177.1390633,1,1.0
21,22,3,11,80750091.88463973,1,1.0
21,23,0,2,91743873.01887693,1,1.0
21,23,1,4,61061085.46866155,1,1.0
21,23,2,8,62411472.67704474,1,1.0
21,23,3,10,59877892.89276606,1,1.0
22,0,0,2,61404403.59636038,1,1.0
22,0,1,3,67885440.64287552,1,1.0
22,0,2,8,71231426.56657776,1,1.0
22,0,3,10,97908711.89829428,1,1.0
22,1,0,2,72929874.67834298,1,1.0
22,1,1,3,67741934.90756354,1,1.0
22,1,2,8,74244775.89938505,1,1.0
22,1,3,11,64160001.67475448,1,1.0
22,2,0,0,64764386.30014132,1,1.0
22,2,1,3,78886024.65089916,1,1.0
22,2,2,7,70177131.96615568,1,1.0
22,2,3,10,88419057.50137793,1,1.0
22,3,0,2,58034426.36529026,1,1.0
22,3,1,4,59992821.10371908,1,1.0
22,3,2,8,75638725.9305316,1,1.0
22,3,3,10,74260962.05803277,1,1.0
22,4,0,1,71459728.64064778,1,1.0
22,4,1,3,136112586.90890992,1,1.0
22,4,2,8,71305297.61365256,1,1.0
22,4,3,11,102456880.7301859,1,1.0
22,5,0,2,81156204.45251915,1,1.0
22,5,1,4,62427510.79106972,1,1.0
22,5,2,8,87154202.42040461,1,1.0
22,5,3,10,74789453.87752335,1,1.0
22,6,0,2,69641998.15912731,1,1.0
22,6,1,4,105801940.85827246,1,1.0
22,6,2,7,75695426.42741747,1,1.0
22,6,3,10,89023800.0882985,1,1.0
22,7,0,2,77904448.71990263,1,1.0
22,7,1,4,82340499.91526568,1,1.0
22,7,2,8,76849502.26252258,1,1.0
22,7,3,10,82625607.77879089,1,1.0
22,8,0,2,80213387.3599621,1,1.0
22,8,1,3,68685026.67831782,1,1.0
22,8,2,8,72822777.18376274,1,1.0
22,8,3,10,87327794.29408647,1,1.0
22,9,0,2,81866057.95870984,1,1.0
22,9,1,3,79822754.35884237,1,1.0
22,9,2,8,57954782.072085254,1,1.0
22,9,3,10,78078431.06456698,1,1.0
22,10,0,2,73162596.51655978,1,1.0
22,10,1,4,75671824.59603244,1,1.0
22,10,2,6,53753750.43358034,1,1.0
22,10,3,10,75784279.19042492,1,1.0
22,11,0,2,95793829.72062187,1,1.0
22,11,1,3,64963210.994819015,1,1.0
22,11,2,8,69379600.26079562,1,1.0
22,11,3,10,101763219.3104914,1,1.0
22,12,0,2,64176782.394988924,1,1.0
22,12,1,4,68999801.11651793,1,1.0
22,12,2,8,70384413.4514131,1,1.0
22,12,3,10,80598179.59218843,1,1.0
22,13,0,2,81654476.78311756,1,1.0
22,13,1,4,87394674.01445228,1,1.0
22,13,2,8,70018577.9095054,1,1.0
22,13,3,10,76751302.21089108,1,1.0
22,14,0,1,58574631.42968743,1,1.0
22,14,1,4,68922452.61742257,1,1.0
22,14,2,6,56924667.071692415,1,1.0
22,14,3,10,81700949.30786926,1,1.0
22,15,0,2,111226596.18699354,1,1.0
22,15,1,4,73082054.05568884,1,1.0
22,15,2,8,67905717.39037064,1,1.0
22,15,3,11,81472276.00237915,1,1.0
22,16,0,0,61659617.108772025,1,1.0
22,16,1,4,82580829.04354641,1,1.0
22,16,2,8,80626479.31880957,1,1.0
22,16,3,11,79757582.62836836,1,1.0
22,17,0,2,70871277.87489243,1,1.0
22,17,1,3,72842939.09654154,1,1.0
22,17,2,8,70036377.647763,1,1.0
22,17,3,10,77809541.15217249,1,1.0
22,18,0,1,56392575.66672116,1,1.0
22,18,1,3,77695500.77175249,1,1.0
22,18,2,8,70162971.60663265,1,1.0
22,18,3,10,73807770.06032085,1,1.0
22,19,0,2,62448892.55809827,1,1.0
22,19,1,4,75220651.53942288,1,1.0
22,19,2,6,58495581.57599047,1,1.0
22,19,3,11,97122956.9224325,1,1.0
22,20,0,0,74334966.3218607,1,1.0
22,20,1,4,75904974.35150674,1,1.0
22,20,2,8,71674767.61359242,1,1.0
22,20,3,11,67267607.8190207,1,1.0
22,21,0,1,60794800.05162726,1,1.0
22,21,1,4,82790894.69784874,1,1.0
22,21,2,7,99425138.28322008,1,1.0
22,21,3,10,65993526.055301555,1,1.0
22,22,0,2,85376361.95517191,1,1.0
22,22,1,3,62843553.93628118,1,1.0
22,22,2,6,67104068.30943955,1,1.0
22,22,3,10,79690605.75020595,1,1.0
22,23,0,2,86286730.23247543,1,1.0
22,23,1,3,82121024.56140673,1,1.0
22,23,2,8,61773035.13003529,1,1.0
22,23,3,10,96928395.90027069,1,1.0
23,0,0,0,59442075.27293663,1,1.0
23,0,1,3,93674615.46686962,1,1.0
23,0,2,8,87803406.7290957,1,1.0
23,0,3,10,100064615.59764723,1,1.0
23,1,0,2,66348266.38806033,1,1.0
23,1,1,4,70573240.96721402,1,1.0
23,1,2,7,57396821.720596336,1,1.0
23,1,3,10,85275931.26133278,1,1.0
23,2,0,2,78074891.41801722,1,1.0
23,2,1,3,83626832.36717437,1,1.0
23,2,2,7,65095687.94412546,1,1.0
23,2,3,10,84296240.55981983,1,1.0
23,3,0,2,92435049.7215679,1,1.0
23,3,1,3,82029313.59392123,1,1.0
23,3,2,8,54755089.032638595,1,1.0
23,3,3,11,100292066.38951956,1,1.0
23,4,0,2,77691543.37128259,1,1.0
23,4,1,3,99734140.99919467,1,1.0
23,4,2,6,84474587.10379112,1,1.0
23,4,3,10,106464851.67976965,1,1.0
23,5,0,2,67483738.77753714,1,1.0
23,5,1,4,72148424.36917202,1,1.0
23,5,2,8,61672657.8131159,1,1.0
23,5,3,10,80069787.01491389,1,1.0
23,6,0,2,62467237.47435828,1,1.0
23,6,1,3,82005399.41652817,1,1.0
23,6,2,8,92783358.96304458,1,1.0
23,6,3,10,83509640.23302916,1,1.0
23,7,0,2,69884943.49923573,1,1.0
23,7,1,3,67384613.54767303,1,1.0
23,7,2,8,75977890.62186089,1,1.0
23,7,3,10,72757776.78275603,1,1.0
23,8,0,0,69260128.37403831,1,1.0
23,8,1,3,67536483.62889405,1,1.0
23,8,2,8,59142695.6925321,1,1.0
23,8,3,10,67813060.86808807,1,1.0
23,9,0,2,89950668.21741664,1,1.0
23,9,1,3,64074937.69720823,1,1.0
23,9,2,6,63047581.5451161,1,1.0
23,9,3,10,88862081.99354196,1,1.0
23,10,0,0,70873283.08357279,1,1.0
23,10,1,3,86203805.99294332,1,1.0
23,10,2,8,64681535.8558278,1,1.0
23,10,3,10,98766224.27499434,1,1.0
23,11,0,2,72659720.84491137,1,1.0
23,11,1,4,69710039.5627845,1,1.0
23,11,2,6,71836200.011827,1,1.0
23,11,3,10,78435999.1424029,1,1.0
23,12,0,2,88726400.38597901,1,1.0
23,12,1,3,86270658.22920173,1,1.0
23,12,2,8,57855874.621654764,1,1.0
23,12,3,10,81251962.9665788,1,1.0
23,13,0,2,69490129.17990482,1,1.0
23,13,1,4,70073548.1125429,1,1.0
23,13,2,8,73766214.03475252,1,1.0
23,13,3,10,111009178.04896607,1,1.0
23,14,0,0,58728462.10569518,1,1.0
23,14,1,3,67626217.635743,1,1.0
23,14,2,8,65471629.25977621,1,1.0
23,14,3,11,76020594.05378272,1,1.0
23,15,0,2,79852471.22242495,1,1.0
23,15,1,3,67267931.63521872,1,1.0
23,15,2,8,80901779.56424485,1,1.0
23,15,3,10,73975353.6994825,1,1.0
23,16,0,1,56282462.165265225,1,1.0
23,16,1,3,83065540.76689194,1,1.0
23,16,2,7,55356124.34797519,1,1.0
23,16,3,10,70281304.30255602,1,1.0
23,17,0,2,88041392.47206625,1,1.0
23,17,1,3,72226506.00594567,1,1.0
23,17,2,6,63193155.63385358,1,1.0
23,17,3,10,65321200.07317695,1,1.0
23,18,0,2,79792773.93729058,1,1.0
23,18,1,3,67467144.96077369,1,1.0
23,18,2,8,62868667.82524295,1,1.0
23,18,3,10,74584354.669752,1,1.0
23,19,0,2,97174999.94899797,1,1.0
23,19,1,3,75250058.23200786,1,1.0
23,19,2,7,68062997.07601798,1,1.0
23,19,3,10,79611713.5242742,1,1.0
23,20,0,2,63403826.30220612,1,1.0
23,20,1,3,77986896.33176117,1,1.0
23,20,2,8,67958131.41858228,1,1.0
23,20,3,10,82863674.5657739,1,1.0
23,21,0,2,58167118.20161243,1,1.0
23,21,1,4,65869499.34602054,1,1.0
23,21,2,8,66200571.21959775,1,1.0
23,21,3,10,102142736.0152785,1,1.0
23,22,0,2,61265040.025463335,1,1.0
23,22,1,3,78201502.10517722,1,1.0
23,22,2,8,87070346.50117499,1,1.0
23,22,3,10,79440443.25856052,1,1.0
23,23,0,0,69220557.59519997,1,1.0
23,23,1,3,66322578.502428174,1,1.0
23,23,2,6,59079103.16304278,1,1.0
23,23,3,11,72386716.70496051,1,1.0
24,0,0,0,68085557.2092617,1,1.0
24,0,1,3,87695088.28933486,1,1.0
24,0,2,6,54261225.23983658,1,1.0
24,0,3,10,79233681.64730656,1,1.0
24,1,0,0,72798682.17331433,1,1.0
24,1,1,4,65609327.855752155,1,1.0
24,1,2,8,68122424.49697234,1,1.0
24,1,3,10,64490566.83410858,1,1.0
24,2,0,2,92985427.09298578,1,1.0
24,2,1,3,68950342.34771629,1,1.0
24,2,2,8,94814023.95649971,1,1.0
24,2,3,10,78397020.11999725,1,1.0
24,3,0,1,54701726.656626,1,1.0
24,3,1,4,78771623.64195131,1,1.0
24,3,2,8,62632261.4638625,1,1.0
24,3,3,10,84150310.00027885,1,1.0
24,4,0,2,54056933.44283963,1,1.0
24,4,1,3,76322120.37421939,1,1.0
24,4,2,8,73762928.47878118,1,1.0
24,4,3,10,100266443.15980609,1,1.0
24,5,0,2,83413390.6038252,1,1.0
24,5,1,3,86647558.49277039,1,1.0
24,5,2,7,64226109.57289753,1,1.0
24,5,3,10,87130526.42262758,1,1.0
24,6,0,2,68068130.46728002,1,1.0
24,6,1,4,67842431.88177156,1,1.0
24,6,2,8,81843941.43446478,1,1.0
24,6,3,10,100694432.99588245,1,1.0
24,7,0,2,87322906.77091499,1,1.0
24,7,1,3,70122090.29786567,1,1.0
24,7,2,6,57596774.29336928,1,1.0
24,7,3,10,99835460.37018834,1,1.0
24,8,0,0,67080723.39918652,1,1.0
24,8,1,3,83461104.3457366,1,1.0
24,8,2,8,56412593.12841549,1,1.0
24,8,3,11,71081192.61354685,1,1.0
24,9,0,2,64362621.53033228,1,1.0
24,9,1,3,92066212.85032105,1,1.0
24,9,2,7,56969420.31415801,1,1.0
24,9,3,10,101713505.88192645,1,1.0
24,10,0,2,96512879.94994506,1,1.0
24,10,1,3,89496633.11220782,1,1.0
24,10,2,8,68339342.0328648,1,1.0
24,10,3,11,72163253.50534764,1,1.0
24,11,0,0,64448025.765021175,1,1.0
24,11,1,4,68751455.34868938,1,1.0
24,11,2,6,60536435.45800635,1,1.0
24,11,3,10,68594559.80780227,1,1.0
24,12,0,2,84195231.19120906,1,1.0
24,12,1,3,83933881.84751299,1,1.0
24,12,2,8,77012874.19737276,1,1.0
24,12,3,10,130304659.62583826,1,1.0
24,13,0,2,77390370.20482221,1,1.0
24,13,1,3,85163796.03898333,1,1.0
24,13,2,8,62096238.642728314,1,1.0
24,13,3,10,69463269.55012435,1,1.0
24,14,0,2,88211927.00831066,1,1.0
24,14,1,3,66962355.4941207,1,1.0
24,14,2,6,58431491.426790215,1,1.0
24,14,3,11,71887984.18300311,1,1.0
24,15,0,2,68204605.36071613,1,1.0
24,15,1,3,63498075.9031602,1,1.0
24,15,2,6,58983830.91106067,1,1.0
24,15,3,10,95659823.79352553,1,1.0
24,16,0,1,61640992.8972749,1,1.0
24,16,1,3,84843920.85852204,1,1.0
24,16,2,8,64667664.45150875,1,1.0
24,16,3,10,106130399.13457653,1,1.0
24,17,0,2,88675445.26997724,1,1.0
24,17,1,3,65627326.223150946,1,1.0
24,17,2,6,53848423.32989376,1,1.0
24,17,3,10,69692795.07499395,1,1.0
24,18,0,2,63394603.09575196,1,1.0
24,18,1,3,118856042.58032772,1,1.0
24,18,2,6,72843916.25613725,1,1.0
24,18,3,10,63484317.29420251,1,1.0
24,19,0,2,63158380.233419985,1,1.0
24,19,1,4,78606034.91475967,1,1.0
24,19,2,8,59981658.98238288,1,1.0
24,19,3,11,67114739.29727557,1,1.0
24,20,0,2,68847325.75082311,1,1.0
24,20,1,3,78636091.6352765,1,1.0
24,20,2,7,78103514.55893399,1,1.0
24,20,3,10,90868619.32199688,1,1.0
24,21,0,1,69792819.16427554,1,1.0
24,21,1,3,67583495.98588966,1,1.0
24,21,2,8,61300484.60388627,1,1.0
24,21,3,10,91753248.67129686,1,1.0
24,22,0,2,87910171.55740076,1,1.0
24,22,1,3,59551520.09680082,1,1.0
24,22,2,8,63605554.124900274,1,1.0
24,22,3,10,82021507.32281311,1,1.0
24,23,0,0,56265948.904297076,1,1.0
24,23,1,3,73040768.83144702,1,1.0
24,23,2,8,62267600.890430905,1,1.0
24,23,3,11,71467906.78549571,1,1.0
25,0,0,2,60957431.93657802,1,1.0
25,0,1,3,79661806.70532857,1,1.0
25,0,2,6,62501558.407061875,1,1.0
25,0,3,11,77950515.907417,1,1.0
25,1,0,2,89861496.59734048,1,1.0
25,1,1,3,114330927.18871064,1,1.0
25,1,2,8,88108998.19005062,1,1.0
25,1,3,10,75522515.43257818,1,1.0
25,2,0,2,69702404.96436094,1,1.0
25,2,1,3,65558787.432177894,1,1.0
25,2,2,8,65485945.19546933,1,1.0
25,2,3,10,69040141.51246503,1,1.0
25,3,0,0,61279925.254610695,1,1.0
25,3,1,4,72980271.33024813,1,1.0
25,3,2,6,59386536.134907834,1,1.0
25,3,3,10,87966109.85688585,1,1.0
25,4,0,2,76738307.47685626,1,1.0
25,4,1,3,82192705.28857958,1,1.0
25,4,2,8,69584808.56765614,1,1.0
25,4,3,10,63082573.13314809,1,1.0
25,5,0,0,62248133.4549423,1,1.0
25,5,1,3,64538899.2535325,1,1.0
25,5,2,8,59260344.04659046,1,1.0
25,5,3,10,91692753.57600585,1,1.0
25,6,0,2,67799128.84545094,1,1.0
25,6,1,3,111684128.76897646,1,1.0
25,6,2,8,69492971.29696395,1,1.0
25,6,3,10,86320215.03830875,1,1.0
25,7,0,2,79716009.62363854,1,1.0
25,7,1,3,63424695.29328226,1,1.0
25,7,2,6,66457283.532470696,1,1.0
25,7,3,10,91342699.42894064,1,1.0
25,8,0,2,59564366.394210555,1,1.0
25,8,1,3,91966015.05679867,1,1.0
25,8,2,8,59902867.82039611,1,1.0
25,8,3,11,65384448.7995305,1,1.0
25,9,0,2,69425757.31475578,1,1.0
25,9,1,3,71224045.47810468,1,1.0
25,9,2,8,66229435.3777501,1,1.0
25,9,3,11,67784998.36363515,1,1.0
25,10,0,2,106805213.67220643,1,1.0
25,10,1,3,68298618.15366034,1,1.0
25,10,2,8,92247182.01628806,1,1.0
25,10,3,11,73255157.80278097,1,1.0
25,11,0,2,63330148.40589749,1,1.0
25,11,1,3,103508402.79581857,1,1.0
25,11,2,8,66998850.50914756,1,1.0
25,11,3,10,90498594.06982738,1,1.0
25,12,0,2,98761033.72115655,1,1.0
25,12,1,3,90451314.91616096,1,1.0
25,12,2,8,67222050.26979847,1,1.0
25,12,3,10,71009327.6709301,1,1.0
25,13,0,2,81432116.10884844,1,1.0
25,13,1,3,65595959.10059318,1,1.0
25,13,2,8,73115052.99193674,1,1.0
25,13,3,10,68677902.40746133,1,1.0
25,14,0,2,75283978.72922358,1,1.0
25,14,1,3,78136935.66503365,1,1.0
25,14,2,7,57708854.218859784,1,1.0
25,14,3,10,72303329.6209749,1,1.0
25,15,0,2,78787712.14137328,1,1.0
25,15,1,3,83698471.19961761,1,1.0
25,15,2,7,60858169.6256261,1,1.0
25,15,3,10,103052617.63851812,1,1.0
25,16,0,0,61138218.03878595,1,1.0
25,16,1,3,60882571.16120932,1,1.0
25,16,2,8,76152785.7155793,1,1.0
25,16,3,10,113620975.90569386,1,1.0
25,17,0,2,70606279.48306577,1,1.0
25,17,1,3,71743952.5120802,1,1.0
25,17,2,8,61281808.024596065,1,1.0
25,17,3,10,64429859.04458512,1,1.0
25,18,0,2,55020697.69459942,1,1.0
25,18,1,3,63424519.89022793,1,1.0
25,18,2,8,69923747.23862147,1,1.0
25,18,3,11,69286426.75795369,1,1.0
25,19,0,2,88268103.76597631,1,1.0
25,19,1,3,80926709.29259716,1,1.0
25,19,2,6,64689191.56763767,1,1.0
25,19,3,10,82968041.17176418,1,1.0
25,20,0,2,87862791.22778895,1,1.0
25,20,1,3,71021941.24958177,1,1.0
25,20,2,8,60862917.61803533,1,1.0
25,20,3,10,72830588.92035063,1,1.0
25,21,0,2,73680973.00054729,1,1.0
25,21,1,4,72717474.64610922,1,1.0
25,21,2,8,67705598.58830872,1,1.0
25,21,3,10,109836374.13684243,1,1.0
25,22,0,2,60646940.61172935,1,1.0
25,22,1,4,77902447.53102595,1,1.0
25,22,2,8,60691453.48818829,1,1.0
25,22,3,11,75559210.4785006,1,1.0
25,23,0,2,81385239.20982203,1,1.0
25,23,1,3,62208662.968723856,1,1.0
25,23,2,8,59466018.53181715,1,1.0
25,23,3,11,83695375.69007722,1,1.0
26,0,0,2,59443220.35681746,1,1.0
26,0,1,4,91368005.67406094,1,1.0
26,0,2,8,62848080.80155786,1,1.0
26,0,3,11,63349420.011146076,1,1.0
26,1,0,2,80454743.08892749,1,1.0
26,1,1,4,69518478.75770292,1,1.0
26,1,2,8,60856965.920123324,1,1.0
26,1,3,10,81330990.78270943,1,1.0
26,2,0,2,105919753.39611796,1,1.0
26,2,1,4,63794839.88191319,1,1.0
26,2,2,8,58210742.18015419,1,1.0
26,2,3,10,87075707.38292322,1,1.0
26,3,0,2,75473033.15158673,1,1.0
26,3,1,3,77496031.94461213,1,1.0
26,3,2,7,58614665.228865005,1,1.0
26,3,3,10,108131447.57103482,1,1.0
26,4,0,2,83128826.16737151,1,1.0
26,4,1,3,80032020.1874641,1,1.0
26,4,2,8,89316471.55498251,1,1.0
26,4,3,10,90715867.5331616,1,1.0
26,5,0,0,62612168.93877286,1,1.0
26,5,1,4,62817193.3905127,1,1.0
26,5,2,7,55819622.24017109,1,1.0
26,5,3,11,72650811.05758676,1,1.0
26,6,0,2,59598677.972052574,1,1.0
26,6,1,3,72175278.29037835,1,1.0
26,6,2,8,79021083.81239861,1,1.0
26,6,3,10,75230157.2885688,1,1.0
26,7,0,2,86503640.76949026,1,1.0
26,7,1,3,85880654.69779137,1,1.0
26,7,2,7,66440721.02545128,1,1.0
26,7,3,10,82248034.92037375,1,1.0
26,8,0,2,78911604.73822704,1,1.0
26,8,1,4,70898260.95609553,1,1.0
26,8,2,8,80343779.61822243,1,1.0
26,8,3,10,66343302.59541431,1,1.0
26,9,0,2,93069366.08559895,1,1.0
26,9,1,4,63940611.442269996,1,1.0
26,9,2,6,89088495.52232322,1,1.0
26,9,3,11,74136275.67627566,1,1.0
26,10,0,2,70580431.79606995,1,1.0
26,10,1,4,68473388.88996707,1,1.0
26,10,2,8,60109996.94427819,1,1.0
26,10,3,11,71184819.3374247,1,1.0
26,11,0,2,85914347.62084804,1,1.0
26,11,1,3,71839602.35511833,1,1.0
26,11,2,7,65046489.36721815,1,1.0
26,11,3,10,74074556.42561159,1,1.0
26,12,0,0,68133645.87344882,1,1.0
26,12,1,3,68166712.40515615,1,1.0
26,12,2,6,65287233.080286644,1,1.0
26,12,3,11,64908930.67147617,1,1.0
26,13,0,2,85162823.45678137,1,1.0
26,13,1,3,84869171.5951123,1,1.0
26,13,2,8,61403940.42751507,1,1.0
26,13,3,10,94785640.90610176,1,1.0
26,14,0,2,74492959.9252234,1,1.0
26,14,1,3,72176337.53146325,1,1.0
26,14,2,6,72726145.71645615,1,1.0
26,14,3,10,78196390.47995095,1,1.0
26,15,0,2,87276420.8463221,1,1.0
26,15,1,3,93053411.3530621,1,1.0
26,15,2,8,69143428.03895098,1,1.0
26,15,3,11,71905603.41756316,1,1.0
26,16,0,2,58990042.47906749,1,1.0
26,16,1,4,70463276.67173389,1,1.0
26,16,2,8,73380654.26946528,1,1.0
26,16,3,10,84103462.44830088,1,1.0
26,17,0,2,108905299.80669586,1,1.0
26,17,1,3,74474457.27437925,1,1.0
26,17,2,8,78488754.28246842,1,1.0
26,17,3,10,74410307.205277,1,1.0
26,18,0,2,91924583.69734918,1,1.0
26,18,1,4,68318207.0168933,1,1.0
26,18,2,6,59033903.41197463,1,1.0
26,18,3,11,86609134.59033568,1,1.0
26,19,0,2,88524588.77574757,1,1.0
26,19,1,3,66402500.155798696,1,1.0
26,19,2,8,54444029.30560044,1,1.0
26,19,3,10,68907158.6506386,1,1.0
26,20,0,2,70413248.93053047,1,1.0
26,20,1,3,65506811.7125005,1,1.0
26,20,2,8,72235787.86991358,1,1.0
26,20,3,10,72155157.2011215,1,1.0
26,21,0,2,61777780.46727901,1,1.0
26,21,1,3,68432094.16406624,1,1.0
26,21,2,8,69280502.61091486,1,1.0
26,21,3,10,91967830.24557327,1,1.0
26,22,0,2,78007230.57100359,1,1.0
26,22,1,3,61752564.98883416,1,1.0
26,22,2,8,78946744.64573629,1,1.0
26,22,3,10,79775522.99131325,1,1.0
26,23,0,2,76139851.3254361,1,1.0
26,23,1,3,76370848.70888075,1,1.0
26,23,2,8,57732682.639267735,1,1.0
26,23,3,10,84265302.75359544,1,1.0
27,0,0,0,57638422.75329574,1,1.0
27,0,1,3,70418726.33905818,1,1.0
27,0,2,7,71012997.53500657,1,1.0
27,0,3,10,78066891.23034818,1,1.0
27,1,0,2,74169173.04797235,1,1.0
27,1,1,3,115841391.63500188,1,1.0
27,1,2,8,59706147.181398764,1,1.0
27,1,3,10,75539615.19359963,1,1.0
27,2,0,0,63142845.25993125,1,1.0
27,2,1,3,66465878.39374813,1,1.0
27,2,2,8,61632841.54110726,1,1.0
27,2,3,11,71125779.27907462,1,1.0
27,3,0,2,96975939.88463952,1,1.0
27,3,1,3,87334815.0221722,1,1.0
27,3,2,8,79414703.22606099,1,1.0
27,3,3,10,78657219.70242743,1,1.0
27,4,0,2,60352665.6363844,1,1.0
27,4,1,3,68941726.88506684,1,1.0
27,4,2,8,75368164.30667292,1,1.0
27,4,3,10,96812964.79297322,1,1.0
27,5,0,2,114111777.30462532,1,1.0
27,5,1,3,73130981.13323398,1,1.0
27,5,2,6,58362871.68173856,1,1.0
27,5,3,10,67987497.56929906,1,1.0
27,6,0,2,80387235.58322316,1,1.0
27,6,1,3,86249231.7108973,1,1.0
27,6,2,8,60692642.307595015,1,1.0
27,6,3,10,90826769.89045154,1,1.0
27,7,0,2,63785760.81321658,1,1.0
27,7,1,4,73473034.90092929,1,1.0
27,7,2,8,63698165.66750648,1,1.0
27,7,3,10,71279769.88377807,1,1.0
27,8,0,2,64702452.19588823,1,1.0
27,8,1,4,68613608.19615787,1,1.0
27,8,2,6,73310392.23897259,1,1.0
27,8,3,10,84676460.59421909,1,1.0
27,9,0,2,81250662.44836485,1,1.0
27,9,1,4,60347696.93833843,1,1.0
27,9,2,8,71577009.56840897,1,1.0
27,9,3,10,65439491.544845335,1,1.0
27,10,0,2,88929302.9960004,1,1.0
27,10,1,3,81708812.17143409,1,1.0
27,10,2,8,63361980.61464094,1,1.0
27,10,3,10,87836276.50102293,1,1.0
27,11,0,2,72514749.50627546,1,1.0
27,11,1,3,68068365.52373555,1,1.0
27,11,2,7,65828693.46347007,1,1.0
27,11,3,11,95979893.40644686,1,1.0
27,12,0,2,61294895.92879602,1,1.0
27,12,1,3,87293809.15007046,1,1.0
27,12,2,8,72317320.85080591,1,1.0
27,12,3,11,63254710.54738804,1,1.0
27,13,0,2,62905905.92242598,1,1.0
27,13,1,3,60000027.82107247,1,1.0
27,13,2,7,64207194.32956939,1,1.0
27,13,3,10,93683343.67506911,1,1.0
27,14,0,0,75391426.04790172,1,1.0
27,14,1,4,81879693.79112953,1,1.0
27,14,2,8,87745331.70843002,1,1.0
27,14,3,11,65438229.641848,1,1.0
27,15,0,2,75127247.47987969,1,1.0
27,15,1,4,68427574.28839815,1,1.0
27,15,2,8,85769215.85781097,1,1.0
27,15,3,10,76948505.25158024,1,1.0
27,16,0,2,85182531.23035634,1,1.0
27,16,1,5,59186986.184585795,1,1.0
27,16,2,8,89530084.05599649,1,1.0
27,16,3,10,84267533.39365137,1,1.0
27,17,0,2,73993023.7003911,1,1.0
27,17,1,4,65288198.1500367,1,1.0
27,17,2,8,74781922.55230568,1,1.0
27,17,3,10,69791353.03935897,1,1.0
27,18,0,2,75931199.05301037,1,1.0
27,18,1,3,94016343.98046868,1,1.0
27,18,2,6,60555473.959479816,1,1.0
27,18,3,10,102662828.58124225,1,1.0
27,19,0,2,63339046.802135624,1,1.0
27,19,1,3,73088492.7099534,1,1.0
27,19,2,8,61782934.31694748,1,1.0
27,19,3,10,95856927.40141056,1,1.0
27,20,0,1,60546872.428847425,1,1.0
27,20,1,4,62852132.846881874,1,1.0
27,20,2,8,80922113.32362024,1,1.0
27,20,3,11,70425179.47699068,1,1.0
27,21,0,2,72783974.75290996,1,1.0
27,21,1,4,76666528.67536691,1,1.0
27,21,2,8,57454579.2306014,1,1.0
27,21,3,10,81804508.02234747,1,1.0
27,22,0,2,63602125.68261349,1,1.0
27,22,1,3,73005496.33616449,1,1.0
27,22,2,6,63533498.29532866,1,1.0
27,22,3,10,119164377.47528034,1,1.0
27,23,0,2,64435737.67676609,1,1.0
27,23,1,3,80446880.42860158,1,1.0
27,23,2,8,66824894.974272884,1,1.0
27,23,3,10,70325819.89216185,1,1.0
28,0,0,2,94332552.69819036,1,1.0
28,0,1,4,73579967.32317093,1,1.0
28,0,2,8,69793940.07427436,1,1.0
28,0,3,10,68802051.51744586,1,1.0
28,1,0,2,74420058.90130556,1,1.0
28,1,1,3,73755167.53070995,1,1.0
28,1,2,8,65816957.68430744,1,1.0
28,1,3,10,99336197.20153712,1,1.0
28,2,0,2,83078119.00907734,1,1.0
28,2,1,3,63616456.67451497,1,1.0
28,2,2,8,84233563.30983798,1,1.0
28,2,3,10,77216844.78885774,1,1.0
28,3,0,2,68647307.16714899,1,1.0
28,3,1,3,71693591.86525065,1,1.0
28,3,2,8,64638332.82093025,1,1.0
28,3,3,10,69461090.9282115,1,1.0
28,4,0,0,59870366.17969603,1,1.0
28,4,1,4,67803455.64046429,1,1.0
28,4,2,7,69448668.82611519,1,1.0
28,4,3,11,76672476.21925963,1,1.0
28,5,0,1,59945794.00596132,1,1.0
28,5,1,3,78836195.45628828,1,1.0
28,5,2,6,64644957.43607859,1,1.0
28,5,3,10,75076593.39324787,1,1.0
28,6,0,0,60579000.42207276,1,1.0
28,6,1,3,84212343.64872205,1,1.0
28,6,2,6,63524899.637748644,1,1.0
28,6,3,10,75153186.83063409,1,1.0
28,7,0,2,64802175.98151448,1,1.0
28,7,1,3,63199823.23064627,1,1.0
28,7,2,8,58266876.73758157,1,1.0
28,7,3,11,77155701.72240454,1,1.0
28,8,0,0,73182987.6926234,1,1.0
28,8,1,3,67233865.35281745,1,1.0
28,8,2,6,60593308.00904947,1,1.0
28,8,3,10,69532642.08430472,1,1.0
28,9,0,2,74870710.49275187,1,1.0
28,9,1,3,65854506.68558866,1,1.0
28,9,2,7,87423289.6389388,1,1.0
28,9,3,10,80560436.8147457,1,1.0
28,10,0,2,78308260.97766346,1,1.0
28,10,1,3,81609943.46166763,1,1.0
28,10,2,7,77976999.91504568,1,1.0
28,10,3,10,71751970.06560226,1,1.0
28,11,0,2,56692332.17132885,1,1.0
28,11,1,3,82183865.34862854,1,1.0
28,11,2,8,79757059.60296641,1,1.0
28,11,3,10,78710333.23489502,1,1.0
28,12,0,2,67412933.21324329,1,1.0
28,12,1,3,67196061.55207698,1,1.0
28,12,2,8,52201017.14045235,1,1.0
28,12,3,10,93862550.63693522,1,1.0
28,13,0,2,66486185.72957242,1,1.0
28,13,1,3,96001892.70951214,1,1.0
28,13,2,8,72747924.53344843,1,1.0
28,13,3,10,74060757.9557588,1,1.0
28,14,0,2,59772040.96163627,1,1.0
28,14,1,4,68967715.67006323,1,1.0
28,14,2,8,60930212.641564466,1,1.0
28,14,3,10,75049841.2008,1,1.0
28,15,0,2,67153191.50256854,1,1.0
28,15,1,3,75770547.35824636,1,1.0
28,15,2,7,63378760.70842712,1,1.0
28,15,3,10,59502046.48411377,1,1.0
28,16,0,2,81854092.58441538,1,1.0
28,16,1,3,63509335.5251838,1,1.0
28,16,2,8,86291661.67678775,1,1.0
28,16,3,10,77915212.3451114,1,1.0
28,17,0,0,89315320.94948244,1,1.0
28,17,1,3,82272947.38872552,1,1.0
28,17,2,8,59154960.79481704,1,1.0
28,17,3,11,72265041.18373469,1,1.0
28,18,0,0,60048203.11113002,1,1.0
28,18,1,3,77524302.59617414,1,1.0
28,18,2,8,85960843.85239999,1,1.0
28,18,3,11,83259020.53426935,1,1.0
28,19,0,2,94877635.10137688,1,1.0
28,19,1,4,87895737.23724991,1,1.0
28,19,2,8,57956928.01969828,1,1.0
28,19,3,10,93922070.37344427,1,1.0
28,20,0,2,80953573.32568036,1,1.0
28,20,1,3,99100116.5459334,1,1.0
28,20,2,8,60613492.72192094,1,1.0
28,20,3,11,68658376.48363262,1,1.0
28,21,0,2,116008826.48458843,1,1.0
28,21,1,3,66983311.69931767,1,1.0
28,21,2,6,63773807.89119887,1,1.0
28,21,3,10,92259899.1642588,1,1.0
28,22,0,2,70034050.01783149,1,1.0
28,22,1,3,77942329.2541651,1,1.0
28,22,2,8,59680892.56790259,1,1.0
28,22,3,11,66464993.87654796,1,1.0
28,23,0,2,69450293.04713264,1,1.0
28,23,1,3,76041741.19001669,1,1.0
28,23,2,8,61543184.35114109,1,1.0
28,23,3,10,77622675.86349879,1,1.0
29,0,0,2,74026381.23143493,1,1.0
29,0,1,4,71489590.03106737,1,1.0
29,0,2,7,57381719.874493666,1,1.0
29,0,3,10,90927484.98844205,1,1.0
29,1,0,2,72366300.05206959,1,1.0
29,1,1,3,64631179.8055985,1,1.0
29,1,2,8,73352488.31955175,1,1.0
29,1,3,10,76830742.78682563,1,1.0
29,2,0,0,62993959.40186148,1,1.0
29,2,1,4,71104872.53447193,1,1.0
29,2,2,8,100118000.30028872,1,1.0
29,2,3,11,67885242.06580782,1,1.0
29,3,0,0,57822969.6014375,1,1.0
29,3,1,4,67363592.42528678,1,1.0
29,3,2,8,69696271.20479898,1,1.0
29,3,3,11,73878206.84846318,1,1.0
29,4,0,2,77532701.67733511,1,1.0
29,4,1,4,75296735.48372328,1,1.0
29,4,2,8,63787724.04174925,1,1.0
29,4,3,10,91598369.29886091,1,1.0
29,5,0,2,70171926.67748258,1,1.0
29,5,1,4,61840484.501122266,1,1.0
29,5,2,8,55354902.79323589,1,1.0
29,5,3,10,71080621.78618956,1,1.0
29,6,0,2,60606585.316494755,1,1.0
29,6,1,3,70034237.42308699,1,1.0
29,6,2,6,58092528.60507692,1,1.0
29,6,3,10,100029683.00995433,1,1.0
29,7,0,2,78576196.89454716,1,1.0
29,7,1,3,82981403.72809987,1,1.0
29,7,2,8,68627353.49083295,1,1.0
29,7,3,11,66530787.185959056,1,1.0
29,8,0,2,61224095.80538561,1,1.0
29,8,1,4,71424015.76018934,1,1.0
29,8,2,8,69452126.28870444,1,1.0
29,8,3,10,75899607.27775715,1,1.0
29,9,0,2,93012737.84862168,1,1.0
29,9,1,3,86790015.70479107,1,1.0
29,9,2,8,60024797.39546137,1,1.0
29,9,3,10,71306159.1235055,1,1.0
29,10,0,2,93230594.66965544,1,1.0
29,10,1,3,80551757.49089627,1,1.0
29,10,2,8,60553710.66808519,1,1.0
29,10,3,10,90399962.96300396,1,1.0
29,11,0,2,80144326.46564265,1,1.0
29,11,1,3,106285589.76043762,1,1.0
29,11,2,7,71978075.60934632,1,1.0
29,11,3,11,79294960.30144916,1,1.0
29,12,0,2,101335403.9133027,1,1.0
29,12,1,3,79103689.47487137,1,1.0
29,12,2,8,60749175.971020564,1,1.0
29,12,3,10,80995141.06418252,1,1.0
29,13,0,2,62217770.27118762,1,1.0
29,13,1,3,66192590.42176662,1,1.0
29,13,2,8,75832157.49972649,1,1.0
29,13,3,10,129859121.26241823,1,1.0
29,14,0,1,61597550.92631094,1,1.0
29,14,1,3,68142139.50983071,1,1.0
29,14,2,8,60607411.42345139,1,1.0
29,14,3,11,77124034.71395168,1,1.0
29,15,0,2,65840943.77792408,1,1.0
29,15,1,3,84079444.66350962,1,1.0
29,15,2,7,54567555.23998121,1,1.0
29,15,3,11,76371723.79649971,1,1.0
29,16,0,2,70828101.69771099,1,1.0
29,16,1,3,83420963.59507383,1,1.0
29,16,2,8,71079435.41892347,1,1.0
29,16,3,11,86585746.54635243,1,1.0
29,17,0,2,86443411.78379384,1,1.0
29,17,1,3,74068671.68476734,1,1.0
29,17,2,8,75279060.61002171,1,1.0
29,17,3,10,72211580.13327539,1,1.0
29,18,0,2,88029733.87843199,1,1.0
29,18,1,3,62164200.991615266,1,1.0
29,18,2,8,61965578.34261793,1,1.0
29,18,3,10,67358229.88385153,1,1.0
29,19,0,0,61932743.241650365,1,1.0
29,19,1,4,59044135.53081206,1,1.0
29,19,2,7,60857792.508103326,1,1.0
29,19,3,10,118714070.27296562,1,1.0
29,20,0,2,89208497.23570928,1,1.0
29,20,1,4,70348031.14535545,1,1.0
29,20,2,7,73761985.41699722,1,1.0
29,20,3,10,93934162.50214204,1,1.0
29,21,0,2,66578107.354264095,1,1.0
29,21,1,3,106228607.32388431,1,1.0
29,21,2,8,54702677.37174725,1,1.0
29,21,3,11,73821583.7724816,1,1.0
29,22,0,2,106708589.29611604,1,1.0
29,22,1,3,99542302.10852657,1,1.0
29,22,2,8,70214591.68997473,1,1.0
29,22,3,10,98467372.18714194,1,1.0
29,23,0,0,70747651.85029538,1,1.0
29,23,1,5,71670379.87238702,1,1.0
29,23,2,8,62281802.56142866,1,1.0
29,23,3,11,71691777.87846972,1,1.0
30,0,0,2,77073689.84275469,1,1.0
30,0,1,3,64177592.32284729,1,1.0
30,0,2,8,83653474.01530616,1,1.0
30,0,3,10,77586635.62109818,1,1.0
30,1,0,2,72033039.14566149,1,1.0
30,1,1,3,83045231.62259276,1,1.0
30,1,2,8,65716772.318848275,1,1.0
30,1,3,10,87589827.20481169,1,1.0
30,2,0,2,107046074.28147131,1,1.0
30,2,1,3,70834118.83818664,1,1.0
30,2,2,8,58180226.528693065,1,1.0
30,2,3,11,62826419.59207507,1,1.0
30,3,0,2,73414364.12809557,1,1.0
30,3,1,4,61272548.7220161,1,1.0
30,3,2,6,58316897.56306639,1,1.0
30,3,3,10,82315610.07319167,1,1.0
30,4,0,2,85030462.2173893,1,1.0
30,4,1,3,67104148.63909337,1,1.0
30,4,2,8,76530756.14736733,1,1.0
30,4,3,10,79215086.69375311,1,1.0
30,5,0,0,61273881.517723896,1,1.0
30,5,1,4,58972288.88807027,1,1.0
30,5,2,6,58058226.592969805,1,1.0
30,5,3,10,114024821.37812002,1,1.0
30,6,0,1,55351178.316899024,1,1.0
30,6,1,3,70392758.62624359,1,1.0
30,6,2,7,68067193.07368733,1,1.0
30,6,3,11,72190571.96641384,1,1.0
30,7,0,1,57157559.05912904,1,1.0
30,7,1,3,95911710.4694142,1,1.0
30,7,2,8,66086382.86601501,1,1.0
30,7,3,10,74601453.90859613,1,1.0
30,8,0,2,86722960.46748766,1,1.0
30,8,1,4,82743008.49398282,1,1.0
30,8,2,8,73758510.88663651,1,1.0
30,8,3,11,63323531.99130871,1,1.0
30,9,0,0,67640584.63578522,1,1.0
30,9,1,3,64371186.29831926,1,1.0
30,9,2,8,62814070.866051115,1,1.0
30,9,3,10,91367282.75879402,1,1.0
30,10,0,2,83653521.1702315,1,1.0
30,10,1,3,81735288.23148304,1,1.0
30,10,2,8,75126494.20721698,1,1.0
30,10,3,10,86528848.33152731,1,1.0
30,11,0,2,64839023.3839875,1,1.0
30,11,1,4,77256434.83276357,1,1.0
30,11,2,8,65445520.98560122,1,1.0
30,11,3,10,65652456.70843291,1,1.0
30,12,0,2,88195930.84324782,1,1.0
30,12,1,3,66437996.46282897,1,1.0
30,12,2,8,55327902.88590893,1,1.0
30,12,3,10,74839979.07670043,1,1.0
30,13,0,2,90518495.91101617,1,1.0
30,13,1,4,57394808.77113786,1,1.0
30,13,2,8,59798845.993041284,1,1.0
30,13,3,11,91924490.3836226,1,1.0
30,14,0,2,88770323.08983621,1,1.0
30,14,1,4,83566155.64948851,1,1.0
30,14,2,7,62746751.13287142,1,1.0
30,14,3,10,86167466.1916252,1,1.0
30,15,0,2,64347074.759790815,1,1.0
30,15,1,3,73775427.27605692,1,1.0
30,15,2,8,70996359.9790059,1,1.0
30,15,3,10,79177311.51105903,1,1.0
30,16,0,2,89937722.82769807,1,1.0
30,16,1,3,65854303.75045285,1,1.0
30,16,2,8,73736576.80332772,1,1.0
30,16,3,11,87141653.38618816,1,1.0
30,17,0,2,74120694.24765757,1,1.0
30,17,1,3,72641200.72816184,1,1.0
30,17,2,8,63092458.06557578,1,1.0
30,17,3,10,79327263.00658002,1,1.0
30,18,0,2,64229947.85889243,1,1.0
30,18,1,3,86541021.81924427,1,1.0
30,18,2,7,65486731.8348139,1,1.0
30,18,3,10,73515556.53958912,1,1.0
30,19,0,2,81870949.99452808,1,1.0
30,19,1,3,70679438.67953354,1,1.0
30,19,2,8,72854358.69562657,1,1.0
30,19,3,10,69102081.0014303,1,1.0
30,20,0,0,62656651.48779888,1,1.0
30,20,1,4,69541373.47961703,1,1.0
30,20,2,8,58558721.762166075,1,1.0
30,20,3,11,64800714.60189674,1,1.0
30,21,0,0,96876886.89448129,1,1.0
30,21,1,3,91730327.68838023,1,1.0
30,21,2,6,68179970.35506375,1,1.0
30,21,3,10,95000976.8102436,1,1.0
30,22,0,2,63535496.96686747,1,1.0
30,22,1,3,69393686.31110048,1,1.0
30,22,2,8,74635703.05140333,1,1.0
30,22,3,10,78217630.80437444,1,1.0
30,23,0,1,77665984.14344661,1,1.0
30,23,1,3,71466929.80409035,1,1.0
30,23,2,7,57865547.80179713,1,1.0
30,23,3,10,84806434.68570854,1,1.0
31,0,0,2,84246462.84737319,1,1.0
31,0,1,3,95605919.73648188,1,1.0
31,0,2,8,87231360.032078,1,1.0
31,0,3,11,101475792.09736973,1,1.0
31,1,0,0,59220780.312654495,1,1.0
31,1,1,3,66248431.56536536,1,1.0
31,1,2,8,64451766.78594924,1,1.0
31,1,3,11,67514754.61685438,1,1.0
31,2,0,1,73813137.90226334,1,1.0
31,2,1,3,63579684.10286352,1,1.0
31,2,2,8,75158198.64184454,1,1.0
31,2,3,10,85785611.0695056,1,1.0
31,3,0,2,59354806.702778935,1,1.0
31,3,1,3,67609133.94813377,1,1.0
31,3,2,8,77539149.73662639,1,1.0
31,3,3,10,82034400.44037035,1,1.0
31,4,0,1,54711512.688243575,1,1.0
31,4,1,3,61556172.123729676,1,1.0
31,4,2,8,75309721.99031487,1,1.0
31,4,3,11,60541359.3007838,1,1.0
31,5,0,2,78101336.15859912,1,1.0
31,5,1,3,88622834.39286529,1,1.0
31,5,2,8,59891554.78531301,1,1.0
31,5,3,11,70818652.35734515,1,1.0
31,6,0,2,73753206.6375027,1,1.0
31,6,1,3,86682595.89315596,1,1.0
31,6,2,7,55844602.588023975,1,1.0
31,6,3,10,71283754.59241925,1,1.0
31,7,0,2,62612103.92503093,1,1.0
31,7,1,3,75912179.09481217,1,1.0
31,7,2,8,68730954.93803473,1,1.0
31,7,3,10,101982605.54657677,1,1.0
31,8,0,2,88608936.84911267,1,1.0
31,8,1,3,88077184.02412377,1,1.0
31,8,2,8,72159681.83756125,1,1.0
31,8,3,11,64064899.562835805,1,1.0
31,9,0,1,55546667.33303566,1,1.0
31,9,1,3,75053762.41891862,1,1.0
31,9,2,8,88030534.55838038,1,1.0
31,9,3,11,70053968.06555921,1,1.0
31,10,0,2,79329920.44249451,1,1.0
31,10,1,3,78248173.01369072,1,1.0
31,10,2,7,59531590.64917809,1,1.0
31,10,3,10,82781032.31627864,1,1.0
31,11,0,2,97451516.31707269,1,1.0
31,11,1,3,84506455.63097952,1,1.0
31,11,2,8,58886949.16015552,1,1.0
31,11,3,11,92079831.44858356,1,1.0
31,12,0,2,89990929.39629793,1,1.0
31,12,1,3,66970220.26532151,1,1.0
31,12,2,6,70067942.62632883,1,1.0
31,12,3,10,89599638.07233337,1,1.0
31,13,0,0,64627445.0064283,1,1.0
31,13,1,4,77942854.44770269,1,1.0
31,13,2,7,77036939.97816817,1,1.0
31,13,3,11,70052611.63744126,1,1.0
31,14,0,0,89946653.02503364,1,1.0
31,14,1,4,74357201.92447497,1,1.0
31,14,2,8,72148327.23078512,1,1.0
31,14,3,10,65670416.23546442,1,1.0
31,15,0,2,76168351.67901027,1,1.0
31,15,1,3,79219620.74059491,1,1.0
31,15,2,6,62896142.416534536,1,1.0
31,15,3,10,68840913.80360512,1,1.0
31,16,0,2,66135454.98727364,1,1.0
31,16,1,3,79145484.06526683,1,1.0
31,16,2,8,59677276.11803613,1,1.0
31,16,3,10,99284865.14253135,1,1.0
31,17,0,2,69349914.90131809,1,1.0
31,17,1,3,89147976.1053894,1,1.0
31,17,2,6,57720726.859712034,1,1.0
31,17,3,11,70326990.97717898,1,1.0
31,18,0,2,59812175.59903181,1,1.0
31,18,1,4,64666772.05049014,1,1.0
31,18,2,8,77922092.4727289,1,1.0
31,18,3,10,83173225.97557382,1,1.0
31,19,0,2,54641099.59101354,1,1.0
31,19,1,4,63268453.858666986,1,1.0
31,19,2,8,61090969.26651025,1,1.0
31,19,3,10,81435381.73259819,1,1.0
31,20,0,2,67426479.0113249,1,1.0
31,20,1,3,87133537.44018248,1,1.0
31,20,2,8,85862439.97687092,1,1.0
31,20,3,10,86826810.48165502,1,1.0
31,21,0,0,71403826.00668485,1,1.0
31,21,1,3,101154167.0848352,1,1.0
31,21,2,8,67094395.639826395,1,1.0
31,21,3,10,93035753.09127796,1,1.0
31,22,0,2,79122467.13498108,1,1.0
31,22,1,3,86021009.65272255,1,1.0
31,22,2,7,66199565.48127593,1,1.0
31,22,3,10,85399672.72577395,1,1.0
31,23,0,2,74193496.58732353,1,1.0
31,23,1,4,74733438.90916866,1,1.0
31,23,2,7,55853503.5321259,1,1.0
31,23,3,11,73095254.15707386,1,1.0
32,0,0,1,65157378.06437801,1,1.0
32,0,1,4,69993442.25366347,1,1.0
32,0,2,8,61900391.75265595,1,1.0
32,0,3,10,77182752.743461,1,1.0
32,1,0,2,72415483.99818838,1,1.0
32,1,1,3,67666005.79459809,1,1.0
32,1,2,6,62343862.25677524,1,1.0
32,1,3,10,63952128.23060766,1,1.0
32,2,0,1,69528745.7199315,1,1.0
32,2,1,4,65329741.25669395,1,1.0
32,2,2,8,57926446.76200402,1,1.0
32,2,3,10,67124374.93631276,1,1.0
32,3,0,2,88826224.58078821,1,1.0
32,3,1,3,73522040.94184665,1,1.0
32,3,2,7,65150779.61115523,1,1.0
32,3,3,10,93970775.24492775,1,1.0
32,4,0,2,64516497.002954684,1,1.0
32,4,1,3,66382668.60435588,1,1.0
32,4,2,8,60160224.33364635,1,1.0
32,4,3,10,81263074.18582088,1,1.0
32,5,0,2,69062990.60428439,1,1.0
32,5,1,3,84492727.84218007,1,1.0
32,5,2,8,54857118.78165148,1,1.0
32,5,3,10,67950045.27639416,1,1.0
32,6,0,2,66765777.627701536,1,1.0
32,6,1,4,86135051.97093429,1,1.0
32,6,2,8,60992499.46372905,1,1.0
32,6,3,11,71278386.58364567,1,1.0
32,7,0,2,71653699.15056005,1,1.0
32,7,1,3,87930699.2358111,1,1.0
32,7,2,7,58027976.543662965,1,1.0
32,7,3,10,109302961.36017479,1,1.0
32,8,0,2,63298272.26579233,1,1.0
32,8,1,3,72564209.95747414,1,1.0
32,8,2,8,61317988.95092861,1,1.0
32,8,3,10,82989263.27447249,1,1.0
32,9,0,2,72526550.73468389,1,1.0
32,9,1,3,68075338.48596394,1,1.0
32,9,2,8,58711803.99585764,1,1.0
32,9,3,10,82654239.96056521,1,1.0
32,10,0,2,61169367.06981116,1,1.0
32,10,1,3,68330225.66495694,1,1.0
32,10,2,8,88424550.31258307,1,1.0
32,10,3,11,67487465.64700131,1,1.0
32,11,0,2,71323568.96489723,1,1.0
32,11,1,3,74224829.1534796,1,1.0
32,11,2,7,54414446.36055529,1,1.0
32,11,3,10,79453269.8995444,1,1.0
32,12,0,2,68500546.49682163,1,1.0
32,12,1,3,92050824.21765448,1,1.0
32,12,2,8,89148545.316427,1,1.0
32,12,3,10,90587253.51918587,1,1.0
32,13,0,2,64490042.12135652,1,1.0
32,13,1,3,72455910.22067079,1,1.0
32,13,2,8,70353122.93886384,1,1.0
32,13,3,10,99883589.2519424,1,1.0
32,14,0,0,73038945.00661372,1,1.0
32,14,1,4,89554722.12529057,1,1.0
32,14,2,8,72979577.6687485,1,1.0
32,14,3,10,66444474.76652929,1,1.0
32,15,0,2,104503750.34507428,1,1.0
32,15,1,3,67863858.42152263,1,1.0
32,15,2,8,57666066.43936063,1,1.0
32,15,3,10,85443155.15799354,1,1.0
32,16,0,2,62269911.06097229,1,1.0
32,16,1,4,63533439.44133297,1,1.0
32,16,2,6,57442568.21951746,1,1.0
32,16,3,10,81530368.99471533,1,1.0
32,17,0,2,107968435.61107543,1,1.0
32,17,1,4,59437648.50332603,1,1.0
32,17,2,6,80301359.78091063,1,1.0
32,17,3,10,66317433.518769935,1,1.0
32,18,0,2,87186057.66002323,1,1.0
32,18,1,3,61019895.1784234,1,1.0
32,18,2,6,66084111.73305921,1,1.0
32,18,3,10,79451906.43492112,1,1.0
32,19,0,2,68732162.34598912,1,1.0
32,19,1,3,86910008.9654164,1,1.0
32,19,2,7,56230989.3930411,1,1.0
32,19,3,10,105938894.66484675,1,1.0
32,20,0,2,62752426.49729329,1,1.0
32,20,1,3,71046999.01090331,1,1.0
32,20,2,8,70923925.48794217,1,1.0
32,20,3,11,62151753.73488555,1,1.0
32,21,0,2,68580465.78873833,1,1.0
32,21,1,3,74214584.04004408,1,1.0
32,21,2,6,68228627.54214501,1,1.0
32,21,3,11,68101533.73699419,1,1.0
32,22,0,2,57543633.86909716,1,1.0
32,22,1,3,77926973.71170926,1,1.0
32,22,2,8,74476067.76849063,1,1.0
32,22,3,10,94117467.5297063,1,1.0
32,23,0,2,66389828.187613085,1,1.0
32,23,1,3,60123172.183811456,1,1.0
32,23,2,8,72247826.19451672,1,1.0
32,23,3,10,95621115.3367195,1,1.0
33,0,0,2,74414782.1787949,1,1.0
33,0,1,3,74889543.91857404,1,1.0
33,0,2,6,53388035.049589776,1,1.0
33,0,3,10,86790583.48722902,1,1.0
33,1,0,2,62466908.158858344,1,1.0
33,1,1,3,83238913.92180295,1,1.0
33,1,2,8,62394817.925715685,1,1.0
33,1,3,11,78677324.57264471,1,1.0
33,2,0,2,78144795.13530403,1,1.0
33,2,1,3,94184832.3953476,1,1.0
33,2,2,8,79073294.00328164,1,1.0
33,2,3,10,63720129.30927492,1,1.0
33,3,0,2,90775956.60147351,1,1.0
33,3,1,3,68663413.31098026,1,1.0
33,3,2,8,72901102.46875319,1,1.0
33,3,3,10,85318969.7608979,1,1.0
33,4,0,2,61148046.10797194,1,1.0
33,4,1,3,82337763.6325466,1,1.0
33,4,2,8,64699786.53469152,1,1.0
33,4,3,11,64556126.35705004,1,1.0
33,5,0,2,70044679.9640155,1,1.0
33,5,1,3,70807780.55124988,1,1.0
33,5,2,8,74012996.15131667,1,1.0
33,5,3,11,67252855.2375273,1,1.0
33,6,0,2,59180213.1651539,1,1.0
33,6,1,4,66183163.04063089,1,1.0
33,6,2,6,66152110.28450917,1,1.0
33,6,3,10,94318870.7203629,1,1.0
33,7,0,2,77536545.82706739,1,1.0
33,7,1,4,65605921.062812455,1,1.0
33,7,2,7,58274407.55102863,1,1.0
33,7,3,10,61978480.34720739,1,1.0
33,8,0,2,102638366.18279058,1,1.0
33,8,1,3,74873480.19911267,1,1.0
33,8,2,8,59131641.23165801,1,1.0
33,8,3,10,83260833.5389851,1,1.0
33,9,0,2,88464395.44061619,1,1.0
33,9,1,3,71030920.41728635,1,1.0
33,9,2,8,73426897.71359168,1,1.0
33,9,3,10,80912120.91574398,1,1.0
33,10,0,2,66402139.48066503,1,1.0
33,10,1,3,85488932.63097003,1,1.0
33,10,2,8,70338585.45529175,1,1.0
33,10,3,11,64660778.80638652,1,1.0
33,11,0,2,55441203.29789002,1,1.0
33,11,1,3,54033510.68090387,1,1.0
33,11,2,7,64732312.88380101,1,1.0
33,11,3,10,75894739.9174845,1,1.0
33,12,0,1,64382618.52063795,1,1.0
33,12,1,3,61052007.964861184,1,1.0
33,12,2,6,58007524.13666087,1,1.0
33,12,3,10,73512201.4434273,1,1.0
33,13,0,0,89172402.3661905,1,1.0
33,13,1,3,71376812.07831596,1,1.0
33,13,2,7,72669418.63816306,1,1.0
33,13,3,10,100838613.88262095,1,1.0
33,14,0,2,81042380.94053532,1,1.0
33,14,1,3,91771114.66930819,1,1.0
33,14,2,8,67191864.78246763,1,1.0
33,14,3,11,82886522.60653563,1,1.0
33,15,0,2,96108398.07638988,1,1.0
33,15,1,3,70081309.29554215,1,1.0
33,15,2,7,74203359.00929788,1,1.0
33,15,3,10,102681601.48285474,1,1.0
33,16,0,2,73539394.5802581,1,1.0
33,16,1,3,65836053.35751133,1,1.0
33,16,2,8,73827011.99539766,1,1.0
33,16,3,10,72908526.59149264,1,1.0
33,17,0,2,63521208.95237615,1,1.0
33,17,1,3,74713148.53444752,1,1.0
33,17,2,7,54247731.98708727,1,1.0
33,17,3,11,69029031.063881,1,1.0
33,18,0,2,73203854.57761598,1,1.0
33,18,1,3,76441895.58307879,1,1.0
33,18,2,7,71145371.15435845,1,1.0
33,18,3,10,73615438.73082407,1,1.0
33,19,0,2,91330761.41738679,1,1.0
33,19,1,4,83590619.95528269,1,1.0
33,19,2,8,64819889.03029543,1,1.0
33,19,3,10,70491741.66822873,1,1.0
33,20,0,2,68978243.7208035,1,1.0
33,20,1,3,67088744.34189792,1,1.0
33,20,2,8,63466915.754744716,1,1.0
33,20,3,10,84228484.78822517,1,1.0
33,21,0,2,75781707.41313823,1,1.0
33,21,1,4,84525544.96761543,1,1.0
33,21,2,8,83628500.87966223,1,1.0
33,21,3,10,73575938.20722444,1,1.0
33,22,0,2,68420067.87053528,1,1.0
33,22,1,3,68210898.24941173,1,1.0
33,22,2,7,60866530.042373024,1,1.0
33,22,3,10,71766810.93669131,1,1.0
33,23,0,2,68547440.87454194,1,1.0
33,23,1,3,68187935.73654722,1,1.0
33,23,2,6,58514124.29665998,1,1.0
33,23,3,11,80947582.40240261,1,1.0
34,0,0,0,53767103.8596173,1,1.0
34,0,1,3,80224792.9504995,1,1.0
34,0,2,8,74865128.60414402,1,1.0
34,0,3,10,64450939.63890399,1,1.0
34,1,0,2,74701442.91401026,1,1.0
34,1,1,3,80632243.52335428,1,1.0
34,1,2,6,74015369.9330797,1,1.0
34,1,3,11,56479826.0824994,1,1.0
34,2,0,0,77422893.72138143,1,1.0
34,2,1,4,64246459.485336326,1,1.0
34,2,2,8,76450539.43963726,1,1.0
34,2,3,10,73381997.33266464,1,1.0
34,3,0,2,83306158.79625587,1,1.0
34,3,1,3,114724414.42694962,1,1.0
34,3,2,8,85701140.84296218,1,1.0
34,3,3,10,81914077.59406342,1,1.0
34,4,0,2,76466683.80536029,1,1.0
34,4,1,4,63400025.3310603,1,1.0
34,4,2,6,57506868.68257197,1,1.0
34,4,3,10,129497225.98705177,1,1.0
34,5,0,2,67188250.98312289,1,1.0
34,5,1,3,69405095.51702274,1,1.0
34,5,2,7,58418004.35607956,1,1.0
34,5,3,10,78483651.1346865,1,1.0
34,6,0,2,60446704.0748303,1,1.0
34,6,1,4,78841348.23192616,1,1.0
34,6,2,8,66556732.63708793,1,1.0
34,6,3,10,105533516.94593076,1,1.0
34,7,0,2,64374086.19241738,1,1.0
34,7,1,3,64216019.1609677,1,1.0
34,7,2,7,61687866.55171107,1,1.0
34,7,3,11,66681658.77909601,1,1.0
34,8,0,2,68259073.21551442,1,1.0
34,8,1,4,68798970.88057059,1,1.0
34,8,2,8,75140723.37723449,1,1.0
34,8,3,11,63485732.73464669,1,1.0
34,9,0,2,60814389.971261784,1,1.0
34,9,1,3,76560122.14670533,1,1.0
34,9,2,6,63389545.03844349,1,1.0
34,9,3,10,66166000.143990055,1,1.0
34,10,0,2,85683803.52084625,1,1.0
34,10,1,3,79852748.8434489,1,1.0
34,10,2,7,88267263.51384431,1,1.0
34,10,3,10,88328175.81155589,1,1.0
34,11,0,2,85071615.3567137,1,1.0
34,11,1,3,66805469.449878424,1,1.0
34,11,2,6,69062319.42156513,1,1.0
34,11,3,10,100104688.8917827,1,1.0
34,12,0,0,59374059.726970814,1,1.0
34,12,1,3,96155822.03597403,1,1.0
34,12,2,8,65953466.00187402,1,1.0
34,12,3,11,75982369.67637376,1,1.0
34,13,0,2,69082971.08801086,1,1.0
34,13,1,3,89857250.91587536,1,1.0
34,13,2,6,71164547.91105272,1,1.0
34,13,3,10,83879821.25623462,1,1.0
34,14,0,2,80861769.240583,1,1.0
34,14,1,3,90459272.38698381,1,1.0
34,14,2,8,71950479.47012961,1,1.0
34,14,3,10,90125754.25986543,1,1.0
34,15,0,2,71611740.22056167,1,1.0
34,15,1,4,84448295.67672877,1,1.0
34,15,2,8,65668991.85312253,1,1.0
34,15,3,10,76253531.67958586,1,1.0
34,16,0,2,65297172.270701565,1,1.0
34,16,1,3,89904730.32967022,1,1.0
34,16,2,8,75498046.4758912,1,1.0
34,16,3,10,73924026.09590018,1,1.0
34,17,0,0,55023814.90946868,1,1.0
34,17,1,3,72343985.54621251,1,1.0
34,17,2,8,74424252.80273625,1,1.0
34,17,3,10,94544060.44690654,1,1.0
34,18,0,2,77563715.71706145,1,1.0
34,18,1,3,69457400.28509004,1,1.0
34,18,2,8,70038568.5970888,1,1.0
34,18,3,10,68559131.3104528,1,1.0
34,19,0,2,77653453.75730485,1,1.0
34,19,1,3,66339091.17200342,1,1.0
34,19,2,8,64643424.24716994,1,1.0
34,19,3,10,93153227.3186595,1,1.0
34,20,0,0,68999787.44046298,1,1.0
34,20,1,3,85955240.47583911,1,1.0
34,20,2,8,62536977.19011036,1,1.0
34,20,3,10,71912765.83444202,1,1.0
34,21,0,1,62381550.68084344,1,1.0
34,21,1,3,72160449.1727173,1,1.0
34,21,2,8,85755518.42978364,1,1.0
34,21,3,11,70955354.37554163,1,1.0
34,22,0,2,60679896.12073436,1,1.0
34,22,1,3,67637374.18733807,1,1.0
34,22,2,8,59101090.80051253,1,1.0
34,22,3,11,71592715.29609983,1,1.0
34,23,0,0,67894890.04184987,1,1.0
34,23,1,3,92939068.44186155,1,1.0
34,23,2,7,61789893.992033914,1,1.0
34,23,3,10,65955811.548413806,1,1.0
35,0,0,2,60176889.78055008,1,1.0
35,0,1,4,83396700.996001,1,1.0
35,0,2,6,56099824.675083384,1,1.0
35,0,3,11,72139453.87921968,1,1.0
35,1,0,2,56058488.055994704,1,1.0
35,1,1,4,62416876.33371661,1,1.0
35,1,2,8,65319598.71278383,1,1.0
35,1,3,10,88216833.47153506,1,1.0
35,2,0,2,57416158.935989074,1,1.0
35,2,1,3,70392508.99619961,1,1.0
35,2,2,7,58342169.6250304,1,1.0
35,2,3,10,147288943.4956085,1,1.0
35,3,0,1,60364486.12283579,1,1.0
35,3,1,3,81484950.90797943,1,1.0
35,3,2,7,67968618.50782187,1,1.0
35,3,3,10,91791901.45099978,1,1.0
35,4,0,2,78448883.48330836,1,1.0
35,4,1,4,74124423.00516272,1,1.0
35,4,2,6,62768876.93082052,1,1.0
35,4,3,10,88879362.9440858,1,1.0
35,5,0,2,62203616.72446203,1,1.0
35,5,1,3,69529237.19394456,1,1.0
35,5,2,6,73358363.34274518,1,1.0
35,5,3,10,62625437.49649332,1,1.0
35,6,0,1,64209257.751533955,1,1.0
35,6,1,3,53555146.61736935,1,1.0
35,6,2,8,68379866.31819282,1,1.0
35,6,3,10,92141347.60608666,1,1.0
35,7,0,2,81168403.84110163,1,1.0
35,7,1,4,65438905.295912735,1,1.0
35,7,2,8,73671734.84910803,1,1.0
35,7,3,10,89741621.45522408,1,1.0
35,8,0,2,92607065.55608673,1,1.0
35,8,1,4,68784928.87645566,1,1.0
35,8,2,8,60319930.07156346,1,1.0
35,8,3,10,91367603.04948753,1,1.0
35,9,0,2,61368217.80461036,1,1.0
35,9,1,3,71270837.00843604,1,1.0
35,9,2,6,76459881.52126373,1,1.0
35,9,3,10,94545513.7258432,1,1.0
35,10,0,2,64491145.2837788,1,1.0
35,10,1,3,73790352.49846403,1,1.0
35,10,2,7,56518047.06315628,1,1.0
35,10,3,11,65382466.34807884,1,1.0
35,11,0,2,80240478.81359434,1,1.0
35,11,1,3,68666624.06458727,1,1.0
35,11,2,7,58669671.16780995,1,1.0
35,11,3,10,61871532.13108503,1,1.0
35,12,0,2,88742444.73175457,1,1.0
35,12,1,3,89193490.17900357,1,1.0
35,12,2,8,87594702.94805086,1,1.0
35,12,3,10,83033204.68336964,1,1.0
35,13,0,0,59242737.155965656,1,1.0
35,13,1,4,85609954.46314646,1,1.0
35,13,2,8,77630639.26995343,1,1.0
35,13,3,11,65358308.110602476,1,1.0
35,14,0,2,79253497.784722,1,1.0
35,14,1,4,63228049.019325584,1,1.0
35,14,2,8,78708255.4424848,1,1.0
35,14,3,10,92640505.19930358,1,1.0
35,15,0,2,59028380.70953999,1,1.0
35,15,1,4,80397753.66863558,1,1.0
35,15,2,6,72492095.1258516,1,1.0
35,15,3,10,76375258.10427855,1,1.0
35,16,0,2,75859039.68521225,1,1.0
35,16,1,3,90377828.40218931,1,1.0
35,16,2,7,60509125.95056,1,1.0
35,16,3,10,79145064.50027487,1,1.0
35,17,0,2,113069645.92661357,1,1.0
35,17,1,4,60948106.05586087,1,1.0
35,17,2,8,73912768.15259467,1,1.0
35,17,3,10,91266287.502674,1,1.0
35,18,0,0,60757636.72626804,1,1.0
35,18,1,3,75043038.93503475,1,1.0
35,18,2,7,52660483.38583392,1,1.0
35,18,3,10,82203128.3922717,1,1.0
35,19,0,1,53636960.19186832,1,1.0
35,19,1,3,56802548.79741264,1,1.0
35,19,2,7,58473025.955260046,1,1.0
35,19,3,10,71537344.46938165,1,1.0
35,20,0,0,59429899.95052549,1,1.0
35,20,1,3,86279978.58994848,1,1.0
35,20,2,8,65666005.103082545,1,1.0
35,20,3,10,67953116.69410478,1,1.0
35,21,0,2,64095884.1782158,1,1.0
35,21,1,3,75773783.73727316,1,1.0
35,21,2,8,74432922.52001859,1,1.0
35,21,3,11,71782305.13603,1,1.0
35,22,0,2,59557789.43847058,1,1.0
35,22,1,3,79230042.29311079,1,1.0
35,22,2,6,55826071.8984057,1,1.0
35,22,3,10,89677381.52577743,1,1.0
35,23,0,2,66188126.46211499,1,1.0
35,23,1,3,75906333.57661587,1,1.0
35,23,2,8,69729326.56490234,1,1.0
35,23,3,10,72757627.99420409,1,1.0
36,0,0,2,82646200.84209979,1,1.0
36,0,1,3,72153008.32729769,1,1.0
36,0,2,6,57890839.70695885,1,1.0
36,0,3,11,72763374.68748537,1,1.0
36,1,0,2,59412863.90426806,1,1.0
36,1,1,3,102538897.26993328,1,1.0
36,1,2,7,60501646.830967136,1,1.0
36,1,3,10,71880378.28091002,1,1.0
36,2,0,2,73527224.67264646,1,1.0
36,2,1,3,78326615.78036119,1,1.0
36,2,2,7,73301904.863733,1,1.0
36,2,3,10,73376519.29696295,1,1.0
36,3,0,2,68620069.67291537,1,1.0
36,3,1,4,60595445.02530984,1,1.0
36,3,2,7,54579604.52016335,1,1.0
36,3,3,11,73929149.76108901,1,1.0
36,4,0,2,74922860.7689417,1,1.0
36,4,1,3,62577323.71350771,1,1.0
36,4,2,6,61624612.87668758,1,1.0
36,4,3,10,59203856.44529081,1,1.0
36,5,0,0,63624508.20469586,1,1.0
36,5,1,4,54664510.473440915,1,1.0
36,5,2,8,93652909.90441982,1,1.0
36,5,3,10,73871191.99001385,1,1.0
36,6,0,2,63729435.75774918,1,1.0
36,6,1,3,82804789.86900482,1,1.0
36,6,2,8,78749412.60724345,1,1.0
36,6,3,10,76481699.16542564,1,1.0
36,7,0,2,87603173.74675745,1,1.0
36,7,1,4,68374892.21269967,1,1.0
36,7,2,7,61211181.50123862,1,1.0
36,7,3,11,61935628.00890047,1,1.0
36,8,0,0,59693915.59920122,1,1.0
36,8,1,3,78774635.1922499,1,1.0
36,8,2,7,65945820.70671517,1,1.0
36,8,3,10,94464126.8263452,1,1.0
36,9,0,2,66406424.00041287,1,1.0
36,9,1,3,90520520.04176694,1,1.0
36,9,2,8,63948938.18854812,1,1.0
36,9,3,10,98473499.07175073,1,1.0
36,10,0,2,60914877.14905429,1,1.0
36,10,1,4,74457224.75002335,1,1.0
36,10,2,8,55843173.84888697,1,1.0
36,10,3,10,65347901.680866845,1,1.0
36,11,0,0,64512247.46228941,1,1.0
36,11,1,4,73377380.55521269,1,1.0
36,11,2,6,80794486.84929746,1,1.0
36,11,3,10,99477835.28026871,1,1.0
36,12,0,2,84993691.92081487,1,1.0
36,12,1,3,75734787.3835015,1,1.0
36,12,2,8,70189355.82000718,1,1.0
36,12,3,10,70084572.41111398,1,1.0
36,13,0,2,76567388.62475114,1,1.0
36,13,1,3,87146328.52168334,1,1.0
36,13,2,8,69777089.25575113,1,1.0
36,13,3,10,79832455.08807996,1,1.0
36,14,0,2,66850111.439384334,1,1.0
36,14,1,4,88805829.98121578,1,1.0
36,14,2,8,67260072.61696486,1,1.0
36,14,3,10,87955061.07134673,1,1.0
36,15,0,2,74600857.90672511,1,1.0
36,15,1,3,56187543.23353781,1,1.0
36,15,2,8,62797486.12991571,1,1.0
36,15,3,10,88516445.64046486,1,1.0
36,16,0,2,88345096.87127791,1,1.0
36,16,1,4,74209908.43967712,1,1.0
36,16,2,7,56592772.769483514,1,1.0
36,16,3,11,76344771.71502598,1,1.0
36,17,0,2,93630661.35614161,1,1.0
36,17,1,3,74418856.15314502,1,1.0
36,17,2,6,58660525.709267296,1,1.0
36,17,3,11,71823710.79411916,1,1.0
36,18,0,2,103077586.65421478,1,1.0
36,18,1,3,87764584.47174092,1,1.0
36,18,2,8,71360690.04006782,1,1.0
36,18,3,10,69687739.33152676,1,1.0
36,19,0,2,76153220.86621019,1,1.0
36,19,1,3,64618585.70667174,1,1.0
36,19,2,8,64977456.94779691,1,1.0
36,19,3,11,70974991.52426913,1,1.0
36,20,0,2,89437939.41778883,1,1.0
36,20,1,3,79815656.48857893,1,1.0
36,20,2,6,72352684.63557382,1,1.0
36,20,3,11,76933158.73996194,1,1.0
36,21,0,2,61535932.558625065,1,1.0
36,21,1,3,65133671.67127923,1,1.0
36,21,2,6,66265250.43246063,1,1.0
36,21,3,10,68713462.48074612,1,1.0
36,22,0,2,70213463.24015644,1,1.0
36,22,1,3,98526993.27972032,1,1.0
36,22,2,8,60417955.094399296,1,1.0
36,22,3,10,85677181.20148389,1,1.0
36,23,0,2,73997770.89108616,1,1.0
36,23,1,3,100456914.47484699,1,1.0
36,23,2,8,66951769.307401694,1,1.0
36,23,3,11,72204682.69273666,1,1.0
37,0,0,2,71170597.63306877,1,1.0
37,0,1,4,56691741.58851664,1,1.0
37,0,2,8,71238612.34057225,1,1.0
37,0,3,10,100699258.37445778,1,1.0
37,1,0,2,84917685.77675107,1,1.0
37,1,1,3,77160189.65462407,1,1.0
37,1,2,7,76302612.1352772,1,1.0
37,1,3,11,83177451.12728383,1,1.0
37,2,0,1,54336516.700533524,1,1.0
37,2,1,4,63955553.80698373,1,1.0
37,2,2,8,66029983.04981285,1,1.0
37,2,3,10,86346534.46292268,1,1.0
37,3,0,2,70518504.74129453,1,1.0
37,3,1,3,81858514.42783229,1,1.0
37,3,2,8,64268294.19835761,1,1.0
37,3,3,11,73218311.69880152,1,1.0
37,4,0,2,64612524.63233342,1,1.0
37,4,1,4,73128497.02430017,1,1.0
37,4,2,8,64093883.61718754,1,1.0
37,4,3,11,75974909.69593424,1,1.0
37,5,0,2,65010149.294921115,1,1.0
37,5,1,4,74506091.3478197,1,1.0
37,5,2,6,55816331.302670434,1,1.0
37,5,3,10,78118357.52247702,1,1.0
37,6,0,2,92815532.56176376,1,1.0
37,6,1,3,82767806.30316168,1,1.0
37,6,2,8,82070991.45404235,1,1.0
37,6,3,10,62806153.024630316,1,1.0
37,7,0,2,65587200.78120315,1,1.0
37,7,1,4,87160398.84152663,1,1.0
37,7,2,8,63039830.20728175,1,1.0
37,7,3,10,64211059.40334736,1,1.0
37,8,0,2,71946920.01875643,1,1.0
37,8,1,3,77002892.14069743,1,1.0
37,8,2,8,70442781.2232765,1,1.0
37,8,3,11,80393456.77988401,1,1.0
37,9,0,1,65632438.48573164,1,1.0
37,9,1,4,97774772.06176761,1,1.0
37,9,2,8,60727756.975455865,1,1.0
37,9,3,10,95924851.85528147,1,1.0
37,10,0,2,78812623.1572838,1,1.0
37,10,1,3,66571587.06587796,1,1.0
37,10,2,8,60851551.74977321,1,1.0
37,10,3,10,74973110.8504659,1,1.0
37,11,0,0,73620119.71079315,1,1.0
37,11,1,3,59460159.796363205,1,1.0
37,11,2,8,58236205.107526444,1,1.0
37,11,3,10,100367842.65953586,1,1.0
37,12,0,2,109454745.85294175,1,1.0
37,12,1,3,81902049.18739997,1,1.0
37,12,2,8,55763038.302313425,1,1.0
37,12,3,10,71098702.3391394,1,1.0
37,13,0,2,71399254.731013,1,1.0
37,13,1,4,87648784.45949076,1,1.0
37,13,2,8,74116999.5383916,1,1.0
37,13,3,10,67958963.89069267,1,1.0
37,14,0,2,60566306.453166045,1,1.0
37,14,1,3,69264771.16407849,1,1.0
37,14,2,6,56865459.28162756,1,1.0
37,14,3,10,72054800.46715946,1,1.0
37,15,0,2,75458261.37876424,1,1.0
37,15,1,4,64412047.666878246,1,1.0
37,15,2,6,61400376.6182927,1,1.0
37,15,3,10,93497119.09261267,1,1.0
37,16,0,2,84026654.76994129,1,1.0
37,16,1,3,71135933.37207127,1,1.0
37,16,2,8,71976726.38435425,1,1.0
37,16,3,10,62721110.9418125,1,1.0
37,17,0,0,61388266.98153142,1,1.0
37,17,1,3,76358417.00046077,1,1.0
37,17,2,8,69154003.15351439,1,1.0
37,17,3,10,80218717.21676023,1,1.0
37,18,0,2,57457456.037602596,1,1.0
37,18,1,3,89089838.6305853,1,1.0
37,18,2,8,57889905.82996252,1,1.0
37,18,3,11,66218197.009830706,1,1.0
37,19,0,2,116468296.76193283,1,1.0
37,19,1,4,70532188.50462155,1,1.0
37,19,2,8,67583425.5026193,1,1.0
37,19,3,10,104974393.9713065,1,1.0
37,20,0,1,63277730.88698641,1,1.0
37,20,1,4,70882172.00351664,1,1.0
37,20,2,8,75003747.58059755,1,1.0
37,20,3,10,69946046.42632614,1,1.0
37,21,0,2,67422467.86761926,1,1.0
37,21,1,3,88393604.63433765,1,1.0
37,21,2,7,69974477.33633798,1,1.0
37,21,3,10,73855416.90058102,1,1.0
37,22,0,2,73059820.282272,1,1.0
37,22,1,3,73519329.78670864,1,1.0
37,22,2,8,71597711.56641415,1,1.0
37,22,3,10,86970281.93262397,1,1.0
37,23,0,2,70503079.73809835,1,1.0
37,23,1,3,75309077.168362,1,1.0
37,23,2,8,74688998.93012777,1,1.0
37,23,3,11,79966920.94718497,1,1.0
38,0,0,2,75862798.4264892,1,1.0
38,0,1,4,72139524.0597603,1,1.0
38,0,2,6,67763162.64997678,1,1.0
38,0,3,11,70609970.50413017,1,1.0
38,1,0,2,89023260.9317853,1,1.0
38,1,1,4,62036822.66811176,1,1.0
38,1,2,6,54721517.925630115,1,1.0
38,1,3,10,86014017.64324151,1,1.0
38,2,0,2,85667785.955195,1,1.0
38,2,1,3,73347583.21836504,1,1.0
38,2,2,8,60173088.87250479,1,1.0
38,2,3,10,76292502.72156261,1,1.0
38,3,0,0,55120825.65446322,1,1.0
38,3,1,3,69705253.01823781,1,1.0
38,3,2,7,58067023.66757524,1,1.0
38,3,3,10,74031788.28890169,1,1.0
38,4,0,2,60999648.64542465,1,1.0
38,4,1,3,71633791.80166146,1,1.0
38,4,2,8,79511098.14778665,1,1.0
38,4,3,11,70536796.66807747,1,1.0
38,5,0,2,59061036.0487454,1,1.0
38,5,1,4,102237345.03076087,1,1.0
38,5,2,7,70232358.69365384,1,1.0
38,5,3,10,75347459.59502752,1,1.0
38,6,0,2,75355205.41689871,1,1.0
38,6,1,3,72489268.68917862,1,1.0
38,6,2,8,65003285.38842856,1,1.0
38,6,3,10,69457959.65615462,1,1.0
38,7,0,2,58211318.12715201,1,1.0
38,7,1,3,73144919.7189717,1,1.0
38,7,2,8,90314557.87871158,1,1.0
38,7,3,10,79457981.42084445,1,1.0
38,8,0,2,77020320.13485572,1,1.0
38,8,1,3,77275856.77720873,1,1.0
38,8,2,6,63999787.582498714,1,1.0
38,8,3,10,87573555.44203822,1,1.0
38,9,0,2,87740651.30795613,1,1.0
38,9,1,4,52682455.39758216,1,1.0
38,9,2,8,77055388.24722622,1,1.0
38,9,3,11,113972498.45951006,1,1.0
38,10,0,2,82290232.38101526,1,1.0
38,10,1,3,69139430.98802331,1,1.0
38,10,2,6,66948150.611139186,1,1.0
38,10,3,11,91859163.8234365,1,1.0
38,11,0,2,89200802.90731536,1,1.0
38,11,1,3,87671253.60958205,1,1.0
38,11,2,8,96899601.98499799,1,1.0
38,11,3,11,70560633.91177194,1,1.0
38,12,0,2,63730777.87309886,1,1.0
38,12,1,4,75281116.34665814,1,1.0
38,12,2,8,74307121.4507519,1,1.0
38,12,3,10,84173165.03151007,1,1.0
38,13,0,2,74144590.2792018,1,1.0
38,13,1,3,72690881.38016643,1,1.0
38,13,2,7,57395411.48251052,1,1.0
38,13,3,10,69048551.4901068,1,1.0
38,14,0,2,74448024.03850766,1,1.0
38,14,1,3,92932886.24319273,1,1.0
38,14,2,8,78006588.78085384,1,1.0
38,14,3,10,92018978.41989967,1,1.0
38,15,0,2,85113846.2214759,1,1.0
38,15,1,4,65807208.37430301,1,1.0
38,15,2,8,56388578.7695111,1,1.0
38,15,3,10,72766412.65948431,1,1.0
38,16,0,2,68348028.50143915,1,1.0
38,16,1,4,75045852.06039473,1,1.0
38,16,2,8,66921968.04059903,1,1.0
38,16,3,10,88659062.1660557,1,1.0
38,17,0,0,60789022.15229891,1,1.0
38,17,1,3,87234574.50499362,1,1.0
38,17,2,6,57901921.36449128,1,1.0
38,17,3,10,72431501.42159072,1,1.0
38,18,0,0,62555048.392533086,1,1.0
38,18,1,3,84089331.33622016,1,1.0
38,18,2,8,71751237.3643178,1,1.0
38,18,3,11,66865014.01226939,1,1.0
38,19,0,2,63716839.79700044,1,1.0
38,19,1,4,65548654.36212617,1,1.0
38,19,2,6,55456662.77868212,1,1.0
38,19,3,10,74876672.82908705,1,1.0
38,20,0,2,93189968.10033692,1,1.0
38,20,1,3,85614791.45099938,1,1.0
38,20,2,8,63733340.92529176,1,1.0
38,20,3,10,92500661.6646853,1,1.0
38,21,0,2,74359688.00591223,1,1.0
38,21,1,3,95664374.51777196,1,1.0
38,21,2,6,64928208.950006664,1,1.0
38,21,3,10,80764305.84891672,1,1.0
38,22,0,2,93746884.09105854,1,1.0
38,22,1,3,63591858.645435765,1,1.0
38,22,2,8,73795831.86806883,1,1.0
38,22,3,10,78619057.67312571,1,1.0
38,23,0,2,55643308.17898477,1,1.0
38,23,1,4,71772521.95975496,1,1.0
38,23,2,8,87124755.67643042,1,1.0
38,23,3,10,79339662.53881721,1,1.0
39,0,0,2,76424621.84178086,1,1.0
39,0,1,3,64816705.949607536,1,1.0
39,0,2,8,61786322.62555818,1,1.0
39,0,3,10,68268056.5004611,1,1.0
39,1,0,2,64267087.1939165,1,1.0
39,1,1,3,84496889.25597413,1,1.0
39,1,2,8,117107558.25707284,1,1.0
39,1,3,10,76901578.08562176,1,1.0
39,2,0,2,61875780.25778236,1,1.0
39,2,1,4,59806501.393937096,1,1.0
39,2,2,8,63174285.315711185,1,1.0
39,2,3,10,64341808.64229268,1,1.0
39,3,0,2,85004447.46405818,1,1.0
39,3,1,3,74034437.07390012,1,1.0
39,3,2,8,77226896.39141576,1,1.0
39,3,3,10,80307380.64848289,1,1.0
39,4,0,0,69688470.62451823,1,1.0
39,4,1,3,75599396.07335275,1,1.0
39,4,2,8,71963911.22724722,1,1.0
39,4,3,10,66171271.80590941,1,1.0
39,5,0,2,63280611.85278031,1,1.0
39,5,1,3,79513538.69155501,1,1.0
39,5,2,8,79681386.95769987,1,1.0
39,5,3,11,66359843.60622116,1,1.0
39,6,0,2,68253522.89034587,1,1.0
39,6,1,3,59347476.16224314,1,1.0
39,6,2,8,60322537.24663916,1,1.0
39,6,3,10,84360188.73220563,1,1.0
39,7,0,2,73440657.35580592,1,1.0
39,7,1,3,87215295.01780589,1,1.0
39,7,2,8,92229208.25125642,1,1.0
39,7,3,10,80102873.73070958,1,1.0
39,8,0,1,60996529.248636395,1,1.0
39,8,1,4,64666907.79942387,1,1.0
39,8,2,8,63402840.07921664,1,1.0
39,8,3,11,65303358.509507924,1,1.0
39,9,0,0,76679796.89821671,1,1.0
39,9,1,4,63920181.314851664,1,1.0
39,9,2,7,62102133.315706775,1,1.0
39,9,3,10,73008686.28508279,1,1.0
39,10,0,2,75520764.54840659,1,1.0
39,10,1,4,63932518.724180855,1,1.0
39,10,2,6,59426793.17135553,1,1.0
39,10,3,11,70393350.01954177,1,1.0
39,11,0,2,69420961.81453472,1,1.0
39,11,1,3,92951904.63179287,1,1.0
39,11,2,8,75437457.37682258,1,1.0
39,11,3,10,86036114.35222666,1,1.0
39,12,0,2,71904638.7726837,1,1.0
39,12,1,3,86467618.86340803,1,1.0
39,12,2,7,63817704.0020242,1,1.0
39,12,3,10,76624223.26004839,1,1.0
39,13,0,2,80820441.43678835,1,1.0
39,13,1,3,69934361.98952769,1,1.0
39,13,2,8,55561051.95073172,1,1.0
39,13,3,11,80893917.89781772,1,1.0
39,14,0,1,56410424.84310166,1,1.0
39,14,1,3,65260212.39260909,1,1.0
39,14,2,8,76808200.67457569,1,1.0
39,14,3,11,69763098.79523627,1,1.0
39,15,0,2,63532447.56363502,1,1.0
39,15,1,3,60511735.28553765,1,1.0
39,15,2,8,70350304.141387,1,1.0
39,15,3,10,86108001.91730423,1,1.0
39,16,0,2,58430578.5424551,1,1.0
39,16,1,3,82074748.56563228,1,1.0
39,16,2,8,61227889.230649866,1,1.0
39,16,3,11,68075361.62886102,1,1.0
39,17,0,2,67373162.39313242,1,1.0
39,17,1,4,69813668.77463068,1,1.0
39,17,2,7,59407031.84484418,1,1.0
39,17,3,10,68246502.70708406,1,1.0
39,18,0,2,87067741.9241366,1,1.0
39,18,1,3,89791386.68820365,1,1.0
39,18,2,8,68571850.89253287,1,1.0
39,18,3,10,71908387.89053565,1,1.0
39,19,0,0,62960460.31004758,1,1.0
39,19,1,3,76349944.4619137,1,1.0
39,19,2,8,63169596.93622126,1,1.0
39,19,3,10,82227449.81153838,1,1.0
39,20,0,2,96950599.5197451,1,1.0
39,20,1,4,65504437.90373054,1,1.0
39,20,2,8,65323829.78678078,1,1.0
39,20,3,9,54752861.68202754,1,1.0
39,21,0,2,71817673.01692756,1,1.0
39,21,1,4,80535297.32532501,1,1.0
39,21,2,8,70328145.89684649,1,1.0
39,21,3,10,73983041.56245087,1,1.0
39,22,0,2,88270415.63138139,1,1.0
39,22,1,4,63197925.16389924,1,1.0
39,22,2,8,58665720.2863745,1,1.0
39,22,3,10,93265614.48124152,1,1.0
39,23,0,2,69464434.19276509,1,1.0
39,23,1,3,80053635.70533812,1,1.0
39,23,2,7,71989157.92700085,1,1.0
39,23,3,11,74792191.14272963,1,1.0
40,0,0,2,67429908.62726578,1,1.0
40,0,1,3,93184315.24265166,1,1.0
40,0,2,7,74139629.21062727,1,1.0
40,0,3,10,84867344.27814919,1,1.0
40,1,0,1,54476353.42534071,1,1.0
40,1,1,3,68294615.93772566,1,1.0
40,1,2,8,59614494.101449534,1,1.0
40,1,3,10,87829406.76026839,1,1.0
40,2,0,2,63155286.18471027,1,1.0
40,2,1,3,65321965.66605556,1,1.0
40,2,2,8,77544285.01359828,1,1.0
40,2,3,10,90341829.64559168,1,1.0
40,3,0,0,55023140.48274414,1,1.0
40,3,1,4,77936759.02476133,1,1.0
40,3,2,8,65048589.226507366,1,1.0
40,3,3,10,78343253.21761589,1,1.0
40,4,0,0,61718151.75356088,1,1.0
40,4,1,3,78614890.21303907,1,1.0
40,4,2,8,78513213.11938085,1,1.0
40,4,3,11,67042787.951857924,1,1.0
40,5,0,2,59717986.045209005,1,1.0
40,5,1,3,74232741.437161,1,1.0
40,5,2,8,80522021.07991454,1,1.0
40,5,3,10,82738252.29465432,1,1.0
40,6,0,2,84752186.03908047,1,1.0
40,6,1,3,86839860.05997692,1,1.0
40,6,2,8,88929002.755862,1,1.0
40,6,3,11,68230475.21401426,1,1.0
40,7,0,1,64341274.87604851,1,1.0
40,7,1,3,69817340.40069571,1,1.0
40,7,2,8,73433738.90563114,1,1.0
40,7,3,11,65810925.96776044,1,1.0
40,8,0,2,60034449.190214425,1,1.0
40,8,1,4,66195702.84895674,1,1.0
40,8,2,8,72985365.59719855,1,1.0
40,8,3,10,67410767.95553045,1,1.0
40,9,0,2,60120323.957902566,1,1.0
40,9,1,3,78140299.43550546,1,1.0
40,9,2,8,89605368.20269293,1,1.0
40,9,3,11,90168811.14698863,1,1.0
40,10,0,2,82630698.07484281,1,1.0
40,10,1,3,65641579.227889694,1,1.0
40,10,2,8,65022180.183808774,1,1.0
40,10,3,10,95223077.83611041,1,1.0
40,11,0,0,87866562.43573092,1,1.0
40,11,1,3,75988470.08563225,1,1.0
40,11,2,8,76238948.12917389,1,1.0
40,11,3,10,106414127.7740519,1,1.0
40,12,0,2,71358048.19555348,1,1.0
40,12,1,3,78451924.30239218,1,1.0
40,12,2,7,63795956.08827553,1,1.0
40,12,3,10,76831095.37622888,1,1.0
40,13,0,2,65520464.812177174,1,1.0
40,13,1,3,78934821.24057707,1,1.0
40,13,2,8,66979728.552536935,1,1.0
40,13,3,10,76355808.33809309,1,1.0
40,14,0,2,74436283.41221292,1,1.0
40,14,1,3,85982479.7158115,1,1.0
40,14,2,8,75209804.15119627,1,1.0
40,14,3,10,71551795.61381659,1,1.0
40,15,0,2,77111869.03138912,1,1.0
40,15,1,3,91055682.77564448,1,1.0
40,15,2,8,70392043.67863059,1,1.0
40,15,3,10,79401609.9377515,1,1.0
40,16,0,2,77196450.92359737,1,1.0
40,16,1,4,66421016.05662879,1,1.0
40,16,2,7,57468804.76296128,1,1.0
40,16,3,10,77779760.49983205,1,1.0
40,17,0,2,76495854.16539906,1,1.0
40,17,1,3,71148242.22681324,1,1.0
40,17,2,8,64679759.38628727,1,1.0
40,17,3,11,64320798.49126673,1,1.0
40,18,0,2,67806362.48251547,1,1.0
40,18,1,4,68139754.15068845,1,1.0
40,18,2,8,67075944.08987198,1,1.0
40,18,3,10,88220072.03609721,1,1.0
40,19,0,2,65095805.670444675,1,1.0
40,19,1,3,81377812.84477939,1,1.0
40,19,2,8,71195652.40448792,1,1.0
40,19,3,10,88844504.82294129,1,1.0
40,20,0,2,75451399.67173377,1,1.0
40,20,1,4,83841740.06950007,1,1.0
40,20,2,8,67497895.14421047,1,1.0
40,20,3,10,75271190.10857803,1,1.0
40,21,0,2,89312605.5865101,1,1.0
40,21,1,4,64800086.37055076,1,1.0
40,21,2,8,93717951.55640775,1,1.0
40,21,3,10,76949651.4365713,1,1.0
40,22,0,2,90718510.32743458,1,1.0
40,22,1,3,73363940.51842326,1,1.0
40,22,2,8,71524307.58962904,1,1.0
40,22,3,10,62512024.79691915,1,1.0
40,23,0,2,69120381.24867369,1,1.0
40,23,1,3,74968731.96317284,1,1.0
40,23,2,8,58867596.792415686,1,1.0
40,23,3,10,81245430.15775461,1,1.0
41,0,0,2,71281554.61877297,1,1.0
41,0,1,3,78459517.54996051,1,1.0
41,0,2,6,60040209.63628765,1,1.0
41,0,3,10,76033240.298248,1,1.0
41,1,0,2,61767304.3927531,1,1.0
41,1,1,3,68138219.496706,1,1.0
41,1,2,8,64024777.11587199,1,1.0
41,1,3,11,79459975.14365457,1,1.0
41,2,0,2,87689797.59897934,1,1.0
41,2,1,4,79773056.42269926,1,1.0
41,2,2,7,59926573.39377537,1,1.0
41,2,3,10,83170306.03650892,1,1.0
41,3,0,2,63128273.99596559,1,1.0
41,3,1,3,77697350.27393582,1,1.0
41,3,2,8,62241789.623665884,1,1.0
41,3,3,10,80323453.1753489,1,1.0
41,4,0,1,53808959.52778677,1,1.0
41,4,1,4,87197637.47784774,1,1.0
41,4,2,8,89708028.13775308,1,1.0
41,4,3,11,66791988.460068904,1,1.0
41,5,0,2,84488872.27856286,1,1.0
41,5,1,3,74245958.38783632,1,1.0
41,5,2,8,68489524.43861592,1,1.0
41,5,3,10,77035702.10128528,1,1.0
41,6,0,2,64399728.586365394,1,1.0
41,6,1,4,78677578.26172364,1,1.0
41,6,2,6,56611189.62922999,1,1.0
41,6,3,10,95595504.17238745,1,1.0
41,7,0,1,64890986.1101184,1,1.0
41,7,1,4,68416584.59309326,1,1.0
41,7,2,8,74385557.53922686,1,1.0
41,7,3,10,78888845.01756209,1,1.0
41,8,0,2,92029053.78608046,1,1.0
41,8,1,3,74072661.45159535,1,1.0
41,8,2,6,60459157.08243405,1,1.0
41,8,3,10,76005579.22373183,1,1.0
41,9,0,2,82275391.49749322,1,1.0
41,9,1,3,73198235.11105692,1,1.0
41,9,2,8,98768685.11082688,1,1.0
41,9,3,11,72782900.00661455,1,1.0
41,10,0,2,65270126.99543351,1,1.0
41,10,1,3,78706845.98178086,1,1.0
41,10,2,8,76373770.61525765,1,1.0
41,10,3,10,92061913.45060846,1,1.0
41,11,0,2,67545120.79408392,1,1.0
41,11,1,4,72098893.41646877,1,1.0
41,11,2,7,53854376.09745381,1,1.0
41,11,3,10,69837087.07065016,1,1.0
41,12,0,2,83981940.15913983,1,1.0
41,12,1,4,70545655.22577254,1,1.0
41,12,2,8,76909999.27812594,1,1.0
41,12,3,10,80679263.9019391,1,1.0
41,13,0,2,67921753.04305969,1,1.0
41,13,1,3,66091009.81607826,1,1.0
41,13,2,8,86537595.15451415,1,1.0
41,13,3,10,81648181.44084081,1,1.0
41,14,0,1,66359922.13324473,1,1.0
41,14,1,3,81246321.1099566,1,1.0
41,14,2,8,59670544.207688965,1,1.0
41,14,3,10,71317667.63714044,1,1.0
41,15,0,0,61606138.75492119,1,1.0
41,15,1,3,85363152.02605483,1,1.0
41,15,2,7,58576494.78296769,1,1.0
41,15,3,10,78942250.63898358,1,1.0
41,16,0,2,69452458.24240609,1,1.0
41,16,1,3,87529381.73629038,1,1.0
41,16,2,8,55666267.35727282,1,1.0
41,16,3,11,71519651.50334916,1,1.0
41,17,0,2,60925107.44495483,1,1.0
41,17,1,3,84060316.06850174,1,1.0
41,17,2,8,74044834.98157096,1,1.0
41,17,3,10,75914943.8333561,1,1.0
41,18,0,2,66851779.880446225,1,1.0
41,18,1,3,76859210.35875596,1,1.0
41,18,2,8,70380403.7924174,1,1.0
41,18,3,10,69562759.1437472,1,1.0
41,19,0,2,72312250.14281587,1,1.0
41,19,1,3,104797084.69047406,1,1.0
41,19,2,8,62316406.6242667,1,1.0
41,19,3,10,93002968.38611878,1,1.0
41,20,0,2,91285378.6260615,1,1.0
41,20,1,4,57441985.69576073,1,1.0
41,20,2,6,63740978.162155144,1,1.0
41,20,3,10,66481083.690237336,1,1.0
41,21,0,2,67941397.70816812,1,1.0
41,21,1,3,60934889.307483435,1,1.0
41,21,2,8,62382034.01538518,1,1.0
41,21,3,10,99691905.7920558,1,1.0
41,22,0,2,88070388.65539627,1,1.0
41,22,1,3,74974070.89660348,1,1.0
41,22,2,7,64947150.50767178,1,1.0
41,22,3,10,79064228.57001372,1,1.0
41,23,0,2,68436586.45688255,1,1.0
41,23,1,3,84100958.53592823,1,1.0
41,23,2,8,62373825.59595491,1,1.0
41,23,3,11,62268189.19996424,1,1.0
42,0,0,2,54920609.2719547,1,1.0
42,0,1,3,80121108.61941881,1,1.0
42,0,2,8,90101392.1311029,1,1.0
42,0,3,10,87135621.904032,1,1.0
42,1,0,2,73596322.08933093,1,1.0
42,1,1,3,75688679.19430701,1,1.0
42,1,2,8,73508098.48086211,1,1.0
42,1,3,10,68102603.92465064,1,1.0
42,2,0,2,77588882.40318556,1,1.0
42,2,1,3,84772391.66756518,1,1.0
42,2,2,6,55896870.86811219,1,1.0
42,2,3,10,65599865.010510474,1,1.0
42,3,0,1,66861040.25325614,1,1.0
42,3,1,4,63306446.27252109,1,1.0
42,3,2,8,69100697.00133175,1,1.0
42,3,3,10,66649821.8663559,1,1.0
42,4,0,2,64613883.737345934,1,1.0
42,4,1,4,79489451.01454395,1,1.0
42,4,2,8,72579546.625422,1,1.0
42,4,3,10,72131320.69849169,1,1.0
42,5,0,2,67627136.18392952,1,1.0
42,5,1,3,67582704.99011572,1,1.0
42,5,2,8,63433827.23776962,1,1.0
42,5,3,11,70641393.358403,1,1.0
42,6,0,2,69683327.26478238,1,1.0
42,6,1,3,81183120.24682426,1,1.0
42,6,2,7,57097707.043002255,1,1.0
42,6,3,10,82668518.67810906,1,1.0
42,7,0,2,73843635.96978967,1,1.0
42,7,1,3,67880408.36621773,1,1.0
42,7,2,8,82874712.6419458,1,1.0
42,7,3,10,79225722.3297865,1,1.0
42,8,0,2,75537246.01560594,1,1.0
42,8,1,4,65828601.974661216,1,1.0
42,8,2,8,56888484.070251055,1,1.0
42,8,3,11,84310061.27394179,1,1.0
42,9,0,2,73462542.30108488,1,1.0
42,9,1,3,77757972.62195088,1,1.0
42,9,2,8,67386435.47126473,1,1.0
42,9,3,11,74863385.3810208,1,1.0
42,10,0,2,83578159.62153149,1,1.0
42,10,1,3,71379174.48804711,1,1.0
42,10,2,8,82425937.3327016,1,1.0
42,10,3,10,63322141.92843398,1,1.0
42,11,0,2,74409931.13060738,1,1.0
42,11,1,3,93416606.58811499,1,1.0
42,11,2,8,71177531.68526094,1,1.0
42,11,3,11,69206549.62119655,1,1.0
42,12,0,2,72146861.98737185,1,1.0
42,12,1,3,100529658.29705745,1,1.0
42,12,2,8,79722946.23882769,1,1.0
42,12,3,10,63013494.37250513,1,1.0
42,13,0,2,64821438.30249123,1,1.0
42,13,1,3,104713341.78262016,1,1.0
42,13,2,8,82943454.97178441,1,1.0
42,13,3,10,88180434.41508456,1,1.0
42,14,0,0,61845287.088451244,1,1.0
42,14,1,3,77681517.63963555,1,1.0
42,14,2,8,63034676.27633368,1,1.0
42,14,3,10,75585833.48061341,1,1.0
42,15,0,2,65001956.56491704,1,1.0
42,15,1,3,67492187.22079094,1,1.0
42,15,2,8,85243426.39830579,1,1.0
42,15,3,11,64418345.80501444,1,1.0
42,16,0,2,68009031.84413409,1,1.0
42,16,1,3,63259154.62896071,1,1.0
42,16,2,8,64275936.356174305,1,1.0
42,16,3,10,77583784.07345437,1,1.0
42,17,0,2,66324079.24982665,1,1.0
42,17,1,3,93386699.93521519,1,1.0
42,17,2,8,71948511.15583062,1,1.0
42,17,3,10,70300790.45567234,1,1.0
42,18,0,2,80192831.01230152,1,1.0
42,18,1,4,61834062.71035738,1,1.0
42,18,2,8,62668266.00181722,1,1.0
42,18,3,10,82599495.29763472,1,1.0
42,19,0,2,74151045.43760887,1,1.0
42,19,1,3,80611369.56167345,1,1.0
42,19,2,7,61823683.767103165,1,1.0
42,19,3,11,68184262.27521577,1,1.0
42,20,0,0,64840442.23734487,1,1.0
42,20,1,3,80257818.46582498,1,1.0
42,20,2,8,64604382.61367375,1,1.0
42,20,3,11,65152719.65245886,1,1.0
42,21,0,2,71132805.42312247,1,1.0
42,21,1,3,77150670.87585498,1,1.0
42,21,2,8,54640460.91064268,1,1.0
42,21,3,10,69919786.2120116,1,1.0
42,22,0,2,68963168.2193974,1,1.0
42,22,1,3,63481448.49032652,1,1.0
42,22,2,8,58241888.939209744,1,1.0
42,22,3,10,77146324.83744211,1,1.0
42,23,0,0,67244839.7047708,1,1.0
42,23,1,4,77094995.91852035,1,1.0
42,23,2,8,56652154.439681076,1,1.0
42,23,3,10,97475937.3837622,1,1.0
43,0,0,2,94611451.47578613,1,1.0
43,0,1,4,62327145.21852046,1,1.0
43,0,2,6,61864076.51387102,1,1.0
43,0,3,11,105154470.28020178,1,1.0
43,1,0,2,65649082.40140894,1,1.0
43,1,1,3,60066513.56739145,1,1.0
43,1,2,8,64923250.55263714,1,1.0
43,1,3,10,99761635.48398559,1,1.0
43,2,0,2,69109640.19114581,1,1.0
43,2,1,3,86994795.11931752,1,1.0
43,2,2,8,73588739.08413623,1,1.0
43,2,3,11,78137370.59032771,1,1.0
43,3,0,0,53910424.15142533,1,1.0
43,3,1,3,62560962.98293733,1,1.0
43,3,2,8,64726552.41081317,1,1.0
43,3,3,11,67103741.37853517,1,1.0
43,4,0,0,59451675.11716752,1,1.0
43,4,1,3,76569614.15307894,1,1.0
43,4,2,8,71725346.2170683,1,1.0
43,4,3,10,88316224.38443916,1,1.0
43,5,0,2,67203253.85210931,1,1.0
43,5,1,3,82586745.66108699,1,1.0
43,5,2,8,63738605.02592739,1,1.0
43,5,3,10,80385088.32398516,1,1.0
43,6,0,2,76043936.32884611,1,1.0
43,6,1,3,75936942.07751958,1,1.0
43,6,2,8,68637773.6889011,1,1.0
43,6,3,10,91983652.4178645,1,1.0
43,7,0,2,62996923.22673352,1,1.0
43,7,1,4,60392973.95561143,1,1.0
43,7,2,7,76353956.29106136,1,1.0
43,7,3,11,71246259.14117599,1,1.0
43,8,0,2,82020296.47992264,1,1.0
43,8,1,3,69225670.03545904,1,1.0
43,8,2,8,58895815.38728891,1,1.0
43,8,3,10,70455099.35135007,1,1.0
43,9,0,2,63433229.10217003,1,1.0
43,9,1,3,64587228.52081057,1,1.0
43,9,2,6,80121063.94459243,1,1.0
43,9,3,10,73974236.91583322,1,1.0
43,10,0,2,63484146.18228196,1,1.0
43,10,1,3,93247169.3915938,1,1.0
43,10,2,8,78611020.49356696,1,1.0
43,10,3,10,76483409.03651139,1,1.0
43,11,0,2,88585134.94216076,1,1.0
43,11,1,4,71339951.3915574,1,1.0
43,11,2,8,55959475.69481477,1,1.0
43,11,3,10,74023621.7025379,1,1.0
43,12,0,2,90962365.58368531,1,1.0
43,12,1,3,59517307.038922586,1,1.0
43,12,2,7,65539487.33351518,1,1.0
43,12,3,10,83976587.75078425,1,1.0
43,13,0,2,74519099.18897286,1,1.0
43,13,1,3,64133348.79934614,1,1.0
43,13,2,8,64165484.45603608,1,1.0
43,13,3,10,88230224.56557465,1,1.0
43,14,0,2,75279747.16522409,1,1.0
43,14,1,4,74972411.31847945,1,1.0
43,14,2,7,59176369.43457351,1,1.0
43,14,3,10,79471129.9236483,1,1.0
43,15,0,1,61356055.550522946,1,1.0
43,15,1,3,62662806.622295745,1,1.0
43,15,2,7,80170904.26812884,1,1.0
43,15,3,10,85872270.98731267,1,1.0
43,16,0,2,87721207.7856191,1,1.0
43,16,1,4,68681055.87521298,1,1.0
43,16,2,7,59560054.69790154,1,1.0
43,16,3,10,62775017.495770335,1,1.0
43,17,0,2,67272405.65571333,1,1.0
43,17,1,3,73375011.22568114,1,1.0
43,17,2,8,63845978.97899893,1,1.0
43,17,3,10,79610029.34650558,1,1.0
43,18,0,2,61456811.87187634,1,1.0
43,18,1,3,67867788.4149133,1,1.0
43,18,2,8,73227969.5215439,1,1.0
43,18,3,10,98894274.8280262,1,1.0
43,19,0,0,65027216.85368631,1,1.0
43,19,1,3,63650241.56472669,1,1.0
43,19,2,8,61783007.288638465,1,1.0
43,19,3,9,63607844.220958784,1,1.0
43,20,0,2,63260288.87624797,1,1.0
43,20,1,3,124487248.20628782,1,1.0
43,20,2,8,67024521.244251065,1,1.0
43,20,3,10,68132206.52057387,1,1.0
43,21,0,2,55045519.24850181,1,1.0
43,21,1,3,69770781.31185429,1,1.0
43,21,2,7,54430449.73404622,1,1.0
43,21,3,10,70253460.3651457,1,1.0
43,22,0,2,104317288.4055309,1,1.0
43,22,1,4,58830090.78109668,1,1.0
43,22,2,8,60211971.144872166,1,1.0
43,22,3,10,88465101.70482175,1,1.0
43,23,0,2,97836323.42718379,1,1.0
43,23,1,3,67593547.39474829,1,1.0
43,23,2,7,60727694.460242316,1,1.0
43,23,3,10,72331539.05310065,1,1.0
44,0,0,1,70786852.98240058,1,1.0
44,0,1,4,61172119.31736184,1,1.0
44,0,2,8,52712379.923600785,1,1.0
44,0,3,10,82500916.53674412,1,1.0
44,1,0,2,77404611.23828693,1,1.0
44,1,1,3,70790500.80036192,1,1.0
44,1,2,8,66911870.65244551,1,1.0
44,1,3,10,60991726.37806727,1,1.0
44,2,0,2,71670077.5305285,1,1.0
44,2,1,3,82804327.34201148,1,1.0
44,2,2,8,70378940.50854993,1,1.0
44,2,3,10,89877831.08154708,1,1.0
44,3,0,0,65174895.128668904,1,1.0
44,3,1,3,105132779.50323625,1,1.0
44,3,2,7,84237248.38664703,1,1.0
44,3,3,10,91922996.74365981,1,1.0
44,4,0,1,54304344.62576641,1,1.0
44,4,1,3,58512190.6799269,1,1.0
44,4,2,6,60871584.53548948,1,1.0
44,4,3,10,79251432.94340634,1,1.0
44,5,0,2,64883482.526136324,1,1.0
44,5,1,3,74403840.59923089,1,1.0
44,5,2,8,79813690.0071202,1,1.0
44,5,3,10,69575656.5497136,1,1.0
44,6,0,1,64810463.608672224,1,1.0
44,6,1,3,92356106.95293766,1,1.0
44,6,2,7,61572059.615705065,1,1.0
44,6,3,11,68583675.7054736,1,1.0
44,7,0,0,68246573.77212305,1,1.0
44,7,1,4,65048222.890016384,1,1.0
44,7,2,8,66762943.34424113,1,1.0
44,7,3,10,69477877.75665833,1,1.0
44,8,0,2,68348194.97787482,1,1.0
44,8,1,4,65543484.76975249,1,1.0
44,8,2,8,105921005.40261555,1,1.0
44,8,3,10,70573392.6626247,1,1.0
44,9,0,2,64463091.38116356,1,1.0
44,9,1,3,72959577.6874586,1,1.0
44,9,2,6,58541640.5138545,1,1.0
44,9,3,10,89551177.01103164,1,1.0
44,10,0,2,93693449.69642492,1,1.0
44,10,1,3,93927305.19366013,1,1.0
44,10,2,7,85397992.05825226,1,1.0
44,10,3,10,80502675.09785126,1,1.0
44,11,0,2,65050286.01561596,1,1.0
44,11,1,4,58781858.44021501,1,1.0
44,11,2,8,83664030.52088659,1,1.0
44,11,3,11,64346987.55776614,1,1.0
44,12,0,1,59283533.800435424,1,1.0
44,12,1,3,73034352.12796609,1,1.0
44,12,2,8,59035503.769048296,1,1.0
44,12,3,10,86002006.9789015,1,1.0
44,13,0,2,89116813.33399819,1,1.0
44,13,1,3,89288984.4688399,1,1.0
44,13,2,8,73353205.57978842,1,1.0
44,13,3,11,59895225.256237715,1,1.0
44,14,0,1,59036595.91252033,1,1.0
44,14,1,3,68140632.37274936,1,1.0
44,14,2,8,72479287.81170237,1,1.0
44,14,3,10,72373453.76854987,1,1.0
44,15,0,2,74674407.6830371,1,1.0
44,15,1,3,75603876.35156092,1,1.0
44,15,2,8,68113530.16756567,1,1.0
44,15,3,10,76975569.25726795,1,1.0
44,16,0,2,72773146.47222012,1,1.0
44,16,1,3,72853701.41670506,1,1.0
44,16,2,8,62795103.17921862,1,1.0
44,16,3,11,60883904.049249254,1,1.0
44,17,0,2,71124709.58496116,1,1.0
44,17,1,3,65622552.28827482,1,1.0
44,17,2,6,68555458.34098414,1,1.0
44,17,3,11,71765704.23786865,1,1.0
44,18,0,2,67788144.88124378,1,1.0
44,18,1,3,99619036.70241006,1,1.0
44,18,2,7,62275425.188305035,1,1.0
44,18,3,10,93773088.28386115,1,1.0
44,19,0,2,75034421.98504935,1,1.0
44,19,1,3,70718062.66059956,1,1.0
44,19,2,8,63241255.375405386,1,1.0
44,19,3,10,72802257.26408988,1,1.0
44,20,0,2,77481726.58410127,1,1.0
44,20,1,3,64513688.64501346,1,1.0
44,20,2,6,59134870.44165105,1,1.0
44,20,3,11,66492658.65382382,1,1.0
44,21,0,2,55865938.65695404,1,1.0
44,21,1,3,64352132.230268866,1,1.0
44,21,2,8,76274697.53375024,1,1.0
44,21,3,10,79268773.02398938,1,1.0
44,22,0,2,77911780.5089433,1,1.0
44,22,1,3,87225656.30469465,1,1.0
44,22,2,7,60112892.98415257,1,1.0
44,22,3,11,82347904.60781781,1,1.0
44,23,0,0,71659228.65868562,1,1.0
44,23,1,3,59517086.105740316,1,1.0
44,23,2,8,61619297.49453954,1,1.0
44,23,3,11,71184334.25600578,1,1.0
45,0,0,2,75818191.05997217,1,1.0
45,0,1,3,61901793.22052617,1,1.0
45,0,2,8,70819889.24331434,1,1.0
45,0,3,11,80749218.85747854,1,1.0
45,1,0,2,92508701.2410893,1,1.0
45,1,1,4,60780346.09909029,1,1.0
45,1,2,6,78890003.46304572,1,1.0
45,1,3,10,84197498.98209506,1,1.0
45,2,0,2,79469006.02488296,1,1.0
45,2,1,3,69887968.21163951,1,1.0
45,2,2,6,57929876.73081732,1,1.0
45,2,3,10,68497111.06124954,1,1.0
45,3,0,2,82956412.39180124,1,1.0
45,3,1,3,105903291.39602804,1,1.0
45,3,2,7,71008397.6752928,1,1.0
45,3,3,10,91729344.59881248,1,1.0
45,4,0,2,75272142.67201318,1,1.0
45,4,1,3,87877210.14154813,1,1.0
45,4,2,6,68700689.1042714,1,1.0
45,4,3,11,74896616.25959015,1,1.0
45,5,0,2,73415661.93261346,1,1.0
45,5,1,4,84786525.62486795,1,1.0
45,5,2,8,72849863.45103437,1,1.0
45,5,3,10,65329277.944171175,1,1.0
45,6,0,2,91653547.08632968,1,1.0
45,6,1,3,90321874.754057,1,1.0
45,6,2,8,62004692.78291512,1,1.0
45,6,3,10,92829845.15686217,1,1.0
45,7,0,2,69820276.49722941,1,1.0
45,7,1,3,64498194.54994807,1,1.0
45,7,2,7,78754520.42575239,1,1.0
45,7,3,10,85995849.4286024,1,1.0
45,8,0,0,89139082.26987451,1,1.0
45,8,1,4,72477222.58024246,1,1.0
45,8,2,7,74724242.22881585,1,1.0
45,8,3,10,86749874.6399739,1,1.0
45,9,0,2,62885588.36547334,1,1.0
45,9,1,4,67421314.81574154,1,1.0
45,9,2,7,72775740.06505649,1,1.0
45,9,3,10,78306775.69793633,1,1.0
45,10,0,2,67375739.81267998,1,1.0
45,10,1,3,64950683.32624486,1,1.0
45,10,2,6,55131743.27918022,1,1.0
45,10,3,10,69180954.3747281,1,1.0
45,11,0,0,70097541.26321766,1,1.0
45,11,1,4,83406963.62433773,1,1.0
45,11,2,8,66867502.78345596,1,1.0
45,11,3,10,90663090.82952014,1,1.0
45,12,0,2,92744552.7123717,1,1.0
45,12,1,3,61201777.91062144,1,1.0
45,12,2,8,76988850.35136104,1,1.0
45,12,3,10,76504739.25731917,1,1.0
45,13,0,2,81486649.06711248,1,1.0
45,13,1,3,65451203.54650569,1,1.0
45,13,2,8,65873633.68299587,1,1.0
45,13,3,10,81810513.83547251,1,1.0
45,14,0,2,71379620.6712744,1,1.0
45,14,1,3,76055173.88105083,1,1.0
45,14,2,8,76660567.68358721,1,1.0
45,14,3,10,112345526.27242002,1,1.0
45,15,0,2,82820846.25247633,1,1.0
45,15,1,3,70499810.93450695,1,1.0
45,15,2,7,79583728.08542101,1,1.0
45,15,3,10,74010583.54011047,1,1.0
45,16,0,2,76767200.0950339,1,1.0
45,16,1,5,56057272.61959503,1,1.0
45,16,2,8,87552531.39397508,1,1.0
45,16,3,10,67160015.23717816,1,1.0
45,17,0,2,70837600.23013449,1,1.0
45,17,1,3,74556431.71310404,1,1.0
45,17,2,8,60057126.678983964,1,1.0
45,17,3,10,115974707.03373367,1,1.0
45,18,0,1,59808511.341355875,1,1.0
45,18,1,3,63595534.22305107,1,1.0
45,18,2,8,70077950.64331158,1,1.0
45,18,3,10,73784915.44787852,1,1.0
45,19,0,0,54623349.929268554,1,1.0
45,19,1,3,80542732.15295886,1,1.0
45,19,2,6,63553592.147390716,1,1.0
45,19,3,10,66032029.802371666,1,1.0
45,20,0,2,71089606.25641681,1,1.0
45,20,1,3,77415409.9970896,1,1.0
45,20,2,8,65706655.42317035,1,1.0
45,20,3,10,123373015.01125698,1,1.0
45,21,0,2,64754466.26304221,1,1.0
45,21,1,4,69785179.45708503,1,1.0
45,21,2,8,69324291.24207398,1,1.0
45,21,3,10,79243701.25435479,1,1.0
45,22,0,0,58150121.061711736,1,1.0
45,22,1,3,77390026.58285622,1,1.0
45,22,2,8,67705936.46242197,1,1.0
45,22,3,10,81776117.62157996,1,1.0
45,23,0,0,70254045.91359255,1,1.0
45,23,1,4,83743434.7285246,1,1.0
45,23,2,8,67223425.5377905,1,1.0
45,23,3,10,69864847.4939059,1,1.0
46,0,0,2,89452832.16221352,1,1.0
46,0,1,4,62805994.06430152,1,1.0
46,0,2,7,62549419.701714866,1,1.0
46,0,3,10,74102894.48939674,1,1.0
46,1,0,2,72575878.52618745,1,1.0
46,1,1,4,64922776.94548286,1,1.0
46,1,2,8,62576526.11253511,1,1.0
46,1,3,10,106188134.25913034,1,1.0
46,2,0,2,70036786.41108443,1,1.0
46,2,1,3,75484727.08787407,1,1.0
46,2,2,8,68690778.48078845,1,1.0
46,2,3,10,61188623.89498404,1,1.0
46,3,0,2,64153659.46123444,1,1.0
46,3,1,3,81339196.25972787,1,1.0
46,3,2,8,56421982.35176635,1,1.0
46,3,3,10,92107413.19887197,1,1.0
46,4,0,2,75311704.53073075,1,1.0
46,4,1,4,62227350.50494133,1,1.0
46,4,2,8,60528725.59609316,1,1.0
46,4,3,10,68426820.4580933,1,1.0
46,5,0,2,79321036.52240534,1,1.0
46,5,1,3,80633742.73996349,1,1.0
46,5,2,6,61427370.49208201,1,1.0
46,5,3,10,68432231.58369826,1,1.0
46,6,0,2,91628291.67010468,1,1.0
46,6,1,4,67475163.84848952,1,1.0
46,6,2,8,76048871.76329297,1,1.0
46,6,3,10,93018613.8161375,1,1.0
46,7,0,2,71912486.67363775,1,1.0
46,7,1,3,56215114.0352366,1,1.0
46,7,2,6,65336521.91399558,1,1.0
46,7,3,10,86112154.09778427,1,1.0
46,8,0,2,62278146.3167957,1,1.0
46,8,1,3,68141182.24783571,1,1.0
46,8,2,8,99443148.69177753,1,1.0
46,8,3,10,80126183.14995664,1,1.0
46,9,0,2,83991805.05061132,1,1.0
46,9,1,3,77409772.6264051,1,1.0
46,9,2,8,64934988.187643245,1,1.0
46,9,3,10,70472064.82976983,1,1.0
46,10,0,2,76341952.50937498,1,1.0
46,10,1,3,99782280.5671338,1,1.0
46,10,2,8,73886937.04376784,1,1.0
46,10,3,11,60997937.27025048,1,1.0
46,11,0,2,80860002.48302011,1,1.0
46,11,1,4,82111897.31120968,1,1.0
46,11,2,8,77966600.03089224,1,1.0
46,11,3,10,66299941.78466253,1,1.0
46,12,0,2,72916947.19741659,1,1.0
46,12,1,3,65664711.19232775,1,1.0
46,12,2,8,61630262.32246836,1,1.0
46,12,3,10,64094600.58247888,1,1.0
46,13,0,2,80798847.61767387,1,1.0
46,13,1,4,91041514.64496408,1,1.0
46,13,2,8,82285738.66573374,1,1.0
46,13,3,10,86831508.32658465,1,1.0
46,14,0,2,63922429.478993006,1,1.0
46,14,1,3,69094322.1093564,1,1.0
46,14,2,8,58303845.51734531,1,1.0
46,14,3,10,79208744.18439889,1,1.0
46,15,0,2,89829987.18997718,1,1.0
46,15,1,4,79045455.20002522,1,1.0
46,15,2,7,54663631.26905239,1,1.0
46,15,3,11,68313243.22885019,1,1.0
46,16,0,0,58827082.08073094,1,1.0
46,16,1,4,62882398.75544671,1,1.0
46,16,2,8,70852921.67062588,1,1.0
46,16,3,10,63160136.76516728,1,1.0
46,17,0,2,92114568.90981898,1,1.0
46,17,1,3,81702987.7286364,1,1.0
46,17,2,7,79922124.46561158,1,1.0
46,17,3,10,77943926.75781219,1,1.0
46,18,0,2,85816366.4315322,1,1.0
46,18,1,4,66907348.54289602,1,1.0
46,18,2,8,71081308.82323329,1,1.0
46,18,3,10,124715337.46635367,1,1.0
46,19,0,0,59695127.29763665,1,1.0
46,19,1,3,64579294.12748533,1,1.0
46,19,2,8,54558726.15443934,1,1.0
46,19,3,10,66253255.44759727,1,1.0
46,20,0,2,72503090.28006743,1,1.0
46,20,1,4,64463028.76692028,1,1.0
46,20,2,6,61841243.86385663,1,1.0
46,20,3,10,84269861.19574708,1,1.0
46,21,0,2,65654036.5339038,1,1.0
46,21,1,4,65214633.96389638,1,1.0
46,21,2,8,83143200.13514708,1,1.0
46,21,3,10,74580144.75790513,1,1.0
46,22,0,2,78535064.35827841,1,1.0
46,22,1,3,72782985.4641156,1,1.0
46,22,2,8,83051310.19477688,1,1.0
46,22,3,10,83104540.10202378,1,1.0
46,23,0,2,105380495.37087588,1,1.0
46,23,1,4,69411165.03055023,1,1.0
46,23,2,8,57016766.645417705,1,1.0
46,23,3,10,73314774.68715544,1,1.0
47,0,0,2,68615990.84411775,1,1.0
47,0,1,3,95285381.6636415,1,1.0
47,0,2,8,67274158.46200375,1,1.0
47,0,3,10,79593884.94252335,1,1.0
47,1,0,2,76406880.02675076,1,1.0
47,1,1,3,81586625.21184428,1,1.0
47,1,2,8,69493309.88798182,1,1.0
47,1,3,11,71109173.82794411,1,1.0
47,2,0,2,86108230.1628162,1,1.0
47,2,1,3,64908995.514783055,1,1.0
47,2,2,6,67314010.25832677,1,1.0
47,2,3,10,81319796.79264712,1,1.0
47,3,0,2,104670135.51048665,1,1.0
47,3,1,3,91677177.02157006,1,1.0
47,3,2,8,56839820.291178964,1,1.0
47,3,3,10,83753528.68100715,1,1.0
47,4,0,2,81177130.76210628,1,1.0
47,4,1,3,79609059.40245001,1,1.0
47,4,2,8,85727892.22895841,1,1.0
47,4,3,10,87096262.15620129,1,1.0
47,5,0,0,68257157.70522782,1,1.0
47,5,1,3,76612022.83201788,1,1.0
47,5,2,6,57195970.32408656,1,1.0
47,5,3,10,76193280.05105397,1,1.0
47,6,0,2,68861085.14498141,1,1.0
47,6,1,3,79207299.17364317,1,1.0
47,6,2,8,74317043.50479585,1,1.0
47,6,3,10,88251688.61804952,1,1.0
47,7,0,2,73339042.54466332,1,1.0
47,7,1,3,78799687.41065086,1,1.0
47,7,2,8,64577445.83532496,1,1.0
47,7,3,10,72464193.06215644,1,1.0
47,8,0,2,91303457.38318226,1,1.0
47,8,1,3,73408373.48694256,1,1.0
47,8,2,8,56338419.32084505,1,1.0
47,8,3,11,75363835.23946187,1,1.0
47,9,0,2,75125132.41648562,1,1.0
47,9,1,3,64363785.53343916,1,1.0
47,9,2,8,64200687.98812733,1,1.0
47,9,3,11,61829576.16825603,1,1.0
47,10,0,2,75037518.18973604,1,1.0
47,10,1,3,80751667.00699264,1,1.0
47,10,2,7,59010370.939462855,1,1.0
47,10,3,11,66260047.75298081,1,1.0
47,11,0,2,72358845.15211093,1,1.0
47,11,1,3,65842439.443330154,1,1.0
47,11,2,8,58334292.948561676,1,1.0
47,11,3,10,101978961.14235152,1,1.0
47,12,0,2,74185425.21222785,1,1.0
47,12,1,3,68780503.9690444,1,1.0
47,12,2,8,75204426.56215401,1,1.0
47,12,3,10,67425752.57438692,1,1.0
47,13,0,2,89709584.18990925,1,1.0
47,13,1,3,87235303.42107594,1,1.0
47,13,2,8,67950315.21349294,1,1.0
47,13,3,11,66426109.98693144,1,1.0
47,14,0,2,80740574.64508717,1,1.0
47,14,1,3,89805799.41034748,1,1.0
47,14,2,7,55605780.29002532,1,1.0
47,14,3,10,73045486.27050671,1,1.0
47,15,0,2,62384777.94948198,1,1.0
47,15,1,3,87093370.59941958,1,1.0
47,15,2,8,64704433.68024756,1,1.0
47,15,3,10,83631682.09948464,1,1.0
47,16,0,2,66097169.70326797,1,1.0
47,16,1,4,63316834.25227875,1,1.0
47,16,2,8,57632141.6341938,1,1.0
47,16,3,11,64851538.57960206,1,1.0
47,17,0,2,76287019.23213464,1,1.0
47,17,1,3,81570552.46028036,1,1.0
47,17,2,8,92998738.71158312,1,1.0
47,17,3,11,70037311.28243272,1,1.0
47,18,0,2,79088296.10622133,1,1.0
47,18,1,3,65781445.37287729,1,1.0
47,18,2,8,85908460.40760566,1,1.0
47,18,3,10,86828601.98728137,1,1.0
47,19,0,2,69050492.97339275,1,1.0
47,19,1,3,65547582.028849326,1,1.0
47,19,2,8,79624721.76772362,1,1.0
47,19,3,10,68968855.93204994,1,1.0
47,20,0,2,79532623.38681027,1,1.0
47,20,1,4,73397006.95120515,1,1.0
47,20,2,7,54842674.94931901,1,1.0
47,20,3,10,72105572.86931828,1,1.0
47,21,0,0,62513918.01414899,1,1.0
47,21,1,4,73695384.54279323,1,1.0
47,21,2,8,70133845.44577429,1,1.0
47,21,3,10,108381354.93062721,1,1.0
47,22,0,2,74921249.05962455,1,1.0
47,22,1,3,74846641.42063302,1,1.0
47,22,2,7,75037638.39204547,1,1.0
47,22,3,11,83069766.61991583,1,1.0
47,23,0,2,64272439.988567986,1,1.0
47,23,1,3,76545480.28833763,1,1.0
47,23,2,8,66691178.71973651,1,1.0
47,23,3,10,82186084.33678986,1,1.0
48,0,0,2,73024833.87357494,1,1.0
48,0,1,3,74301940.04691237,1,1.0
48,0,2,7,67013428.704683155,1,1.0
48,0,3,11,62556596.582693584,1,1.0
48,1,0,2,69639124.79314423,1,1.0
48,1,1,4,62442572.79772924,1,1.0
48,1,2,8,87300441.64048369,1,1.0
48,1,3,11,89756543.36855228,1,1.0
48,2,0,2,100285782.29385996,1,1.0
48,2,1,3,75990503.31817174,1,1.0
48,2,2,8,81322021.07653202,1,1.0
48,2,3,10,79326218.58078058,1,1.0
48,3,0,2,80660094.8377461,1,1.0
48,3,1,3,84432068.36092937,1,1.0
48,3,2,8,74640776.45032246,1,1.0
48,3,3,10,81082509.22865984,1,1.0
48,4,0,2,93143976.97549552,1,1.0
48,4,1,3,98732248.94448665,1,1.0
48,4,2,8,60187048.21662035,1,1.0
48,4,3,11,74845701.9961809,1,1.0
48,5,0,2,77956826.12134266,1,1.0
48,5,1,3,66204043.44349405,1,1.0
48,5,2,8,60779955.214513674,1,1.0
48,5,3,10,81031250.02994366,1,1.0
48,6,0,0,64738345.285421975,1,1.0
48,6,1,3,78255880.55170251,1,1.0
48,6,2,6,55629429.78658481,1,1.0
48,6,3,10,80098489.76404618,1,1.0
48,7,0,2,66969997.13770722,1,1.0
48,7,1,3,99653977.38204248,1,1.0
48,7,2,8,57297163.40240376,1,1.0
48,7,3,10,65255468.91263648,1,1.0
48,8,0,0,74241329.24651484,1,1.0
48,8,1,3,92524132.81115805,1,1.0
48,8,2,8,64057411.22668936,1,1.0
48,8,3,10,73803074.4481758,1,1.0
48,9,0,2,91029245.76922704,1,1.0
48,9,1,3,83758706.06921944,1,1.0
48,9,2,7,77291194.4188262,1,1.0
48,9,3,10,92619776.1760755,1,1.0
48,10,0,2,94779534.70568082,1,1.0
48,10,1,3,66095432.692445815,1,1.0
48,10,2,8,60330650.833887994,1,1.0
48,10,3,10,82747753.8527417,1,1.0
48,11,0,2,61877736.04115448,1,1.0
48,11,1,3,78992339.0181349,1,1.0
48,11,2,8,70735886.17574486,1,1.0
48,11,3,11,67052192.41164679,1,1.0
48,12,0,2,75098933.1262092,1,1.0
48,12,1,3,64032751.75804202,1,1.0
48,12,2,8,72153656.18173365,1,1.0
48,12,3,10,93234162.36583391,1,1.0
48,13,0,0,62518367.498346455,1,1.0
48,13,1,3,63916603.531908385,1,1.0
48,13,2,8,83925924.99015066,1,1.0
48,13,3,10,85881678.90174578,1,1.0
48,14,0,2,62437143.25573695,1,1.0
48,14,1,4,65924994.07269181,1,1.0
48,14,2,8,77925194.52819355,1,1.0
48,14,3,10,68652794.30025408,1,1.0
48,15,0,2,70409686.95657186,1,1.0
48,15,1,3,67408095.52580725,1,1.0
48,15,2,8,68898720.33247896,1,1.0
48,15,3,10,64943934.92098454,1,1.0
48,16,0,2,82089550.83349264,1,1.0
48,16,1,3,72367365.539727,1,1.0
48,16,2,8,66169927.770104416,1,1.0
48,16,3,11,108890100.89560783,1,1.0
48,17,0,2,76356173.02843983,1,1.0
48,17,1,3,76042802.10684124,1,1.0
48,17,2,8,78571871.35741381,1,1.0
48,17,3,11,73452361.6243183,1,1.0
48,18,0,2,86832292.69320008,1,1.0
48,18,1,3,77124053.48857251,1,1.0
48,18,2,6,63833568.37103563,1,1.0
48,18,3,11,74802535.14317478,1,1.0
48,19,0,2,59400697.4231775,1,1.0
48,19,1,4,83647386.80303164,1,1.0
48,19,2,6,68255739.16628137,1,1.0
48,19,3,10,84988364.2916123,1,1.0
48,20,0,2,70375758.15032989,1,1.0
48,20,1,3,68046992.10337362,1,1.0
48,20,2,8,52878072.723806046,1,1.0
48,20,3,10,83887502.41290474,1,1.0
48,21,0,2,75388962.50013798,1,1.0
48,21,1,3,94731430.20293446,1,1.0
48,21,2,8,77920584.51784869,1,1.0
48,21,3,10,73374989.45140801,1,1.0
48,22,0,0,59215997.94724558,1,1.0
48,22,1,4,61748227.87538025,1,1.0
48,22,2,6,65834900.548563465,1,1.0
48,22,3,11,65261008.468751095,1,1.0
48,23,0,0,76690995.6721662,1,1.0
48,23,1,5,54039474.48914931,1,1.0
48,23,2,8,68857335.77696136,1,1.0
48,23,3,10,84784697.44230399,1,1.0
49,0,0,2,64806335.106628105,1,1.0
49,0,1,3,73381279.79837526,1,1.0
49,0,2,8,62000203.63866061,1,1.0
49,0,3,10,85551160.85512201,1,1.0
49,1,0,1,65137687.86235149,1,1.0
49,1,1,3,60245890.70276426,1,1.0
49,1,2,6,60208216.28481682,1,1.0
49,1,3,10,80928613.66033265,1,1.0
49,2,0,2,90193813.22447696,1,1.0
49,2,1,3,94682697.72633514,1,1.0
49,2,2,8,82468834.76639898,1,1.0
49,2,3,11,76644808.79155976,1,1.0
49,3,0,2,81581635.40572503,1,1.0
49,3,1,4,72160017.72778009,1,1.0
49,3,2,8,86184808.89300165,1,1.0
49,3,3,11,64445700.447926834,1,1.0
49,4,0,0,61106583.412266254,1,1.0
49,4,1,3,63728420.09164089,1,1.0
49,4,2,8,59853030.809518784,1,1.0
49,4,3,10,108116765.32041232,1,1.0
49,5,0,0,67001476.39477127,1,1.0
49,5,1,3,108330636.8916326,1,1.0
49,5,2,8,79220389.03352907,1,1.0
49,5,3,11,80128442.83815281,1,1.0
49,6,0,2,59614365.975398846,1,1.0
49,6,1,3,63557512.83683157,1,1.0
49,6,2,8,61561132.81522327,1,1.0
49,6,3,10,99417501.34861505,1,1.0
49,7,0,0,64176919.23613592,1,1.0
49,7,1,4,68507128.08747798,1,1.0
49,7,2,8,68572342.04952534,1,1.0
49,7,3,10,74217172.00055644,1,1.0
49,8,0,2,79953022.85283335,1,1.0
49,8,1,3,87376904.32507193,1,1.0
49,8,2,6,63687915.60980828,1,1.0
49,8,3,10,94491895.7982891,1,1.0
49,9,0,2,72704227.94026561,1,1.0
49,9,1,3,65632952.52172913,1,1.0
49,9,2,8,61367946.70905108,1,1.0
49,9,3,10,88280748.00430195,1,1.0
49,10,0,1,64014972.54343673,1,1.0
49,10,1,3,65015825.94934967,1,1.0
49,10,2,6,66419418.99568319,1,1.0
49,10,3,10,73960413.59168746,1,1.0
49,11,0,2,91192366.54604022,1,1.0
49,11,1,4,76868153.42724995,1,1.0
49,11,2,8,57350457.39322148,1,1.0
49,11,3,11,81064611.42524013,1,1.0
49,12,0,2,53130583.69814728,1,1.0
49,12,1,3,65706078.106557496,1,1.0
49,12,2,7,57482563.92258416,1,1.0
49,12,3,10,72469840.98040837,1,1.0
49,13,0,2,75233010.32415573,1,1.0
49,13,1,4,76135568.57954888,1,1.0
49,13,2,7,59317066.530646704,1,1.0
49,13,3,10,70629624.89128472,1,1.0
49,14,0,2,74053376.55203031,1,1.0
49,14,1,3,64954813.99900813,1,1.0
49,14,2,8,63786908.4131651,1,1.0
49,14,3,10,88054238.78515689,1,1.0
49,15,0,2,73401851.11000171,1,1.0
49,15,1,3,70121697.16871159,1,1.0
49,15,2,6,60801045.70503137,1,1.0
49,15,3,11,87905787.65668517,1,1.0
49,16,0,2,62400618.10578545,1,1.0
49,16,1,4,74291964.47120632,1,1.0
49,16,2,8,81070190.29673044,1,1.0
49,16,3,10,87457353.49048221,1,1.0
49,17,0,2,64767802.25647824,1,1.0
49,17,1,3,65993785.61891925,1,1.0
49,17,2,8,64663946.150115766,1,1.0
49,17,3,11,80086517.73323041,1,1.0
49,18,0,2,63824581.07231564,1,1.0
49,18,1,3,85636074.57011274,1,1.0
49,18,2,7,67054946.66342387,1,1.0
49,18,3,10,100423898.0971013,1,1.0
49,19,0,2,83574137.78787977,1,1.0
49,19,1,3,65940145.31468873,1,1.0
49,19,2,6,70235966.05573246,1,1.0
49,19,3,10,75842301.21040456,1,1.0
49,20,0,2,76783295.14167245,1,1.0
49,20,1,3,85084335.00222299,1,1.0
49,20,2,8,80975658.19912542,1,1.0
49,20,3,10,77452841.10137354,1,1.0
49,21,0,0,62948157.443294235,1,1.0
49,21,1,3,76004366.337362,1,1.0
49,21,2,7,61955196.875370525,1,1.0
49,21,3,10,87447303.53529522,1,1.0
49,22,0,2,83788754.57011703,1,1.0
49,22,1,3,75681035.4247322,1,1.0
49,22,2,8,59973347.44014011,1,1.0
49,22,3,10,79266190.85581467,1,1.0
49,23,0,2,87599187.00687651,1,1.0
49,23,1,4,73634572.72526902,1,1.0
49,23,2,8,86713334.45693228,1,1.0
49,23,3,10,70796221.09742661,1,1.0
50,0,0,2,76041112.35437237,1,1.0
50,0,1,4,60337938.96712418,1,1.0
50,0,2,8,57041058.26711173,1,1.0
50,0,3,10,76835165.95608528,1,1.0
50,1,0,2,63424662.72346573,1,1.0
50,1,1,3,65077763.31224737,1,1.0
50,1,2,7,56721493.503823526,1,1.0
50,1,3,10,68148043.43848954,1,1.0
50,2,0,2,89171547.97298358,1,1.0
50,2,1,4,68278976.38814577,1,1.0
50,2,2,6,66525930.95215579,1,1.0
50,2,3,10,84288744.01092765,1,1.0
50,3,0,2,65346695.20919709,1,1.0
50,3,1,3,78436213.97200757,1,1.0
50,3,2,6,73868933.60300584,1,1.0
50,3,3,10,67838458.63368677,1,1.0
50,4,0,2,81968843.88615695,1,1.0
50,4,1,4,75470238.74198034,1,1.0
50,4,2,8,61246101.2007303,1,1.0
50,4,3,11,74721846.64703602,1,1.0
50,5,0,2,85146623.545095,1,1.0
50,5,1,3,78052392.12137409,1,1.0
50,5,2,8,65564832.08187056,1,1.0
50,5,3,10,79405692.63969532,1,1.0
50,6,0,2,70366055.48982975,1,1.0
50,6,1,3,59326830.39995808,1,1.0
50,6,2,8,58411700.23453038,1,1.0
50,6,3,10,82334853.68095332,1,1.0
50,7,0,2,60350001.342130676,1,1.0
50,7,1,3,80789407.14069873,1,1.0
50,7,2,6,59145507.40070074,1,1.0
50,7,3,10,74450082.85735086,1,1.0
50,8,0,2,80659396.96759713,1,1.0
50,8,1,4,76389428.00230242,1,1.0
50,8,2,8,69528060.82318366,1,1.0
50,8,3,10,73656964.80133429,1,1.0
50,9,0,2,60135532.487001605,1,1.0
50,9,1,3,65423798.541516,1,1.0
50,9,2,7,63444415.70270026,1,1.0
50,9,3,11,72206040.24544486,1,1.0
50,10,0,2,78752535.4607663,1,1.0
50,10,1,4,72608292.12130299,1,1.0
50,10,2,8,74570744.12207341,1,1.0
50,10,3,10,80721552.36456326,1,1.0
50,11,0,2,58810061.35837255,1,1.0
50,11,1,3,88295184.20332944,1,1.0
50,11,2,8,86107136.85443668,1,1.0
50,11,3,10,70839014.74788275,1,1.0
50,12,0,2,73460294.055858,1,1.0
50,12,1,4,67915385.7379202,1,1.0
50,12,2,6,62342968.07240928,1,1.0
50,12,3,10,73627426.28349423,1,1.0
50,13,0,2,77085858.82251294,1,1.0
50,13,1,3,81855896.1652369,1,1.0
50,13,2,7,54610719.2483837,1,1.0
50,13,3,11,65859039.96922723,1,1.0
50,14,0,2,86976374.54090603,1,1.0
50,14,1,3,75619273.98982872,1,1.0
50,14,2,6,60408236.89987112,1,1.0
50,14,3,10,68224180.46625003,1,1.0
50,15,0,2,77990081.27583845,1,1.0
50,15,1,3,59983189.97317649,1,1.0
50,15,2,6,72959129.55066414,1,1.0
50,15,3,11,72349407.29996975,1,1.0
50,16,0,2,54459945.91362337,1,1.0
50,16,1,3,74286237.25618783,1,1.0
50,16,2,6,61715276.346987724,1,1.0
50,16,3,10,70624381.66626985,1,1.0
50,17,0,2,81619190.78831765,1,1.0
50,17,1,4,68223514.13631015,1,1.0
50,17,2,6,61046011.67144167,1,1.0
50,17,3,10,83320313.36926153,1,1.0
50,18,0,2,99292043.21932332,1,1.0
50,18,1,3,87583585.58623902,1,1.0
50,18,2,8,52995337.88689513,1,1.0
50,18,3,11,66799939.93545792,1,1.0
50,19,0,2,68981781.74484149,1,1.0
50,19,1,3,67122684.78299752,1,1.0
50,19,2,8,75123658.87020253,1,1.0
50,19,3,10,66129720.904527195,1,1.0
50,20,0,0,53956742.88253464,1,1.0
50,20,1,3,65996929.203547314,1,1.0
50,20,2,8,69490543.51560244,1,1.0
50,20,3,11,77581919.37209627,1,1.0
50,21,0,2,80606817.2436914,1,1.0
50,21,1,4,68298634.2698451,1,1.0
50,21,2,8,73620787.34648977,1,1.0
50,21,3,10,80636078.6452902,1,1.0
50,22,0,2,66006614.99395918,1,1.0
50,22,1,3,69435520.9317399,1,1.0
50,22,2,6,62547062.28071566,1,1.0
50,22,3,11,69662939.29104014,1,1.0
50,23,0,2,65172812.00799881,1,1.0
50,23,1,3,71108447.33725882,1,1.0
50,23,2,8,62332819.81094521,1,1.0
50,23,3,10,82417862.87903105,1,1.0
51,0,0,2,81273460.14035879,1,1.0
51,0,1,3,84562405.67491068,1,1.0
51,0,2,8,81519338.84072734,1,1.0
51,0,3,10,94236848.70089185,1,1.0
51,1,0,2,88365462.00980456,1,1.0
51,1,1,3,99488131.73902307,1,1.0
51,1,2,8,84213379.25725472,1,1.0
51,1,3,11,78693916.43949753,1,1.0
51,2,0,2,56139000.970990695,1,1.0
51,2,1,3,64893785.41899307,1,1.0
51,2,2,7,61018473.04092723,1,1.0
51,2,3,10,95159024.4937723,1,1.0
51,3,0,2,78708151.49134897,1,1.0
51,3,1,3,74082543.11212578,1,1.0
51,3,2,8,80037454.30991028,1,1.0
51,3,3,10,69529392.71943009,1,1.0
51,4,0,0,68000364.75664437,1,1.0
51,4,1,4,64887856.66009036,1,1.0
51,4,2,6,59825235.241025254,1,1.0
51,4,3,10,85724957.34308882,1,1.0
51,5,0,2,76564879.46392247,1,1.0
51,5,1,4,70862006.19913909,1,1.0
51,5,2,6,59639956.93289741,1,1.0
51,5,3,10,68040623.12593672,1,1.0
51,6,0,2,65452815.58601128,1,1.0
51,6,1,3,86428164.62148857,1,1.0
51,6,2,6,61845851.7960021,1,1.0
51,6,3,10,77035459.00145955,1,1.0
51,7,0,2,66558630.09669176,1,1.0
51,7,1,3,73984542.8235483,1,1.0
51,7,2,8,68854334.17020667,1,1.0
51,7,3,10,95333264.9734545,1,1.0
51,8,0,2,90308303.22433238,1,1.0
51,8,1,3,61913131.60640297,1,1.0
51,8,2,8,78523543.04821306,1,1.0
51,8,3,10,73831267.33353919,1,1.0
51,9,0,2,75108614.56911224,1,1.0
51,9,1,3,94020333.71262823,1,1.0
51,9,2,8,57829440.476206526,1,1.0
51,9,3,11,64708331.16596037,1,1.0
51,10,0,2,86822978.07244126,1,1.0
51,10,1,3,77197135.25338976,1,1.0
51,10,2,8,60459438.122050144,1,1.0
51,10,3,10,85694090.75080994,1,1.0
51,11,0,2,75237853.55599216,1,1.0
51,11,1,4,74105947.99034868,1,1.0
51,11,2,8,82117584.34074122,1,1.0
51,11,3,10,92988413.21187681,1,1.0
51,12,0,2,81664173.56483169,1,1.0
51,12,1,3,90694871.85918961,1,1.0
51,12,2,8,65314177.04266528,1,1.0
51,12,3,10,91918228.38033657,1,1.0
51,13,0,2,79084347.00302142,1,1.0
51,13,1,3,84537811.81051493,1,1.0
51,13,2,8,73081993.53922372,1,1.0
51,13,3,11,87598593.16834849,1,1.0
51,14,0,2,67306750.68733004,1,1.0
51,14,1,4,87939398.44544049,1,1.0
51,14,2,8,63897001.58721271,1,1.0
51,14,3,10,74566485.75284344,1,1.0
51,15,0,2,76584693.82972229,1,1.0
51,15,1,3,92345566.9652755,1,1.0
51,15,2,8,87676862.73856013,1,1.0
51,15,3,10,64852850.72999983,1,1.0
51,16,0,2,88360808.15628913,1,1.0
51,16,1,3,99101124.02011505,1,1.0
51,16,2,8,60882117.629323736,1,1.0
51,16,3,10,85113266.536316,1,1.0
51,17,0,2,84329492.76712652,1,1.0
51,17,1,3,85389185.8315496,1,1.0
51,17,2,8,62096370.61897796,1,1.0
51,17,3,10,74276317.11272873,1,1.0
51,18,0,2,68089631.63934867,1,1.0
51,18,1,4,81224812.64552769,1,1.0
51,18,2,8,78523406.56058446,1,1.0
51,18,3,11,78698577.02471572,1,1.0
51,19,0,2,61303907.32275688,1,1.0
51,19,1,4,64262860.23237541,1,1.0
51,19,2,7,60740522.644545116,1,1.0
51,19,3,10,74557198.92630999,1,1.0
51,20,0,2,82636637.82608357,1,1.0
51,20,1,3,59824386.30114825,1,1.0
51,20,2,8,75752415.03536195,1,1.0
51,20,3,10,67683631.54515468,1,1.0
51,21,0,2,67310510.6623611,1,1.0
51,21,1,3,64761535.87915749,1,1.0
51,21,2,6,60812423.75844204,1,1.0
51,21,3,11,94986813.41728611,1,1.0
51,22,0,0,65911315.09981364,1,1.0
51,22,1,3,64259731.7421528,1,1.0
51,22,2,6,53072915.31906541,1,1.0
51,22,3,10,76326654.47326969,1,1.0
51,23,0,2,66755291.79119551,1,1.0
51,23,1,3,79430785.60482506,1,1.0
51,23,2,6,55227252.310812615,1,1.0
51,23,3,10,82188537.14548843,1,1.0
52,0,0,2,78330849.98193467,1,1.0
52,0,1,3,78457988.3163945,1,1.0
52,0,2,7,55675856.84068707,1,1.0
52,0,3,10,105075345.18893102,1,1.0
52,1,0,2,71082342.80511837,1,1.0
52,1,1,3,72605851.22864963,1,1.0
52,1,2,8,87292728.71158062,1,1.0
52,1,3,10,67914692.50108533,1,1.0
52,2,0,2,68346000.94097234,1,1.0
52,2,1,4,70257328.56993642,1,1.0
52,2,2,8,89062296.10557169,1,1.0
52,2,3,11,114998419.08681013,1,1.0
52,3,0,2,89138438.51603438,1,1.0
52,3,1,3,74505028.80360176,1,1.0
52,3,2,8,65191438.18048165,1,1.0
52,3,3,10,100600223.13399479,1,1.0
52,4,0,2,74357478.25559686,1,1.0
52,4,1,4,67760027.02226028,1,1.0
52,4,2,6,56694348.06666651,1,1.0
52,4,3,10,85692239.32221523,1,1.0
52,5,0,2,80729696.63400193,1,1.0
52,5,1,4,67802967.76708114,1,1.0
52,5,2,6,55959375.92434166,1,1.0
52,5,3,10,70669995.02992891,1,1.0
52,6,0,2,99847884.99591571,1,1.0
52,6,1,4,70822945.00954124,1,1.0
52,6,2,7,65217179.316376925,1,1.0
52,6,3,10,79150974.96063562,1,1.0
52,7,0,2,64520622.46677571,1,1.0
52,7,1,3,79546419.60774143,1,1.0
52,7,2,8,78665680.4531303,1,1.0
52,7,3,10,103206006.9569255,1,1.0
52,8,0,2,108070791.10595262,1,1.0
52,8,1,4,59881503.30373782,1,1.0
52,8,2,8,63625712.98148099,1,1.0
52,8,3,10,70782133.44489378,1,1.0
52,9,0,2,68819659.63632992,1,1.0
52,9,1,3,67623373.30009691,1,1.0
52,9,2,7,67423783.8370952,1,1.0
52,9,3,10,97395547.66058773,1,1.0
52,10,0,2,63796636.47672538,1,1.0
52,10,1,4,63939090.16120895,1,1.0
52,10,2,8,79793543.20577593,1,1.0
52,10,3,11,66316394.844839975,1,1.0
52,11,0,1,56576333.99010482,1,1.0
52,11,1,3,79161825.11564335,1,1.0
52,11,2,8,59115227.036811516,1,1.0
52,11,3,10,97130631.2251748,1,1.0
52,12,0,2,85466664.33979309,1,1.0
52,12,1,4,64997901.621455796,1,1.0
52,12,2,7,55125883.35799833,1,1.0
52,12,3,10,75217399.44265005,1,1.0
52,13,0,2,100249509.69087034,1,1.0
52,13,1,4,63183906.64345677,1,1.0
52,13,2,6,57940241.48182356,1,1.0
52,13,3,11,83440644.36999932,1,1.0
52,14,0,2,61858177.28585726,1,1.0
52,14,1,4,60036761.37627122,1,1.0
52,14,2,7,69535806.08152355,1,1.0
52,14,3,10,109337171.42147379,1,1.0
52,15,0,2,72457240.67766607,1,1.0
52,15,1,4,61130605.725108534,1,1.0
52,15,2,8,63729254.88258643,1,1.0
52,15,3,10,93193973.2333992,1,1.0
52,16,0,2,70009080.56420903,1,1.0
52,16,1,3,79312666.44520126,1,1.0
52,16,2,8,69959358.77241625,1,1.0
52,16,3,10,87543800.09619705,1,1.0
52,17,0,2,61461886.63530145,1,1.0
52,17,1,3,77588201.04186252,1,1.0
52,17,2,8,93361055.20999914,1,1.0
52,17,3,10,69371264.79727276,1,1.0
52,18,0,2,80221456.55116962,1,1.0
52,18,1,3,77339400.24518038,1,1.0
52,18,2,8,76143274.10389458,1,1.0
52,18,3,11,71501992.09985152,1,1.0
52,19,0,2,90493433.46118224,1,1.0
52,19,1,3,68130038.38871507,1,1.0
52,19,2,7,54187445.09604452,1,1.0
52,19,3,10,74845669.21381067,1,1.0
52,20,0,2,78217472.8760891,1,1.0
52,20,1,3,73648148.23353603,1,1.0
52,20,2,8,71645758.11928514,1,1.0
52,20,3,10,107725209.47447833,1,1.0
52,21,0,2,67195287.35335697,1,1.0
52,21,1,3,84494549.20581745,1,1.0
52,21,2,6,59063296.05301837,1,1.0
52,21,3,10,58512514.02475551,1,1.0
52,22,0,2,68267613.64002909,1,1.0
52,22,1,3,98224777.3020288,1,1.0
52,22,2,8,61310601.80917702,1,1.0
52,22,3,10,57427022.93843898,1,1.0
52,23,0,2,98121462.37071262,1,1.0
52,23,1,3,66378949.2068494,1,1.0
52,23,2,7,69115050.41927305,1,1.0
52,23,3,10,95404628.54503585,1,1.0
53,0,0,2,60398993.384351864,1,1.0
53,0,1,4,70702010.16388223,1,1.0
53,0,2,8,57769838.37573179,1,1.0
53,0,3,10,72483095.85863109,1,1.0
53,1,0,2,85824876.77824914,1,1.0
53,1,1,4,75202603.65514122,1,1.0
53,1,2,8,83562892.16607895,1,1.0
53,1,3,10,65896935.584605455,1,1.0
53,2,0,2,97062449.5951082,1,1.0
53,2,1,3,96250697.0375256,1,1.0
53,2,2,7,62666389.71918011,1,1.0
53,2,3,10,91832431.92190486,1,1.0
53,3,0,2,66023728.404263616,1,1.0
53,3,1,3,87568594.41385335,1,1.0
53,3,2,6,66353694.30942544,1,1.0
53,3,3,10,72674799.60776153,1,1.0
53,4,0,2,71283101.66717157,1,1.0
53,4,1,3,64847037.140813194,1,1.0
53,4,2,8,64301057.32161171,1,1.0
53,4,3,10,81211729.80441009,1,1.0
53,5,0,0,57868441.932702325,1,1.0
53,5,1,3,85189269.95493275,1,1.0
53,5,2,8,98345148.03458728,1,1.0
53,5,3,10,61055384.80271825,1,1.0
53,6,0,0,56342065.685922146,1,1.0
53,6,1,3,58337112.38767621,1,1.0
53,6,2,8,69057159.01656027,1,1.0
53,6,3,10,65106041.99277312,1,1.0
53,7,0,2,86711755.75299779,1,1.0
53,7,1,3,65700574.827905014,1,1.0
53,7,2,7,59127020.67214009,1,1.0
53,7,3,10,67633961.78557627,1,1.0
53,8,0,2,74766624.86303589,1,1.0
53,8,1,4,65174225.922841765,1,1.0
53,8,2,8,62529876.49685571,1,1.0
53,8,3,10,80882792.24173553,1,1.0
53,9,0,0,63257541.69921276,1,1.0
53,9,1,4,79933194.94246681,1,1.0
53,9,2,7,54374989.74586073,1,1.0
53,9,3,11,68803900.46701112,1,1.0
53,10,0,2,74518278.5765261,1,1.0
53,10,1,3,76357230.99617071,1,1.0
53,10,2,8,62516071.43559521,1,1.0
53,10,3,11,88138073.13100395,1,1.0
53,11,0,2,98910173.37857059,1,1.0
53,11,1,3,81270599.11922915,1,1.0
53,11,2,8,101387627.40326935,1,1.0
53,11,3,10,75011318.20820846,1,1.0
53,12,0,1,71221144.67470782,1,1.0
53,12,1,4,64969123.69517363,1,1.0
53,12,2,7,60740617.84754625,1,1.0
53,12,3,10,102566243.69964509,1,1.0
53,13,0,2,97950983.0188836,1,1.0
53,13,1,3,60885148.57321996,1,1.0
53,13,2,8,59312934.85590001,1,1.0
53,13,3,10,81974361.99296178,1,1.0
53,14,0,2,61566336.874840945,1,1.0
53,14,1,3,85452892.43467855,1,1.0
53,14,2,6,61172565.42063458,1,1.0
53,14,3,11,67142614.00251092,1,1.0
53,15,0,2,68250815.84169532,1,1.0
53,15,1,3,63257340.355505764,1,1.0
53,15,2,8,66094698.92945077,1,1.0
53,15,3,11,74523797.63877079,1,1.0
53,16,0,2,92364883.97164674,1,1.0
53,16,1,3,97827954.87598608,1,1.0
53,16,2,7,71936955.69818641,1,1.0
53,16,3,10,73399495.79941584,1,1.0
53,17,0,2,86302172.9658963,1,1.0
53,17,1,4,58122051.24080199,1,1.0
53,17,2,8,67133919.38897528,1,1.0
53,17,3,10,74833757.70511113,1,1.0
53,18,0,2,86120214.13628887,1,1.0
53,18,1,3,68961447.64564724,1,1.0
53,18,2,6,62803999.17368854,1,1.0
53,18,3,11,76923289.07816316,1,1.0
53,19,0,2,60084277.32248093,1,1.0
53,19,1,4,76769357.9008504,1,1.0
53,19,2,8,64426290.85809871,1,1.0
53,19,3,10,66487764.21707813,1,1.0
53,20,0,2,56577861.62358127,1,1.0
53,20,1,3,88465050.86710085,1,1.0
53,20,2,8,67590050.69524807,1,1.0
53,20,3,11,80529982.17321053,1,1.0
53,21,0,2,76738167.73261015,1,1.0
53,21,1,3,68493315.78702864,1,1.0
53,21,2,7,59173439.57057036,1,1.0
53,21,3,10,110590928.01817915,1,1.0
53,22,0,2,86424921.60241608,1,1.0
53,22,1,3,64351952.27897532,1,1.0
53,22,2,8,69747409.01202999,1,1.0
53,22,3,10,81135507.44871373,1,1.0
53,23,0,2,68511531.85332847,1,1.0
53,23,1,3,65002169.039211154,1,1.0
53,23,2,6,62726806.55618141,1,1.0
53,23,3,10,73405446.20330998,1,1.0
54,0,0,1,83055162.23182383,1,1.0
54,0,1,4,64910122.67105363,1,1.0
54,0,2,8,68685649.45921306,1,1.0
54,0,3,10,79977720.0533906,1,1.0
54,1,0,2,80194622.5107852,1,1.0
54,1,1,3,87893604.46536615,1,1.0
54,1,2,7,58050681.67305323,1,1.0
54,1,3,11,66854347.72687848,1,1.0
54,2,0,2,89346022.42417501,1,1.0
54,2,1,4,67196751.55785066,1,1.0
54,2,2,8,64351231.67894953,1,1.0
54,2,3,10,68052074.20453537,1,1.0
54,3,0,2,94929010.42217973,1,1.0
54,3,1,4,81340332.69590732,1,1.0
54,3,2,8,64447014.918306895,1,1.0
54,3,3,11,65347146.343866006,1,1.0
54,4,0,2,70893116.26741855,1,1.0
54,4,1,4,74704639.56505567,1,1.0
54,4,2,8,83404875.08103885,1,1.0
54,4,3,10,86320637.67052004,1,1.0
54,5,0,2,66077821.362116896,1,1.0
54,5,1,3,92471139.56157155,1,1.0
54,5,2,7,52707118.032080285,1,1.0
54,5,3,10,72381239.24637534,1,1.0
54,6,0,2,53107387.98508553,1,1.0
54,6,1,3,69040872.44798003,1,1.0
54,6,2,6,54980708.731441796,1,1.0
54,6,3,11,65809226.17889119,1,1.0
54,7,0,0,61877100.53418728,1,1.0
54,7,1,3,64201001.01124751,1,1.0
54,7,2,6,71299789.4178053,1,1.0
54,7,3,10,81681904.58823776,1,1.0
54,8,0,2,111433200.34353149,1,1.0
54,8,1,3,72710799.18636121,1,1.0
54,8,2,8,73461551.76748234,1,1.0
54,8,3,10,75711191.35437997,1,1.0
54,9,0,2,81846551.06706649,1,1.0
54,9,1,3,105342465.96978052,1,1.0
54,9,2,6,56449866.29427877,1,1.0
54,9,3,10,76311671.94492112,1,1.0
54,10,0,0,55546821.91957889,1,1.0
54,10,1,3,81903336.50668737,1,1.0
54,10,2,8,60767609.85943481,1,1.0
54,10,3,10,61875577.47119071,1,1.0
54,11,0,2,73100356.80753852,1,1.0
54,11,1,3,79811713.56022437,1,1.0
54,11,2,8,71613386.9349164,1,1.0
54,11,3,10,66771736.36955221,1,1.0
54,12,0,2,62341132.07731473,1,1.0
54,12,1,4,63342642.0093733,1,1.0
54,12,2,8,73669358.92177804,1,1.0
54,12,3,10,76134731.4113584,1,1.0
54,13,0,0,70633923.74816197,1,1.0
54,13,1,3,71610443.60752137,1,1.0
54,13,2,7,69570132.19352031,1,1.0
54,13,3,10,94530114.37858148,1,1.0
54,14,0,2,82549540.32684128,1,1.0
54,14,1,3,88594954.76876885,1,1.0
54,14,2,8,71449515.63416067,1,1.0
54,14,3,10,80988550.30745342,1,1.0
54,15,0,2,76035268.46325615,1,1.0
54,15,1,3,71524648.81634504,1,1.0
54,15,2,8,66331133.29514094,1,1.0
54,15,3,11,79833188.84652185,1,1.0
54,16,0,2,88631269.53086561,1,1.0
54,16,1,3,81768469.27739976,1,1.0
54,16,2,8,71205066.86941928,1,1.0
54,16,3,10,92108585.26405461,1,1.0
54,17,0,2,80697406.51045199,1,1.0
54,17,1,3,89752846.53314276,1,1.0
54,17,2,7,59503061.97082994,1,1.0
54,17,3,10,71816568.3595346,1,1.0
54,18,0,2,65363350.203199275,1,1.0
54,18,1,4,73617501.76076134,1,1.0
54,18,2,8,63748275.2317478,1,1.0
54,18,3,10,88256501.06024309,1,1.0
54,19,0,2,69733839.3504744,1,1.0
54,19,1,3,65088411.46496578,1,1.0
54,19,2,7,55398233.76865694,1,1.0
54,19,3,10,81255005.98370619,1,1.0
54,20,0,2,90370821.2001837,1,1.0
54,20,1,3,70612963.68625736,1,1.0
54,20,2,8,67481780.10081832,1,1.0
54,20,3,10,68058501.9599595,1,1.0
54,21,0,2,69489449.122431,1,1.0
54,21,1,3,71722137.23382924,1,1.0
54,21,2,8,70407610.04185146,1,1.0
54,21,3,10,112769809.02518718,1,1.0
54,22,0,2,65559558.419282205,1,1.0
54,22,1,4,59789359.6272624,1,1.0
54,22,2,8,66424560.46851009,1,1.0
54,22,3,10,93236472.81513067,1,1.0
54,23,0,2,72565077.49724807,1,1.0
54,23,1,4,67573658.37792745,1,1.0
54,23,2,6,61572810.83290753,1,1.0
54,23,3,10,78042309.83243023,1,1.0
55,0,0,2,71719031.69411969,1,1.0
55,0,1,4,67521058.06094997,1,1.0
55,0,2,6,61816015.18850626,1,1.0
55,0,3,10,103434791.64262962,1,1.0
55,1,0,0,62623871.176438324,1,1.0
55,1,1,3,72051571.75574367,1,1.0
55,1,2,7,68716506.79696226,1,1.0
55,1,3,10,72679047.68565212,1,1.0
55,2,0,2,90724388.16619517,1,1.0
55,2,1,3,101952250.6181153,1,1.0
55,2,2,8,70954289.17311615,1,1.0
55,2,3,10,72264163.21617298,1,1.0
55,3,0,1,58115040.94746092,1,1.0
55,3,1,3,73523676.99374667,1,1.0
55,3,2,7,65462764.84898923,1,1.0
55,3,3,10,67949138.42881249,1,1.0
55,4,0,0,61042177.26281275,1,1.0
55,4,1,3,71214690.93910632,1,1.0
55,4,2,8,81234763.66207309,1,1.0
55,4,3,11,69723193.88952805,1,1.0
55,5,0,2,75021215.02189511,1,1.0
55,5,1,4,61068622.4572022,1,1.0
55,5,2,7,69433037.30893622,1,1.0
55,5,3,10,86359585.92510994,1,1.0
55,6,0,2,74687000.71656051,1,1.0
55,6,1,4,59622069.67703595,1,1.0
55,6,2,8,68011542.27189068,1,1.0
55,6,3,10,64733698.81434895,1,1.0
55,7,0,2,68330375.38851044,1,1.0
55,7,1,4,72377517.17359866,1,1.0
55,7,2,8,67425511.58040021,1,1.0
55,7,3,10,78680989.88798425,1,1.0
55,8,0,2,87835433.2574042,1,1.0
55,8,1,4,75165500.67941782,1,1.0
55,8,2,8,84457359.65871808,1,1.0
55,8,3,10,90735734.54727207,1,1.0
55,9,0,1,68814703.45091517,1,1.0
55,9,1,3,67689570.39511772,1,1.0
55,9,2,8,69660573.4375992,1,1.0
55,9,3,10,100721526.5814016,1,1.0
55,10,0,2,61309381.12122457,1,1.0
55,10,1,4,74661079.45118123,1,1.0
55,10,2,8,63827808.52372094,1,1.0
55,10,3,10,77577836.03850459,1,1.0
55,11,0,2,82359994.75984482,1,1.0
55,11,1,3,69590396.7862518,1,1.0
55,11,2,8,76350129.63073808,1,1.0
55,11,3,10,69346567.55508424,1,1.0
55,12,0,2,68106157.07314476,1,1.0
55,12,1,3,65181856.19606301,1,1.0
55,12,2,7,56368338.32290096,1,1.0
55,12,3,11,73626343.74669194,1,1.0
55,13,0,1,60586106.898650676,1,1.0
55,13,1,3,68978507.70199172,1,1.0
55,13,2,8,57782003.067559436,1,1.0
55,13,3,10,71489541.8884184,1,1.0
55,14,0,2,69699714.63041608,1,1.0
55,14,1,4,77367325.80216363,1,1.0
55,14,2,8,85455525.69148457,1,1.0
55,14,3,10,79016859.12069352,1,1.0
55,15,0,2,82977814.35356994,1,1.0
55,15,1,3,92559595.58009012,1,1.0
55,15,2,8,87389231.84755605,1,1.0
55,15,3,10,102813981.59887797,1,1.0
55,16,0,2,70111038.47660287,1,1.0
55,16,1,3,57816496.13951092,1,1.0
55,16,2,8,70005441.8447241,1,1.0
55,16,3,10,83951649.79381943,1,1.0
55,17,0,2,60662759.38186547,1,1.0
55,17,1,3,84005321.68304805,1,1.0
55,17,2,8,53736585.02967819,1,1.0
55,17,3,10,91368927.28138126,1,1.0
55,18,0,2,83012257.34066013,1,1.0
55,18,1,3,75582129.38846111,1,1.0
55,18,2,6,62508847.347132236,1,1.0
55,18,3,11,78881260.74723023,1,1.0
55,19,0,2,105700107.5903058,1,1.0
55,19,1,3,78124026.35472669,1,1.0
55,19,2,8,67342274.03661175,1,1.0
55,19,3,10,73232318.99291736,1,1.0
55,20,0,2,76981202.88733661,1,1.0
55,20,1,3,60904095.423434675,1,1.0
55,20,2,8,70850217.09979458,1,1.0
55,20,3,10,100154414.04998162,1,1.0
55,21,0,2,58333813.10876374,1,1.0
55,21,1,3,66507190.300768696,1,1.0
55,21,2,8,71809818.22777341,1,1.0
55,21,3,10,95534073.8764291,1,1.0
55,22,0,2,101715179.11779043,1,1.0
55,22,1,3,81847889.20166232,1,1.0
55,22,2,8,64371105.34539224,1,1.0
55,22,3,10,92392361.88781893,1,1.0
55,23,0,2,68419391.00836664,1,1.0
55,23,1,3,72841995.34079562,1,1.0
55,23,2,8,58525165.45115453,1,1.0
55,23,3,11,59750554.861752644,1,1.0
56,0,0,2,68091324.44386308,1,1.0
56,0,1,4,78035760.08210419,1,1.0
56,0,2,8,70055723.06169851,1,1.0
56,0,3,10,84004863.87069698,1,1.0
56,1,0,2,63714276.38299595,1,1.0
56,1,1,3,69473267.99069302,1,1.0
56,1,2,6,74584047.76725258,1,1.0
56,1,3,10,68666633.1868955,1,1.0
56,2,0,2,66541933.620024405,1,1.0
56,2,1,3,74758488.13052331,1,1.0
56,2,2,8,64903711.172641076,1,1.0
56,2,3,10,107537352.86846983,1,1.0
56,3,0,2,75107297.3882053,1,1.0
56,3,1,4,62252022.061284475,1,1.0
56,3,2,7,71400622.69381095,1,1.0
56,3,3,11,90105184.80460401,1,1.0
56,4,0,2,70294658.84488691,1,1.0
56,4,1,3,85387320.04658706,1,1.0
56,4,2,6,70098172.71362808,1,1.0
56,4,3,11,76113254.04403666,1,1.0
56,5,0,0,62630626.161356874,1,1.0
56,5,1,3,61261216.259679064,1,1.0
56,5,2,7,65220559.56958482,1,1.0
56,5,3,11,57642829.52884826,1,1.0
56,6,0,1,64166411.01985808,1,1.0
56,6,1,3,78025046.17767546,1,1.0
56,6,2,8,56624704.65983897,1,1.0
56,6,3,10,91109626.20286806,1,1.0
56,7,0,2,68288709.74949588,1,1.0
56,7,1,4,66579085.28865837,1,1.0
56,7,2,6,62338212.072236836,1,1.0
56,7,3,10,68462279.94892552,1,1.0
56,8,0,2,100644612.10411207,1,1.0
56,8,1,3,63497672.94417171,1,1.0
56,8,2,7,60990957.59048041,1,1.0
56,8,3,10,67084348.6492065,1,1.0
56,9,0,2,74423605.95929384,1,1.0
56,9,1,3,73810033.57178621,1,1.0
56,9,2,7,66692029.09419653,1,1.0
56,9,3,10,75043722.7685979,1,1.0
56,10,0,2,68533919.99523315,1,1.0
56,10,1,3,69339407.63350101,1,1.0
56,10,2,8,66166992.02609984,1,1.0
56,10,3,10,67009863.39403735,1,1.0
56,11,0,1,57108074.98639579,1,1.0
56,11,1,3,74493091.20806254,1,1.0
56,11,2,8,84916552.60794534,1,1.0
56,11,3,10,78013309.7202053,1,1.0
56,12,0,2,64824837.79555783,1,1.0
56,12,1,3,65867833.894596964,1,1.0
56,12,2,8,74736199.63908894,1,1.0
56,12,3,10,73108031.11639881,1,1.0
56,13,0,2,61244034.73602086,1,1.0
56,13,1,3,75555176.74364975,1,1.0
56,13,2,6,65252871.58714917,1,1.0
56,13,3,11,67464091.61987416,1,1.0
56,14,0,2,80145033.85104203,1,1.0
56,14,1,3,82720595.90729117,1,1.0
56,14,2,8,58748909.66113119,1,1.0
56,14,3,11,66383386.66563623,1,1.0
56,15,0,2,61176459.008136645,1,1.0
56,15,1,3,75196837.04925883,1,1.0
56,15,2,7,65729020.265769675,1,1.0
56,15,3,10,86104828.99093066,1,1.0
56,16,0,2,94290507.52126226,1,1.0
56,16,1,3,70573778.7131967,1,1.0
56,16,2,8,66015117.28363269,1,1.0
56,16,3,11,65211347.864406615,1,1.0
56,17,0,0,67130462.19733512,1,1.0
56,17,1,3,62545438.65813118,1,1.0
56,17,2,6,64890570.678008504,1,1.0
56,17,3,11,68425391.81052038,1,1.0
56,18,0,2,97610826.32939354,1,1.0
56,18,1,3,105450745.42810924,1,1.0
56,18,2,8,71248816.19095312,1,1.0
56,18,3,10,78641589.49840549,1,1.0
56,19,0,2,64148289.64468603,1,1.0
56,19,1,3,75002605.17890497,1,1.0
56,19,2,8,63321042.96717841,1,1.0
56,19,3,10,80660278.78301959,1,1.0
56,20,0,2,74804934.79930635,1,1.0
56,20,1,3,75656184.66253373,1,1.0
56,20,2,8,74580310.49380139,1,1.0
56,20,3,10,81198642.20953317,1,1.0
56,21,0,2,83889629.47334445,1,1.0
56,21,1,4,85865058.13697955,1,1.0
56,21,2,8,71197589.12367596,1,1.0
56,21,3,10,94817681.70077033,1,1.0
56,22,0,2,59837388.75536757,1,1.0
56,22,1,3,67276233.46077609,1,1.0
56,22,2,8,69817963.20747197,1,1.0
56,22,3,11,72602862.80039425,1,1.0
56,23,0,0,57224328.4663016,1,1.0
56,23,1,4,88688758.84089664,1,1.0
56,23,2,8,88048829.73162138,1,1.0
56,23,3,11,78599256.43143874,1,1.0
57,0,0,2,66178028.32378928,1,1.0
57,0,1,3,67711072.87990697,1,1.0
57,0,2,6,55267475.497586735,1,1.0
57,0,3,11,92362869.38685478,1,1.0
57,1,0,2,75117547.06859496,1,1.0
57,1,1,3,89364712.4793169,1,1.0
57,1,2,7,64964647.86379064,1,1.0
57,1,3,10,85864115.47216451,1,1.0
57,2,0,2,68868157.12413152,1,1.0
57,2,1,3,75566185.5090065,1,1.0
57,2,2,8,71223378.26296215,1,1.0
57,2,3,10,80344712.88866779,1,1.0
57,3,0,0,58636796.93407253,1,1.0
57,3,1,3,74871106.1764001,1,1.0
57,3,2,8,68186078.9888888,1,1.0
57,3,3,11,68341077.34938589,1,1.0
57,4,0,2,75472270.29069225,1,1.0
57,4,1,3,63163217.7118098,1,1.0
57,4,2,8,63866861.56311531,1,1.0
57,4,3,10,85147270.79567002,1,1.0
57,5,0,2,57258815.160301514,1,1.0
57,5,1,3,84175087.34114419,1,1.0
57,5,2,8,74170606.42317598,1,1.0
57,5,3,10,77044516.2726715,1,1.0
57,6,0,0,63362388.81808019,1,1.0
57,6,1,3,73102717.73344816,1,1.0
57,6,2,6,55820452.40124341,1,1.0
57,6,3,10,111088156.14411296,1,1.0
57,7,0,0,72055411.26478466,1,1.0
57,7,1,3,67298597.8014271,1,1.0
57,7,2,6,60450732.479666404,1,1.0
57,7,3,11,73283170.85660505,1,1.0
57,8,0,2,65221715.47943892,1,1.0
57,8,1,3,76935669.79089141,1,1.0
57,8,2,6,79075427.73878141,1,1.0
57,8,3,10,71596094.93496165,1,1.0
57,9,0,2,82939351.67344432,1,1.0
57,9,1,3,76545431.13887714,1,1.0
57,9,2,8,61071848.44742434,1,1.0
57,9,3,10,82038976.47386873,1,1.0
57,10,0,2,70238946.85234147,1,1.0
57,10,1,3,84467825.50724418,1,1.0
57,10,2,8,85198312.84477621,1,1.0
57,10,3,10,78529542.83204994,1,1.0
57,11,0,2,96318117.63065174,1,1.0
57,11,1,3,89702516.67499518,1,1.0
57,11,2,8,67655447.271698,1,1.0
57,11,3,10,85703441.00748529,1,1.0
57,12,0,2,65710938.822785266,1,1.0
57,12,1,3,82147251.46288972,1,1.0
57,12,2,7,67325651.54809642,1,1.0
57,12,3,10,83197151.6521389,1,1.0
57,13,0,2,65923238.02172228,1,1.0
57,13,1,3,88249011.91042528,1,1.0
57,13,2,8,58578382.18897282,1,1.0
57,13,3,10,85480489.32892337,1,1.0
57,14,0,2,55487220.5362139,1,1.0
57,14,1,4,81220340.3861921,1,1.0
57,14,2,7,56077819.17992216,1,1.0
57,14,3,11,91747288.8639796,1,1.0
57,15,0,2,76885157.22809492,1,1.0
57,15,1,4,78499148.19643553,1,1.0
57,15,2,6,61502119.03075921,1,1.0
57,15,3,11,74019708.63240343,1,1.0
57,16,0,2,70315190.83994086,1,1.0
57,16,1,3,84599387.64479192,1,1.0
57,16,2,7,63218614.71167723,1,1.0
57,16,3,11,72310204.17271833,1,1.0
57,17,0,0,82559639.53889096,1,1.0
57,17,1,4,72239477.2027084,1,1.0
57,17,2,8,81595153.62035275,1,1.0
57,17,3,10,74898853.71643998,1,1.0
57,18,0,2,73313422.78289649,1,1.0
57,18,1,3,85287341.3227802,1,1.0
57,18,2,8,60606670.42436224,1,1.0
57,18,3,10,71943014.30388364,1,1.0
57,19,0,2,70487606.04096442,1,1.0
57,19,1,4,75167697.71008013,1,1.0
57,19,2,7,67185625.85319495,1,1.0
57,19,3,10,68739918.45007677,1,1.0
57,20,0,0,67861491.4243349,1,1.0
57,20,1,4,59169602.155552134,1,1.0
57,20,2,7,57584252.43848339,1,1.0
57,20,3,10,75252147.0696657,1,1.0
57,21,0,2,95522614.63930485,1,1.0
57,21,1,3,63015422.738347806,1,1.0
57,21,2,7,73977385.48133224,1,1.0
57,21,3,10,67655924.03881997,1,1.0
57,22,0,0,57028823.72816166,1,1.0
57,22,1,3,84398317.9399402,1,1.0
57,22,2,8,83385830.44746506,1,1.0
57,22,3,10,73196646.74901651,1,1.0
57,23,0,0,67963408.95204647,1,1.0
57,23,1,3,81389387.86131044,1,1.0
57,23,2,8,59281044.40712597,1,1.0
57,23,3,11,76412143.01085342,1,1.0
58,0,0,2,72987402.5995068,1,1.0
58,0,1,3,64021816.70280613,1,1.0
58,0,2,8,62450921.59221949,1,1.0
58,0,3,10,92084881.30409896,1,1.0
58,1,0,2,78612010.65539162,1,1.0
58,1,1,3,83539808.32230783,1,1.0
58,1,2,8,62570293.40625666,1,1.0
58,1,3,10,67793468.1500302,1,1.0
58,2,0,2,92578584.73215245,1,1.0
58,2,1,3,91121231.65827899,1,1.0
58,2,2,6,54661833.93254679,1,1.0
58,2,3,10,91635068.54026718,1,1.0
58,3,0,0,84479170.24313623,1,1.0
58,3,1,3,75271279.02989002,1,1.0
58,3,2,6,66726133.06272447,1,1.0
58,3,3,10,75568299.89621845,1,1.0
58,4,0,2,65845408.30951466,1,1.0
58,4,1,3,74101865.25950177,1,1.0
58,4,2,7,57137230.053758346,1,1.0
58,4,3,10,84197045.63955927,1,1.0
58,5,0,2,76808077.67813537,1,1.0
58,5,1,4,70280260.64031112,1,1.0
58,5,2,8,60798889.751563534,1,1.0
58,5,3,10,69398046.7328307,1,1.0
58,6,0,2,87599293.96506599,1,1.0
58,6,1,3,69959415.61038095,1,1.0
58,6,2,8,70025926.2523046,1,1.0
58,6,3,10,76201675.21949907,1,1.0
58,7,0,2,73112488.8318749,1,1.0
58,7,1,3,67917731.63331415,1,1.0
58,7,2,8,67837953.54159649,1,1.0
58,7,3,10,94429847.27726427,1,1.0
58,8,0,2,84195356.81934264,1,1.0
58,8,1,3,74287826.6548908,1,1.0
58,8,2,7,63107775.58913978,1,1.0
58,8,3,10,87664150.53327541,1,1.0
58,9,0,2,85846981.26954368,1,1.0
58,9,1,3,88216107.1591405,1,1.0
58,9,2,7,70989040.83909108,1,1.0
58,9,3,10,76438186.80686364,1,1.0
58,10,0,2,73161817.66457604,1,1.0
58,10,1,3,78688064.00282924,1,1.0
58,10,2,8,68167451.05843255,1,1.0
58,10,3,11,80077670.44721831,1,1.0
58,11,0,2,79134808.26905511,1,1.0
58,11,1,3,80721940.63046014,1,1.0
58,11,2,8,70695519.56267983,1,1.0
58,11,3,10,72592702.18820126,1,1.0
58,12,0,2,80558468.10835843,1,1.0
58,12,1,3,65028452.417946436,1,1.0
58,12,2,8,61098090.10909622,1,1.0
58,12,3,10,76893654.57352826,1,1.0
58,13,0,2,70931357.32841586,1,1.0
58,13,1,4,60582083.2602282,1,1.0
58,13,2,8,54567634.81568937,1,1.0
58,13,3,10,80654896.40015352,1,1.0
58,14,0,2,66219981.78396412,1,1.0
58,14,1,3,68845608.08272551,1,1.0
58,14,2,6,57738690.07894908,1,1.0
58,14,3,10,99643592.34174,1,1.0
58,15,0,2,78377530.17088538,1,1.0
58,15,1,3,68071934.6157652,1,1.0
58,15,2,8,63046548.436733566,1,1.0
58,15,3,11,65105746.55511408,1,1.0
58,16,0,2,78899344.88713847,1,1.0
58,16,1,3,85822651.34183984,1,1.0
58,16,2,8,62168286.3698022,1,1.0
58,16,3,10,79444620.62971194,1,1.0
58,17,0,2,74847973.57488395,1,1.0
58,17,1,3,66194165.23534015,1,1.0
58,17,2,8,75668466.09115921,1,1.0
58,17,3,10,70699151.6845083,1,1.0
58,18,0,2,90670091.20995629,1,1.0
58,18,1,3,59621653.61913945,1,1.0
58,18,2,8,57917302.177191,1,1.0
58,18,3,11,69492692.40659083,1,1.0
58,19,0,0,56518897.76256232,1,1.0
58,19,1,4,80304979.22422302,1,1.0
58,19,2,8,59818650.21575535,1,1.0
58,19,3,10,77349133.55358332,1,1.0
58,20,0,2,66420297.356790595,1,1.0
58,20,1,3,77128130.36925419,1,1.0
58,20,2,6,65095905.03594861,1,1.0
58,20,3,11,84424022.04806995,1,1.0
58,21,0,2,66349214.00226011,1,1.0
58,21,1,4,66067344.76363982,1,1.0
58,21,2,8,84728949.77196668,1,1.0
58,21,3,10,74657405.62933698,1,1.0
58,22,0,2,68085819.88106395,1,1.0
58,22,1,4,79772202.18285784,1,1.0
58,22,2,8,61769499.45439577,1,1.0
58,22,3,10,82809349.47720465,1,1.0
58,23,0,2,107225663.91476865,1,1.0
58,23,1,3,63638556.52231788,1,1.0
58,23,2,7,76292376.92766325,1,1.0
58,23,3,10,92698543.75848924,1,1.0
59,0,0,2,82184858.43930104,1,1.0
59,0,1,3,64586966.11893165,1,1.0
59,0,2,7,57370943.20296328,1,1.0
59,0,3,10,91587178.92624585,1,1.0
59,1,0,2,82957127.6861569,1,1.0
59,1,1,4,104226988.57077421,1,1.0
59,1,2,7,58506141.485735334,1,1.0
59,1,3,11,76195925.03926896,1,1.0
59,2,0,0,75566570.38778083,1,1.0
59,2,1,3,75843890.31266098,1,1.0
59,2,2,7,54888781.84834364,1,1.0
59,2,3,10,75871383.77417988,1,1.0
59,3,0,2,60713293.904861785,1,1.0
59,3,1,3,78665301.27829333,1,1.0
59,3,2,8,63907828.34817082,1,1.0
59,3,3,10,66661633.10421182,1,1.0
59,4,0,2,75145319.95541357,1,1.0
59,4,1,3,71313262.82116643,1,1.0
59,4,2,7,67787018.08709717,1,1.0
59,4,3,11,70239786.82523823,1,1.0
59,5,0,1,64102620.09174043,1,1.0
59,5,1,4,70049087.24495448,1,1.0
59,5,2,8,72108772.8986622,1,1.0
59,5,3,11,74484652.36943208,1,1.0
59,6,0,1,71945711.97349587,1,1.0
59,6,1,3,82428382.03054492,1,1.0
59,6,2,6,72367015.11853911,1,1.0
59,6,3,10,94252502.98694831,1,1.0
59,7,0,2,81711847.84187613,1,1.0
59,7,1,3,70738467.04558866,1,1.0
59,7,2,8,57373893.24846377,1,1.0
59,7,3,10,86200803.09837097,1,1.0
59,8,0,2,61054726.687345095,1,1.0
59,8,1,3,65639610.338110685,1,1.0
59,8,2,8,63979642.440181464,1,1.0
59,8,3,10,80261480.71890776,1,1.0
59,9,0,2,77931871.08230738,1,1.0
59,9,1,3,61035653.80128217,1,1.0
59,9,2,7,68787438.21947715,1,1.0
59,9,3,10,71178558.41753201,1,1.0
59,10,0,2,84781469.84276728,1,1.0
59,10,1,3,66269256.83785768,1,1.0
59,10,2,7,57194865.863177665,1,1.0
59,10,3,10,76994201.63660093,1,1.0
59,11,0,0,64529454.711576715,1,1.0
59,11,1,3,92560493.76787406,1,1.0
59,11,2,6,60404990.381043285,1,1.0
59,11,3,11,83738556.62690018,1,1.0
59,12,0,2,80351849.69821419,1,1.0
59,12,1,3,86573511.40159002,1,1.0
59,12,2,8,79181195.26449354,1,1.0
59,12,3,10,71853498.35320905,1,1.0
59,13,0,0,63928182.666253924,1,1.0
59,13,1,3,73374458.87835556,1,1.0
59,13,2,8,108615080.38076217,1,1.0
59,13,3,11,83920939.37932144,1,1.0
59,14,0,2,67182451.91626804,1,1.0
59,14,1,3,80172538.270496,1,1.0
59,14,2,8,86179296.74569671,1,1.0
59,14,3,11,73741043.30575602,1,1.0
59,15,0,0,79476384.79507427,1,1.0
59,15,1,3,71072612.43854028,1,1.0
59,15,2,6,58252184.52360408,1,1.0
59,15,3,10,92079798.39402997,1,1.0
59,16,0,0,56993802.812535405,1,1.0
59,16,1,3,64172221.71095361,1,1.0
59,16,2,7,69706988.6205188,1,1.0
59,16,3,10,63530473.565229185,1,1.0
59,17,0,2,76793190.97009814,1,1.0
59,17,1,4,55960401.14641113,1,1.0
59,17,2,7,62390469.117651105,1,1.0
59,17,3,10,82829051.94694242,1,1.0
59,18,0,2,71620695.92128222,1,1.0
59,18,1,3,64186916.219165795,1,1.0
59,18,2,8,72338970.56160322,1,1.0
59,18,3,11,64513234.20771033,1,1.0
59,19,0,2,84004271.40888502,1,1.0
59,19,1,3,75778944.37581746,1,1.0
59,19,2,8,78126809.92758454,1,1.0
59,19,3,11,77275658.28559583,1,1.0
59,20,0,2,83018269.56722896,1,1.0
59,20,1,3,78745773.74562238,1,1.0
59,20,2,7,56092520.05578741,1,1.0
59,20,3,10,72343499.06138717,1,1.0
59,21,0,2,66145198.89596157,1,1.0
59,21,1,3,66993703.56965847,1,1.0
59,21,2,6,57496647.247520775,1,1.0
59,21,3,10,66580379.6346621,1,1.0
59,22,0,2,64435645.86721492,1,1.0
59,22,1,3,114531364.54309003,1,1.0
59,22,2,8,61248152.579606704,1,1.0
59,22,3,11,63303623.286955096,1,1.0
59,23,0,0,62492941.74415168,1,1.0
59,23,1,3,64324474.82291874,1,1.0
59,23,2,6,67826717.293559,1,1.0
59,23,3,10,84456888.55124857,1,1.0
60,0,0,2,86040406.33333483,1,1.0
60,0,1,3,93062566.08310738,1,1.0
60,0,2,8,63865799.958889574,1,1.0
60,0,3,11,72178113.63252628,1,1.0
60,1,0,2,73187649.55900402,1,1.0
60,1,1,4,57803264.60347709,1,1.0
60,1,2,6,67815933.02005553,1,1.0
60,1,3,10,90230375.98527491,1,1.0
60,2,0,2,67881572.02297734,1,1.0
60,2,1,4,74113112.11081599,1,1.0
60,2,2,7,69751840.27965884,1,1.0
60,2,3,10,93331325.27639294,1,1.0
60,3,0,2,82369732.75160488,1,1.0
60,3,1,3,62777958.70813841,1,1.0
60,3,2,8,58224319.10327197,1,1.0
60,3,3,10,70292305.85078084,1,1.0
60,4,0,2,58700267.697512485,1,1.0
60,4,1,3,71436430.68994485,1,1.0
60,4,2,8,80075509.7978343,1,1.0
60,4,3,11,64342884.22567796,1,1.0
60,5,0,2,84894514.12393066,1,1.0
60,5,1,3,81260139.45614466,1,1.0
60,5,2,8,59727335.75776663,1,1.0
60,5,3,10,81419686.79258376,1,1.0
60,6,0,2,71508880.44661206,1,1.0
60,6,1,3,65917376.7050299,1,1.0
60,6,2,8,58228682.733209476,1,1.0
60,6,3,11,82720443.33919282,1,1.0
60,7,0,2,60590334.152335115,1,1.0
60,7,1,3,96518108.22403674,1,1.0
60,7,2,8,59387446.19234977,1,1.0
60,7,3,11,65562569.5844671,1,1.0
60,8,0,2,66899064.66025442,1,1.0
60,8,1,4,59919755.23349991,1,1.0
60,8,2,8,53595447.71763084,1,1.0
60,8,3,11,77021190.97731484,1,1.0
60,9,0,2,58658757.10662951,1,1.0
60,9,1,3,88651046.00181185,1,1.0
60,9,2,8,91445693.49188803,1,1.0
60,9,3,10,83198387.86732852,1,1.0
60,10,0,2,84627233.84181574,1,1.0
60,10,1,3,81975623.31586635,1,1.0
60,10,2,8,62506433.28759643,1,1.0
60,10,3,10,88456461.65926513,1,1.0
60,11,0,2,87341754.17704476,1,1.0
60,11,1,3,87969516.91783561,1,1.0
60,11,2,8,72848065.20765354,1,1.0
60,11,3,10,68911955.57721445,1,1.0
60,12,0,2,86444559.26296249,1,1.0
60,12,1,3,60297111.34527486,1,1.0
60,12,2,8,61706292.04168627,1,1.0
60,12,3,11,76116725.27152093,1,1.0
60,13,0,2,85039226.81977454,1,1.0
60,13,1,4,74160459.71879257,1,1.0
60,13,2,8,57582183.38167596,1,1.0
60,13,3,10,77952553.20344618,1,1.0
60,14,0,2,86725215.26459707,1,1.0
60,14,1,3,79228784.98317192,1,1.0
60,14,2,8,70578040.26741591,1,1.0
60,14,3,10,76721897.79386391,1,1.0
60,15,0,2,80375197.63110656,1,1.0
60,15,1,3,67932864.12682377,1,1.0
60,15,2,8,60395550.960860685,1,1.0
60,15,3,10,86383713.03897102,1,1.0
60,16,0,2,63973265.578466676,1,1.0
60,16,1,4,57894703.470195815,1,1.0
60,16,2,8,90726736.41298744,1,1.0
60,16,3,10,82902946.3213585,1,1.0
60,17,0,1,62050113.81729385,1,1.0
60,17,1,3,68712761.05376709,1,1.0
60,17,2,8,82168378.72442763,1,1.0
60,17,3,10,83700852.30304562,1,1.0
60,18,0,2,72339144.42114042,1,1.0
60,18,1,3,63099150.146729514,1,1.0
60,18,2,8,63554222.06476718,1,1.0
60,18,3,10,77458393.41295022,1,1.0
60,19,0,2,68897671.55031557,1,1.0
60,19,1,4,71822544.71870466,1,1.0
60,19,2,8,67084222.41521422,1,1.0
60,19,3,11,65311668.523225784,1,1.0
60,20,0,1,60386937.84706749,1,1.0
60,20,1,3,66832471.114640936,1,1.0
60,20,2,6,56158799.379761696,1,1.0
60,20,3,10,78764576.49758431,1,1.0
60,21,0,2,71918468.98065914,1,1.0
60,21,1,3,63259415.767597616,1,1.0
60,21,2,8,79532901.08957915,1,1.0
60,21,3,10,87641550.40881084,1,1.0
60,22,0,2,64277509.3789703,1,1.0
60,22,1,4,85801674.30980565,1,1.0
60,22,2,8,59579250.43045001,1,1.0
60,22,3,10,82315717.78215158,1,1.0
60,23,0,2,76380123.75393033,1,1.0
60,23,1,3,64871175.58252725,1,1.0
60,23,2,8,75504796.73009855,1,1.0
60,23,3,10,87888765.66282947,1,1.0
61,0,0,2,56607097.817080244,1,1.0
61,0,1,3,85028763.58987151,1,1.0
61,0,2,8,67156347.54733838,1,1.0
61,0,3,10,75901229.10542339,1,1.0
61,1,0,2,80832632.2648008,1,1.0
61,1,1,3,88635806.3631296,1,1.0
61,1,2,7,52533799.86378473,1,1.0
61,1,3,10,95594612.0680095,1,1.0
61,2,0,2,72016701.95673841,1,1.0
61,2,1,4,68464514.66331603,1,1.0
61,2,2,8,58609343.138928145,1,1.0
61,2,3,10,99416713.3486227,1,1.0
61,3,0,2,73668262.01872197,1,1.0
61,3,1,3,65990303.93357507,1,1.0
61,3,2,6,59069321.210181855,1,1.0
61,3,3,11,68702247.31324472,1,1.0
61,4,0,2,66754683.79866951,1,1.0
61,4,1,5,66636840.061654076,1,1.0
61,4,2,8,57357392.66729449,1,1.0
61,4,3,10,72833778.72848757,1,1.0
61,5,0,2,75044408.9599786,1,1.0
61,5,1,3,70682421.59272821,1,1.0
61,5,2,8,63261775.14950333,1,1.0
61,5,3,10,95293066.96301687,1,1.0
61,6,0,2,70696984.10587709,1,1.0
61,6,1,3,65900633.28787546,1,1.0
61,6,2,8,67533565.79172267,1,1.0
61,6,3,10,66766380.62986352,1,1.0
61,7,0,2,63473714.473251425,1,1.0
61,7,1,4,72348092.92230095,1,1.0
61,7,2,6,71853112.88775703,1,1.0
61,7,3,10,77459257.17712547,1,1.0
61,8,0,1,53051392.80735009,1,1.0
61,8,1,3,92572133.23964147,1,1.0
61,8,2,8,59151548.781986825,1,1.0
61,8,3,10,65577527.690414794,1,1.0
61,9,0,2,71448578.5373197,1,1.0
61,9,1,3,87282472.513206,1,1.0
61,9,2,7,66294329.08224425,1,1.0
61,9,3,10,95740412.80547221,1,1.0
61,10,0,2,62106215.410876095,1,1.0
61,10,1,4,64484361.49129448,1,1.0
61,10,2,8,65840253.66532058,1,1.0
61,10,3,10,75840854.62254442,1,1.0
61,11,0,2,62210836.95176388,1,1.0
61,11,1,4,67500454.9484302,1,1.0
61,11,2,7,67173509.12171267,1,1.0
61,11,3,11,69485549.14844416,1,1.0
61,12,0,2,77271041.36564125,1,1.0
61,12,1,3,88583444.042,1,1.0
61,12,2,8,62208731.215553,1,1.0
61,12,3,10,82160510.37864095,1,1.0
61,13,0,2,64205444.56671043,1,1.0
61,13,1,3,68236760.6413619,1,1.0
61,13,2,6,68086584.03837253,1,1.0
61,13,3,10,114303105.74116905,1,1.0
61,14,0,2,63618168.39580982,1,1.0
61,14,1,3,63759540.9902731,1,1.0
61,14,2,8,79499268.48860776,1,1.0
61,14,3,10,84892369.208849,1,1.0
61,15,0,0,61545251.804553814,1,1.0
61,15,1,3,70214383.15766561,1,1.0
61,15,2,6,67441695.07842836,1,1.0
61,15,3,10,71260503.49300069,1,1.0
61,16,0,2,59401817.75412857,1,1.0
61,16,1,3,58659910.83779479,1,1.0
61,16,2,6,55464326.77582128,1,1.0
61,16,3,11,68589059.68718371,1,1.0
61,17,0,2,67111295.54926473,1,1.0
61,17,1,3,63925591.91050851,1,1.0
61,17,2,8,72650110.55158702,1,1.0
61,17,3,10,86537815.24292439,1,1.0
61,18,0,2,60530513.261920564,1,1.0
61,18,1,3,86112096.93547824,1,1.0
61,18,2,8,69305767.34056632,1,1.0
61,18,3,10,67247006.09795554,1,1.0
61,19,0,2,70004610.68216391,1,1.0
61,19,1,3,74636435.11225851,1,1.0
61,19,2,8,67092382.981348835,1,1.0
61,19,3,10,102425738.82098679,1,1.0
61,20,0,2,65321578.67652859,1,1.0
61,20,1,3,97895258.04901202,1,1.0
61,20,2,6,64373975.76883919,1,1.0
61,20,3,10,66045737.46866671,1,1.0
61,21,0,0,64140415.6865297,1,1.0
61,21,1,3,93234674.82861511,1,1.0
61,21,2,6,57642706.771603964,1,1.0
61,21,3,10,75405427.00994593,1,1.0
61,22,0,1,69844210.67777137,1,1.0
61,22,1,3,103093290.21566634,1,1.0
61,22,2,7,60944776.8298721,1,1.0
61,22,3,10,70129919.56703006,1,1.0
61,23,0,2,66688336.97985338,1,1.0
61,23,1,4,76192773.25483732,1,1.0
61,23,2,8,63125677.79622992,1,1.0
61,23,3,10,70544390.30786218,1,1.0
62,0,0,2,85729243.04406339,1,1.0
62,0,1,3,67094484.92925259,1,1.0
62,0,2,8,82587247.53525783,1,1.0
62,0,3,10,68769449.60416605,1,1.0
62,1,0,2,77249825.9700548,1,1.0
62,1,1,4,64675352.17804733,1,1.0
62,1,2,8,62056597.61516799,1,1.0
62,1,3,10,78168994.68431844,1,1.0
62,2,0,2,59811579.5976599,1,1.0
62,2,1,3,90029188.37608467,1,1.0
62,2,2,8,73439310.83860925,1,1.0
62,2,3,10,79467643.03479153,1,1.0
62,3,0,2,64473873.434085526,1,1.0
62,3,1,4,86422960.00313602,1,1.0
62,3,2,7,58530493.10437367,1,1.0
62,3,3,10,75477148.29316244,1,1.0
62,4,0,2,86465140.54623444,1,1.0
62,4,1,4,66586147.40612183,1,1.0
62,4,2,8,76609899.93710375,1,1.0
62,4,3,10,63461262.99779943,1,1.0
62,5,0,1,63192631.08739736,1,1.0
62,5,1,3,80010974.25556734,1,1.0
62,5,2,8,61789065.95341384,1,1.0
62,5,3,10,70950418.7520625,1,1.0
62,6,0,2,79189394.47949779,1,1.0
62,6,1,4,67525145.71527582,1,1.0
62,6,2,7,60981224.69400275,1,1.0
62,6,3,10,81027225.84327948,1,1.0
62,7,0,2,68986471.22370464,1,1.0
62,7,1,4,65528796.36496455,1,1.0
62,7,2,8,63258263.74039442,1,1.0
62,7,3,10,93454142.74498099,1,1.0
62,8,0,2,88408443.87167916,1,1.0
62,8,1,3,74841010.9851164,1,1.0
62,8,2,8,70354519.20733304,1,1.0
62,8,3,10,106830310.57533656,1,1.0
62,9,0,2,94947735.67273764,1,1.0
62,9,1,4,62315655.990417674,1,1.0
62,9,2,8,60709658.49870482,1,1.0
62,9,3,10,78386838.66895886,1,1.0
62,10,0,2,85721873.40211129,1,1.0
62,10,1,3,73972341.67197858,1,1.0
62,10,2,8,60856915.728697024,1,1.0
62,10,3,11,66749342.08446362,1,1.0
62,11,0,0,57117599.23244357,1,1.0
62,11,1,3,74658617.70056662,1,1.0
62,11,2,7,57430106.456031434,1,1.0
62,11,3,10,86303716.23180415,1,1.0
62,12,0,2,77112699.66372928,1,1.0
62,12,1,3,75510568.69624455,1,1.0
62,12,2,8,55743116.32194175,1,1.0
62,12,3,10,76332367.69826713,1,1.0
62,13,0,2,80490924.33806959,1,1.0
62,13,1,3,70578372.26699488,1,1.0
62,13,2,6,74661492.24701595,1,1.0
62,13,3,10,65235013.34205552,1,1.0
62,14,0,2,80681522.02340695,1,1.0
62,14,1,3,63957805.26453432,1,1.0
62,14,2,6,60770655.612955004,1,1.0
62,14,3,10,83125648.64756507,1,1.0
62,15,0,2,84191069.33476199,1,1.0
62,15,1,3,83173525.03701362,1,1.0
62,15,2,8,57542530.47130009,1,1.0
62,15,3,10,70873079.12841524,1,1.0
62,16,0,2,87994216.100276,1,1.0
62,16,1,3,90563548.71932323,1,1.0
62,16,2,8,87785969.83477747,1,1.0
62,16,3,10,83562088.25058609,1,1.0
62,17,0,2,70277093.2140852,1,1.0
62,17,1,4,88337774.55494004,1,1.0
62,17,2,8,53871736.85033896,1,1.0
62,17,3,10,94870917.03313492,1,1.0
62,18,0,0,64217978.78651339,1,1.0
62,18,1,3,79429036.7361143,1,1.0
62,18,2,8,60767520.78411694,1,1.0
62,18,3,10,82575659.81762406,1,1.0
62,19,0,2,78960467.91261104,1,1.0
62,19,1,4,66938487.1444398,1,1.0
62,19,2,8,68380011.69255681,1,1.0
62,19,3,11,67225326.42830151,1,1.0
62,20,0,2,69141637.43094839,1,1.0
62,20,1,4,81742573.0912354,1,1.0
62,20,2,8,69190926.90462597,1,1.0
62,20,3,10,64180969.915254496,1,1.0
62,21,0,2,81205666.94757733,1,1.0
62,21,1,3,91782756.90496682,1,1.0
62,21,2,8,53340015.21076032,1,1.0
62,21,3,10,66833909.05593391,1,1.0
62,22,0,0,68266075.55091189,1,1.0
62,22,1,3,81021907.92893882,1,1.0
62,22,2,8,81453387.9943239,1,1.0
62,22,3,11,69421187.37972173,1,1.0
62,23,0,2,87526037.25184731,1,1.0
62,23,1,4,67720687.14275248,1,1.0
62,23,2,6,57986710.42302961,1,1.0
62,23,3,10,77927044.42251486,1,1.0
63,0,0,0,73441223.43784276,1,1.0
63,0,1,3,104480688.63575888,1,1.0
63,0,2,6,55073991.08235054,1,1.0
63,0,3,10,99055655.79340978,1,1.0
63,1,0,1,64795219.0565788,1,1.0
63,1,1,3,103266389.23862535,1,1.0
63,1,2,6,69400338.3256553,1,1.0
63,1,3,10,65330830.290202886,1,1.0
63,2,0,2,70273960.4212864,1,1.0
63,2,1,4,67945540.26081878,1,1.0
63,2,2,8,80896419.07837208,1,1.0
63,2,3,10,78264400.36614706,1,1.0
63,3,0,2,81376753.8678506,1,1.0
63,3,1,3,65114252.28309118,1,1.0
63,3,2,8,62469593.94709705,1,1.0
63,3,3,10,72406833.03072412,1,1.0
63,4,0,2,80292183.8759961,1,1.0
63,4,1,3,57171282.55537319,1,1.0
63,4,2,6,54008313.06531698,1,1.0
63,4,3,10,66118127.31876124,1,1.0
63,5,0,2,64677833.6789931,1,1.0
63,5,1,3,68929422.45767304,1,1.0
63,5,2,8,81785549.24593352,1,1.0
63,5,3,11,71328220.60142627,1,1.0
63,6,0,2,64596545.1939306,1,1.0
63,6,1,3,65940871.95358177,1,1.0
63,6,2,8,84006555.82151598,1,1.0
63,6,3,11,68320683.40732159,1,1.0
63,7,0,2,68748522.51582287,1,1.0
63,7,1,4,67180095.90071091,1,1.0
63,7,2,8,58265061.28491375,1,1.0
63,7,3,10,91000629.56165935,1,1.0
63,8,0,2,67195137.47556968,1,1.0
63,8,1,3,71110375.93855701,1,1.0
63,8,2,8,93868721.22677073,1,1.0
63,8,3,10,68752254.86710419,1,1.0
63,9,0,2,63089948.3119545,1,1.0
63,9,1,3,78642495.81697555,1,1.0
63,9,2,8,83672574.84724194,1,1.0
63,9,3,10,74719254.64348134,1,1.0
63,10,0,2,71996407.00716804,1,1.0
63,10,1,3,90999799.97544955,1,1.0
63,10,2,8,76869888.62677233,1,1.0
63,10,3,10,59370450.99733198,1,1.0
63,11,0,0,67460632.93660279,1,1.0
63,11,1,3,88060412.48418587,1,1.0
63,11,2,6,76271471.72410533,1,1.0
63,11,3,10,73153248.51080358,1,1.0
63,12,0,2,80638911.24223816,1,1.0
63,12,1,3,77026448.85069673,1,1.0
63,12,2,6,76174681.82667588,1,1.0
63,12,3,10,66926681.70842667,1,1.0
63,13,0,0,79061617.5440501,1,1.0
63,13,1,4,73972527.79097015,1,1.0
63,13,2,8,65949389.59570597,1,1.0
63,13,3,11,65287953.31392099,1,1.0
63,14,0,2,74018308.08279341,1,1.0
63,14,1,3,75609318.40664469,1,1.0
63,14,2,8,66622422.917423636,1,1.0
63,14,3,10,88157662.97385184,1,1.0
63,15,0,2,76276681.60300589,1,1.0
63,15,1,4,61832865.18675108,1,1.0
63,15,2,8,76081932.12402286,1,1.0
63,15,3,10,67532715.26165165,1,1.0
63,16,0,0,62803324.24590991,1,1.0
63,16,1,3,84586406.54460189,1,1.0
63,16,2,7,76071012.32963641,1,1.0
63,16,3,10,71852963.13642405,1,1.0
63,17,0,2,86502296.31457604,1,1.0
63,17,1,4,69278548.48808861,1,1.0
63,17,2,8,78672294.71877451,1,1.0
63,17,3,11,86442621.2001035,1,1.0
63,18,0,2,64019927.440673515,1,1.0
63,18,1,3,68733419.86749361,1,1.0
63,18,2,8,69200508.13051985,1,1.0
63,18,3,11,63040428.819877066,1,1.0
63,19,0,0,66327918.96669334,1,1.0
63,19,1,3,74380344.16376244,1,1.0
63,19,2,7,61701644.05821748,1,1.0
63,19,3,11,84779469.90369742,1,1.0
63,20,0,2,79142878.09588479,1,1.0
63,20,1,3,61110908.14508606,1,1.0
63,20,2,8,66748831.62163317,1,1.0
63,20,3,10,109365056.46220736,1,1.0
63,21,0,2,80746107.81530787,1,1.0
63,21,1,3,73308083.73809752,1,1.0
63,21,2,8,76415769.6497693,1,1.0
63,21,3,10,78710493.2732071,1,1.0
63,22,0,2,79918464.13974063,1,1.0
63,22,1,3,75428646.5319222,1,1.0
63,22,2,8,68418382.30159411,1,1.0
63,22,3,11,67665522.4682384,1,1.0
63,23,0,2,76752330.65075554,1,1.0
63,23,1,3,70160881.95640947,1,1.0
63,23,2,7,61961759.46114268,1,1.0
63,23,3,10,80361927.13261285,1,1.0
64,0,0,2,94980276.97787316,1,1.0
64,0,1,4,67689677.53357172,1,1.0
64,0,2,6,60254333.92263468,1,1.0
64,0,3,10,77375101.96117097,1,1.0
64,1,0,1,59552827.639748946,1,1.0
64,1,1,4,62977197.64770249,1,1.0
64,1,2,8,70245468.30261745,1,1.0
64,1,3,10,63792421.53082588,1,1.0
64,2,0,2,76165474.96472467,1,1.0
64,2,1,3,100447877.2456968,1,1.0
64,2,2,8,64174807.78309296,1,1.0
64,2,3,10,76033685.57838863,1,1.0
64,3,0,1,64797088.59152811,1,1.0
64,3,1,3,72902659.01512413,1,1.0
64,3,2,8,81200965.6824596,1,1.0
64,3,3,10,79163121.64170069,1,1.0
64,4,0,2,65968222.68553434,1,1.0
64,4,1,4,64499904.46942366,1,1.0
64,4,2,8,68395160.05614889,1,1.0
64,4,3,10,75578954.88414267,1,1.0
64,5,0,2,88530952.8443674,1,1.0
64,5,1,3,76666324.61173856,1,1.0
64,5,2,8,65197990.658762276,1,1.0
64,5,3,11,78893656.76081797,1,1.0
64,6,0,2,95730633.63393787,1,1.0
64,6,1,4,73017848.94807325,1,1.0
64,6,2,8,86702659.44991334,1,1.0
64,6,3,10,92224352.11728647,1,1.0
64,7,0,2,86816255.65215951,1,1.0
64,7,1,4,68626842.15948461,1,1.0
64,7,2,8,80562746.58910312,1,1.0
64,7,3,10,63617731.798559844,1,1.0
64,8,0,0,74224778.44190909,1,1.0
64,8,1,3,67898851.02019548,1,1.0
64,8,2,8,70179685.8682729,1,1.0
64,8,3,11,62862970.22425388,1,1.0
64,9,0,2,66458580.408588104,1,1.0
64,9,1,4,65250158.24391319,1,1.0
64,9,2,8,61263009.71404046,1,1.0
64,9,3,10,115717460.29852177,1,1.0
64,10,0,2,78738635.24172033,1,1.0
64,10,1,4,65316330.481785126,1,1.0
64,10,2,8,75155563.57932955,1,1.0
64,10,3,10,90929112.57930644,1,1.0
64,11,0,2,84871371.65402782,1,1.0
64,11,1,4,64216119.056894064,1,1.0
64,11,2,6,77441584.72651504,1,1.0
64,11,3,10,78370392.766156,1,1.0
64,12,0,2,90069248.84976946,1,1.0
64,12,1,3,59874281.7726199,1,1.0
64,12,2,8,91502841.51490204,1,1.0
64,12,3,10,106472505.94552624,1,1.0
64,13,0,2,78326441.47048669,1,1.0
64,13,1,3,61572661.58532407,1,1.0
64,13,2,8,64979843.60885359,1,1.0
64,13,3,10,78964070.65350136,1,1.0
64,14,0,2,83154365.99008471,1,1.0
64,14,1,3,72914973.08402362,1,1.0
64,14,2,8,83152705.00130107,1,1.0
64,14,3,10,87215077.3794886,1,1.0
64,15,0,2,83720675.53416912,1,1.0
64,15,1,3,78784592.99770018,1,1.0
64,15,2,7,66590656.73416586,1,1.0
64,15,3,11,65774056.17785893,1,1.0
64,16,0,2,62108496.23717507,1,1.0
64,16,1,3,80274057.0796643,1,1.0
64,16,2,8,62219693.00281527,1,1.0
64,16,3,10,120716512.3751297,1,1.0
64,17,0,2,76253712.27011742,1,1.0
64,17,1,4,70686177.75453,1,1.0
64,17,2,8,74149914.03633334,1,1.0
64,17,3,10,70262106.16765632,1,1.0
64,18,0,2,82766875.32620613,1,1.0
64,18,1,3,68379439.8835583,1,1.0
64,18,2,7,52997769.64545781,1,1.0
64,18,3,10,92676991.77063489,1,1.0
64,19,0,2,74536662.71927534,1,1.0
64,19,1,4,64637153.19505313,1,1.0
64,19,2,8,65348432.009135336,1,1.0
64,19,3,10,70282529.25104362,1,1.0
64,20,0,2,81115306.52000917,1,1.0
64,20,1,3,78056728.04638605,1,1.0
64,20,2,8,85611775.68489496,1,1.0
64,20,3,10,73467068.4426576,1,1.0
64,21,0,2,84087942.05055948,1,1.0
64,21,1,3,78166394.05203958,1,1.0
64,21,2,8,95825255.4094312,1,1.0
64,21,3,10,87922890.03647782,1,1.0
64,22,0,2,82831251.5396008,1,1.0
64,22,1,3,72349262.25725494,1,1.0
64,22,2,7,57296124.69158487,1,1.0
64,22,3,10,64780884.92384465,1,1.0
64,23,0,2,98845501.41799693,1,1.0
64,23,1,3,79833238.46639776,1,1.0
64,23,2,8,58920859.01178653,1,1.0
64,23,3,10,88586264.5766273,1,1.0
65,0,0,2,75450622.87034482,1,1.0
65,0,1,4,65378185.769782335,1,1.0
65,0,2,8,65520706.37277071,1,1.0
65,0,3,11,85072579.84662284,1,1.0
65,1,0,2,58371668.11280829,1,1.0
65,1,1,4,61055992.207217075,1,1.0
65,1,2,8,86637790.9136669,1,1.0
65,1,3,11,74147188.36044174,1,1.0
65,2,0,2,89764167.10292262,1,1.0
65,2,1,3,64126711.03851036,1,1.0
65,2,2,7,63525727.512182355,1,1.0
65,2,3,11,65995825.0402018,1,1.0
65,3,0,2,76387128.08437604,1,1.0
65,3,1,5,58701519.80911588,1,1.0
65,3,2,7,66558341.018323794,1,1.0
65,3,3,10,70738414.82797508,1,1.0
65,4,0,2,89309225.6653605,1,1.0
65,4,1,3,70963951.8372634,1,1.0
65,4,2,8,68267160.11762616,1,1.0
65,4,3,10,70124779.2997006,1,1.0
65,5,0,2,67492211.98673931,1,1.0
65,5,1,3,73490651.32993306,1,1.0
65,5,2,8,84079274.9089594,1,1.0
65,5,3,10,88687088.0820282,1,1.0
65,6,0,2,79389287.9012035,1,1.0
65,6,1,3,96139652.4781381,1,1.0
65,6,2,6,59406114.00112867,1,1.0
65,6,3,11,102856520.15191153,1,1.0
65,7,0,2,67633379.4572941,1,1.0
65,7,1,3,75075813.11177614,1,1.0
65,7,2,8,69956314.51259436,1,1.0
65,7,3,10,74455320.09834515,1,1.0
65,8,0,2,89226643.35544275,1,1.0
65,8,1,3,68599955.87803453,1,1.0
65,8,2,6,55168596.11366479,1,1.0
65,8,3,10,87436081.19067016,1,1.0
65,9,0,2,65190545.089766815,1,1.0
65,9,1,4,62470321.1976067,1,1.0
65,9,2,8,80277558.52152094,1,1.0
65,9,3,10,100151408.2445079,1,1.0
65,10,0,2,81848990.18243428,1,1.0
65,10,1,4,77726932.62852843,1,1.0
65,10,2,8,57060013.28046387,1,1.0
65,10,3,10,92827200.41703917,1,1.0
65,11,0,2,71071649.81676489,1,1.0
65,11,1,3,60024243.28729468,1,1.0
65,11,2,8,74181752.41889182,1,1.0
65,11,3,10,96360049.01057333,1,1.0
65,12,0,2,78483489.97464128,1,1.0
65,12,1,3,80797182.04231378,1,1.0
65,12,2,8,69824785.98089275,1,1.0
65,12,3,11,65942630.39433959,1,1.0
65,13,0,2,68799154.43015449,1,1.0
65,13,1,4,69595046.20002659,1,1.0
65,13,2,8,52335610.31571631,1,1.0
65,13,3,11,80658303.1634532,1,1.0
65,14,0,2,78919214.20563482,1,1.0
65,14,1,3,78160746.13862662,1,1.0
65,14,2,8,64263771.01321122,1,1.0
65,14,3,11,70089415.60979158,1,1.0
65,15,0,2,64987447.76203725,1,1.0
65,15,1,3,68652090.0673006,1,1.0
65,15,2,8,57387948.983592734,1,1.0
65,15,3,11,72514791.15045013,1,1.0
65,16,0,2,62191050.53908253,1,1.0
65,16,1,3,61446975.10872008,1,1.0
65,16,2,8,75562859.29900785,1,1.0
65,16,3,10,68112822.88241729,1,1.0
65,17,0,2,77734028.17301378,1,1.0
65,17,1,3,72295591.78196454,1,1.0
65,17,2,8,68207335.51346403,1,1.0
65,17,3,11,68519991.76249301,1,1.0
65,18,0,0,59900420.79612869,1,1.0
65,18,1,3,99950339.58610015,1,1.0
65,18,2,8,58950533.17168096,1,1.0
65,18,3,11,66662630.78253625,1,1.0
65,19,0,2,74065225.50439183,1,1.0
65,19,1,3,64254860.86522297,1,1.0
65,19,2,6,62247107.9976468,1,1.0
65,19,3,10,82396741.67564434,1,1.0
65,20,0,2,68835576.28617053,1,1.0
65,20,1,3,69757852.38820122,1,1.0
65,20,2,8,69489029.9706235,1,1.0
65,20,3,10,75953042.65183777,1,1.0
65,21,0,2,82801579.22869496,1,1.0
65,21,1,4,71616766.84009892,1,1.0
65,21,2,8,66450614.43802045,1,1.0
65,21,3,10,63486325.16180654,1,1.0
65,22,0,0,56659137.606568135,1,1.0
65,22,1,3,73609810.8223533,1,1.0
65,22,2,8,58717180.77079064,1,1.0
65,22,3,10,132880604.32965359,1,1.0
65,23,0,2,57412498.10612052,1,1.0
65,23,1,4,67601423.80302961,1,1.0
65,23,2,6,58095075.941425465,1,1.0
65,23,3,10,77643831.37522615,1,1.0
66,0,0,2,73244691.35037492,1,1.0
66,0,1,3,70871937.48232901,1,1.0
66,0,2,7,57854291.24934312,1,1.0
66,0,3,10,72172964.90197127,1,1.0
66,1,0,2,67102741.38578459,1,1.0
66,1,1,3,92353991.27417816,1,1.0
66,1,2,8,73409170.85515755,1,1.0
66,1,3,11,68657392.56494604,1,1.0
66,2,0,2,94218573.51097265,1,1.0
66,2,1,3,60729685.115679525,1,1.0
66,2,2,8,63635888.19753674,1,1.0
66,2,3,10,84532804.86728959,1,1.0
66,3,0,2,65270248.5743065,1,1.0
66,3,1,3,84041822.41388038,1,1.0
66,3,2,7,62938849.89996657,1,1.0
66,3,3,10,85943429.27337544,1,1.0
66,4,0,2,74312455.19999331,1,1.0
66,4,1,3,63309490.21790276,1,1.0
66,4,2,8,65616096.82820457,1,1.0
66,4,3,10,71133771.3651378,1,1.0
66,5,0,2,78459358.81212233,1,1.0
66,5,1,3,74516013.8621006,1,1.0
66,5,2,8,62987917.14317319,1,1.0
66,5,3,10,64207255.25539272,1,1.0
66,6,0,1,69156987.5151172,1,1.0
66,6,1,3,67671605.5600251,1,1.0
66,6,2,8,63978305.91317097,1,1.0
66,6,3,10,85183555.83058353,1,1.0
66,7,0,2,80755330.86473316,1,1.0
66,7,1,3,78850080.8544277,1,1.0
66,7,2,8,62400330.3075892,1,1.0
66,7,3,10,84399387.29718934,1,1.0
66,8,0,2,83517330.4513169,1,1.0
66,8,1,3,74212623.17572162,1,1.0
66,8,2,6,58722610.15817508,1,1.0
66,8,3,11,72576485.23200221,1,1.0
66,9,0,2,78285001.09080684,1,1.0
66,9,1,3,63829705.68119306,1,1.0
66,9,2,6,61303966.139187776,1,1.0
66,9,3,10,97542509.4850163,1,1.0
66,10,0,2,66547949.81601464,1,1.0
66,10,1,3,91120706.69335309,1,1.0
66,10,2,8,59210381.954254165,1,1.0
66,10,3,10,79628342.89021474,1,1.0
66,11,0,2,109946984.19250754,1,1.0
66,11,1,3,101609897.90525568,1,1.0
66,11,2,7,72466409.73934242,1,1.0
66,11,3,10,78874501.78080982,1,1.0
66,12,0,2,78733202.98348893,1,1.0
66,12,1,3,63226789.42829424,1,1.0
66,12,2,7,66377643.71479179,1,1.0
66,12,3,11,62748535.49666605,1,1.0
66,13,0,2,66614921.82532512,1,1.0
66,13,1,3,74379808.1663851,1,1.0
66,13,2,8,77499660.02285574,1,1.0
66,13,3,10,68033295.88219541,1,1.0
66,14,0,0,72371120.58927023,1,1.0
66,14,1,4,69245934.69359183,1,1.0
66,14,2,8,73039657.86455593,1,1.0
66,14,3,10,85696891.68718678,1,1.0
66,15,0,2,59868020.727623336,1,1.0
66,15,1,3,74050900.45886566,1,1.0
66,15,2,8,60348236.43813309,1,1.0
66,15,3,10,64766628.04759245,1,1.0
66,16,0,0,54921134.9171813,1,1.0
66,16,1,3,72514983.8877178,1,1.0
66,16,2,8,67807260.05111656,1,1.0
66,16,3,10,71995385.45888461,1,1.0
66,17,0,2,59928947.772321664,1,1.0
66,17,1,4,59250824.9975308,1,1.0
66,17,2,8,74536112.21319863,1,1.0
66,17,3,10,77722053.7036567,1,1.0
66,18,0,2,69860097.78027341,1,1.0
66,18,1,3,66844850.11994983,1,1.0
66,18,2,8,73273713.01920488,1,1.0
66,18,3,10,66418025.36895879,1,1.0
66,19,0,2,110914633.47718671,1,1.0
66,19,1,4,68022755.0965066,1,1.0
66,19,2,8,71981994.5425455,1,1.0
66,19,3,10,85799645.6228189,1,1.0
66,20,0,2,67348312.73802337,1,1.0
66,20,1,3,60213301.24111196,1,1.0
66,20,2,8,72186241.25475374,1,1.0
66,20,3,10,73713953.67453286,1,1.0
66,21,0,2,73889291.98434475,1,1.0
66,21,1,3,75525130.20121947,1,1.0
66,21,2,8,59062477.21509374,1,1.0
66,21,3,10,87791218.59691517,1,1.0
66,22,0,2,93705848.42452294,1,1.0
66,22,1,3,72822874.56924371,1,1.0
66,22,2,8,65990150.75177157,1,1.0
66,22,3,10,73342382.74920629,1,1.0
66,23,0,0,57484827.812440395,1,1.0
66,23,1,3,81611548.97544259,1,1.0
66,23,2,8,73887938.73228066,1,1.0
66,23,3,10,70955460.33251432,1,1.0
67,0,0,2,72674930.2504411,1,1.0
67,0,1,3,87706946.68916775,1,1.0
67,0,2,8,62788762.589487694,1,1.0
67,0,3,10,79226183.7624081,1,1.0
67,1,0,2,68442814.83769777,1,1.0
67,1,1,4,87022520.11095423,1,1.0
67,1,2,6,54562225.65489451,1,1.0
67,1,3,10,66471933.10625592,1,1.0
67,2,0,2,84313851.02622446,1,1.0
67,2,1,3,72705726.1194409,1,1.0
67,2,2,6,59980542.68017057,1,1.0
67,2,3,10,76690650.80130143,1,1.0
67,3,0,2,70640905.09710607,1,1.0
67,3,1,3,71376182.92373654,1,1.0
67,3,2,8,88495357.43578483,1,1.0
67,3,3,10,93280990.06309368,1,1.0
67,4,0,2,78111835.68445116,1,1.0
67,4,1,3,74638183.99882258,1,1.0
67,4,2,8,72126044.3277074,1,1.0
67,4,3,10,71458018.2708101,1,1.0
67,5,0,2,69169515.72955576,1,1.0
67,5,1,4,64780058.28362141,1,1.0
67,5,2,8,59117287.897438884,1,1.0
67,5,3,10,56462563.36599206,1,1.0
67,6,0,2,70186056.65595362,1,1.0
67,6,1,4,76987468.24128033,1,1.0
67,6,2,7,57623789.72988407,1,1.0
67,6,3,10,70695565.89926781,1,1.0
67,7,0,2,98162972.75670248,1,1.0
67,7,1,3,106605045.618067,1,1.0
67,7,2,6,70186749.54472658,1,1.0
67,7,3,10,77917632.35596909,1,1.0
67,8,0,2,67322090.84581235,1,1.0
67,8,1,3,78964214.80701038,1,1.0
67,8,2,8,74772647.26810142,1,1.0
67,8,3,11,73454171.24400207,1,1.0
67,9,0,2,76214104.78486201,1,1.0
67,9,1,4,70354198.84971057,1,1.0
67,9,2,7,56177321.344358936,1,1.0
67,9,3,11,66427795.58790031,1,1.0
67,10,0,2,67668641.16900471,1,1.0
67,10,1,3,90202073.8369287,1,1.0
67,10,2,7,66367138.39918633,1,1.0
67,10,3,11,77250588.3906526,1,1.0
67,11,0,2,65519838.94696918,1,1.0
67,11,1,3,76039485.4096322,1,1.0
67,11,2,8,89848584.23004594,1,1.0
67,11,3,10,59380007.22398974,1,1.0
67,12,0,2,88116360.25608858,1,1.0
67,12,1,3,70658138.45582046,1,1.0
67,12,2,8,88570410.07916436,1,1.0
67,12,3,10,77644450.17669022,1,1.0
67,13,0,2,72018052.60207897,1,1.0
67,13,1,3,73682935.84554125,1,1.0
67,13,2,7,58203457.52315169,1,1.0
67,13,3,10,79083467.25047877,1,1.0
67,14,0,2,105500233.93900558,1,1.0
67,14,1,4,59601617.59848895,1,1.0
67,14,2,7,64623327.41958773,1,1.0
67,14,3,10,88924832.5492162,1,1.0
67,15,0,2,72163755.43721472,1,1.0
67,15,1,3,77972600.79059276,1,1.0
67,15,2,8,91362389.52120921,1,1.0
67,15,3,11,75876720.94895682,1,1.0
67,16,0,1,58442570.4429972,1,1.0
67,16,1,3,65820309.37900702,1,1.0
67,16,2,8,53502010.074281104,1,1.0
67,16,3,11,65650212.86799236,1,1.0
67,17,0,2,76459428.97862077,1,1.0
67,17,1,3,71970087.8347815,1,1.0
67,17,2,8,56203859.806837864,1,1.0
67,17,3,10,81343722.26648527,1,1.0
67,18,0,0,69616039.87031092,1,1.0
67,18,1,3,70390736.83511569,1,1.0
67,18,2,7,67230490.50308424,1,1.0
67,18,3,11,79566049.71406676,1,1.0
67,19,0,2,76320088.93571919,1,1.0
67,19,1,3,64019993.62915301,1,1.0
67,19,2,8,74670633.26277697,1,1.0
67,19,3,10,73489465.6519611,1,1.0
67,20,0,1,72828261.08111075,1,1.0
67,20,1,3,68301680.81835796,1,1.0
67,20,2,8,80424126.1786096,1,1.0
67,20,3,10,84791158.63836187,1,1.0
67,21,0,1,72551819.81154807,1,1.0
67,21,1,4,86593405.65795246,1,1.0
67,21,2,8,62860817.57774774,1,1.0
67,21,3,10,66682063.15839497,1,1.0
67,22,0,2,76213764.1969068,1,1.0
67,22,1,4,79852138.48691703,1,1.0
67,22,2,8,62752646.52379768,1,1.0
67,22,3,10,89181811.84383184,1,1.0
67,23,0,2,77622350.32454072,1,1.0
67,23,1,3,87894385.69449548,1,1.0
67,23,2,6,55525429.51406291,1,1.0
67,23,3,11,76862838.64419237,1,1.0
68,0,0,2,86109740.5979063,1,1.0
68,0,1,3,62889137.31843625,1,1.0
68,0,2,8,63689777.68197955,1,1.0
68,0,3,10,105277942.03193834,1,1.0
68,1,0,2,86607958.94970208,1,1.0
68,1,1,4,55172345.46072837,1,1.0
68,1,2,8,77791911.7106396,1,1.0
68,1,3,10,90154566.50837885,1,1.0
68,2,0,2,86994505.65388793,1,1.0
68,2,1,3,68468170.07470478,1,1.0
68,2,2,6,57147470.46556456,1,1.0
68,2,3,11,64625302.16854484,1,1.0
68,3,0,1,54967895.04757927,1,1.0
68,3,1,4,67781826.73456392,1,1.0
68,3,2,8,77456407.62474388,1,1.0
68,3,3,10,94417037.21491079,1,1.0
68,4,0,2,63437925.88317256,1,1.0
68,4,1,4,81733662.40584582,1,1.0
68,4,2,6,52685577.66075522,1,1.0
68,4,3,10,114306615.52181706,1,1.0
68,5,0,2,75347291.01568057,1,1.0
68,5,1,4,64549175.29557027,1,1.0
68,5,2,8,75484104.84820898,1,1.0
68,5,3,10,92168791.99241892,1,1.0
68,6,0,2,71871349.29843901,1,1.0
68,6,1,3,73188664.36543052,1,1.0
68,6,2,7,57723803.42430334,1,1.0
68,6,3,11,81663509.57492185,1,1.0
68,7,0,0,59062861.76238658,1,1.0
68,7,1,3,101724595.45403689,1,1.0
68,7,2,8,70196859.42419599,1,1.0
68,7,3,10,80818355.75929542,1,1.0
68,8,0,2,62789760.15372473,1,1.0
68,8,1,3,74191343.9877015,1,1.0
68,8,2,8,71457418.33972757,1,1.0
68,8,3,11,64859755.907455444,1,1.0
68,9,0,2,63327877.92993288,1,1.0
68,9,1,3,73600027.6726705,1,1.0
68,9,2,8,76129757.64653507,1,1.0
68,9,3,10,99020098.4290768,1,1.0
68,10,0,2,78164450.5810663,1,1.0
68,10,1,3,89457323.19235848,1,1.0
68,10,2,7,66954893.052796304,1,1.0
68,10,3,10,81371318.33478993,1,1.0
68,11,0,2,78381813.93817125,1,1.0
68,11,1,3,74450780.01107325,1,1.0
68,11,2,8,55858742.81647497,1,1.0
68,11,3,11,70363341.85741295,1,1.0
68,12,0,2,59351428.440471016,1,1.0
68,12,1,4,80205762.8476807,1,1.0
68,12,2,8,59943853.42878708,1,1.0
68,12,3,10,70681654.16622539,1,1.0
68,13,0,2,56832808.250873,1,1.0
68,13,1,3,73207517.32044351,1,1.0
68,13,2,8,59866384.48770489,1,1.0
68,13,3,10,94196352.8457591,1,1.0
68,14,0,2,69008174.74627832,1,1.0
68,14,1,4,63239319.33333689,1,1.0
68,14,2,7,58575584.70305598,1,1.0
68,14,3,11,73133265.32985716,1,1.0
68,15,0,2,81950956.34831849,1,1.0
68,15,1,3,79559000.66417764,1,1.0
68,15,2,8,69410822.11828324,1,1.0
68,15,3,10,77893881.77127671,1,1.0
68,16,0,2,67254303.88067983,1,1.0
68,16,1,4,72561976.64207707,1,1.0
68,16,2,8,64324382.09558851,1,1.0
68,16,3,10,63786129.96183345,1,1.0
68,17,0,0,76725559.43967223,1,1.0
68,17,1,3,77402487.13492076,1,1.0
68,17,2,8,59082665.37224949,1,1.0
68,17,3,10,81293492.51889157,1,1.0
68,18,0,2,68063339.88000898,1,1.0
68,18,1,3,61772317.15789409,1,1.0
68,18,2,8,79781099.24911018,1,1.0
68,18,3,10,77654696.24881081,1,1.0
68,19,0,2,65411342.26031269,1,1.0
68,19,1,3,81835102.26473583,1,1.0
68,19,2,8,72016593.45328616,1,1.0
68,19,3,10,91064419.9491228,1,1.0
68,20,0,2,78755580.20429452,1,1.0
68,20,1,4,75722029.30169961,1,1.0
68,20,2,7,60939434.630621746,1,1.0
68,20,3,10,87326655.56449617,1,1.0
68,21,0,2,64185484.77087221,1,1.0
68,21,1,4,69086798.7121779,1,1.0
68,21,2,8,61401089.653458156,1,1.0
68,21,3,11,70383787.7444893,1,1.0
68,22,0,0,58228653.19927577,1,1.0
68,22,1,5,68760529.78869027,1,1.0
68,22,2,6,59827370.403164506,1,1.0
68,22,3,10,98696768.51803279,1,1.0
68,23,0,2,80101047.22839919,1,1.0
68,23,1,3,67142785.59084047,1,1.0
68,23,2,6,65238727.77394904,1,1.0
68,23,3,10,87921235.00588731,1,1.0
69,0,0,2,56803018.249129064,1,1.0
69,0,1,3,78898251.4611591,1,1.0
69,0,2,8,63400300.33167688,1,1.0
69,0,3,10,96704941.94471264,1,1.0
69,1,0,2,62491120.65036368,1,1.0
69,1,1,4,57206942.8806631,1,1.0
69,1,2,8,53755136.144253604,1,1.0
69,1,3,10,78735268.55125315,1,1.0
69,2,0,2,81082510.24452746,1,1.0
69,2,1,4,57885815.274109595,1,1.0
69,2,2,8,68987780.25167513,1,1.0
69,2,3,11,66404418.870257646,1,1.0
69,3,0,2,74288788.90350232,1,1.0
69,3,1,3,61500211.401452534,1,1.0
69,3,2,8,71443219.2607167,1,1.0
69,3,3,11,75748073.52475382,1,1.0
69,4,0,2,65457934.74955284,1,1.0
69,4,1,3,67479430.64151914,1,1.0
69,4,2,7,57455163.51163292,1,1.0
69,4,3,10,84041373.60571665,1,1.0
69,5,0,2,63899573.12097249,1,1.0
69,5,1,4,70209669.23165752,1,1.0
69,5,2,8,59982437.66239086,1,1.0
69,5,3,10,78718039.92640956,1,1.0
69,6,0,2,84892504.66815774,1,1.0
69,6,1,3,80122392.67562279,1,1.0
69,6,2,8,59930561.34711021,1,1.0
69,6,3,10,82230159.26522912,1,1.0
69,7,0,0,64515108.56908011,1,1.0
69,7,1,3,96589516.34444404,1,1.0
69,7,2,8,67255389.53114764,1,1.0
69,7,3,11,64445284.532402344,1,1.0
69,8,0,2,84412942.31371592,1,1.0
69,8,1,3,71863020.3736139,1,1.0
69,8,2,8,83110143.91568008,1,1.0
69,8,3,10,71432626.882503,1,1.0
69,9,0,2,69554186.90124583,1,1.0
69,9,1,3,80849021.25663677,1,1.0
69,9,2,8,65737910.13489416,1,1.0
69,9,3,10,90279595.57162665,1,1.0
69,10,0,0,65207197.00942313,1,1.0
69,10,1,3,78348815.43938121,1,1.0
69,10,2,7,59334884.733655766,1,1.0
69,10,3,10,77554286.80751368,1,1.0
69,11,0,0,64204910.7613514,1,1.0
69,11,1,3,70795050.99314588,1,1.0
69,11,2,6,75784107.86860277,1,1.0
69,11,3,11,66787537.42814893,1,1.0
69,12,0,0,64113633.68365568,1,1.0
69,12,1,3,79997742.38094293,1,1.0
69,12,2,7,53080037.61428655,1,1.0
69,12,3,10,72802007.50468534,1,1.0
69,13,0,2,57861286.39773089,1,1.0
69,13,1,4,69175513.12304127,1,1.0
69,13,2,8,75074807.7767404,1,1.0
69,13,3,10,80720766.70878027,1,1.0
69,14,0,2,58361695.826438084,1,1.0
69,14,1,4,93153299.73147953,1,1.0
69,14,2,8,56059476.94943928,1,1.0
69,14,3,10,67666492.33683501,1,1.0
69,15,0,2,72637750.3575682,1,1.0
69,15,1,3,69316672.26029862,1,1.0
69,15,2,8,64403508.14566495,1,1.0
69,15,3,10,88345475.6951172,1,1.0
69,16,0,2,64194952.11757331,1,1.0
69,16,1,3,71252479.23314832,1,1.0
69,16,2,7,53716535.560983874,1,1.0
69,16,3,10,71593674.12579547,1,1.0
69,17,0,2,55897132.40846352,1,1.0
69,17,1,3,71673313.02110551,1,1.0
69,17,2,8,69856226.04913458,1,1.0
69,17,3,10,81868946.54816629,1,1.0
69,18,0,2,67408374.30063793,1,1.0
69,18,1,4,60969068.54105374,1,1.0
69,18,2,8,74159170.42420073,1,1.0
69,18,3,10,73910755.62722965,1,1.0
69,19,0,0,69906911.05918781,1,1.0
69,19,1,3,63390702.99260273,1,1.0
69,19,2,6,62508101.61965784,1,1.0
69,19,3,10,76723461.36821225,1,1.0
69,20,0,2,63238225.93135158,1,1.0
69,20,1,3,91519124.89239809,1,1.0
69,20,2,8,64734435.89455065,1,1.0
69,20,3,11,67604590.78111377,1,1.0
69,21,0,2,99385271.63792533,1,1.0
69,21,1,4,68292376.37087704,1,1.0
69,21,2,6,66987549.21346162,1,1.0
69,21,3,11,89135081.01546137,1,1.0
69,22,0,2,58213401.21154717,1,1.0
69,22,1,3,89880816.87401237,1,1.0
69,22,2,8,92611172.2085876,1,1.0
69,22,3,11,71150231.48517768,1,1.0
69,23,0,2,73225213.01729034,1,1.0
69,23,1,3,61645828.74844637,1,1.0
69,23,2,6,62505582.11939849,1,1.0
69,23,3,11,80581840.12638263,1,1.0
70,0,0,2,71807141.90855642,1,1.0
70,0,1,3,75614339.27666128,1,1.0
70,0,2,7,81887806.97002332,1,1.0
70,0,3,10,77864777.05279903,1,1.0
70,1,0,2,67413000.98055008,1,1.0
70,1,1,4,78820543.33779347,1,1.0
70,1,2,8,69362730.35534717,1,1.0
70,1,3,10,87695167.3125433,1,1.0
70,2,0,2,77692924.2006782,1,1.0
70,2,1,3,82433034.68900552,1,1.0
70,2,2,8,64886452.74635716,1,1.0
70,2,3,11,91349554.60195395,1,1.0
70,3,0,2,70001004.94777387,1,1.0
70,3,1,3,66963612.54293339,1,1.0
70,3,2,6,58299642.028036244,1,1.0
70,3,3,10,64381129.85494072,1,1.0
70,4,0,2,74621719.85462698,1,1.0
70,4,1,3,82588576.96352492,1,1.0
70,4,2,8,62682309.12492745,1,1.0
70,4,3,10,95112872.87584269,1,1.0
70,5,0,2,61683740.17217837,1,1.0
70,5,1,4,62220295.57834455,1,1.0
70,5,2,6,61994992.08316094,1,1.0
70,5,3,11,80450097.08085194,1,1.0
70,6,0,0,57282490.56379068,1,1.0
70,6,1,3,76022980.81143126,1,1.0
70,6,2,8,79344126.47605598,1,1.0
70,6,3,10,87404315.60727921,1,1.0
70,7,0,2,68392091.35985011,1,1.0
70,7,1,3,72438794.40967886,1,1.0
70,7,2,8,52915102.2065226,1,1.0
70,7,3,11,67164968.08872372,1,1.0
70,8,0,2,71501620.758457,1,1.0
70,8,1,3,77063952.18744327,1,1.0
70,8,2,8,67881774.08153036,1,1.0
70,8,3,10,89528174.95743524,1,1.0
70,9,0,2,73352528.58218285,1,1.0
70,9,1,3,85685780.75522287,1,1.0
70,9,2,7,69574348.41245441,1,1.0
70,9,3,10,85824928.68651362,1,1.0
70,10,0,2,74588167.03021334,1,1.0
70,10,1,3,80092552.64706096,1,1.0
70,10,2,8,62039856.73222755,1,1.0
70,10,3,11,69798936.77219458,1,1.0
70,11,0,0,67909681.91549794,1,1.0
70,11,1,4,70804478.7710008,1,1.0
70,11,2,8,71615190.806529,1,1.0
70,11,3,11,65442637.317214824,1,1.0
70,12,0,2,60274104.56899978,1,1.0
70,12,1,3,82697041.92820115,1,1.0
70,12,2,7,68397929.70203029,1,1.0
70,12,3,10,74183859.15286644,1,1.0
70,13,0,1,67324924.18251593,1,1.0
70,13,1,4,73401501.6408791,1,1.0
70,13,2,8,78942210.14254847,1,1.0
70,13,3,11,74592642.93875363,1,1.0
70,14,0,2,77860890.02871867,1,1.0
70,14,1,3,66715289.96182422,1,1.0
70,14,2,8,87582557.3208925,1,1.0
70,14,3,10,81232312.44485325,1,1.0
70,15,0,2,74737787.64646171,1,1.0
70,15,1,3,93230351.4131942,1,1.0
70,15,2,8,58058403.52183758,1,1.0
70,15,3,10,88050212.40748528,1,1.0
70,16,0,2,72378845.16308528,1,1.0
70,16,1,3,94127615.80355142,1,1.0
70,16,2,8,78820630.73125656,1,1.0
70,16,3,10,69201721.48415397,1,1.0
70,17,0,2,61967696.96314741,1,1.0
70,17,1,3,71742920.52618696,1,1.0
70,17,2,8,65673160.15811645,1,1.0
70,17,3,11,71346460.6694726,1,1.0
70,18,0,2,71246621.72964767,1,1.0
70,18,1,3,73980775.0618103,1,1.0
70,18,2,7,61625103.654900625,1,1.0
70,18,3,10,111010140.94943184,1,1.0
70,19,0,2,63259951.03421946,1,1.0
70,19,1,3,68021076.38151313,1,1.0
70,19,2,8,70281083.03949481,1,1.0
70,19,3,11,67727374.49770765,1,1.0
70,20,0,2,71227037.94928578,1,1.0
70,20,1,3,78427586.47998123,1,1.0
70,20,2,8,60170048.34791906,1,1.0
70,20,3,10,90128173.24250133,1,1.0
70,21,0,2,82015707.91522893,1,1.0
70,21,1,3,82936665.11129156,1,1.0
70,21,2,8,56702013.91756042,1,1.0
70,21,3,10,70763380.36429253,1,1.0
70,22,0,2,59318992.586523764,1,1.0
70,22,1,3,67534094.81895408,1,1.0
70,22,2,8,84343650.81470005,1,1.0
70,22,3,10,91188414.2358003,1,1.0
70,23,0,2,77441328.06427243,1,1.0
70,23,1,3,66836185.48471435,1,1.0
70,23,2,8,116502710.2564971,1,1.0
70,23,3,10,91954399.51138374,1,1.0
71,0,0,0,74785947.83822799,1,1.0
71,0,1,3,70650962.37374656,1,1.0
71,0,2,8,78815664.91148141,1,1.0
71,0,3,10,76567863.72889325,1,1.0
71,1,0,2,92792445.78199175,1,1.0
71,1,1,3,62142975.16611723,1,1.0
71,1,2,8,75107002.02879624,1,1.0
71,1,3,11,68431705.05255212,1,1.0
71,2,0,2,90301590.69084458,1,1.0
71,2,1,3,77609671.30414891,1,1.0
71,2,2,7,61219553.466224104,1,1.0
71,2,3,10,82254360.71966793,1,1.0
71,3,0,2,99539302.70082474,1,1.0
71,3,1,3,86145839.86513115,1,1.0
71,3,2,8,95309346.03861514,1,1.0
71,3,3,11,81808043.08195238,1,1.0
71,4,0,2,73692271.49634622,1,1.0
71,4,1,4,81167232.5356342,1,1.0
71,4,2,8,83537640.25925907,1,1.0
71,4,3,10,76407221.64312488,1,1.0
71,5,0,2,71943818.40989478,1,1.0
71,5,1,3,65338446.96732254,1,1.0
71,5,2,7,61059857.99168241,1,1.0
71,5,3,10,76444269.2807118,1,1.0
71,6,0,2,77041062.73979849,1,1.0
71,6,1,3,75573966.67206067,1,1.0
71,6,2,8,69417167.34429137,1,1.0
71,6,3,11,67647507.36559813,1,1.0
71,7,0,2,60705239.74867783,1,1.0
71,7,1,3,62757723.23241765,1,1.0
71,7,2,8,69557070.63550438,1,1.0
71,7,3,10,70373346.21694492,1,1.0
71,8,0,2,67753162.98662955,1,1.0
71,8,1,3,62577620.249662094,1,1.0
71,8,2,8,74647363.85135159,1,1.0
71,8,3,11,69548972.86595641,1,1.0
71,9,0,0,62218395.764850445,1,1.0
71,9,1,3,82749414.09040439,1,1.0
71,9,2,6,54417680.14153143,1,1.0
71,9,3,11,70729552.0185621,1,1.0
71,10,0,2,86045435.19887154,1,1.0
71,10,1,4,64619806.412095435,1,1.0
71,10,2,8,80083646.55624698,1,1.0
71,10,3,11,68206757.27975565,1,1.0
71,11,0,0,60534814.603669114,1,1.0
71,11,1,3,74613065.14022598,1,1.0
71,11,2,6,69615363.49448754,1,1.0
71,11,3,11,64175670.39796257,1,1.0
71,12,0,2,75639121.0208191,1,1.0
71,12,1,3,74221185.8459479,1,1.0
71,12,2,7,58748876.46362853,1,1.0
71,12,3,10,88799668.80306643,1,1.0
71,13,0,2,55777691.36443926,1,1.0
71,13,1,4,65721969.74140258,1,1.0
71,13,2,8,88596970.53772582,1,1.0
71,13,3,10,80469013.22193342,1,1.0
71,14,0,2,80452506.66713336,1,1.0
71,14,1,3,108079255.22475813,1,1.0
71,14,2,8,68358507.72038707,1,1.0
71,14,3,11,68141373.55889024,1,1.0
71,15,0,2,64107066.62599815,1,1.0
71,15,1,3,73776158.01470926,1,1.0
71,15,2,6,57464272.15251841,1,1.0
71,15,3,10,93195323.63218349,1,1.0
71,16,0,2,89834798.70137261,1,1.0
71,16,1,3,80909056.00287594,1,1.0
71,16,2,8,75613265.28287886,1,1.0
71,16,3,10,74028475.69130513,1,1.0
71,17,0,2,65954119.599833526,1,1.0
71,17,1,3,75335881.0697434,1,1.0
71,17,2,6,55825290.80712856,1,1.0
71,17,3,10,92799912.4418233,1,1.0
71,18,0,0,60328615.634731546,1,1.0
71,18,1,3,74911142.32873489,1,1.0
71,18,2,8,67749311.41854481,1,1.0
71,18,3,10,76587521.05879843,1,1.0
71,19,0,0,62788804.52624701,1,1.0
71,19,1,3,61018437.44976155,1,1.0
71,19,2,8,63815805.84636417,1,1.0
71,19,3,10,68609030.13095848,1,1.0
71,20,0,2,59959191.782394126,1,1.0
71,20,1,4,62106986.13241525,1,1.0
71,20,2,6,64516969.98076352,1,1.0
71,20,3,10,78994930.72732559,1,1.0
71,21,0,2,86144181.90239991,1,1.0
71,21,1,3,74420245.83676487,1,1.0
71,21,2,7,81797479.43561593,1,1.0
71,21,3,10,92195926.46946691,1,1.0
71,22,0,2,63531177.251126684,1,1.0
71,22,1,3,64090428.14602909,1,1.0
71,22,2,6,60269643.478619404,1,1.0
71,22,3,11,81362537.78254591,1,1.0
71,23,0,2,68899456.75576174,1,1.0
71,23,1,3,83675842.81375709,1,1.0
71,23,2,8,61838914.389403276,1,1.0
71,23,3,10,82507496.84214753,1,1.0
72,0,0,2,70131534.3037402,1,1.0
72,0,1,3,64835523.50856784,1,1.0
72,0,2,6,60403999.146923535,1,1.0
72,0,3,10,84567343.89441238,1,1.0
72,1,0,2,82000861.9932101,1,1.0
72,1,1,3,66318875.563530944,1,1.0
72,1,2,8,59498338.12355333,1,1.0
72,1,3,11,69512189.36500885,1,1.0
72,2,0,0,55185440.63270606,1,1.0
72,2,1,3,62238064.86641519,1,1.0
72,2,2,8,68315386.70579863,1,1.0
72,2,3,11,68271230.4925536,1,1.0
72,3,0,2,79168144.49483564,1,1.0
72,3,1,3,70991079.40388058,1,1.0
72,3,2,8,69605783.60972801,1,1.0
72,3,3,10,81585249.30339302,1,1.0
72,4,0,0,61773920.90366567,1,1.0
72,4,1,4,74011879.24116819,1,1.0
72,4,2,8,65888113.22883628,1,1.0
72,4,3,10,79549959.90430927,1,1.0
72,5,0,2,77852777.32607909,1,1.0
72,5,1,3,76426949.91766691,1,1.0
72,5,2,8,62476163.41181744,1,1.0
72,5,3,11,87653220.87498206,1,1.0
72,6,0,2,59478916.06967982,1,1.0
72,6,1,3,91791836.66570945,1,1.0
72,6,2,8,85614390.95347781,1,1.0
72,6,3,10,86931422.1944927,1,1.0
72,7,0,2,64376469.185150295,1,1.0
72,7,1,3,74265511.46860114,1,1.0
72,7,2,8,69081442.93582165,1,1.0
72,7,3,11,72193186.4107381,1,1.0
72,8,0,2,73973848.15570186,1,1.0
72,8,1,3,82400511.94895081,1,1.0
72,8,2,8,61903930.474269725,1,1.0
72,8,3,10,88739506.88022313,1,1.0
72,9,0,2,88334993.1306329,1,1.0
72,9,1,4,62939436.53241492,1,1.0
72,9,2,8,54895006.00082207,1,1.0
72,9,3,10,79132468.8439001,1,1.0
72,10,0,2,101702596.20988595,1,1.0
72,10,1,3,80055989.64400646,1,1.0
72,10,2,8,60840034.04574505,1,1.0
72,10,3,10,76191331.13830926,1,1.0
72,11,0,2,82193527.95980299,1,1.0
72,11,1,4,72344258.24732345,1,1.0
72,11,2,7,54265195.833928764,1,1.0
72,11,3,10,62464832.72370128,1,1.0
72,12,0,2,58577633.63989747,1,1.0
72,12,1,3,62799651.95077355,1,1.0
72,12,2,7,60416385.03892627,1,1.0
72,12,3,10,101821489.04005125,1,1.0
72,13,0,1,60196249.52069839,1,1.0
72,13,1,4,75656700.0767805,1,1.0
72,13,2,8,67136289.53002174,1,1.0
72,13,3,11,75127124.78510214,1,1.0
72,14,0,2,61965109.87072365,1,1.0
72,14,1,3,67358917.15791857,1,1.0
72,14,2,6,79412739.74362674,1,1.0
72,14,3,10,87446210.81006268,1,1.0
72,15,0,2,73231400.71032774,1,1.0
72,15,1,3,92942359.02205104,1,1.0
72,15,2,6,53032418.555030674,1,1.0
72,15,3,10,81834053.20413351,1,1.0
72,16,0,2,70462070.54207009,1,1.0
72,16,1,4,76433154.61425954,1,1.0
72,16,2,8,56712740.53395405,1,1.0
72,16,3,11,92055235.72101247,1,1.0
72,17,0,2,61560615.18239498,1,1.0
72,17,1,4,61259319.49304882,1,1.0
72,17,2,7,81149498.06921059,1,1.0
72,17,3,10,95035221.9911666,1,1.0
72,18,0,2,69010039.62472133,1,1.0
72,18,1,4,62751619.285120204,1,1.0
72,18,2,6,70851959.38806455,1,1.0
72,18,3,11,58802813.36979704,1,1.0
72,19,0,2,83228179.97877595,1,1.0
72,19,1,3,71292897.15996133,1,1.0
72,19,2,8,86663535.49616376,1,1.0
72,19,3,10,80295375.12443289,1,1.0
72,20,0,2,74875248.44800514,1,1.0
72,20,1,3,54198200.11477837,1,1.0
72,20,2,6,64921573.358345315,1,1.0
72,20,3,10,84985228.42020981,1,1.0
72,21,0,2,87770637.728836,1,1.0
72,21,1,4,83928437.00470018,1,1.0
72,21,2,7,66332563.741961636,1,1.0
72,21,3,10,64852782.65125301,1,1.0
72,22,0,2,63108708.936301656,1,1.0
72,22,1,3,71224039.39341617,1,1.0
72,22,2,8,78896671.6896951,1,1.0
72,22,3,10,95310920.08655,1,1.0
72,23,0,2,99370369.23479667,1,1.0
72,23,1,3,69573941.32588877,1,1.0
72,23,2,8,71148341.60600975,1,1.0
72,23,3,10,69916576.31059633,1,1.0
73,0,0,2,68257619.05862796,1,1.0
73,0,1,3,80594904.5448931,1,1.0
73,0,2,8,63864739.929137185,1,1.0
73,0,3,11,65518910.282981165,1,1.0
73,1,0,2,90793256.4404732,1,1.0
73,1,1,3,78451952.05511725,1,1.0
73,1,2,8,75382093.06521693,1,1.0
73,1,3,10,82571582.88157903,1,1.0
73,2,0,2,69953278.14330505,1,1.0
73,2,1,4,52806552.372276865,1,1.0
73,2,2,8,71324625.60668613,1,1.0
73,2,3,10,68291902.43099625,1,1.0
73,3,0,2,62842616.676412076,1,1.0
73,3,1,3,76548379.6028179,1,1.0
73,3,2,8,85065793.19409749,1,1.0
73,3,3,10,62647261.61844187,1,1.0
73,4,0,2,82561311.10994536,1,1.0
73,4,1,3,73483851.21456653,1,1.0
73,4,2,8,76142722.23791961,1,1.0
73,4,3,10,73177267.22127442,1,1.0
73,5,0,2,85218733.88207148,1,1.0
73,5,1,3,81767483.18441437,1,1.0
73,5,2,8,64856945.54781673,1,1.0
73,5,3,11,66859616.35291452,1,1.0
73,6,0,2,95062575.87565397,1,1.0
73,6,1,3,73469302.4147463,1,1.0
73,6,2,8,63730904.07211705,1,1.0
73,6,3,10,66331411.07495368,1,1.0
73,7,0,2,82015717.62957828,1,1.0
73,7,1,4,63191406.30370872,1,1.0
73,7,2,8,77555350.12996115,1,1.0
73,7,3,10,86126069.06363204,1,1.0
73,8,0,2,61857588.11247698,1,1.0
73,8,1,3,80755794.48836903,1,1.0
73,8,2,6,67657723.38318005,1,1.0
73,8,3,10,76942070.66652127,1,1.0
73,9,0,2,73174481.15773758,1,1.0
73,9,1,3,67393055.45160593,1,1.0
73,9,2,8,61344052.099026605,1,1.0
73,9,3,10,69010330.39330241,1,1.0
73,10,0,2,63043054.90515965,1,1.0
73,10,1,4,61107052.56051303,1,1.0
73,10,2,8,65869155.26465201,1,1.0
73,10,3,10,69471316.96741627,1,1.0
73,11,0,0,64977426.603519544,1,1.0
73,11,1,3,80318266.27960023,1,1.0
73,11,2,6,54970650.45144714,1,1.0
73,11,3,11,68967971.25388034,1,1.0
73,12,0,1,60897315.66085374,1,1.0
73,12,1,3,74454432.45980528,1,1.0
73,12,2,8,89685475.76316987,1,1.0
73,12,3,10,74885080.77151844,1,1.0
73,13,0,2,72675062.93016133,1,1.0
73,13,1,3,56192319.74780103,1,1.0
73,13,2,8,56810323.78802785,1,1.0
73,13,3,10,88658814.87430102,1,1.0
73,14,0,2,104505057.6026804,1,1.0
73,14,1,4,75897711.75432934,1,1.0
73,14,2,8,57334882.26452446,1,1.0
73,14,3,10,65104171.151889555,1,1.0
73,15,0,2,59528565.49135666,1,1.0
73,15,1,4,72184177.12780106,1,1.0
73,15,2,6,72297117.20610382,1,1.0
73,15,3,10,93596920.92403111,1,1.0
73,16,0,0,69712182.0423173,1,1.0
73,16,1,3,100248867.32824351,1,1.0
73,16,2,6,72346281.28017198,1,1.0
73,16,3,10,73181759.57240719,1,1.0
73,17,0,2,110842042.30369753,1,1.0
73,17,1,3,86761223.08271928,1,1.0
73,17,2,8,69574922.83034675,1,1.0
73,17,3,10,88610611.14986348,1,1.0
73,18,0,2,57418820.51388646,1,1.0
73,18,1,3,67324055.87125817,1,1.0
73,18,2,8,77274030.0817724,1,1.0
73,18,3,11,62215701.37190579,1,1.0
73,19,0,2,79250430.89147326,1,1.0
73,19,1,3,92214687.61028452,1,1.0
73,19,2,7,70684395.21712169,1,1.0
73,19,3,11,73310596.56127614,1,1.0
73,20,0,2,69895990.0445876,1,1.0
73,20,1,4,61998897.6403203,1,1.0
73,20,2,8,64622411.14439492,1,1.0
73,20,3,10,88065493.65836577,1,1.0
73,21,0,0,82957070.6716424,1,1.0
73,21,1,3,101002339.02808015,1,1.0
73,21,2,7,74306532.27307852,1,1.0
73,21,3,11,85452394.02492815,1,1.0
73,22,0,2,58659371.83045922,1,1.0
73,22,1,3,73593616.60126685,1,1.0
73,22,2,8,109545861.09023963,1,1.0
73,22,3,10,74710915.98285086,1,1.0
73,23,0,2,59508995.770510934,1,1.0
73,23,1,3,72137935.61965795,1,1.0
73,23,2,8,59416121.03459354,1,1.0
73,23,3,11,75298260.76199017,1,1.0
74,0,0,2,90723379.57296954,1,1.0
74,0,1,4,77657660.90911011,1,1.0
74,0,2,8,61290124.131815925,1,1.0
74,0,3,11,78010360.59198909,1,1.0
74,1,0,2,72159076.62860735,1,1.0
74,1,1,4,67566243.22095558,1,1.0
74,1,2,8,59443431.501567505,1,1.0
74,1,3,11,81527887.74759708,1,1.0
74,2,0,2,80853116.01900405,1,1.0
74,2,1,5,60164796.61609399,1,1.0
74,2,2,6,54393003.56790438,1,1.0
74,2,3,10,79909166.28275427,1,1.0
74,3,0,2,61377466.90309871,1,1.0
74,3,1,3,95369359.76423222,1,1.0
74,3,2,7,63095644.491997615,1,1.0
74,3,3,10,92074462.83341211,1,1.0
74,4,0,1,59987009.560150675,1,1.0
74,4,1,3,97482799.32092632,1,1.0
74,4,2,8,88690821.76594192,1,1.0
74,4,3,10,82591955.0165167,1,1.0
74,5,0,2,86118578.9057611,1,1.0
74,5,1,3,92713367.68414812,1,1.0
74,5,2,7,60316035.627090774,1,1.0
74,5,3,11,65530833.905218996,1,1.0
74,6,0,2,69466795.99199742,1,1.0
74,6,1,3,72595355.40812787,1,1.0
74,6,2,8,79798389.48269053,1,1.0
74,6,3,10,81135921.18066815,1,1.0
74,7,0,1,59771287.268637374,1,1.0
74,7,1,3,69121599.05434652,1,1.0
74,7,2,8,65074307.0808576,1,1.0
74,7,3,10,92853086.46426947,1,1.0
74,8,0,2,88296963.23520768,1,1.0
74,8,1,4,64242018.99547285,1,1.0
74,8,2,8,58144465.389502294,1,1.0
74,8,3,10,77706572.40787509,1,1.0
74,9,0,2,73255369.7189155,1,1.0
74,9,1,3,67465962.4322601,1,1.0
74,9,2,7,69691230.01132318,1,1.0
74,9,3,11,72061462.80387245,1,1.0
74,10,0,2,65264995.65783507,1,1.0
74,10,1,4,58771053.79771406,1,1.0
74,10,2,8,71814817.50558014,1,1.0
74,10,3,10,96343395.05070268,1,1.0
74,11,0,2,72385044.42519842,1,1.0
74,11,1,3,71363477.68260977,1,1.0
74,11,2,8,71392429.09544986,1,1.0
74,11,3,11,62778494.92270419,1,1.0
74,12,0,2,71534214.38327506,1,1.0
74,12,1,4,77599571.06502771,1,1.0
74,12,2,8,64831561.531330064,1,1.0
74,12,3,10,72743489.3223797,1,1.0
74,13,0,2,85958684.83997469,1,1.0
74,13,1,3,87969778.52300996,1,1.0
74,13,2,8,55992384.59105023,1,1.0
74,13,3,11,82109239.34693542,1,1.0
74,14,0,2,59477580.10748521,1,1.0
74,14,1,3,93672744.73459892,1,1.0
74,14,2,6,55191237.2231471,1,1.0
74,14,3,10,71571112.18192898,1,1.0
74,15,0,2,54043292.49611114,1,1.0
74,15,1,3,66465772.20980054,1,1.0
74,15,2,8,73350734.604778,1,1.0
74,15,3,11,64984169.49103488,1,1.0
74,16,0,2,63157234.84959112,1,1.0
74,16,1,3,79424203.39875434,1,1.0
74,16,2,8,66149435.46482601,1,1.0
74,16,3,11,68895011.27823533,1,1.0
74,17,0,2,72734014.78787665,1,1.0
74,17,1,4,62370128.78256776,1,1.0
74,17,2,6,66374585.81942837,1,1.0
74,17,3,10,90987551.54807568,1,1.0
74,18,0,2,54716681.32224961,1,1.0
74,18,1,3,69955736.57195893,1,1.0
74,18,2,7,62407724.842495926,1,1.0
74,18,3,10,89087598.96861415,1,1.0
74,19,0,2,90259048.02343479,1,1.0
74,19,1,4,85786867.50858815,1,1.0
74,19,2,7,58895916.96285272,1,1.0
74,19,3,10,81404616.77605999,1,1.0
74,20,0,2,75071519.49664572,1,1.0
74,20,1,3,70884257.5388443,1,1.0
74,20,2,8,63948946.87472801,1,1.0
74,20,3,11,64353928.63801847,1,1.0
74,21,0,2,63629942.57889732,1,1.0
74,21,1,3,73681659.36753583,1,1.0
74,21,2,8,62637238.091657974,1,1.0
74,21,3,10,68890374.30528112,1,1.0
74,22,0,2,60647034.165311284,1,1.0
74,22,1,4,74074540.84120773,1,1.0
74,22,2,8,89224832.31690314,1,1.0
74,22,3,11,70037916.22959036,1,1.0
74,23,0,2,96833065.09052365,1,1.0
74,23,1,3,60843811.977000885,1,1.0
74,23,2,6,75500848.84001222,1,1.0
74,23,3,11,70000148.21177572,1,1.0
75,0,0,2,68076930.87108335,1,1.0
75,0,1,3,68550687.1811779,1,1.0
75,0,2,8,60363770.57049578,1,1.0
75,0,3,10,82674792.65356316,1,1.0
75,1,0,2,70855174.71741639,1,1.0
75,1,1,3,97453797.34677047,1,1.0
75,1,2,8,71961690.61860934,1,1.0
75,1,3,10,75579780.78204711,1,1.0
75,2,0,2,68402897.23485179,1,1.0
75,2,1,3,92561205.94454505,1,1.0
75,2,2,8,84430144.85694477,1,1.0
75,2,3,10,92731833.42177232,1,1.0
75,3,0,2,66076019.306113705,1,1.0
75,3,1,3,83009480.71088755,1,1.0
75,3,2,8,75241833.69705011,1,1.0
75,3,3,10,68173607.58376788,1,1.0
75,4,0,2,69717234.11293688,1,1.0
75,4,1,4,65386275.523929104,1,1.0
75,4,2,8,57371204.189567305,1,1.0
75,4,3,10,74529669.5756529,1,1.0
75,5,0,0,59359728.1344331,1,1.0
75,5,1,3,61208792.39908111,1,1.0
75,5,2,8,52193731.42483645,1,1.0
75,5,3,10,76984114.29617909,1,1.0
75,6,0,2,61229281.25521813,1,1.0
75,6,1,4,82964881.32560416,1,1.0
75,6,2,6,75465193.31073736,1,1.0
75,6,3,10,83661595.88642953,1,1.0
75,7,0,2,56373505.501934715,1,1.0
75,7,1,3,81285117.1213016,1,1.0
75,7,2,8,76239711.34246123,1,1.0
75,7,3,10,68981404.30103177,1,1.0
75,8,0,2,78737369.38575491,1,1.0
75,8,1,3,63376976.961586945,1,1.0
75,8,2,6,59058344.148499824,1,1.0
75,8,3,10,89340700.49639888,1,1.0
75,9,0,2,67399532.60170443,1,1.0
75,9,1,3,64759500.43150537,1,1.0
75,9,2,6,60899918.312961295,1,1.0
75,9,3,10,71727908.15556943,1,1.0
75,10,0,1,67608994.32383443,1,1.0
75,10,1,3,82073009.1755033,1,1.0
75,10,2,8,70808551.21729784,1,1.0
75,10,3,11,67212171.4343678,1,1.0
75,11,0,2,71622691.5503993,1,1.0
75,11,1,4,76119593.15096334,1,1.0
75,11,2,8,89106990.01199605,1,1.0
75,11,3,10,83315387.27104108,1,1.0
75,12,0,2,87144212.80290046,1,1.0
75,12,1,4,64384019.80665027,1,1.0
75,12,2,8,83936028.24953656,1,1.0
75,12,3,10,109391713.62073417,1,1.0
75,13,0,2,81762509.31868629,1,1.0
75,13,1,3,79984138.67455629,1,1.0
75,13,2,8,70465840.15374008,1,1.0
75,13,3,11,71085095.59808335,1,1.0
75,14,0,2,66624579.91988917,1,1.0
75,14,1,3,70791573.24493477,1,1.0
75,14,2,8,60007815.78374937,1,1.0
75,14,3,11,75566725.98550482,1,1.0
75,15,0,2,64613180.41256667,1,1.0
75,15,1,3,88205439.74072327,1,1.0
75,15,2,7,56980600.192312375,1,1.0
75,15,3,10,79507281.71120621,1,1.0
75,16,0,2,57113837.29076682,1,1.0
75,16,1,3,91985814.02307124,1,1.0
75,16,2,8,53824354.16427473,1,1.0
75,16,3,10,79568835.88434312,1,1.0
75,17,0,2,69966947.7995515,1,1.0
75,17,1,3,75613716.13813941,1,1.0
75,17,2,8,81190127.00269519,1,1.0
75,17,3,11,79491984.57480125,1,1.0
75,18,0,2,64756039.65168806,1,1.0
75,18,1,4,69740464.3457922,1,1.0
75,18,2,8,58907780.15083513,1,1.0
75,18,3,10,93650359.33467293,1,1.0
75,19,0,2,75971599.88258255,1,1.0
75,19,1,4,72534054.24205218,1,1.0
75,19,2,7,65946605.12854698,1,1.0
75,19,3,11,70996064.59334415,1,1.0
75,20,0,2,81774501.5825414,1,1.0
75,20,1,3,81154485.86258219,1,1.0
75,20,2,8,62407126.11851133,1,1.0
75,20,3,10,82316900.63207538,1,1.0
75,21,0,0,64159083.274124265,1,1.0
75,21,1,4,71667595.14502491,1,1.0
75,21,2,8,79644449.54378796,1,1.0
75,21,3,10,69766481.79232489,1,1.0
75,22,0,2,88614302.55418512,1,1.0
75,22,1,3,64419560.89088249,1,1.0
75,22,2,8,93890278.52583072,1,1.0
75,22,3,10,61961241.053656064,1,1.0
75,23,0,2,72191696.44843926,1,1.0
75,23,1,3,69916044.0458069,1,1.0
75,23,2,7,60045236.02042516,1,1.0
75,23,3,10,80438853.57778761,1,1.0
76,0,0,2,63123598.93245993,1,1.0
76,0,1,3,80253202.12272137,1,1.0
76,0,2,8,57361069.911118686,1,1.0
76,0,3,10,83948572.08164087,1,1.0
76,1,0,2,61292299.06266106,1,1.0
76,1,1,3,64205629.33041555,1,1.0
76,1,2,7,65869848.09582402,1,1.0
76,1,3,10,85036941.69228338,1,1.0
76,2,0,2,56678484.960258804,1,1.0
76,2,1,3,90276107.64964439,1,1.0
76,2,2,8,56062829.46892759,1,1.0
76,2,3,10,71242092.16815317,1,1.0
76,3,0,2,55708621.76957627,1,1.0
76,3,1,4,65742752.17096888,1,1.0
76,3,2,8,59416462.780042104,1,1.0
76,3,3,10,85200752.92604469,1,1.0
76,4,0,2,67484708.99045843,1,1.0
76,4,1,3,86737883.19319552,1,1.0
76,4,2,8,67348528.35251264,1,1.0
76,4,3,10,83909903.8991266,1,1.0
76,5,0,2,65882206.32785118,1,1.0
76,5,1,4,67050488.882320255,1,1.0
76,5,2,6,87388211.44672498,1,1.0
76,5,3,10,64804329.091738835,1,1.0
76,6,0,0,67683399.18251586,1,1.0
76,6,1,3,86339641.48640786,1,1.0
76,6,2,6,55585083.09786996,1,1.0
76,6,3,11,68105765.53021827,1,1.0
76,7,0,2,71511071.17794868,1,1.0
76,7,1,3,84669235.6246501,1,1.0
76,7,2,6,62403443.030300006,1,1.0
76,7,3,10,70074914.48513319,1,1.0
76,8,0,2,69140662.17728825,1,1.0
76,8,1,3,76369330.50601253,1,1.0
76,8,2,8,70478306.8507738,1,1.0
76,8,3,10,102223152.55764286,1,1.0
76,9,0,2,76922724.86555922,1,1.0
76,9,1,4,85079694.2543326,1,1.0
76,9,2,7,55014205.47595809,1,1.0
76,9,3,10,78169030.11617894,1,1.0
76,10,0,2,57288341.68496313,1,1.0
76,10,1,4,88482506.61498195,1,1.0
76,10,2,7,64385742.382549785,1,1.0
76,10,3,10,66577984.427404754,1,1.0
76,11,0,0,72955599.45757574,1,1.0
76,11,1,4,65435797.569337696,1,1.0
76,11,2,8,71205021.96538286,1,1.0
76,11,3,10,78608358.11130327,1,1.0
76,12,0,2,75638694.5014612,1,1.0
76,12,1,3,68122381.20797846,1,1.0
76,12,2,6,53332901.85269099,1,1.0
76,12,3,11,80641406.16547653,1,1.0
76,13,0,0,64305487.96763913,1,1.0
76,13,1,3,68352450.98150772,1,1.0
76,13,2,8,81906279.78920086,1,1.0
76,13,3,10,90986181.05299905,1,1.0
76,14,0,2,78980545.83822303,1,1.0
76,14,1,3,98629834.54030317,1,1.0
76,14,2,8,68810039.49692912,1,1.0
76,14,3,10,104669544.8536046,1,1.0
76,15,0,2,72136763.67770174,1,1.0
76,15,1,3,83297757.33841273,1,1.0
76,15,2,8,64592931.50215715,1,1.0
76,15,3,10,66945356.07708562,1,1.0
76,16,0,2,69442292.05142847,1,1.0
76,16,1,4,90284805.1788253,1,1.0
76,16,2,8,66378649.23643158,1,1.0
76,16,3,11,67190539.25428526,1,1.0
76,17,0,2,67923874.51622511,1,1.0
76,17,1,3,70342248.51965927,1,1.0
76,17,2,8,64652910.50008039,1,1.0
76,17,3,11,81404517.81915727,1,1.0
76,18,0,2,69557007.86391155,1,1.0
76,18,1,3,63179667.138607986,1,1.0
76,18,2,8,71695047.98068066,1,1.0
76,18,3,10,68077690.54504478,1,1.0
76,19,0,0,80040373.51160334,1,1.0
76,19,1,4,60560356.42610356,1,1.0
76,19,2,6,78482613.28118588,1,1.0
76,19,3,10,72315880.8207842,1,1.0
76,20,0,2,99168365.63530028,1,1.0
76,20,1,3,65611584.1879499,1,1.0
76,20,2,8,74098525.71138194,1,1.0
76,20,3,10,65886640.56309246,1,1.0
76,21,0,2,62547758.83933921,1,1.0
76,21,1,3,68875885.91028158,1,1.0
76,21,2,8,73726914.34805429,1,1.0
76,21,3,10,72780791.03550464,1,1.0
76,22,0,0,69116362.95690009,1,1.0
76,22,1,4,70543559.58670506,1,1.0
76,22,2,6,62603302.07280901,1,1.0
76,22,3,10,82235635.85986055,1,1.0
76,23,0,0,69052097.333929,1,1.0
76,23,1,3,73135234.95892006,1,1.0
76,23,2,8,70003388.27947138,1,1.0
76,23,3,11,71498565.92175034,1,1.0
77,0,0,2,59334256.486647815,1,1.0
77,0,1,3,66502734.452520244,1,1.0
77,0,2,8,63834472.60955796,1,1.0
77,0,3,10,63837550.719792016,1,1.0
77,1,0,0,58641784.06383334,1,1.0
77,1,1,3,71811547.94616377,1,1.0
77,1,2,8,63836132.90668266,1,1.0
77,1,3,10,90807325.52002487,1,1.0
77,2,0,2,59386590.5023816,1,1.0
77,2,1,3,67539698.05895077,1,1.0
77,2,2,8,65406120.17733151,1,1.0
77,2,3,10,85729351.84356678,1,1.0
77,3,0,2,68592315.34237264,1,1.0
77,3,1,3,69286309.75719455,1,1.0
77,3,2,7,79441205.65499131,1,1.0
77,3,3,11,64245853.72831084,1,1.0
77,4,0,0,70107567.19794084,1,1.0
77,4,1,3,86076267.84418117,1,1.0
77,4,2,7,58285616.85354367,1,1.0
77,4,3,10,87353888.32367074,1,1.0
77,5,0,2,64712493.73009818,1,1.0
77,5,1,3,77274853.0437346,1,1.0
77,5,2,8,70580508.54287276,1,1.0
77,5,3,10,73712794.03422533,1,1.0
77,6,0,2,78419728.66969903,1,1.0
77,6,1,3,81722837.86152129,1,1.0
77,6,2,8,65730913.465160355,1,1.0
77,6,3,11,72727207.37635459,1,1.0
77,7,0,2,88323921.77500094,1,1.0
77,7,1,4,66318543.15033352,1,1.0
77,7,2,8,59885821.787720785,1,1.0
77,7,3,10,69579793.9339783,1,1.0
77,8,0,2,89017051.36586058,1,1.0
77,8,1,3,69604248.84533562,1,1.0
77,8,2,6,61761715.16863593,1,1.0
77,8,3,10,83773236.22740425,1,1.0
77,9,0,1,66557288.55200022,1,1.0
77,9,1,3,74575049.57950217,1,1.0
77,9,2,8,98346100.28167102,1,1.0
77,9,3,10,81435610.97904354,1,1.0
77,10,0,2,77092236.61881363,1,1.0
77,10,1,3,90026396.59994316,1,1.0
77,10,2,8,77764455.69184247,1,1.0
77,10,3,10,77727651.42004861,1,1.0
77,11,0,2,64612081.11059311,1,1.0
77,11,1,4,65078156.5846805,1,1.0
77,11,2,8,63831973.61041005,1,1.0
77,11,3,11,70315684.12155983,1,1.0
77,12,0,2,75300268.02076495,1,1.0
77,12,1,3,62677163.00180341,1,1.0
77,12,2,8,64269229.140545465,1,1.0
77,12,3,10,64995072.79097485,1,1.0
77,13,0,2,61558056.30242604,1,1.0
77,13,1,4,57186945.507125005,1,1.0
77,13,2,8,65530192.23900964,1,1.0
77,13,3,10,65225230.54943218,1,1.0
77,14,0,2,66563885.61191392,1,1.0
77,14,1,4,69964198.05247994,1,1.0
77,14,2,8,55340240.00404569,1,1.0
77,14,3,10,67172206.69062915,1,1.0
77,15,0,2,67865993.70401071,1,1.0
77,15,1,3,73518903.50163473,1,1.0
77,15,2,8,69286693.13922532,1,1.0
77,15,3,10,90643775.75573327,1,1.0
77,16,0,2,84387639.08392692,1,1.0
77,16,1,3,90319397.84881106,1,1.0
77,16,2,8,57334735.958978415,1,1.0
77,16,3,10,93243141.38150302,1,1.0
77,17,0,2,60090623.99873767,1,1.0
77,17,1,3,66960506.924155265,1,1.0
77,17,2,8,86188776.11553624,1,1.0
77,17,3,11,69102104.66045748,1,1.0
77,18,0,0,60220032.76848974,1,1.0
77,18,1,4,72595488.22915608,1,1.0
77,18,2,8,73944629.31019077,1,1.0
77,18,3,11,70213029.1336274,1,1.0
77,19,0,2,68401276.83294761,1,1.0
77,19,1,3,71682036.0506641,1,1.0
77,19,2,8,62469011.1543196,1,1.0
77,19,3,10,68971298.88077754,1,1.0
77,20,0,2,68455675.86847718,1,1.0
77,20,1,3,107111988.06062612,1,1.0
77,20,2,8,93002975.15180236,1,1.0
77,20,3,10,87184770.92745025,1,1.0
77,21,0,2,61456914.01063523,1,1.0
77,21,1,4,79529664.35407238,1,1.0
77,21,2,6,68669951.31212084,1,1.0
77,21,3,11,77126384.6081655,1,1.0
77,22,0,2,75285745.46913466,1,1.0
77,22,1,3,65510045.35261976,1,1.0
77,22,2,7,59288758.16096661,1,1.0
77,22,3,10,95542506.36191942,1,1.0
77,23,0,2,78255533.8700616,1,1.0
77,23,1,3,90083120.98513435,1,1.0
77,23,2,8,67650609.53742893,1,1.0
77,23,3,10,88396033.32882126,1,1.0
78,0,0,2,76855408.9385739,1,1.0
78,0,1,3,61077575.160782844,1,1.0
78,0,2,8,65800437.9009399,1,1.0
78,0,3,10,105933029.1306971,1,1.0
78,1,0,2,70009569.46976413,1,1.0
78,1,1,3,81084588.38113424,1,1.0
78,1,2,8,65615793.724594705,1,1.0
78,1,3,10,83090318.84618609,1,1.0
78,2,0,1,61254505.1137516,1,1.0
78,2,1,4,57125127.15460603,1,1.0
78,2,2,6,61148475.80268422,1,1.0
78,2,3,10,92052126.87132674,1,1.0
78,3,0,2,59428887.670698464,1,1.0
78,3,1,5,65413260.834073,1,1.0
78,3,2,8,56977739.75269313,1,1.0
78,3,3,10,76953376.64381771,1,1.0
78,4,0,2,66884276.63260692,1,1.0
78,4,1,3,77395253.48109005,1,1.0
78,4,2,8,75212636.82762022,1,1.0
78,4,3,10,73180604.35272203,1,1.0
78,5,0,0,60206021.004257545,1,1.0
78,5,1,4,66858747.117500514,1,1.0
78,5,2,8,78927346.54444447,1,1.0
78,5,3,10,81859929.09745626,1,1.0
78,6,0,2,71571261.76335378,1,1.0
78,6,1,3,74913994.33763072,1,1.0
78,6,2,8,70132900.80193101,1,1.0
78,6,3,10,102520653.61610907,1,1.0
78,7,0,1,58247673.25009714,1,1.0
78,7,1,3,80122291.23769097,1,1.0
78,7,2,6,66776542.02485503,1,1.0
78,7,3,10,105573996.82549758,1,1.0
78,8,0,2,113433702.76861297,1,1.0
78,8,1,3,77047302.31736042,1,1.0
78,8,2,8,58040688.89451748,1,1.0
78,8,3,10,97479306.98128928,1,1.0
78,9,0,0,62899780.567456976,1,1.0
78,9,1,3,64611643.65177998,1,1.0
78,9,2,8,60091509.98498914,1,1.0
78,9,3,10,65411862.84761683,1,1.0
78,10,0,2,69921634.59204839,1,1.0
78,10,1,4,68175089.76103692,1,1.0
78,10,2,8,73445489.37946929,1,1.0
78,10,3,10,68712269.35968344,1,1.0
78,11,0,2,75148796.27167404,1,1.0
78,11,1,3,67261957.2895333,1,1.0
78,11,2,6,60643025.344039276,1,1.0
78,11,3,11,77605710.04011714,1,1.0
78,12,0,2,62372937.04391209,1,1.0
78,12,1,3,92415041.06349213,1,1.0
78,12,2,8,84589035.99986507,1,1.0
78,12,3,11,64243779.15662605,1,1.0
78,13,0,1,66410116.392177,1,1.0
78,13,1,3,70902241.24022318,1,1.0
78,13,2,8,67757160.38560669,1,1.0
78,13,3,10,61995279.4291252,1,1.0
78,14,0,2,92119397.42714578,1,1.0
78,14,1,4,59288993.76011551,1,1.0
78,14,2,8,89259758.83352578,1,1.0
78,14,3,11,70003083.83413143,1,1.0
78,15,0,2,69956225.90320691,1,1.0
78,15,1,3,66122915.66427925,1,1.0
78,15,2,8,67605680.88148089,1,1.0
78,15,3,10,79552787.33441241,1,1.0
78,16,0,2,68039425.0610883,1,1.0
78,16,1,3,69432412.49469978,1,1.0
78,16,2,6,62413101.24830725,1,1.0
78,16,3,10,91726627.55916478,1,1.0
78,17,0,2,88124312.50181302,1,1.0
78,17,1,3,59688853.76333218,1,1.0
78,17,2,7,56529862.469410755,1,1.0
78,17,3,11,66166277.79106466,1,1.0
78,18,0,2,95497013.59890266,1,1.0
78,18,1,3,85868168.193572,1,1.0
78,18,2,8,60822443.218290105,1,1.0
78,18,3,11,68259085.42603266,1,1.0
78,19,0,2,93029998.39533359,1,1.0
78,19,1,3,81213913.32107566,1,1.0
78,19,2,7,60647043.57491279,1,1.0
78,19,3,10,66942963.36766572,1,1.0
78,20,0,2,55646070.49524341,1,1.0
78,20,1,3,65105051.08816902,1,1.0
78,20,2,8,60267480.53195919,1,1.0
78,20,3,10,66453043.12542563,1,1.0
78,21,0,2,80544962.43022646,1,1.0
78,21,1,4,72886162.99408258,1,1.0
78,21,2,8,70803678.98002605,1,1.0
78,21,3,10,109134233.54396127,1,1.0
78,22,0,2,71692003.4553362,1,1.0
78,22,1,3,82125355.27195004,1,1.0
78,22,2,7,65334763.37522644,1,1.0
78,22,3,11,67085978.69457562,1,1.0
78,23,0,2,83645693.71800609,1,1.0
78,23,1,3,64453863.945818014,1,1.0
78,23,2,8,69835307.02508985,1,1.0
78,23,3,10,89328700.7404317,1,1.0
79,0,0,2,84120426.31847866,1,1.0
79,0,1,3,80698217.83687375,1,1.0
79,0,2,8,58677069.42868443,1,1.0
79,0,3,10,69394450.46220063,1,1.0
79,1,0,0,67459635.32092127,1,1.0
79,1,1,3,88170542.06392156,1,1.0
79,1,2,7,58211175.89579962,1,1.0
79,1,3,11,80314360.03352097,1,1.0
79,2,0,2,83913138.53071271,1,1.0
79,2,1,4,69741430.8434781,1,1.0
79,2,2,6,57191756.39063956,1,1.0
79,2,3,10,72705315.01477732,1,1.0
79,3,0,2,65556015.78470653,1,1.0
79,3,1,3,73888459.2490918,1,1.0
79,3,2,8,69256186.25883877,1,1.0
79,3,3,10,76030587.47338924,1,1.0
79,4,0,2,67258099.16475575,1,1.0
79,4,1,3,61120779.49502951,1,1.0
79,4,2,8,74679690.76303817,1,1.0
79,4,3,10,81128293.01373175,1,1.0
79,5,0,2,76070319.86395599,1,1.0
79,5,1,3,77898143.54045749,1,1.0
79,5,2,8,70286098.00998501,1,1.0
79,5,3,11,65096854.89245596,1,1.0
79,6,0,0,59336928.06801809,1,1.0
79,6,1,3,67757334.54042134,1,1.0
79,6,2,7,56726910.08389223,1,1.0
79,6,3,10,67141560.47416127,1,1.0
79,7,0,0,59550681.73300314,1,1.0
79,7,1,4,69872901.23239082,1,1.0
79,7,2,8,63007628.952820785,1,1.0
79,7,3,10,82085826.84434547,1,1.0
79,8,0,0,61386523.75837537,1,1.0
79,8,1,4,77997883.56193435,1,1.0
79,8,2,8,65854125.16548421,1,1.0
79,8,3,10,90914892.82036799,1,1.0
79,9,0,2,72882630.66487026,1,1.0
79,9,1,3,70467425.27962649,1,1.0
79,9,2,7,54988500.22595749,1,1.0
79,9,3,11,68648056.79188266,1,1.0
79,10,0,2,76157229.89541876,1,1.0
79,10,1,4,70365609.87884322,1,1.0
79,10,2,6,60754646.49582028,1,1.0
79,10,3,10,69987675.17327966,1,1.0
79,11,0,2,69596209.84999475,1,1.0
79,11,1,4,61510174.577746496,1,1.0
79,11,2,8,96765520.23851073,1,1.0
79,11,3,10,73813536.99901837,1,1.0
79,12,0,2,71544505.30275807,1,1.0
79,12,1,4,82351993.30685677,1,1.0
79,12,2,8,70486727.77847642,1,1.0
79,12,3,10,69764332.12729211,1,1.0
79,13,0,2,67788432.41988157,1,1.0
79,13,1,3,66313397.29980887,1,1.0
79,13,2,8,63290866.57281191,1,1.0
79,13,3,10,68906569.21132775,1,1.0
79,14,0,2,86273143.48383832,1,1.0
79,14,1,3,63884163.56713018,1,1.0
79,14,2,8,56203410.177980274,1,1.0
79,14,3,11,82376865.96541946,1,1.0
79,15,0,2,78113412.3039696,1,1.0
79,15,1,4,81764293.27728105,1,1.0
79,15,2,8,58778428.40325056,1,1.0
79,15,3,10,64530830.884252325,1,1.0
79,16,0,2,86830669.15720284,1,1.0
79,16,1,3,66599923.334682405,1,1.0
79,16,2,8,58925852.1949067,1,1.0
79,16,3,11,69128728.02365123,1,1.0
79,17,0,2,63621080.15936704,1,1.0
79,17,1,3,105734936.34929778,1,1.0
79,17,2,7,57729929.741487116,1,1.0
79,17,3,10,70754194.42348845,1,1.0
79,18,0,2,79154139.81589429,1,1.0
79,18,1,4,69062754.87518826,1,1.0
79,18,2,8,62386943.906967565,1,1.0
79,18,3,10,80721219.75615753,1,1.0
79,19,0,2,65367682.77038301,1,1.0
79,19,1,4,66207076.82807969,1,1.0
79,19,2,7,78678851.59840629,1,1.0
79,19,3,11,72886269.5841358,1,1.0
79,20,0,2,68380640.96014713,1,1.0
79,20,1,3,78782858.25551414,1,1.0
79,20,2,8,93577999.67200796,1,1.0
79,20,3,10,83707714.83527924,1,1.0
79,21,0,1,59513194.709210776,1,1.0
79,21,1,3,57783490.88683178,1,1.0
79,21,2,8,79440716.47278057,1,1.0
79,21,3,10,84746650.2226524,1,1.0
79,22,0,2,81114661.85120626,1,1.0
79,22,1,3,78018292.49378969,1,1.0
79,22,2,8,64169155.0693493,1,1.0
79,22,3,10,71122801.256032,1,1.0
79,23,0,2,61375800.79715372,1,1.0
79,23,1,3,73459875.1632082,1,1.0
79,23,2,6,58229328.71936489,1,1.0
79,23,3,10,92213426.08936249,1,1.0
80,0,0,2,83877721.40629359,1,1.0
80,0,1,3,69129637.36822513,1,1.0
80,0,2,8,72377058.38577574,1,1.0
80,0,3,10,68386305.51267365,1,1.0
80,1,0,2,73730612.84491374,1,1.0
80,1,1,3,73633201.84866445,1,1.0
80,1,2,8,59633529.318994366,1,1.0
80,1,3,10,84720449.02655967,1,1.0
80,2,0,2,80431923.57031675,1,1.0
80,2,1,3,78049512.84422378,1,1.0
80,2,2,8,61616270.594206326,1,1.0
80,2,3,11,64972225.35253134,1,1.0
80,3,0,2,81291764.60215928,1,1.0
80,3,1,3,79451772.23066886,1,1.0
80,3,2,8,56777933.97598027,1,1.0
80,3,3,11,64082087.53756598,1,1.0
80,4,0,2,87981037.05388916,1,1.0
80,4,1,3,91052693.01685883,1,1.0
80,4,2,7,59742864.95211022,1,1.0
80,4,3,10,67595855.16840585,1,1.0
80,5,0,0,64677131.34577311,1,1.0
80,5,1,4,80076245.29891717,1,1.0
80,5,2,6,63499404.11654954,1,1.0
80,5,3,10,64497533.21444634,1,1.0
80,6,0,2,69508276.06153825,1,1.0
80,6,1,3,61625836.76921965,1,1.0
80,6,2,8,82754864.94841133,1,1.0
80,6,3,11,72394610.65006717,1,1.0
80,7,0,0,94234318.30649832,1,1.0
80,7,1,3,87707776.07419838,1,1.0
80,7,2,8,65848733.56410017,1,1.0
80,7,3,10,81198821.87971269,1,1.0
80,8,0,2,79369148.97686782,1,1.0
80,8,1,3,82106577.99443576,1,1.0
80,8,2,8,54462718.53524703,1,1.0
80,8,3,10,68637547.24003698,1,1.0
80,9,0,2,63037365.94877393,1,1.0
80,9,1,3,88129156.86451769,1,1.0
80,9,2,8,75892725.8081914,1,1.0
80,9,3,10,89743596.65708089,1,1.0
80,10,0,2,92381879.18456088,1,1.0
80,10,1,4,73875694.98301853,1,1.0
80,10,2,8,58671235.28032908,1,1.0
80,10,3,10,74795661.86779408,1,1.0
80,11,0,2,72728048.04744431,1,1.0
80,11,1,3,79953350.82050855,1,1.0
80,11,2,7,57099524.640256725,1,1.0
80,11,3,11,76749805.29637934,1,1.0
80,12,0,2,74844689.56431252,1,1.0
80,12,1,3,92435118.46662645,1,1.0
80,12,2,6,69496332.76955307,1,1.0
80,12,3,10,92140212.76339477,1,1.0
80,13,0,1,72510651.32053958,1,1.0
80,13,1,3,60756856.39197138,1,1.0
80,13,2,8,56693921.24599826,1,1.0
80,13,3,10,88806079.04929405,1,1.0
80,14,0,2,54467027.27051565,1,1.0
80,14,1,4,86089755.02207182,1,1.0
80,14,2,8,62575463.57697081,1,1.0
80,14,3,10,66318774.489319175,1,1.0
80,15,0,2,73784042.55405273,1,1.0
80,15,1,4,72559453.58171509,1,1.0
80,15,2,7,65643144.961107925,1,1.0
80,15,3,10,76729423.40444438,1,1.0
80,16,0,2,78079891.87741119,1,1.0
80,16,1,3,74904597.85522799,1,1.0
80,16,2,8,62449690.352318026,1,1.0
80,16,3,10,84856304.02386408,1,1.0
80,17,0,2,80538038.3970448,1,1.0
80,17,1,3,76235605.08101712,1,1.0
80,17,2,8,64039620.51143879,1,1.0
80,17,3,10,66294463.43128121,1,1.0
80,18,0,2,67787356.89716032,1,1.0
80,18,1,3,71912598.83878697,1,1.0
80,18,2,7,63894867.99862032,1,1.0
80,18,3,11,66439544.48497566,1,1.0
80,19,0,2,69239865.81013407,1,1.0
80,19,1,3,67762695.09533674,1,1.0
80,19,2,8,72715607.78320791,1,1.0
80,19,3,11,93392754.74057142,1,1.0
80,20,0,0,70703249.13648714,1,1.0
80,20,1,3,68707289.12216991,1,1.0
80,20,2,7,65447176.96764522,1,1.0
80,20,3,10,80097359.71347407,1,1.0
80,21,0,2,78390332.91378158,1,1.0
80,21,1,3,99948276.9819743,1,1.0
80,21,2,8,80132325.32597467,1,1.0
80,21,3,10,79710764.0333876,1,1.0
80,22,0,2,71967929.92975052,1,1.0
80,22,1,4,62350395.4752827,1,1.0
80,22,2,8,71554842.5939305,1,1.0
80,22,3,10,72471023.01372738,1,1.0
80,23,0,0,58417925.84568184,1,1.0
80,23,1,3,81698434.86151081,1,1.0
80,23,2,8,74605713.3658863,1,1.0
80,23,3,10,67283601.32034452,1,1.0
81,0,0,2,63826806.245573714,1,1.0
81,0,1,3,70205507.7996665,1,1.0
81,0,2,7,63325372.861276716,1,1.0
81,0,3,10,71403617.87462392,1,1.0
81,1,0,1,63516348.6976179,1,1.0
81,1,1,4,62225707.711624555,1,1.0
81,1,2,8,80025105.52445069,1,1.0
81,1,3,10,75950348.07587327,1,1.0
81,2,0,2,74167029.951064,1,1.0
81,2,1,4,60201420.41262115,1,1.0
81,2,2,7,62110490.108157255,1,1.0
81,2,3,10,96424254.50662404,1,1.0
81,3,0,2,79095152.47616789,1,1.0
81,3,1,3,75215391.65871404,1,1.0
81,3,2,8,84224645.37309878,1,1.0
81,3,3,10,89446572.90611704,1,1.0
81,4,0,0,75872650.40222435,1,1.0
81,4,1,3,87513308.33873123,1,1.0
81,4,2,6,70384746.40650336,1,1.0
81,4,3,10,70064024.97837733,1,1.0
81,5,0,1,57830957.44017509,1,1.0
81,5,1,3,91477945.80349128,1,1.0
81,5,2,8,69033612.50967349,1,1.0
81,5,3,10,81099233.70505428,1,1.0
81,6,0,2,62098613.23319032,1,1.0
81,6,1,4,64343898.55070173,1,1.0
81,6,2,6,56350657.8804423,1,1.0
81,6,3,10,78756224.99924034,1,1.0
81,7,0,2,77875808.84371002,1,1.0
81,7,1,3,111246832.03065465,1,1.0
81,7,2,8,74409041.15059868,1,1.0
81,7,3,10,88188655.03434172,1,1.0
81,8,0,2,85904534.44164632,1,1.0
81,8,1,4,70456673.83130525,1,1.0
81,8,2,7,54655993.05357403,1,1.0
81,8,3,11,74880950.95035367,1,1.0
81,9,0,2,92298799.66540205,1,1.0
81,9,1,4,87660289.88255091,1,1.0
81,9,2,7,53125063.79949187,1,1.0
81,9,3,10,70095523.74903275,1,1.0
81,10,0,2,62815101.65587553,1,1.0
81,10,1,4,83712253.37159693,1,1.0
81,10,2,7,66958857.17784253,1,1.0
81,10,3,10,75442849.51273336,1,1.0
81,11,0,2,55679728.443962246,1,1.0
81,11,1,3,69487699.10557294,1,1.0
81,11,2,8,81984784.15212178,1,1.0
81,11,3,11,74475761.438351,1,1.0
81,12,0,2,58121066.53951626,1,1.0
81,12,1,3,71402912.22173405,1,1.0
81,12,2,8,60809657.28414889,1,1.0
81,12,3,10,83173231.49179932,1,1.0
81,13,0,0,64288747.51533001,1,1.0
81,13,1,3,73988116.61398083,1,1.0
81,13,2,8,69020343.63341434,1,1.0
81,13,3,10,67324825.94389835,1,1.0
81,14,0,2,61345479.1883798,1,1.0
81,14,1,3,70544715.31531529,1,1.0
81,14,2,8,56788545.669945724,1,1.0
81,14,3,11,69362337.14171553,1,1.0
81,15,0,2,70076953.94438158,1,1.0
81,15,1,3,68996478.1247198,1,1.0
81,15,2,8,72828679.33222775,1,1.0
81,15,3,10,72979825.33576925,1,1.0
81,16,0,1,72782281.47990777,1,1.0
81,16,1,3,79896792.61768848,1,1.0
81,16,2,8,77956007.01908508,1,1.0
81,16,3,10,70363869.82771693,1,1.0
81,17,0,2,73795632.00318232,1,1.0
81,17,1,4,72969048.41668585,1,1.0
81,17,2,7,52892314.247105114,1,1.0
81,17,3,10,75947098.27242187,1,1.0
81,18,0,2,83648708.70721442,1,1.0
81,18,1,3,61432909.26879897,1,1.0
81,18,2,6,55596403.154183604,1,1.0
81,18,3,10,81289174.84235688,1,1.0
81,19,0,2,66009471.59722166,1,1.0
81,19,1,3,78629265.20278308,1,1.0
81,19,2,8,63808802.01219986,1,1.0
81,19,3,10,86061884.34002082,1,1.0
81,20,0,2,78504141.21311733,1,1.0
81,20,1,3,93749817.8195589,1,1.0
81,20,2,8,74992087.77108262,1,1.0
81,20,3,10,83415140.40852767,1,1.0
81,21,0,2,66368841.86274363,1,1.0
81,21,1,4,70465484.62980874,1,1.0
81,21,2,6,61547161.63024727,1,1.0
81,21,3,10,65910287.81499509,1,1.0
81,22,0,2,72887540.66100584,1,1.0
81,22,1,3,71493485.79420833,1,1.0
81,22,2,8,57572046.29507777,1,1.0
81,22,3,10,101906985.00471576,1,1.0
81,23,0,2,67571967.09393401,1,1.0
81,23,1,3,64837474.5892709,1,1.0
81,23,2,7,63434991.6451136,1,1.0
81,23,3,11,72415999.59876572,1,1.0
82,0,0,2,58876293.468480766,1,1.0
82,0,1,3,64594782.463706166,1,1.0
82,0,2,8,61490585.67677923,1,1.0
82,0,3,10,73659804.76030761,1,1.0
82,1,0,2,91122770.08023238,1,1.0
82,1,1,3,68015010.56458351,1,1.0
82,1,2,8,65827262.73474442,1,1.0
82,1,3,11,68852365.38203862,1,1.0
82,2,0,2,74159413.93376757,1,1.0
82,2,1,3,59277178.98631916,1,1.0
82,2,2,8,70568235.46298096,1,1.0
82,2,3,10,70068047.8585805,1,1.0
82,3,0,2,69496716.45252337,1,1.0
82,3,1,3,66048007.760737784,1,1.0
82,3,2,8,60372210.98445165,1,1.0
82,3,3,10,77913858.17672294,1,1.0
82,4,0,0,61581578.18943767,1,1.0
82,4,1,3,83301702.58316809,1,1.0
82,4,2,8,83422334.04155745,1,1.0
82,4,3,10,102413431.2370282,1,1.0
82,5,0,2,67859279.51804715,1,1.0
82,5,1,4,83024736.61885317,1,1.0
82,5,2,8,73807785.94428068,1,1.0
82,5,3,10,83431717.68231486,1,1.0
82,6,0,0,61776544.643314205,1,1.0
82,6,1,3,68938417.9428775,1,1.0
82,6,2,8,65234095.64925997,1,1.0
82,6,3,10,71257145.3453368,1,1.0
82,7,0,2,62314385.67094995,1,1.0
82,7,1,3,71737810.25163351,1,1.0
82,7,2,8,55271539.68998137,1,1.0
82,7,3,11,70180940.85618421,1,1.0
82,8,0,2,68178694.81338383,1,1.0
82,8,1,3,68336249.04660635,1,1.0
82,8,2,8,56904780.78932431,1,1.0
82,8,3,10,65877187.55051612,1,1.0
82,9,0,2,99123311.34171034,1,1.0
82,9,1,4,58889730.355434224,1,1.0
82,9,2,8,57724308.116199024,1,1.0
82,9,3,11,62390607.17012335,1,1.0
82,10,0,0,71923336.80910015,1,1.0
82,10,1,3,66798483.69370627,1,1.0
82,10,2,8,83135693.83287175,1,1.0
82,10,3,10,87110392.24660864,1,1.0
82,11,0,1,60263767.48411749,1,1.0
82,11,1,3,62425593.85410598,1,1.0
82,11,2,8,75165410.16015586,1,1.0
82,11,3,10,77178029.13427131,1,1.0
82,12,0,2,77452356.12777542,1,1.0
82,12,1,3,64099245.853760906,1,1.0
82,12,2,8,61413673.22215494,1,1.0
82,12,3,11,72285356.8878071,1,1.0
82,13,0,2,67218413.14057635,1,1.0
82,13,1,3,64564223.20324833,1,1.0
82,13,2,8,76840904.85782643,1,1.0
82,13,3,11,62356012.688574925,1,1.0
82,14,0,2,60734087.71555704,1,1.0
82,14,1,3,70260652.67751768,1,1.0
82,14,2,6,57197756.60636206,1,1.0
82,14,3,10,69764267.191797,1,1.0
82,15,0,2,61650956.21275867,1,1.0
82,15,1,4,62109113.99648369,1,1.0
82,15,2,8,58492055.04471758,1,1.0
82,15,3,11,65004774.57543223,1,1.0
82,16,0,2,68729589.50029851,1,1.0
82,16,1,3,79687197.58441183,1,1.0
82,16,2,8,65017914.51995986,1,1.0
82,16,3,10,65683446.95825185,1,1.0
82,17,0,2,63980740.31473023,1,1.0
82,17,1,3,77215366.42847548,1,1.0
82,17,2,8,68793420.2080148,1,1.0
82,17,3,10,70755779.8258376,1,1.0
82,18,0,2,66793015.80908466,1,1.0
82,18,1,3,76472301.63024181,1,1.0
82,18,2,8,75055662.5179634,1,1.0
82,18,3,10,71196281.68161365,1,1.0
82,19,0,2,75536459.48571497,1,1.0
82,19,1,4,70805024.23004703,1,1.0
82,19,2,8,71010720.22440141,1,1.0
82,19,3,10,75540606.98219185,1,1.0
82,20,0,2,73954452.39864267,1,1.0
82,20,1,3,81563564.32157342,1,1.0
82,20,2,6,59350210.89968909,1,1.0
82,20,3,11,79758120.35520607,1,1.0
82,21,0,2,74640189.7358151,1,1.0
82,21,1,4,66170686.28155523,1,1.0
82,21,2,8,90594383.81164944,1,1.0
82,21,3,10,96546771.68392797,1,1.0
82,22,0,2,60811815.25991187,1,1.0
82,22,1,3,61603400.62455641,1,1.0
82,22,2,8,63464493.37629992,1,1.0
82,22,3,10,84341318.8633374,1,1.0
82,23,0,2,80829736.47976083,1,1.0
82,23,1,3,64213764.45472595,1,1.0
82,23,2,7,59055965.0924253,1,1.0
82,23,3,11,70235880.58749263,1,1.0
83,0,0,2,64965595.04097836,1,1.0
83,0,1,4,61121449.04324109,1,1.0
83,0,2,8,59136119.77536097,1,1.0
83,0,3,10,92194517.07396689,1,1.0
83,1,0,2,57676859.80752743,1,1.0
83,1,1,4,69486915.6102883,1,1.0
83,1,2,8,61121240.68224344,1,1.0
83,1,3,10,117597103.49671039,1,1.0
83,2,0,2,73690849.2572662,1,1.0
83,2,1,3,66343654.66661179,1,1.0
83,2,2,8,64602595.37473463,1,1.0
83,2,3,10,104307357.69326486,1,1.0
83,3,0,0,60816347.51494303,1,1.0
83,3,1,4,73571436.25935614,1,1.0
83,3,2,8,54686600.282105245,1,1.0
83,3,3,10,78865217.66705465,1,1.0
83,4,0,2,72483691.15603878,1,1.0
83,4,1,3,83109151.5841013,1,1.0
83,4,2,8,63364836.18958958,1,1.0
83,4,3,10,93802776.1812398,1,1.0
83,5,0,1,65588593.50047404,1,1.0
83,5,1,3,89528796.62855072,1,1.0
83,5,2,6,58887050.65271275,1,1.0
83,5,3,10,81887048.70670892,1,1.0
83,6,0,2,84890294.0424745,1,1.0
83,6,1,3,80862810.06260149,1,1.0
83,6,2,8,68604190.442354,1,1.0
83,6,3,10,81140760.0572426,1,1.0
83,7,0,0,71500692.27580039,1,1.0
83,7,1,3,65243370.09471294,1,1.0
83,7,2,7,67115386.4680132,1,1.0
83,7,3,10,88742070.3877502,1,1.0
83,8,0,2,82979046.47168493,1,1.0
83,8,1,3,77207282.89752181,1,1.0
83,8,2,8,109021100.39171994,1,1.0
83,8,3,10,72349927.43026446,1,1.0
83,9,0,1,58314285.38747475,1,1.0
83,9,1,4,67664215.28525926,1,1.0
83,9,2,8,63951546.0182245,1,1.0
83,9,3,10,69275614.37615548,1,1.0
83,10,0,2,57091704.63334584,1,1.0
83,10,1,3,80462996.15108605,1,1.0
83,10,2,8,68375594.09026435,1,1.0
83,10,3,10,73184520.06824787,1,1.0
83,11,0,2,73133499.89988494,1,1.0
83,11,1,3,63825193.11176732,1,1.0
83,11,2,8,68297668.9482766,1,1.0
83,11,3,10,72342602.40956709,1,1.0
83,12,0,2,73954373.8250604,1,1.0
83,12,1,3,86341871.56531242,1,1.0
83,12,2,8,59428175.792785145,1,1.0
83,12,3,10,73068300.07979666,1,1.0
83,13,0,0,74276857.18215214,1,1.0
83,13,1,4,70597248.9978407,1,1.0
83,13,2,6,58644750.06603612,1,1.0
83,13,3,10,85267146.7789036,1,1.0
83,14,0,2,79017310.77991588,1,1.0
83,14,1,4,73255380.22177586,1,1.0
83,14,2,7,54151497.469299875,1,1.0
83,14,3,10,75323282.742549,1,1.0
83,15,0,2,88462206.23552048,1,1.0
83,15,1,3,76194696.09459083,1,1.0
83,15,2,8,76891052.80308773,1,1.0
83,15,3,10,85033073.36224864,1,1.0
83,16,0,2,84341760.75037895,1,1.0
83,16,1,4,74557824.2895615,1,1.0
83,16,2,8,59453435.95226874,1,1.0
83,16,3,11,67223194.41182706,1,1.0
83,17,0,2,85380227.90551609,1,1.0
83,17,1,3,87045808.93622437,1,1.0
83,17,2,8,82344485.83595431,1,1.0
83,17,3,10,72721180.06662655,1,1.0
83,18,0,2,66913586.33440968,1,1.0
83,18,1,3,63756412.03518058,1,1.0
83,18,2,7,69489046.51658893,1,1.0
83,18,3,10,88191686.87757653,1,1.0
83,19,0,0,68717539.13317989,1,1.0
83,19,1,3,71128409.36953093,1,1.0
83,19,2,6,57495350.16884315,1,1.0
83,19,3,10,87080141.8633283,1,1.0
83,20,0,2,69009132.31328218,1,1.0
83,20,1,3,68930968.05938563,1,1.0
83,20,2,8,59957545.80832798,1,1.0
83,20,3,10,84864427.69866957,1,1.0
83,21,0,2,82810365.49142392,1,1.0
83,21,1,3,71000602.03014603,1,1.0
83,21,2,8,80896014.40027098,1,1.0
83,21,3,10,91274305.73235768,1,1.0
83,22,0,2,63635308.83693633,1,1.0
83,22,1,3,66669746.98911145,1,1.0
83,22,2,8,66673450.096925706,1,1.0
83,22,3,10,77585599.84259294,1,1.0
83,23,0,2,71444556.28168559,1,1.0
83,23,1,3,74854959.18065913,1,1.0
83,23,2,6,59003238.609814584,1,1.0
83,23,3,10,74591711.69141886,1,1.0
84,0,0,2,81285128.91394642,1,1.0
84,0,1,4,71076373.19961603,1,1.0
84,0,2,8,55064437.56784915,1,1.0
84,0,3,10,67037112.52731119,1,1.0
84,1,0,0,72903329.76038802,1,1.0
84,1,1,3,84886597.4040778,1,1.0
84,1,2,8,66988438.33393505,1,1.0
84,1,3,11,80764179.7301679,1,1.0
84,2,0,2,83688304.00166726,1,1.0
84,2,1,3,86379038.96111532,1,1.0
84,2,2,8,69351294.9299158,1,1.0
84,2,3,10,76874813.33341648,1,1.0
84,3,0,2,65798914.52763365,1,1.0
84,3,1,3,80301801.99418743,1,1.0
84,3,2,8,65311713.451188356,1,1.0
84,3,3,11,83400597.61250609,1,1.0
84,4,0,2,66727707.957101285,1,1.0
84,4,1,3,89564459.70336781,1,1.0
84,4,2,8,66667874.41784986,1,1.0
84,4,3,10,93493991.78756903,1,1.0
84,5,0,0,60326795.39602406,1,1.0
84,5,1,3,76454409.65792122,1,1.0
84,5,2,8,63263030.00063884,1,1.0
84,5,3,10,73906852.91006778,1,1.0
84,6,0,2,76855877.47244461,1,1.0
84,6,1,3,69434063.96380842,1,1.0
84,6,2,7,61289765.35224645,1,1.0
84,6,3,11,70841039.62173247,1,1.0
84,7,0,2,75432303.41220234,1,1.0
84,7,1,3,68859699.91092421,1,1.0
84,7,2,7,67333767.02494721,1,1.0
84,7,3,11,76004392.92532662,1,1.0
84,8,0,0,55684407.16996335,1,1.0
84,8,1,3,69481421.58120947,1,1.0
84,8,2,8,67230908.38431537,1,1.0
84,8,3,10,99318778.88024896,1,1.0
84,9,0,2,83304513.82551278,1,1.0
84,9,1,3,71317056.80123372,1,1.0
84,9,2,7,63997993.556859195,1,1.0
84,9,3,11,70537176.16620368,1,1.0
84,10,0,2,84746257.40292425,1,1.0
84,10,1,3,65287865.81853154,1,1.0
84,10,2,8,61344121.57147731,1,1.0
84,10,3,10,93521217.20448154,1,1.0
84,11,0,2,69860426.44395679,1,1.0
84,11,1,3,93325391.13378002,1,1.0
84,11,2,8,64253317.23511803,1,1.0
84,11,3,10,72119065.68741219,1,1.0
84,12,0,2,75787948.80743271,1,1.0
84,12,1,4,65229754.27548219,1,1.0
84,12,2,8,77659455.91820733,1,1.0
84,12,3,10,81258148.52881955,1,1.0
84,13,0,2,61412242.379945815,1,1.0
84,13,1,3,82379730.65555266,1,1.0
84,13,2,7,77444498.79081637,1,1.0
84,13,3,11,63367859.04608649,1,1.0
84,14,0,2,62800100.11041611,1,1.0
84,14,1,3,64877658.87346258,1,1.0
84,14,2,8,63131261.781278625,1,1.0
84,14,3,10,79829989.21033204,1,1.0
84,15,0,2,70537671.13278747,1,1.0
84,15,1,4,71275214.00564584,1,1.0
84,15,2,8,62606312.92920898,1,1.0
84,15,3,11,78697479.3127989,1,1.0
84,16,0,2,80292244.59134789,1,1.0
84,16,1,3,67554264.23054892,1,1.0
84,16,2,8,59046349.24626866,1,1.0
84,16,3,10,69472415.1253617,1,1.0
84,17,0,2,70510227.24168897,1,1.0
84,17,1,3,80489744.9146672,1,1.0
84,17,2,7,69599027.87782599,1,1.0
84,17,3,10,99876368.93027636,1,1.0
84,18,0,2,83471817.65570462,1,1.0
84,18,1,3,74576338.82779147,1,1.0
84,18,2,6,63775197.91962044,1,1.0
84,18,3,10,66654292.54667989,1,1.0
84,19,0,2,66360461.03214556,1,1.0
84,19,1,4,84195845.7766537,1,1.0
84,19,2,8,87868675.92187421,1,1.0
84,19,3,10,63757120.81898996,1,1.0
84,20,0,2,85277162.1166006,1,1.0
84,20,1,4,68482508.7684987,1,1.0
84,20,2,8,56013866.45964132,1,1.0
84,20,3,10,71854504.07937963,1,1.0
84,21,0,2,71199802.56271726,1,1.0
84,21,1,3,84105217.46798429,1,1.0
84,21,2,8,63997432.48807432,1,1.0
84,21,3,10,72065655.67581862,1,1.0
84,22,0,2,66145781.51060325,1,1.0
84,22,1,3,65401901.90847558,1,1.0
84,22,2,8,62643539.63523803,1,1.0
84,22,3,10,86049238.7371759,1,1.0
84,23,0,2,87189557.63782169,1,1.0
84,23,1,3,77001422.97564769,1,1.0
84,23,2,8,54989960.03690632,1,1.0
84,23,3,10,65580984.252236955,1,1.0
85,0,0,1,55507587.76647773,1,1.0
85,0,1,3,69230222.87422441,1,1.0
85,0,2,7,63585929.18383699,1,1.0
85,0,3,10,90647955.68115242,1,1.0
85,1,0,2,75615698.99445553,1,1.0
85,1,1,3,78419388.93516919,1,1.0
85,1,2,8,54497519.982758895,1,1.0
85,1,3,11,61985758.059059404,1,1.0
85,2,0,2,77065706.16949783,1,1.0
85,2,1,3,89933528.3609944,1,1.0
85,2,2,7,63402831.07581668,1,1.0
85,2,3,10,76326455.45549287,1,1.0
85,3,0,2,60803946.51260623,1,1.0
85,3,1,3,56598001.87120759,1,1.0
85,3,2,8,69490535.48970704,1,1.0
85,3,3,11,82766182.46104096,1,1.0
85,4,0,2,72913621.40410995,1,1.0
85,4,1,4,71675415.15008639,1,1.0
85,4,2,8,82677933.356915,1,1.0
85,4,3,10,74422847.8713209,1,1.0
85,5,0,2,76893832.48500647,1,1.0
85,5,1,3,72783210.98465796,1,1.0
85,5,2,8,73680461.73230955,1,1.0
85,5,3,11,78489920.83262579,1,1.0
85,6,0,2,77803124.21591714,1,1.0
85,6,1,3,64682851.6314355,1,1.0
85,6,2,8,56198000.91709031,1,1.0
85,6,3,10,78233087.74164559,1,1.0
85,7,0,0,60047523.35131958,1,1.0
85,7,1,3,62020464.091256924,1,1.0
85,7,2,8,59654418.127539426,1,1.0
85,7,3,10,65460777.611584954,1,1.0
85,8,0,0,61087541.0517444,1,1.0
85,8,1,4,66262853.50308528,1,1.0
85,8,2,8,59584798.61739952,1,1.0
85,8,3,10,70720900.79545638,1,1.0
85,9,0,2,92136526.77899633,1,1.0
85,9,1,3,71915190.01167826,1,1.0
85,9,2,7,55735562.964872874,1,1.0
85,9,3,10,96064755.67722373,1,1.0
85,10,0,2,76278116.8170243,1,1.0
85,10,1,3,83812937.54464248,1,1.0
85,10,2,8,71835264.34244,1,1.0
85,10,3,10,71677509.93820958,1,1.0
85,11,0,0,62482807.842955574,1,1.0
85,11,1,3,73119190.88687095,1,1.0
85,11,2,8,83183965.42589867,1,1.0
85,11,3,10,74737440.56780906,1,1.0
85,12,0,0,61034760.98502681,1,1.0
85,12,1,3,62275225.101785235,1,1.0
85,12,2,8,92953120.04959373,1,1.0
85,12,3,11,77773297.31047907,1,1.0
85,13,0,2,86103624.95047037,1,1.0
85,13,1,3,75240782.23645389,1,1.0
85,13,2,7,73285785.40854682,1,1.0
85,13,3,10,80844485.01662183,1,1.0
85,14,0,2,54104800.490670875,1,1.0
85,14,1,3,77950538.97626193,1,1.0
85,14,2,8,55491240.02033473,1,1.0
85,14,3,10,89098082.70787273,1,1.0
85,15,0,2,89727772.25971057,1,1.0
85,15,1,4,80627155.48429666,1,1.0
85,15,2,8,62079428.98931804,1,1.0
85,15,3,11,73760071.26744412,1,1.0
85,16,0,2,85364516.21279937,1,1.0
85,16,1,3,74690756.75532262,1,1.0
85,16,2,8,79309394.44998454,1,1.0
85,16,3,10,60858906.734713085,1,1.0
85,17,0,2,74581125.12338369,1,1.0
85,17,1,4,66729816.86681062,1,1.0
85,17,2,8,67360607.08704728,1,1.0
85,17,3,10,73658955.00498138,1,1.0
85,18,0,2,63351342.27863128,1,1.0
85,18,1,3,72317979.66237903,1,1.0
85,18,2,8,60497597.80079165,1,1.0
85,18,3,11,69411781.64317791,1,1.0
85,19,0,2,77506764.84754077,1,1.0
85,19,1,3,84339273.31210795,1,1.0
85,19,2,7,65471345.733687155,1,1.0
85,19,3,10,61486787.0563492,1,1.0
85,20,0,2,77402466.64546637,1,1.0
85,20,1,4,76295340.85267372,1,1.0
85,20,2,8,80978535.42786713,1,1.0
85,20,3,10,84989701.20680301,1,1.0
85,21,0,2,92374807.476744,1,1.0
85,21,1,3,92028833.00656281,1,1.0
85,21,2,8,67800783.67500512,1,1.0
85,21,3,10,74720378.30087468,1,1.0
85,22,0,2,68231677.42457421,1,1.0
85,22,1,3,64246275.211362585,1,1.0
85,22,2,8,62817541.90824913,1,1.0
85,22,3,10,104947569.0062899,1,1.0
85,23,0,2,66537342.348938614,1,1.0
85,23,1,3,67699848.26457667,1,1.0
85,23,2,6,63214771.95507257,1,1.0
85,23,3,10,94810218.46089871,1,1.0
86,0,0,2,94256921.23268622,1,1.0
86,0,1,4,69270544.35577007,1,1.0
86,0,2,8,86194718.95868945,1,1.0
86,0,3,10,93232009.11208594,1,1.0
86,1,0,2,81106146.41059339,1,1.0
86,1,1,3,71514236.3592608,1,1.0
86,1,2,8,77788612.82128324,1,1.0
86,1,3,11,67159543.12956446,1,1.0
86,2,0,2,66704439.56137777,1,1.0
86,2,1,3,67792451.12563723,1,1.0
86,2,2,8,62665950.07288961,1,1.0
86,2,3,10,67816846.889395,1,1.0
86,3,0,2,75931923.5498976,1,1.0
86,3,1,3,100085169.90398179,1,1.0
86,3,2,7,64590968.85514239,1,1.0
86,3,3,10,72467719.90536101,1,1.0
86,4,0,2,69802013.77052331,1,1.0
86,4,1,3,72911350.75807828,1,1.0
86,4,2,8,66060796.37476194,1,1.0
86,4,3,10,82917463.37520738,1,1.0
86,5,0,0,56697051.04780032,1,1.0
86,5,1,3,75882769.51488386,1,1.0
86,5,2,8,74573103.15747944,1,1.0
86,5,3,11,89945447.45261486,1,1.0
86,6,0,2,71898025.2912358,1,1.0
86,6,1,3,77400073.00456028,1,1.0
86,6,2,8,82621472.40239947,1,1.0
86,6,3,10,92967585.86154932,1,1.0
86,7,0,2,70399077.52508895,1,1.0
86,7,1,3,60318457.83524899,1,1.0
86,7,2,8,65825636.60181214,1,1.0
86,7,3,10,73134479.7154613,1,1.0
86,8,0,2,62242345.53876322,1,1.0
86,8,1,3,119618492.8117932,1,1.0
86,8,2,7,63729925.48752561,1,1.0
86,8,3,10,70349939.2315746,1,1.0
86,9,0,2,70363728.29435387,1,1.0
86,9,1,3,68170892.47119181,1,1.0
86,9,2,7,66378869.809420384,1,1.0
86,9,3,10,77199967.94379634,1,1.0
86,10,0,1,62334621.0437503,1,1.0
86,10,1,3,64130525.24034799,1,1.0
86,10,2,8,59201527.8475566,1,1.0
86,10,3,11,68710994.22305626,1,1.0
86,11,0,0,66190277.84301287,1,1.0
86,11,1,4,62264725.3363246,1,1.0
86,11,2,8,55429870.93195376,1,1.0
86,11,3,10,114068349.14546467,1,1.0
86,12,0,0,78780003.51550126,1,1.0
86,12,1,3,80107135.75085938,1,1.0
86,12,2,8,68355560.84520271,1,1.0
86,12,3,10,76595584.34153047,1,1.0
86,13,0,2,72666181.68132442,1,1.0
86,13,1,3,61525345.0971843,1,1.0
86,13,2,7,58148713.13462502,1,1.0
86,13,3,10,75320785.8366375,1,1.0
86,14,0,2,95559233.57202327,1,1.0
86,14,1,4,74892079.04249409,1,1.0
86,14,2,8,56624759.8122311,1,1.0
86,14,3,10,70918661.5931219,1,1.0
86,15,0,2,71294179.55176112,1,1.0
86,15,1,3,83100741.1172514,1,1.0
86,15,2,8,65023547.54545489,1,1.0
86,15,3,11,70143714.75109132,1,1.0
86,16,0,2,77881987.20294438,1,1.0
86,16,1,3,65413790.45610267,1,1.0
86,16,2,7,60064492.80447866,1,1.0
86,16,3,10,76944645.15135856,1,1.0
86,17,0,0,75062168.45508006,1,1.0
86,17,1,3,71664954.23305258,1,1.0
86,17,2,8,79407020.96008182,1,1.0
86,17,3,11,64651198.71398927,1,1.0
86,18,0,2,65863383.00543627,1,1.0
86,18,1,3,84635138.19014277,1,1.0
86,18,2,8,72290282.19548818,1,1.0
86,18,3,10,80383844.82411082,1,1.0
86,19,0,0,70279226.19520825,1,1.0
86,19,1,3,106962008.55226803,1,1.0
86,19,2,7,55956822.87936341,1,1.0
86,19,3,10,92572532.07828352,1,1.0
86,20,0,2,75968442.6262067,1,1.0
86,20,1,3,72097053.79459164,1,1.0
86,20,2,8,68095206.16181618,1,1.0
86,20,3,11,77930370.67344607,1,1.0
86,21,0,2,69028851.40498897,1,1.0
86,21,1,4,67614509.11671425,1,1.0
86,21,2,7,65425416.4317502,1,1.0
86,21,3,11,81218262.48638259,1,1.0
86,22,0,2,75791224.2373587,1,1.0
86,22,1,3,63882728.98835985,1,1.0
86,22,2,6,68640342.31932305,1,1.0
86,22,3,10,89939208.8386173,1,1.0
86,23,0,2,74073944.07955608,1,1.0
86,23,1,3,70475583.68309093,1,1.0
86,23,2,6,60560786.51918682,1,1.0
86,23,3,10,95882433.88237208,1,1.0
87,0,0,2,75015439.65922633,1,1.0
87,0,1,3,88543609.54068752,1,1.0
87,0,2,8,76457143.13110311,1,1.0
87,0,3,10,80073452.1457036,1,1.0
87,1,0,2,79552595.73662356,1,1.0
87,1,1,3,61063998.35839458,1,1.0
87,1,2,8,64950818.09326807,1,1.0
87,1,3,10,93336111.81605439,1,1.0
87,2,0,2,94273909.42738193,1,1.0
87,2,1,4,66011259.803238735,1,1.0
87,2,2,8,74800968.92863141,1,1.0
87,2,3,10,83030774.29815789,1,1.0
87,3,0,2,77199522.01579924,1,1.0
87,3,1,3,68296072.57110138,1,1.0
87,3,2,7,59197396.32703025,1,1.0
87,3,3,11,65933313.83385295,1,1.0
87,4,0,2,67192348.74762902,1,1.0
87,4,1,4,69799332.3539468,1,1.0
87,4,2,8,73914107.24837579,1,1.0
87,4,3,10,75488861.10185412,1,1.0
87,5,0,2,86719671.33503704,1,1.0
87,5,1,3,87758477.83039686,1,1.0
87,5,2,8,86235651.59472992,1,1.0
87,5,3,10,69762546.18488118,1,1.0
87,6,0,2,71384160.35524708,1,1.0
87,6,1,3,76382441.0701512,1,1.0
87,6,2,8,72303374.76623148,1,1.0
87,6,3,10,76137359.1091348,1,1.0
87,7,0,2,71252170.05392335,1,1.0
87,7,1,3,85166922.56051007,1,1.0
87,7,2,6,54465129.20205244,1,1.0
87,7,3,10,69673918.32619715,1,1.0
87,8,0,1,65222466.37193039,1,1.0
87,8,1,3,83630130.55527177,1,1.0
87,8,2,8,90296718.14637496,1,1.0
87,8,3,11,80250369.86333205,1,1.0
87,9,0,2,68271189.89129066,1,1.0
87,9,1,4,80770989.79805644,1,1.0
87,9,2,8,98338775.39406066,1,1.0
87,9,3,10,80184077.4208897,1,1.0
87,10,0,2,65129817.31398493,1,1.0
87,10,1,3,71775796.65886874,1,1.0
87,10,2,7,60731485.713243626,1,1.0
87,10,3,10,80215882.35084374,1,1.0
87,11,0,2,65471550.877244085,1,1.0
87,11,1,3,62765930.23852863,1,1.0
87,11,2,6,70463603.0912383,1,1.0
87,11,3,10,81337539.08476342,1,1.0
87,12,0,0,59416804.724489614,1,1.0
87,12,1,3,58496871.013133444,1,1.0
87,12,2,8,107542388.71084744,1,1.0
87,12,3,10,64571441.020329736,1,1.0
87,13,0,2,65468899.59214026,1,1.0
87,13,1,4,60175715.49512451,1,1.0
87,13,2,7,63403077.17157239,1,1.0
87,13,3,10,81236796.6892943,1,1.0
87,14,0,2,65118867.291651435,1,1.0
87,14,1,3,75902286.30164114,1,1.0
87,14,2,8,84936040.6780144,1,1.0
87,14,3,11,65421254.70152346,1,1.0
87,15,0,2,86017667.45520979,1,1.0
87,15,1,4,78410703.45027556,1,1.0
87,15,2,6,67785029.29369879,1,1.0
87,15,3,10,87763673.06930815,1,1.0
87,16,0,0,69913291.55437613,1,1.0
87,16,1,4,64116830.820160896,1,1.0
87,16,2,8,65068521.87492809,1,1.0
87,16,3,11,65210262.85650699,1,1.0
87,17,0,2,84047685.52947216,1,1.0
87,17,1,3,72141075.04181074,1,1.0
87,17,2,8,72355759.23612417,1,1.0
87,17,3,11,68819848.75216429,1,1.0
87,18,0,0,59083761.60423488,1,1.0
87,18,1,3,73799741.72998631,1,1.0
87,18,2,8,78920048.83691294,1,1.0
87,18,3,10,99828494.98587812,1,1.0
87,19,0,2,61944683.19073832,1,1.0
87,19,1,3,59033185.53700249,1,1.0
87,19,2,6,58457711.76928201,1,1.0
87,19,3,10,59146612.20437052,1,1.0
87,20,0,2,84942016.73125696,1,1.0
87,20,1,3,63579316.65849409,1,1.0
87,20,2,8,65219034.54469517,1,1.0
87,20,3,10,89187440.04753438,1,1.0
87,21,0,2,74558500.96781479,1,1.0
87,21,1,3,71305054.65953554,1,1.0
87,21,2,6,75392357.21720336,1,1.0
87,21,3,10,95263991.97882822,1,1.0
87,22,0,0,73166814.88159867,1,1.0
87,22,1,4,58140800.468564205,1,1.0
87,22,2,8,74018082.0217158,1,1.0
87,22,3,10,71126878.76131986,1,1.0
87,23,0,2,76987019.36913878,1,1.0
87,23,1,3,73072923.52795994,1,1.0
87,23,2,8,79613969.25162348,1,1.0
87,23,3,10,83505796.56679572,1,1.0
88,0,0,2,87277314.93425557,1,1.0
88,0,1,4,66722371.176270925,1,1.0
88,0,2,8,66433904.22210929,1,1.0
88,0,3,10,87344144.07659367,1,1.0
88,1,0,2,57369633.770515025,1,1.0
88,1,1,3,71184274.04295415,1,1.0
88,1,2,8,62111980.85177685,1,1.0
88,1,3,11,76756356.48441748,1,1.0
88,2,0,2,70274764.0184628,1,1.0
88,2,1,3,62432861.96492258,1,1.0
88,2,2,8,59620490.85489536,1,1.0
88,2,3,10,91290178.82878049,1,1.0
88,3,0,2,65569966.04103536,1,1.0
88,3,1,3,87059352.28034593,1,1.0
88,3,2,8,57410772.371592544,1,1.0
88,3,3,10,60333459.276763104,1,1.0
88,4,0,2,72323336.50114462,1,1.0
88,4,1,3,84643656.0365668,1,1.0
88,4,2,6,75861570.88042909,1,1.0
88,4,3,10,63961371.79345167,1,1.0
88,5,0,2,68785487.25813773,1,1.0
88,5,1,3,88458033.89727175,1,1.0
88,5,2,8,67601711.60449389,1,1.0
88,5,3,11,82703717.13284992,1,1.0
88,6,0,2,78648730.27940643,1,1.0
88,6,1,4,94278795.22041282,1,1.0
88,6,2,8,76280115.11151563,1,1.0
88,6,3,10,67437579.79913643,1,1.0
88,7,0,2,81859030.77096516,1,1.0
88,7,1,3,66569293.828256235,1,1.0
88,7,2,8,68685869.34380448,1,1.0
88,7,3,11,66219027.55908466,1,1.0
88,8,0,2,83586588.09917277,1,1.0
88,8,1,3,80588113.54042438,1,1.0
88,8,2,8,71716351.23867375,1,1.0
88,8,3,10,73224504.02697851,1,1.0
88,9,0,2,64469287.971857116,1,1.0
88,9,1,3,62652833.126055285,1,1.0
88,9,2,8,77872884.62284836,1,1.0
88,9,3,11,70910360.18015563,1,1.0
88,10,0,2,67881891.82307293,1,1.0
88,10,1,4,70113440.72002572,1,1.0
88,10,2,8,70430012.45381042,1,1.0
88,10,3,11,69595849.88422486,1,1.0
88,11,0,2,90781768.63075031,1,1.0
88,11,1,4,77027934.6059035,1,1.0
88,11,2,7,64524280.64769762,1,1.0
88,11,3,10,77893730.48709638,1,1.0
88,12,0,2,77908816.38015543,1,1.0
88,12,1,3,78466667.87058736,1,1.0
88,12,2,8,75819844.58818892,1,1.0
88,12,3,11,71209483.90361926,1,1.0
88,13,0,1,56535516.62282151,1,1.0
88,13,1,3,64489531.57759552,1,1.0
88,13,2,7,72057594.310697,1,1.0
88,13,3,11,66946536.213020414,1,1.0
88,14,0,2,70888128.0031096,1,1.0
88,14,1,3,81575057.99437185,1,1.0
88,14,2,6,56573358.74740208,1,1.0
88,14,3,10,82346139.9158062,1,1.0
88,15,0,0,55868832.33708678,1,1.0
88,15,1,4,67110596.86485751,1,1.0
88,15,2,8,68223191.36700964,1,1.0
88,15,3,10,70406496.46048069,1,1.0
88,16,0,2,68728986.40320548,1,1.0
88,16,1,4,65175029.3289039,1,1.0
88,16,2,8,74978894.74357925,1,1.0
88,16,3,10,107542679.38869487,1,1.0
88,17,0,2,74819067.60287964,1,1.0
88,17,1,5,56187117.26588659,1,1.0
88,17,2,7,63977313.5561936,1,1.0
88,17,3,10,66729981.57882754,1,1.0
88,18,0,2,75013868.79977687,1,1.0
88,18,1,3,58174912.46562976,1,1.0
88,18,2,6,70280440.50808533,1,1.0
88,18,3,10,81146619.13938609,1,1.0
88,19,0,0,53654906.567111105,1,1.0
88,19,1,3,64340168.01717277,1,1.0
88,19,2,7,68343997.4695011,1,1.0
88,19,3,10,97591945.00460817,1,1.0
88,20,0,0,58235298.216953196,1,1.0
88,20,1,3,78175851.58194308,1,1.0
88,20,2,8,56696338.51077099,1,1.0
88,20,3,10,72384605.7653722,1,1.0
88,21,0,2,65465172.348034754,1,1.0
88,21,1,4,76594166.00400604,1,1.0
88,21,2,8,67484986.93287717,1,1.0
88,21,3,11,67883983.07497859,1,1.0
88,22,0,0,60954722.77897633,1,1.0
88,22,1,3,71864533.94160773,1,1.0
88,22,2,8,57599289.821450636,1,1.0
88,22,3,10,73295210.59473968,1,1.0
88,23,0,2,67585287.94947273,1,1.0
88,23,1,3,62256118.33134445,1,1.0
88,23,2,8,78689522.26451008,1,1.0
88,23,3,10,75905650.64228942,1,1.0
89,0,0,2,66528466.30220298,1,1.0
89,0,1,3,71132317.45042785,1,1.0
89,0,2,8,58374036.18279925,1,1.0
89,0,3,11,71377499.06933688,1,1.0
89,1,0,2,70610360.8564664,1,1.0
89,1,1,3,107137515.44818826,1,1.0
89,1,2,7,64543076.02106281,1,1.0
89,1,3,10,67622247.61593318,1,1.0
89,2,0,2,82843780.68732208,1,1.0
89,2,1,3,85987339.43170387,1,1.0
89,2,2,8,69020152.41675985,1,1.0
89,2,3,10,72805527.29770894,1,1.0
89,3,0,2,86000138.28452004,1,1.0
89,3,1,3,79911571.11111489,1,1.0
89,3,2,8,63966152.70805177,1,1.0
89,3,3,11,56288985.42252664,1,1.0
89,4,0,2,73245582.2231425,1,1.0
89,4,1,4,68400624.17781931,1,1.0
89,4,2,7,58952605.71862483,1,1.0
89,4,3,10,75782307.0917145,1,1.0
89,5,0,2,75720448.48964572,1,1.0
89,5,1,3,61712112.15317471,1,1.0
89,5,2,8,58670661.16064031,1,1.0
89,5,3,11,76303500.14075622,1,1.0
89,6,0,2,60769931.57140275,1,1.0
89,6,1,3,85910704.60311724,1,1.0
89,6,2,6,54076074.552820854,1,1.0
89,6,3,10,77585902.62940559,1,1.0
89,7,0,0,61002736.456115976,1,1.0
89,7,1,4,61266883.96224736,1,1.0
89,7,2,8,72937718.80622782,1,1.0
89,7,3,10,78426394.989534,1,1.0
89,8,0,2,89876828.20399965,1,1.0
89,8,1,4,62470587.41054111,1,1.0
89,8,2,7,72173189.3835202,1,1.0
89,8,3,11,79473170.61015719,1,1.0
89,9,0,2,66482044.004090875,1,1.0
89,9,1,4,67382467.73386875,1,1.0
89,9,2,8,80893549.77245721,1,1.0
89,9,3,10,80465345.17969756,1,1.0
89,10,0,2,73091448.98061508,1,1.0
89,10,1,4,74356963.16296528,1,1.0
89,10,2,6,59859239.364291295,1,1.0
89,10,3,10,86094629.37824067,1,1.0
89,11,0,2,75811547.17646737,1,1.0
89,11,1,4,73669191.65932807,1,1.0
89,11,2,7,68996353.17340413,1,1.0
89,11,3,10,78673720.62000352,1,1.0
89,12,0,2,80126925.06911036,1,1.0
89,12,1,3,67826717.02802992,1,1.0
89,12,2,7,54954919.900591776,1,1.0
89,12,3,10,84281108.04241209,1,1.0
89,13,0,2,65943312.02780852,1,1.0
89,13,1,4,102197257.69098325,1,1.0
89,13,2,7,59036518.00941958,1,1.0
89,13,3,10,75539785.22516373,1,1.0
89,14,0,2,55708909.31855076,1,1.0
89,14,1,4,67500810.43038474,1,1.0
89,14,2,6,61195371.87094939,1,1.0
89,14,3,11,65678710.49399179,1,1.0
89,15,0,0,75151624.84403859,1,1.0
89,15,1,4,63638214.24215278,1,1.0
89,15,2,6,69903277.9734523,1,1.0
89,15,3,10,87609807.31874867,1,1.0
89,16,0,2,72389700.22153986,1,1.0
89,16,1,3,71285963.46027648,1,1.0
89,16,2,8,79593417.43755348,1,1.0
89,16,3,10,84236214.94224162,1,1.0
89,17,0,2,75174050.5786641,1,1.0
89,17,1,4,56692018.23464351,1,1.0
89,17,2,7,60471313.62124946,1,1.0
89,17,3,10,72600039.46611333,1,1.0
89,18,0,2,63086856.79851923,1,1.0
89,18,1,3,72102405.61329839,1,1.0
89,18,2,8,81452106.1181299,1,1.0
89,18,3,10,82291676.68613897,1,1.0
89,19,0,2,73790889.55773216,1,1.0
89,19,1,3,68758533.30000621,1,1.0
89,19,2,8,72476762.48258251,1,1.0
89,19,3,10,90842278.97184715,1,1.0
89,20,0,0,61961581.9640747,1,1.0
89,20,1,4,69564847.90026219,1,1.0
89,20,2,8,81233265.77733682,1,1.0
89,20,3,10,87300789.46997769,1,1.0
89,21,0,2,61991178.427581616,1,1.0
89,21,1,3,53250972.06726241,1,1.0
89,21,2,8,74677136.94079131,1,1.0
89,21,3,10,69995017.7550465,1,1.0
89,22,0,2,70772726.83622389,1,1.0
89,22,1,3,88433433.9064197,1,1.0
89,22,2,8,65510836.98683314,1,1.0
89,22,3,10,74030152.28420654,1,1.0
89,23,0,2,88177541.21830545,1,1.0
89,23,1,3,62013310.141197175,1,1.0
89,23,2,8,76633665.94226071,1,1.0
89,23,3,10,71981969.00389408,1,1.0
90,0,0,2,73675345.56680019,1,1.0
90,0,1,3,78102931.42114213,1,1.0
90,0,2,8,62203584.50955325,1,1.0
90,0,3,10,90209015.00926065,1,1.0
90,1,0,2,77715176.38515505,1,1.0
90,1,1,3,81123082.38700253,1,1.0
90,1,2,7,60316095.920374565,1,1.0
90,1,3,11,82262432.59163423,1,1.0
90,2,0,1,60180203.32206076,1,1.0
90,2,1,3,98982479.6184905,1,1.0
90,2,2,8,66586212.70721126,1,1.0
90,2,3,11,74515578.39258057,1,1.0
90,3,0,2,66898854.84024073,1,1.0
90,3,1,3,92491051.8297159,1,1.0
90,3,2,8,58187624.48527473,1,1.0
90,3,3,10,82229302.53522433,1,1.0
90,4,0,2,73564417.7433269,1,1.0
90,4,1,3,77929393.4823861,1,1.0
90,4,2,7,59174085.0736817,1,1.0
90,4,3,11,76671349.47115609,1,1.0
90,5,0,2,66054479.86645795,1,1.0
90,5,1,3,73994107.84284917,1,1.0
90,5,2,6,66041403.929339334,1,1.0
90,5,3,10,80575022.54501858,1,1.0
90,6,0,2,63167959.79015424,1,1.0
90,6,1,3,98155636.18234922,1,1.0
90,6,2,8,70622152.6796845,1,1.0
90,6,3,10,91366350.71146877,1,1.0
90,7,0,2,82537367.97481681,1,1.0
90,7,1,3,75736233.99437176,1,1.0
90,7,2,8,77010955.2251437,1,1.0
90,7,3,11,66211539.20683343,1,1.0
90,8,0,2,69204972.46757732,1,1.0
90,8,1,3,81890565.8459836,1,1.0
90,8,2,7,61414715.225098774,1,1.0
90,8,3,10,81251960.73511513,1,1.0
90,9,0,1,74619669.8373795,1,1.0
90,9,1,4,77592371.9723079,1,1.0
90,9,2,8,73701084.11026001,1,1.0
90,9,3,11,63188711.28347774,1,1.0
90,10,0,0,60778823.83075943,1,1.0
90,10,1,4,83227348.11334814,1,1.0
90,10,2,8,62855774.036364384,1,1.0
90,10,3,11,88822408.09594572,1,1.0
90,11,0,1,55408780.29794658,1,1.0
90,11,1,3,83932712.5448596,1,1.0
90,11,2,8,75912267.78511196,1,1.0
90,11,3,11,83058807.93703733,1,1.0
90,12,0,0,73986245.19628395,1,1.0
90,12,1,4,64432996.28095322,1,1.0
90,12,2,7,56807062.5275055,1,1.0
90,12,3,10,87593460.73781954,1,1.0
90,13,0,0,72986629.82919708,1,1.0
90,13,1,4,66254307.37823282,1,1.0
90,13,2,6,59094266.121367164,1,1.0
90,13,3,10,77331790.5451361,1,1.0
90,14,0,2,74843642.02316974,1,1.0
90,14,1,3,68823719.39290956,1,1.0
90,14,2,7,53672124.43005568,1,1.0
90,14,3,10,87096666.43994232,1,1.0
90,15,0,2,63386936.65369608,1,1.0
90,15,1,3,87900688.47992554,1,1.0
90,15,2,7,61921956.32779298,1,1.0
90,15,3,10,91212167.05104277,1,1.0
90,16,0,2,92021627.63609841,1,1.0
90,16,1,3,94541809.78335178,1,1.0
90,16,2,8,68497338.5354002,1,1.0
90,16,3,11,67277876.39070962,1,1.0
90,17,0,2,76873025.0634858,1,1.0
90,17,1,3,81005799.12949553,1,1.0
90,17,2,6,97821315.10192133,1,1.0
90,17,3,10,89662412.79624246,1,1.0
90,18,0,2,75336684.39386865,1,1.0
90,18,1,4,63854903.56787403,1,1.0
90,18,2,8,76227564.60849135,1,1.0
90,18,3,10,83624966.58537018,1,1.0
90,19,0,2,64813125.29728894,1,1.0
90,19,1,3,71738542.72692493,1,1.0
90,19,2,8,61087060.55725634,1,1.0
90,19,3,10,98320705.07650392,1,1.0
90,20,0,2,62353150.32278695,1,1.0
90,20,1,4,63824850.78026447,1,1.0
90,20,2,8,63267509.23894173,1,1.0
90,20,3,10,78122891.30080494,1,1.0
90,21,0,2,86517510.03756802,1,1.0
90,21,1,3,73164604.66075678,1,1.0
90,21,2,8,64195108.08105805,1,1.0
90,21,3,10,105211819.21392755,1,1.0
90,22,0,2,80429000.6872113,1,1.0
90,22,1,3,83087370.33337769,1,1.0
90,22,2,6,60307055.93313641,1,1.0
90,22,3,11,70770974.35466309,1,1.0
90,23,0,2,75569144.43893188,1,1.0
90,23,1,3,89174825.08210564,1,1.0
90,23,2,8,72322150.57617423,1,1.0
90,23,3,10,68929280.1422569,1,1.0
91,0,0,0,60378914.63915676,1,1.0
91,0,1,3,66752177.54063684,1,1.0
91,0,2,8,69747468.44869699,1,1.0
91,0,3,10,79470869.41402091,1,1.0
91,1,0,2,82846751.64744881,1,1.0
91,1,1,3,71282145.65785417,1,1.0
91,1,2,8,60694727.43015049,1,1.0
91,1,3,11,71138335.50508168,1,1.0
91,2,0,2,66463249.24150685,1,1.0
91,2,1,4,68244712.86766483,1,1.0
91,2,2,8,64457579.86236958,1,1.0
91,2,3,10,73806103.03301121,1,1.0
91,3,0,0,56290342.900612645,1,1.0
91,3,1,3,70772728.91577776,1,1.0
91,3,2,8,78686387.77358574,1,1.0
91,3,3,10,69742475.74979185,1,1.0
91,4,0,0,65151840.90442504,1,1.0
91,4,1,3,77056759.0529371,1,1.0
91,4,2,7,70806457.31291637,1,1.0
91,4,3,10,65697668.30907085,1,1.0
91,5,0,2,82352815.71017106,1,1.0
91,5,1,3,88504883.78205611,1,1.0
91,5,2,6,52581707.591521986,1,1.0
91,5,3,11,66843340.1193814,1,1.0
91,6,0,2,88536362.86312667,1,1.0
91,6,1,4,66614256.778106205,1,1.0
91,6,2,8,58937954.551990315,1,1.0
91,6,3,10,68226765.42373198,1,1.0
91,7,0,2,77558035.63881233,1,1.0
91,7,1,3,92654954.02227657,1,1.0
91,7,2,6,65370689.90259817,1,1.0
91,7,3,10,87747090.20826507,1,1.0
91,8,0,0,93051969.41238134,1,1.0
91,8,1,3,82784878.77307855,1,1.0
91,8,2,8,78838207.91400675,1,1.0
91,8,3,10,81174698.631405,1,1.0
91,9,0,2,82179300.84085982,1,1.0
91,9,1,3,76009739.61285704,1,1.0
91,9,2,7,71045114.66296788,1,1.0
91,9,3,11,71777619.56301633,1,1.0
91,10,0,2,69264233.21184132,1,1.0
91,10,1,3,83738687.92168647,1,1.0
91,10,2,8,64308179.11179941,1,1.0
91,10,3,10,78553383.88011163,1,1.0
91,11,0,2,71683082.28137036,1,1.0
91,11,1,4,68819401.47282071,1,1.0
91,11,2,8,75100413.83212793,1,1.0
91,11,3,10,67337408.42300788,1,1.0
91,12,0,2,90809543.66643424,1,1.0
91,12,1,3,82907544.86153299,1,1.0
91,12,2,6,62801197.25961692,1,1.0
91,12,3,10,70498006.5868905,1,1.0
91,13,0,2,67825288.92377025,1,1.0
91,13,1,4,78146289.89170198,1,1.0
91,13,2,8,73235598.71007203,1,1.0
91,13,3,11,77035186.13744782,1,1.0
91,14,0,2,78783643.28166635,1,1.0
91,14,1,4,61577078.20146834,1,1.0
91,14,2,8,75347040.077846,1,1.0
91,14,3,11,72623732.0320529,1,1.0
91,15,0,2,69115819.20562199,1,1.0
91,15,1,4,86132251.2738167,1,1.0
91,15,2,8,66100216.20151777,1,1.0
91,15,3,11,82843775.35293385,1,1.0
91,16,0,2,62830450.34767473,1,1.0
91,16,1,3,54217548.03088768,1,1.0
91,16,2,8,63822713.30152399,1,1.0
91,16,3,10,83397343.75884828,1,1.0
91,17,0,2,65398796.41568083,1,1.0
91,17,1,3,80369281.53782615,1,1.0
91,17,2,8,63141825.96466299,1,1.0
91,17,3,10,100450406.70814481,1,1.0
91,18,0,2,78219595.8790046,1,1.0
91,18,1,3,71761497.22118472,1,1.0
91,18,2,6,58025151.84196788,1,1.0
91,18,3,10,89197613.37259574,1,1.0
91,19,0,2,71513528.55366647,1,1.0
91,19,1,4,65091410.55251619,1,1.0
91,19,2,8,63739177.661343,1,1.0
91,19,3,10,69524141.14845079,1,1.0
91,20,0,1,82454931.49714008,1,1.0
91,20,1,4,71417749.64794964,1,1.0
91,20,2,7,56007733.86882805,1,1.0
91,20,3,10,85476708.34503485,1,1.0
91,21,0,2,99054884.1851714,1,1.0
91,21,1,3,70249695.99027644,1,1.0
91,21,2,8,80959874.49938203,1,1.0
91,21,3,10,74024240.92859423,1,1.0
91,22,0,2,83465789.45818804,1,1.0
91,22,1,3,72882727.72463636,1,1.0
91,22,2,7,64768291.40701684,1,1.0
91,22,3,10,87939721.55790977,1,1.0
91,23,0,1,54168790.73655156,1,1.0
91,23,1,3,62148381.47789677,1,1.0
91,23,2,7,56668663.97268817,1,1.0
91,23,3,10,76975081.2417436,1,1.0
92,0,0,2,74105471.83536346,1,1.0
92,0,1,3,77508835.36015826,1,1.0
92,0,2,8,76234200.65773413,1,1.0
92,0,3,10,71680186.42245339,1,1.0
92,1,0,0,60460744.18615384,1,1.0
92,1,1,3,79185872.71072428,1,1.0
92,1,2,8,68255079.76545513,1,1.0
92,1,3,10,73691254.75591694,1,1.0
92,2,0,2,63258379.149672,1,1.0
92,2,1,3,71068128.64308456,1,1.0
92,2,2,7,71975737.18564832,1,1.0
92,2,3,10,75562075.62608941,1,1.0
92,3,0,2,81898023.15608197,1,1.0
92,3,1,4,76385168.6017118,1,1.0
92,3,2,6,63074878.909197025,1,1.0
92,3,3,10,74297318.80596133,1,1.0
92,4,0,2,67497059.70091829,1,1.0
92,4,1,3,72448350.07546863,1,1.0
92,4,2,8,63029250.38615746,1,1.0
92,4,3,10,89440133.1833676,1,1.0
92,5,0,2,61805852.75817982,1,1.0
92,5,1,3,63907749.80705705,1,1.0
92,5,2,8,73566085.56711002,1,1.0
92,5,3,11,71401646.39828546,1,1.0
92,6,0,2,56621577.03514129,1,1.0
92,6,1,3,65951065.00001411,1,1.0
92,6,2,8,74613529.20507263,1,1.0
92,6,3,10,90989738.18311222,1,1.0
92,7,0,2,76932991.48479255,1,1.0
92,7,1,3,72416339.48649187,1,1.0
92,7,2,8,67968333.93936001,1,1.0
92,7,3,11,66484088.97687951,1,1.0
92,8,0,2,58751706.26593081,1,1.0
92,8,1,3,60606105.27974195,1,1.0
92,8,2,6,61663691.83348628,1,1.0
92,8,3,10,107636224.60285817,1,1.0
92,9,0,2,64697371.5183622,1,1.0
92,9,1,4,63394551.79589476,1,1.0
92,9,2,8,67804412.06762934,1,1.0
92,9,3,10,83668471.5171894,1,1.0
92,10,0,2,78817659.84936991,1,1.0
92,10,1,3,90884724.40207948,1,1.0
92,10,2,8,55739679.49848442,1,1.0
92,10,3,10,91994743.13803816,1,1.0
92,11,0,2,82122556.70733519,1,1.0
92,11,1,3,73351218.04934663,1,1.0
92,11,2,6,63340559.99503102,1,1.0
92,11,3,11,65447920.973702855,1,1.0
92,12,0,0,74673379.96132177,1,1.0
92,12,1,3,87239347.87103377,1,1.0
92,12,2,8,78353184.23830985,1,1.0
92,12,3,11,66024731.07054332,1,1.0
92,13,0,2,65700043.798476145,1,1.0
92,13,1,3,70972835.36105065,1,1.0
92,13,2,6,59541243.35628638,1,1.0
92,13,3,10,71307109.17564932,1,1.0
92,14,0,2,70871721.71645895,1,1.0
92,14,1,3,73508245.81887014,1,1.0
92,14,2,8,77754681.15690106,1,1.0
92,14,3,11,74659574.28705932,1,1.0
92,15,0,2,78288947.76936369,1,1.0
92,15,1,3,63918456.56421995,1,1.0
92,15,2,7,59282963.21294073,1,1.0
92,15,3,11,74396401.91732839,1,1.0
92,16,0,2,82133250.34866782,1,1.0
92,16,1,4,71051274.15616754,1,1.0
92,16,2,6,66822239.09874269,1,1.0
92,16,3,10,111605077.34927718,1,1.0
92,17,0,2,95269757.8096453,1,1.0
92,17,1,4,69316544.85631241,1,1.0
92,17,2,8,73974333.27027707,1,1.0
92,17,3,10,67205878.07452358,1,1.0
92,18,0,2,109492990.8072652,1,1.0
92,18,1,3,93681046.2066477,1,1.0
92,18,2,8,72841317.8573578,1,1.0
92,18,3,11,76763711.91918238,1,1.0
92,19,0,2,59319025.74395248,1,1.0
92,19,1,3,98312260.85544284,1,1.0
92,19,2,8,88725237.18005195,1,1.0
92,19,3,10,81517389.56038527,1,1.0
92,20,0,2,72475982.66234125,1,1.0
92,20,1,4,57177291.96880098,1,1.0
92,20,2,6,64901272.33856736,1,1.0
92,20,3,10,82757433.16347258,1,1.0
92,21,0,0,64902145.181264244,1,1.0
92,21,1,3,70009353.83219746,1,1.0
92,21,2,8,57632379.533079065,1,1.0
92,21,3,10,69402277.83595045,1,1.0
92,22,0,2,76449789.15610734,1,1.0
92,22,1,4,62982301.80896737,1,1.0
92,22,2,8,73742476.98062809,1,1.0
92,22,3,10,82813060.90663855,1,1.0
92,23,0,0,63066925.70441216,1,1.0
92,23,1,4,72492188.42956407,1,1.0
92,23,2,8,64172482.300049916,1,1.0
92,23,3,10,72154890.63268529,1,1.0
93,0,0,2,60546357.15311957,1,1.0
93,0,1,3,100885338.23718658,1,1.0
93,0,2,6,61142141.48456574,1,1.0
93,0,3,11,65286105.40035527,1,1.0
93,1,0,2,97599887.67544073,1,1.0
93,1,1,3,71969015.81068812,1,1.0
93,1,2,8,78904823.8257106,1,1.0
93,1,3,10,68537516.31554279,1,1.0
93,2,0,2,87588565.57616855,1,1.0
93,2,1,3,71725287.89336707,1,1.0
93,2,2,7,53048970.89858861,1,1.0
93,2,3,10,83643022.34753229,1,1.0
93,3,0,2,62539495.56117053,1,1.0
93,3,1,4,59011489.018821314,1,1.0
93,3,2,8,60916446.35690318,1,1.0
93,3,3,10,69783637.22047216,1,1.0
93,4,0,2,72714236.23435427,1,1.0
93,4,1,3,72767656.2727801,1,1.0
93,4,2,8,73375309.43312609,1,1.0
93,4,3,10,65018418.9491055,1,1.0
93,5,0,2,75487397.41792132,1,1.0
93,5,1,3,62540905.01453504,1,1.0
93,5,2,8,61352478.18229139,1,1.0
93,5,3,11,70623539.77072829,1,1.0
93,6,0,2,91911027.85761367,1,1.0
93,6,1,3,70790118.67648587,1,1.0
93,6,2,6,61193418.12194779,1,1.0
93,6,3,11,70765267.36903185,1,1.0
93,7,0,2,91197986.4304586,1,1.0
93,7,1,4,65566185.33134387,1,1.0
93,7,2,6,66449596.02072773,1,1.0
93,7,3,11,85945331.1965377,1,1.0
93,8,0,0,58414323.65340265,1,1.0
93,8,1,3,73925347.91643748,1,1.0
93,8,2,8,88615554.30874531,1,1.0
93,8,3,11,76823688.5920085,1,1.0
93,9,0,2,79960816.23298006,1,1.0
93,9,1,4,61122056.8471918,1,1.0
93,9,2,8,59390993.21668153,1,1.0
93,9,3,10,75242236.22536308,1,1.0
93,10,0,2,89625856.89315669,1,1.0
93,10,1,3,57158811.177106895,1,1.0
93,10,2,8,58251795.35463166,1,1.0
93,10,3,10,75433050.77955988,1,1.0
93,11,0,2,59067298.522019245,1,1.0
93,11,1,3,65843975.45104754,1,1.0
93,11,2,8,61694915.00014843,1,1.0
93,11,3,11,91290200.94170429,1,1.0
93,12,0,2,69141863.76930012,1,1.0
93,12,1,4,70111290.06048667,1,1.0
93,12,2,6,78064819.0737594,1,1.0
93,12,3,10,74864670.62920739,1,1.0
93,13,0,0,59645915.70748349,1,1.0
93,13,1,3,80633766.95949668,1,1.0
93,13,2,6,94441396.61664489,1,1.0
93,13,3,10,95782507.22773667,1,1.0
93,14,0,2,123975819.77114362,1,1.0
93,14,1,3,68163419.6441519,1,1.0
93,14,2,7,59591399.543739095,1,1.0
93,14,3,11,77661024.81153679,1,1.0
93,15,0,2,62467444.395523146,1,1.0
93,15,1,3,63720815.00820238,1,1.0
93,15,2,8,108537295.9636578,1,1.0
93,15,3,11,84523283.36245684,1,1.0
93,16,0,0,76084968.48936401,1,1.0
93,16,1,3,80272341.8416501,1,1.0
93,16,2,7,75590748.83729614,1,1.0
93,16,3,11,70151296.21857958,1,1.0
93,17,0,2,82901916.72119737,1,1.0
93,17,1,3,74664850.33962525,1,1.0
93,17,2,8,67504352.41032995,1,1.0
93,17,3,10,75046568.5015445,1,1.0
93,18,0,2,76012518.0861149,1,1.0
93,18,1,3,67593555.1284825,1,1.0
93,18,2,8,65736066.526193276,1,1.0
93,18,3,11,66179610.130159386,1,1.0
93,19,0,0,60135754.59397445,1,1.0
93,19,1,3,73913719.83884923,1,1.0
93,19,2,8,96500029.39948337,1,1.0
93,19,3,10,82122759.62757297,1,1.0
93,20,0,2,105142597.14366224,1,1.0
93,20,1,3,76905989.72240642,1,1.0
93,20,2,8,64432274.9896431,1,1.0
93,20,3,10,86172962.68908107,1,1.0
93,21,0,2,66914653.91733217,1,1.0
93,21,1,3,65463993.819118455,1,1.0
93,21,2,7,61823555.031164005,1,1.0
93,21,3,10,92981104.97616671,1,1.0
93,22,0,2,83520219.32542288,1,1.0
93,22,1,4,69302600.83080526,1,1.0
93,22,2,8,63072790.64101902,1,1.0
93,22,3,10,84702360.71936332,1,1.0
93,23,0,2,73029137.82774916,1,1.0
93,23,1,4,82849858.83125633,1,1.0
93,23,2,8,62212293.57609625,1,1.0
93,23,3,10,73435986.4247665,1,1.0
94,0,0,2,58006695.48081369,1,1.0
94,0,1,3,71932278.42341627,1,1.0
94,0,2,8,86243013.75030616,1,1.0
94,0,3,10,83502023.14142814,1,1.0
94,1,0,2,78886069.93017639,1,1.0
94,1,1,3,90415548.97323109,1,1.0
94,1,2,7,64158311.45707907,1,1.0
94,1,3,10,77473311.37427899,1,1.0
94,2,0,2,93259321.1467946,1,1.0
94,2,1,4,64002051.14783326,1,1.0
94,2,2,8,64759068.36276589,1,1.0
94,2,3,10,74930376.16718143,1,1.0
94,3,0,0,55463836.5651047,1,1.0
94,3,1,4,63743860.88924042,1,1.0
94,3,2,8,73330158.17037185,1,1.0
94,3,3,10,78764973.41386826,1,1.0
94,4,0,2,83529719.89883015,1,1.0
94,4,1,3,76921081.29011883,1,1.0
94,4,2,6,65950833.36266735,1,1.0
94,4,3,10,84810725.27190565,1,1.0
94,5,0,2,62211791.16111194,1,1.0
94,5,1,4,73232477.12782353,1,1.0
94,5,2,8,55928312.01142037,1,1.0
94,5,3,11,71482935.87506357,1,1.0
94,6,0,2,67306460.14103734,1,1.0
94,6,1,4,58110801.5846597,1,1.0
94,6,2,8,67364169.72323443,1,1.0
94,6,3,10,74766054.01366921,1,1.0
94,7,0,2,95094507.5233445,1,1.0
94,7,1,3,61424393.55403043,1,1.0
94,7,2,6,56861799.73417577,1,1.0
94,7,3,10,71068314.6221265,1,1.0
94,8,0,2,69985478.20354074,1,1.0
94,8,1,3,70704490.71265247,1,1.0
94,8,2,8,72593608.3808675,1,1.0
94,8,3,10,85224012.64598872,1,1.0
94,9,0,2,55235862.19314805,1,1.0
94,9,1,3,71879509.77763204,1,1.0
94,9,2,8,62637048.13834248,1,1.0
94,9,3,11,69279137.40679899,1,1.0
94,10,0,2,83554923.899078,1,1.0
94,10,1,3,113106642.15640217,1,1.0
94,10,2,8,56107155.73778489,1,1.0
94,10,3,10,91620718.12790318,1,1.0
94,11,0,2,74889289.55552049,1,1.0
94,11,1,3,77806100.8366369,1,1.0
94,11,2,8,69145659.08583583,1,1.0
94,11,3,10,72110409.14617348,1,1.0
94,12,0,2,72686207.72484374,1,1.0
94,12,1,4,73516705.71204542,1,1.0
94,12,2,6,69748196.32443973,1,1.0
94,12,3,10,86133417.68921891,1,1.0
94,13,0,2,77790267.3993879,1,1.0
94,13,1,3,73786774.25309289,1,1.0
94,13,2,7,67848646.9629401,1,1.0
94,13,3,10,104241599.79489882,1,1.0
94,14,0,0,66657779.19414524,1,1.0
94,14,1,4,65419413.73879426,1,1.0
94,14,2,8,72532814.98372161,1,1.0
94,14,3,10,76295639.81985745,1,1.0
94,15,0,2,91596908.68740746,1,1.0
94,15,1,5,57908824.488257274,1,1.0
94,15,2,7,62346549.73382475,1,1.0
94,15,3,10,84844785.82963458,1,1.0
94,16,0,0,65198988.38283787,1,1.0
94,16,1,3,76030222.38831733,1,1.0
94,16,2,8,69594448.77010612,1,1.0
94,16,3,10,70746117.02825935,1,1.0
94,17,0,2,71624978.36660376,1,1.0
94,17,1,4,71317971.95362888,1,1.0
94,17,2,8,74572342.56370953,1,1.0
94,17,3,11,64914227.968561284,1,1.0
94,18,0,2,71324481.46954837,1,1.0
94,18,1,3,77668253.0110272,1,1.0
94,18,2,6,59227512.185643926,1,1.0
94,18,3,10,73332908.22851285,1,1.0
94,19,0,2,102419134.3733162,1,1.0
94,19,1,3,59674120.90166512,1,1.0
94,19,2,7,61534957.07724624,1,1.0
94,19,3,10,68545561.83718134,1,1.0
94,20,0,2,75293932.41786073,1,1.0
94,20,1,3,74420248.6156618,1,1.0
94,20,2,8,78054241.35742857,1,1.0
94,20,3,10,95731002.76170684,1,1.0
94,21,0,1,52655015.33019209,1,1.0
94,21,1,3,76941531.19405732,1,1.0
94,21,2,8,64570437.97288381,1,1.0
94,21,3,10,76300185.15384606,1,1.0
94,22,0,2,60444763.03722145,1,1.0
94,22,1,3,71169738.87974453,1,1.0
94,22,2,8,73112978.6651691,1,1.0
94,22,3,10,68911219.49976228,1,1.0
94,23,0,0,66037737.53099111,1,1.0
94,23,1,4,92374436.14224821,1,1.0
94,23,2,8,70334183.85287556,1,1.0
94,23,3,11,64469886.310579605,1,1.0
95,0,0,2,62152130.12526351,1,1.0
95,0,1,3,82178754.32089134,1,1.0
95,0,2,6,58565547.64796652,1,1.0
95,0,3,10,81796090.0004478,1,1.0
95,1,0,2,87136590.0850472,1,1.0
95,1,1,3,91624348.96339887,1,1.0
95,1,2,8,56133997.8683633,1,1.0
95,1,3,11,66582107.64387758,1,1.0
95,2,0,2,77585605.9313473,1,1.0
95,2,1,4,52531794.57568216,1,1.0
95,2,2,8,63489581.88680859,1,1.0
95,2,3,10,79852571.73353869,1,1.0
95,3,0,2,91359344.01692624,1,1.0
95,3,1,3,68026976.84178734,1,1.0
95,3,2,8,55943585.72930553,1,1.0
95,3,3,11,72373520.71390438,1,1.0
95,4,0,2,75661617.92900315,1,1.0
95,4,1,3,67496700.83541566,1,1.0
95,4,2,8,65108992.08488997,1,1.0
95,4,3,10,73447619.71562678,1,1.0
95,5,0,2,78653668.25300986,1,1.0
95,5,1,3,64856165.53814059,1,1.0
95,5,2,8,66348252.068299375,1,1.0
95,5,3,11,70183919.13263203,1,1.0
95,6,0,2,66067782.36353702,1,1.0
95,6,1,3,95032423.75981063,1,1.0
95,6,2,7,85942292.07981594,1,1.0
95,6,3,10,95207574.72306828,1,1.0
95,7,0,2,69186379.84811358,1,1.0
95,7,1,4,76804114.73396811,1,1.0
95,7,2,6,56046424.367245495,1,1.0
95,7,3,10,90828783.17778935,1,1.0
95,8,0,2,83500295.19473657,1,1.0
95,8,1,4,67726746.83411708,1,1.0
95,8,2,7,63996036.13561566,1,1.0
95,8,3,11,63852986.549369745,1,1.0
95,9,0,2,72580429.99894322,1,1.0
95,9,1,3,106698531.04966223,1,1.0
95,9,2,6,56302548.8888325,1,1.0
95,9,3,11,70069896.89831197,1,1.0
95,10,0,2,73583785.09508066,1,1.0
95,10,1,4,85288850.53335965,1,1.0
95,10,2,8,62902660.03619683,1,1.0
95,10,3,11,66627441.99068486,1,1.0
95,11,0,2,53640715.33385861,1,1.0
95,11,1,4,62433602.11994888,1,1.0
95,11,2,7,54282207.39378573,1,1.0
95,11,3,10,75175055.45269914,1,1.0
95,12,0,2,81968964.40328535,1,1.0
95,12,1,3,92412358.69332314,1,1.0
95,12,2,8,60967740.96633946,1,1.0
95,12,3,10,65580953.470171005,1,1.0
95,13,0,0,55674772.204511724,1,1.0
95,13,1,3,76495854.53088139,1,1.0
95,13,2,6,55931716.12494933,1,1.0
95,13,3,10,89682503.98380266,1,1.0
95,14,0,2,64114555.592659205,1,1.0
95,14,1,3,72705635.07230587,1,1.0
95,14,2,8,59864607.0706986,1,1.0
95,14,3,11,71561150.05328445,1,1.0
95,15,0,2,60337293.79965822,1,1.0
95,15,1,3,63199235.88121938,1,1.0
95,15,2,7,60370699.866979145,1,1.0
95,15,3,11,64062021.45542053,1,1.0
95,16,0,2,89059333.48319015,1,1.0
95,16,1,3,74239924.45080146,1,1.0
95,16,2,8,72071502.24425086,1,1.0
95,16,3,10,89244130.23771015,1,1.0
95,17,0,0,61973058.893065855,1,1.0
95,17,1,3,74950766.09311962,1,1.0
95,17,2,8,68500670.47385845,1,1.0
95,17,3,10,75235987.3821317,1,1.0
95,18,0,2,61164371.579058506,1,1.0
95,18,1,3,80089849.73387949,1,1.0
95,18,2,7,67407936.271643,1,1.0
95,18,3,10,81685123.54390293,1,1.0
95,19,0,2,54033443.2842193,1,1.0
95,19,1,3,83362645.38277027,1,1.0
95,19,2,8,65907620.9707028,1,1.0
95,19,3,10,73554287.5581767,1,1.0
95,20,0,2,74393100.0518282,1,1.0
95,20,1,3,68141369.65676065,1,1.0
95,20,2,6,56558293.40427373,1,1.0
95,20,3,10,87850365.80003487,1,1.0
95,21,0,2,72559155.368317,1,1.0
95,21,1,4,70545112.34297529,1,1.0
95,21,2,8,61990347.27437171,1,1.0
95,21,3,10,86756330.25268008,1,1.0
95,22,0,2,64397467.372429885,1,1.0
95,22,1,4,77188797.6099159,1,1.0
95,22,2,6,55005507.39524787,1,1.0
95,22,3,10,92852022.60408543,1,1.0
95,23,0,2,65780906.954770505,1,1.0
95,23,1,3,88460839.8249861,1,1.0
95,23,2,7,64244291.91823265,1,1.0
95,23,3,10,83817180.433921,1,1.0
96,0,0,1,66561833.718945436,1,1.0
96,0,1,4,75651381.07006155,1,1.0
96,0,2,6,56623236.936597064,1,1.0
96,0,3,10,61030923.13815907,1,1.0
96,1,0,2,77009474.62038913,1,1.0
96,1,1,3,67487900.30630232,1,1.0
96,1,2,8,61833839.92725435,1,1.0
96,1,3,10,96292244.39142454,1,1.0
96,2,0,2,80865816.66234468,1,1.0
96,2,1,3,65282689.152402736,1,1.0
96,2,2,6,59223701.81645153,1,1.0
96,2,3,10,100270049.37065911,1,1.0
96,3,0,2,57357945.5680457,1,1.0
96,3,1,3,60153518.853186674,1,1.0
96,3,2,8,64243489.75263807,1,1.0
96,3,3,10,83546850.06168957,1,1.0
96,4,0,2,70491841.88828234,1,1.0
96,4,1,3,86748821.18563077,1,1.0
96,4,2,8,66386699.16169014,1,1.0
96,4,3,10,95685074.6038259,1,1.0
96,5,0,2,69879988.8579214,1,1.0
96,5,1,3,76881661.98507391,1,1.0
96,5,2,6,59303868.02353924,1,1.0
96,5,3,10,85025103.95637509,1,1.0
96,6,0,2,72200799.42524682,1,1.0
96,6,1,3,109092102.63986237,1,1.0
96,6,2,8,61522917.870160006,1,1.0
96,6,3,11,69844294.82039501,1,1.0
96,7,0,2,99252962.56319976,1,1.0
96,7,1,3,78938752.26259746,1,1.0
96,7,2,8,65504699.2092886,1,1.0
96,7,3,10,74044287.94924662,1,1.0
96,8,0,2,60797800.4592907,1,1.0
96,8,1,4,70184149.34522764,1,1.0
96,8,2,8,63980900.37165867,1,1.0
96,8,3,11,71002350.98709509,1,1.0
96,9,0,0,64753726.42355746,1,1.0
96,9,1,4,72002665.48397143,1,1.0
96,9,2,8,76531038.23596683,1,1.0
96,9,3,11,72139778.80661698,1,1.0
96,10,0,2,85422466.40374878,1,1.0
96,10,1,4,61109669.80163694,1,1.0
96,10,2,8,68390999.74767688,1,1.0
96,10,3,10,87802056.64887795,1,1.0
96,11,0,0,52689365.84461845,1,1.0
96,11,1,3,65215183.09782876,1,1.0
96,11,2,8,65072165.17101238,1,1.0
96,11,3,10,93547246.97870536,1,1.0
96,12,0,1,60415577.07486706,1,1.0
96,12,1,4,84135148.50489241,1,1.0
96,12,2,8,72145162.77162008,1,1.0
96,12,3,10,80107041.28469504,1,1.0
96,13,0,2,63130476.07909841,1,1.0
96,13,1,3,62998142.02720269,1,1.0
96,13,2,7,55799897.89536309,1,1.0
96,13,3,10,81649392.56220146,1,1.0
96,14,0,2,64212342.08774424,1,1.0
96,14,1,3,82730790.93103932,1,1.0
96,14,2,8,69504976.32579087,1,1.0
96,14,3,11,79194916.51807295,1,1.0
96,15,0,2,103607006.90211949,1,1.0
96,15,1,3,68176785.67463276,1,1.0
96,15,2,8,61930278.41071861,1,1.0
96,15,3,11,65124768.17320104,1,1.0
96,16,0,0,61499622.62954113,1,1.0
96,16,1,3,82383303.73916385,1,1.0
96,16,2,8,72611684.87824333,1,1.0
96,16,3,10,103003997.88404521,1,1.0
96,17,0,2,65831830.28223134,1,1.0
96,17,1,4,81614551.61793458,1,1.0
96,17,2,8,65901717.39291117,1,1.0
96,17,3,11,79799496.6824353,1,1.0
96,18,0,0,59073348.87943245,1,1.0
96,18,1,4,66618293.20046544,1,1.0
96,18,2,8,68069891.15593365,1,1.0
96,18,3,10,64563083.91012223,1,1.0
96,19,0,2,62212652.378130905,1,1.0
96,19,1,4,59273448.76903923,1,1.0
96,19,2,8,77132936.3279566,1,1.0
96,19,3,10,73784415.73036778,1,1.0
96,20,0,2,73103534.56855203,1,1.0
96,20,1,3,87052747.07859863,1,1.0
96,20,2,6,56000883.462357424,1,1.0
96,20,3,10,69622350.77801241,1,1.0
96,21,0,0,62774981.697778605,1,1.0
96,21,1,4,66048633.52605514,1,1.0
96,21,2,7,61806168.18477565,1,1.0
96,21,3,11,69865029.38978809,1,1.0
96,22,0,2,84954797.6852424,1,1.0
96,22,1,3,85594095.23989251,1,1.0
96,22,2,8,69180190.40718079,1,1.0
96,22,3,10,64144879.51576139,1,1.0
96,23,0,2,90080832.26422878,1,1.0
96,23,1,4,75571254.53969878,1,1.0
96,23,2,8,71268647.49648088,1,1.0
96,23,3,11,73091408.16033417,1,1.0
97,0,0,0,58398525.711878024,1,1.0
97,0,1,3,59170338.236378826,1,1.0
97,0,2,7,72623704.22559583,1,1.0
97,0,3,10,93237887.70085292,1,1.0
97,1,0,2,84579936.88594618,1,1.0
97,1,1,4,65190368.75784509,1,1.0
97,1,2,8,73506000.96171947,1,1.0
97,1,3,10,69146992.24026595,1,1.0
97,2,0,2,67428560.60077934,1,1.0
97,2,1,3,73849899.48929392,1,1.0
97,2,2,7,58120826.73168574,1,1.0
97,2,3,11,70248141.08272827,1,1.0
97,3,0,2,88197466.24191777,1,1.0
97,3,1,3,67099109.16463755,1,1.0
97,3,2,8,56938341.74123326,1,1.0
97,3,3,11,67115405.51055051,1,1.0
97,4,0,1,56997503.1981782,1,1.0
97,4,1,4,68800934.38135563,1,1.0
97,4,2,8,83547224.38170864,1,1.0
97,4,3,10,88809595.89008602,1,1.0
97,5,0,2,84834779.07167546,1,1.0
97,5,1,4,71423852.86523552,1,1.0
97,5,2,6,56997793.350682236,1,1.0
97,5,3,11,66637754.34952165,1,1.0
97,6,0,2,77354065.48127672,1,1.0
97,6,1,3,67798600.24450272,1,1.0
97,6,2,8,73535944.33676559,1,1.0
97,6,3,10,83066700.90719374,1,1.0
97,7,0,0,62037091.837549634,1,1.0
97,7,1,3,85887431.32995605,1,1.0
97,7,2,8,73122281.15664245,1,1.0
97,7,3,10,69879235.4379098,1,1.0
97,8,0,0,58126046.26194394,1,1.0
97,8,1,4,62735305.28659201,1,1.0
97,8,2,8,60353319.53283338,1,1.0
97,8,3,10,96696251.58041655,1,1.0
97,9,0,2,71874530.92964996,1,1.0
97,9,1,3,79384060.97378697,1,1.0
97,9,2,8,63555943.02835455,1,1.0
97,9,3,10,86061730.44529116,1,1.0
97,10,0,2,57153629.376281105,1,1.0
97,10,1,3,89997197.04051691,1,1.0
97,10,2,8,63643603.6128849,1,1.0
97,10,3,11,76375533.60815044,1,1.0
97,11,0,2,76439739.728099,1,1.0
97,11,1,3,65157012.695711546,1,1.0
97,11,2,8,66586696.39428505,1,1.0
97,11,3,10,96985250.59693216,1,1.0
97,12,0,2,68152504.36580017,1,1.0
97,12,1,3,84941807.83110543,1,1.0
97,12,2,8,65827959.13888655,1,1.0
97,12,3,11,73173943.38939507,1,1.0
97,13,0,2,72033108.7437827,1,1.0
97,13,1,3,103857458.2759545,1,1.0
97,13,2,8,85691729.94098099,1,1.0
97,13,3,11,73526415.2579606,1,1.0
97,14,0,2,80960340.50477573,1,1.0
97,14,1,3,71858920.50106212,1,1.0
97,14,2,7,70692783.47056668,1,1.0
97,14,3,10,101153719.56858793,1,1.0
97,15,0,2,89816952.00483854,1,1.0
97,15,1,3,78327068.1400801,1,1.0
97,15,2,6,57838223.00996694,1,1.0
97,15,3,10,66903866.72054771,1,1.0
97,16,0,2,69939447.43238683,1,1.0
97,16,1,4,69912043.13995181,1,1.0
97,16,2,8,64992335.99976462,1,1.0
97,16,3,10,89249619.4299695,1,1.0
97,17,0,2,81757100.60167891,1,1.0
97,17,1,4,76499657.70276639,1,1.0
97,17,2,8,55266654.40992811,1,1.0
97,17,3,11,62244380.70538577,1,1.0
97,18,0,2,89667048.12641887,1,1.0
97,18,1,4,59243041.11596518,1,1.0
97,18,2,8,88155127.6115533,1,1.0
97,18,3,10,80637229.001587,1,1.0
97,19,0,2,57256761.19555426,1,1.0
97,19,1,3,63405192.666444026,1,1.0
97,19,2,8,75861798.62421644,1,1.0
97,19,3,10,73109343.91297224,1,1.0
97,20,0,2,53786534.48612817,1,1.0
97,20,1,3,71336727.15468034,1,1.0
97,20,2,8,70594800.22683221,1,1.0
97,20,3,10,69551254.84995377,1,1.0
97,21,0,2,83212515.67260835,1,1.0
97,21,1,4,67742057.06455797,1,1.0
97,21,2,8,67543576.68686445,1,1.0
97,21,3,10,81046527.28869729,1,1.0
97,22,0,1,58610282.3811628,1,1.0
97,22,1,3,62965160.271039665,1,1.0
97,22,2,8,69172931.27608082,1,1.0
97,22,3,10,69567844.47144967,1,1.0
97,23,0,2,55143478.38319652,1,1.0
97,23,1,3,64665168.20777072,1,1.0
97,23,2,8,57244412.163494475,1,1.0
97,23,3,11,69744323.9056209,1,1.0
98,0,0,0,62292984.53734109,1,1.0
98,0,1,4,61182613.42372198,1,1.0
98,0,2,8,66984360.74625347,1,1.0
98,0,3,10,93115124.44477831,1,1.0
98,1,0,0,81543173.2959122,1,1.0
98,1,1,3,62841959.20785234,1,1.0
98,1,2,8,83292347.48329976,1,1.0
98,1,3,10,81433666.6367402,1,1.0
98,2,0,0,69408683.72392178,1,1.0
98,2,1,3,98688344.13116883,1,1.0
98,2,2,8,54106969.87426337,1,1.0
98,2,3,11,72404708.23564497,1,1.0
98,3,0,2,72260419.31181368,1,1.0
98,3,1,4,82816259.5918268,1,1.0
98,3,2,8,97146796.66503857,1,1.0
98,3,3,11,80099158.19536266,1,1.0
98,4,0,2,70631297.63506585,1,1.0
98,4,1,3,70110032.13842644,1,1.0
98,4,2,8,79641838.45048934,1,1.0
98,4,3,10,72844542.81965172,1,1.0
98,5,0,2,89302510.83550286,1,1.0
98,5,1,4,67595706.45830445,1,1.0
98,5,2,6,59163212.76407634,1,1.0
98,5,3,10,64636201.442828014,1,1.0
98,6,0,2,83554694.35926709,1,1.0
98,6,1,3,99685431.00259143,1,1.0
98,6,2,8,64221986.300787896,1,1.0
98,6,3,10,63985972.193110935,1,1.0
98,7,0,2,87727769.10355265,1,1.0
98,7,1,4,77209477.67061818,1,1.0
98,7,2,8,70597414.01383731,1,1.0
98,7,3,11,64705927.55012731,1,1.0
98,8,0,2,83201620.69169144,1,1.0
98,8,1,3,73801757.17879812,1,1.0
98,8,2,8,62846164.851252206,1,1.0
98,8,3,10,73908507.18973641,1,1.0
98,9,0,2,66708466.779910855,1,1.0
98,9,1,3,126867191.40940228,1,1.0
98,9,2,7,55302686.34545461,1,1.0
98,9,3,10,63974540.700485855,1,1.0
98,10,0,2,64329438.22709526,1,1.0
98,10,1,3,61498802.42106009,1,1.0
98,10,2,8,59170780.447052814,1,1.0
98,10,3,10,89220985.46026605,1,1.0
98,11,0,2,64892602.92814952,1,1.0
98,11,1,3,75016095.5305258,1,1.0
98,11,2,8,62923414.99055023,1,1.0
98,11,3,11,72659752.94956754,1,1.0
98,12,0,2,75017610.68796484,1,1.0
98,12,1,3,67052120.73045206,1,1.0
98,12,2,8,85063443.14508267,1,1.0
98,12,3,10,84245311.63231255,1,1.0
98,13,0,2,87463071.2794624,1,1.0
98,13,1,4,65966746.227871746,1,1.0
98,13,2,7,72601513.30350591,1,1.0
98,13,3,11,64090116.84283671,1,1.0
98,14,0,2,92130664.71972877,1,1.0
98,14,1,3,65364779.490231894,1,1.0
98,14,2,8,70294374.94671844,1,1.0
98,14,3,10,75405754.27954613,1,1.0
98,15,0,2,77374470.49224786,1,1.0
98,15,1,4,66002914.487898864,1,1.0
98,15,2,8,72445881.65248677,1,1.0
98,15,3,10,79757055.22743283,1,1.0
98,16,0,2,81648030.53020845,1,1.0
98,16,1,5,57552879.20181897,1,1.0
98,16,2,8,58221317.2732356,1,1.0
98,16,3,11,64628586.18694336,1,1.0
98,17,0,2,84261218.8817669,1,1.0
98,17,1,4,82096775.03597991,1,1.0
98,17,2,8,71862649.23737401,1,1.0
98,17,3,10,100001752.72397527,1,1.0
98,18,0,2,92070688.4328987,1,1.0
98,18,1,3,67293795.8685539,1,1.0
98,18,2,8,73743976.32421571,1,1.0
98,18,3,10,75299090.51504156,1,1.0
98,19,0,2,85134560.24673472,1,1.0
98,19,1,3,67941705.09563433,1,1.0
98,19,2,8,68975301.20232834,1,1.0
98,19,3,10,70790895.62450433,1,1.0
98,20,0,2,89762724.66920044,1,1.0
98,20,1,4,74493999.59259133,1,1.0
98,20,2,8,86240842.1592461,1,1.0
98,20,3,10,82099792.63709262,1,1.0
98,21,0,2,76059550.30670048,1,1.0
98,21,1,3,98903304.31040794,1,1.0
98,21,2,8,70506697.83781546,1,1.0
98,21,3,10,95953048.20258465,1,1.0
98,22,0,2,86299154.52806567,1,1.0
98,22,1,3,80688910.20373438,1,1.0
98,22,2,6,64046867.46895678,1,1.0
98,22,3,10,70161806.42392795,1,1.0
98,23,0,2,80374805.12254041,1,1.0
98,23,1,3,80214405.15457682,1,1.0
98,23,2,7,73940959.2898199,1,1.0
98,23,3,10,73556597.28780164,1,1.0
99,0,0,0,65855181.04880705,1,1.0
99,0,1,3,62622647.65732699,1,1.0
99,0,2,8,75287048.78977877,1,1.0
99,0,3,10,78266424.86420792,1,1.0
99,1,0,2,78635076.14715518,1,1.0
99,1,1,3,71512687.95002839,1,1.0
99,1,2,8,65261653.79471157,1,1.0
99,1,3,11,67270576.57518622,1,1.0
99,2,0,2,79849518.78967023,1,1.0
99,2,1,3,64543723.05530349,1,1.0
99,2,2,8,80068973.3486566,1,1.0
99,2,3,11,76199406.69864231,1,1.0
99,3,0,2,60176647.04188258,1,1.0
99,3,1,3,67271001.6645371,1,1.0
99,3,2,6,69970680.4657773,1,1.0
99,3,3,11,72883997.6053224,1,1.0
99,4,0,2,84076001.90304556,1,1.0
99,4,1,4,62423888.47178665,1,1.0
99,4,2,8,70576881.03834094,1,1.0
99,4,3,10,75631704.1206416,1,1.0
99,5,0,0,62566445.19832087,1,1.0
99,5,1,3,67288455.67219089,1,1.0
99,5,2,8,68721568.11927922,1,1.0
99,5,3,10,88609718.00281036,1,1.0
99,6,0,2,69450656.16843258,1,1.0
99,6,1,3,72141725.42216793,1,1.0
99,6,2,7,55715078.42048651,1,1.0
99,6,3,10,80884423.89127065,1,1.0
99,7,0,2,64807229.3510026,1,1.0
99,7,1,3,70608132.21660386,1,1.0
99,7,2,8,68322378.58068024,1,1.0
99,7,3,10,82822020.47390243,1,1.0
99,8,0,2,82898998.44917555,1,1.0
99,8,1,3,81855484.86265722,1,1.0
99,8,2,8,84432390.1431515,1,1.0
99,8,3,11,76650021.76421872,1,1.0
99,9,0,2,83978146.87438636,1,1.0
99,9,1,3,68944269.9328254,1,1.0
99,9,2,7,63078710.17650184,1,1.0
99,9,3,11,69433730.2196037,1,1.0
99,10,0,2,58451696.809269354,1,1.0
99,10,1,3,70031358.73898819,1,1.0
99,10,2,8,76435621.19574906,1,1.0
99,10,3,10,98262247.29697298,1,1.0
99,11,0,2,69450463.47272797,1,1.0
99,11,1,3,102465404.67103015,1,1.0
99,11,2,8,71131893.01331103,1,1.0
99,11,3,10,84635219.12452404,1,1.0
99,12,0,2,73649240.69727466,1,1.0
99,12,1,3,82618669.75575303,1,1.0
99,12,2,7,66980058.24365813,1,1.0
99,12,3,11,68562881.08580054,1,1.0
99,13,0,0,73902526.28468569,1,1.0
99,13,1,4,68284911.34143695,1,1.0
99,13,2,8,70973351.81175295,1,1.0
99,13,3,10,70017179.99665324,1,1.0
99,14,0,2,64324346.0818366,1,1.0
99,14,1,3,62571661.74006622,1,1.0
99,14,2,8,65624891.13412915,1,1.0
99,14,3,10,72426552.61812627,1,1.0
99,15,0,2,71217623.35005014,1,1.0
99,15,1,4,100454218.7215758,1,1.0
99,15,2,7,60091587.25252363,1,1.0
99,15,3,10,65098072.18943716,1,1.0
99,16,0,2,75390794.11804542,1,1.0
99,16,1,3,64483245.41687517,1,1.0
99,16,2,8,64309608.79985969,1,1.0
99,16,3,10,70180707.5748169,1,1.0
99,17,0,2,65227831.634530865,1,1.0
99,17,1,3,86999842.8827608,1,1.0
99,17,2,8,64854922.4878878,1,1.0
99,17,3,11,71443043.09916107,1,1.0
99,18,0,2,62104939.656887144,1,1.0
99,18,1,3,78953084.24672835,1,1.0
99,18,2,7,55813675.46737326,1,1.0
99,18,3,11,83559143.20772077,1,1.0
99,19,0,2,88550043.81731091,1,1.0
99,19,1,3,103420723.53655264,1,1.0
99,19,2,6,54472205.91316172,1,1.0
99,19,3,10,90674624.95204875,1,1.0
99,20,0,2,71868850.07056783,1,1.0
99,20,1,4,68517211.5618036,1,1.0
99,20,2,8,63022995.88878085,1,1.0
99,20,3,10,67290346.64957537,1,1.0
99,21,0,2,71470862.38556951,1,1.0
99,21,1,4,65479382.638075516,1,1.0
99,21,2,8,65146414.08897481,1,1.0
99,21,3,11,62399644.38625843,1,1.0
99,22,0,2,79355871.09449801,1,1.0
99,22,1,4,62660011.5697227,1,1.0
99,22,2,6,64691842.84965295,1,1.0
99,22,3,11,67383985.66238105,1,1.0
99,23,0,2,83005536.70791462,1,1.0
99,23,1,4,62572264.83510207,1,1.0
99,23,2,6,58809601.77028365,1,1.0
99,23,3,10,70376855.24816068,1,1.0
100,0,0,0,65033149.90227779,1,1.0
100,0,1,4,69086585.1617045,1,1.0
100,0,2,8,64203813.37867189,1,1.0
100,0,3,11,62006124.75109023,1,1.0
100,1,0,2,81826870.98779257,1,1.0
100,1,1,3,88254547.56070046,1,1.0
100,1,2,6,55178897.7716852,1,1.0
100,1,3,10,77157180.93656674,1,1.0
100,2,0,1,58944736.60281139,1,1.0
100,2,1,4,67143567.33315867,1,1.0
100,2,2,6,70399992.85990426,1,1.0
100,2,3,11,76519175.72188269,1,1.0
100,3,0,2,65735964.7130605,1,1.0
100,3,1,4,73670578.67472436,1,1.0
100,3,2,6,67799860.75811237,1,1.0
100,3,3,10,89421225.09712489,1,1.0
100,4,0,2,71446227.85176697,1,1.0
100,4,1,3,75896495.85748401,1,1.0
100,4,2,8,77516821.96030481,1,1.0
100,4,3,10,72818806.27691221,1,1.0
100,5,0,2,73675360.47544704,1,1.0
100,5,1,3,65222823.19495576,1,1.0
100,5,2,8,71692442.48865768,1,1.0
100,5,3,11,74474329.15147223,1,1.0
100,6,0,2,87131477.13510005,1,1.0
100,6,1,3,90938283.01665464,1,1.0
100,6,2,8,70803971.60787606,1,1.0
100,6,3,10,106355598.94742328,1,1.0
100,7,0,0,60258550.81083766,1,1.0
100,7,1,4,95896494.93314435,1,1.0
100,7,2,7,68096433.14383395,1,1.0
100,7,3,10,68462132.80264722,1,1.0
100,8,0,2,72927392.6599999,1,1.0
100,8,1,3,92659198.61974065,1,1.0
100,8,2,7,62955896.77845128,1,1.0
100,8,3,10,92786640.60785952,1,1.0
100,9,0,2,61118666.70779389,1,1.0
100,9,1,3,87459727.61357485,1,1.0
100,9,2,8,72874352.61469083,1,1.0
100,9,3,10,81509258.400846,1,1.0
100,10,0,0,63422960.37156486,1,1.0
100,10,1,3,84291267.21936794,1,1.0
100,10,2,8,67480192.38235542,1,1.0
100,10,3,10,75609781.35942179,1,1.0
100,11,0,2,74577433.88000436,1,1.0
100,11,1,3,84167156.4444457,1,1.0
100,11,2,8,62261686.376484856,1,1.0
100,11,3,10,83487869.63007222,1,1.0
100,12,0,2,77542941.39969623,1,1.0
100,12,1,3,68365943.9307075,1,1.0
100,12,2,8,84139255.16204545,1,1.0
100,12,3,11,66769232.41448528,1,1.0
100,13,0,2,66650901.16440282,1,1.0
100,13,1,3,65639690.93753077,1,1.0
100,13,2,8,84389489.86902094,1,1.0
100,13,3,10,76520810.04446478,1,1.0
100,14,0,2,62391113.93362226,1,1.0
100,14,1,3,77468147.97974604,1,1.0
100,14,2,7,55500495.24415402,1,1.0
100,14,3,10,74055403.44118634,1,1.0
100,15,0,2,89368666.37228382,1,1.0
100,15,1,3,73886085.42537935,1,1.0
100,15,2,6,65898700.573926315,1,1.0
100,15,3,10,64786308.85018801,1,1.0
100,16,0,2,89965789.7979242,1,1.0
100,16,1,3,67576178.34555152,1,1.0
100,16,2,8,61279962.09023194,1,1.0
100,16,3,10,80635518.13878375,1,1.0
100,17,0,2,69450585.54634485,1,1.0
100,17,1,3,85122079.02416548,1,1.0
100,17,2,6,59323302.56177173,1,1.0
100,17,3,11,63921214.76891923,1,1.0
100,18,0,2,59254524.0151895,1,1.0
100,18,1,3,70114725.92337714,1,1.0
100,18,2,8,71246140.90797675,1,1.0
100,18,3,11,65855653.44148717,1,1.0
100,19,0,2,76607629.06148776,1,1.0
100,19,1,4,67536932.4769776,1,1.0
100,19,2,7,64334905.96472714,1,1.0
100,19,3,10,80661260.82889454,1,1.0
100,20,0,2,76915568.79511833,1,1.0
100,20,1,4,68723603.6682365,1,1.0
100,20,2,7,62051886.49050044,1,1.0
100,20,3,11,82886911.54838899,1,1.0
100,21,0,2,72306565.39329447,1,1.0
100,21,1,3,83266226.50160004,1,1.0
100,21,2,8,53046113.14094235,1,1.0
100,21,3,10,70950444.62116727,1,1.0
100,22,0,2,63570147.92802264,1,1.0
100,22,1,3,126323140.7132351,1,1.0
100,22,2,8,77158000.1522155,1,1.0
100,22,3,10,79118463.62573043,1,1.0
100,23,0,2,82837892.52648202,1,1.0
100,23,1,4,75435419.996152,1,1.0
100,23,2,8,69815357.31331608,1,1.0
100,23,3,11,81958770.19965841,1,1.0
101,0,0,2,85727322.3924403,1,1.0
101,0,1,4,77989106.97450633,1,1.0
101,0,2,7,65529938.864631176,1,1.0
101,0,3,10,75841518.87950431,1,1.0
101,1,0,2,76841148.17026617,1,1.0
101,1,1,3,62932181.708268054,1,1.0
101,1,2,8,56155292.26082194,1,1.0
101,1,3,10,81304853.16430144,1,1.0
101,2,0,2,74874785.10114014,1,1.0
101,2,1,3,65575804.081755936,1,1.0
101,2,2,7,72597525.23741469,1,1.0
101,2,3,10,66557172.766178384,1,1.0
101,3,0,2,81057668.566857,1,1.0
101,3,1,3,72883653.16584414,1,1.0
101,3,2,7,58239901.557116315,1,1.0
101,3,3,10,72279091.89303961,1,1.0
101,4,0,1,66044156.28980402,1,1.0
101,4,1,3,69863360.83907546,1,1.0
101,4,2,8,69629819.8090653,1,1.0
101,4,3,10,95654197.5797888,1,1.0
101,5,0,0,62433569.01103468,1,1.0
101,5,1,3,81182472.92961165,1,1.0
101,5,2,8,68547903.37699042,1,1.0
101,5,3,10,73732069.6502332,1,1.0
101,6,0,2,80378857.89742637,1,1.0
101,6,1,3,61885170.68318378,1,1.0
101,6,2,7,61996744.366611496,1,1.0
101,6,3,10,70248203.93859667,1,1.0
101,7,0,2,75490805.3306093,1,1.0
101,7,1,3,62436801.330528565,1,1.0
101,7,2,8,71363772.74404924,1,1.0
101,7,3,10,73299500.9913828,1,1.0
101,8,0,2,66059767.99563859,1,1.0
101,8,1,3,65794891.44728471,1,1.0
101,8,2,7,68476418.73280497,1,1.0
101,8,3,10,83225856.68046376,1,1.0
101,9,0,2,60157930.1002021,1,1.0
101,9,1,4,64067554.37778626,1,1.0
101,9,2,8,75545522.09747708,1,1.0
101,9,3,11,64529476.867500015,1,1.0
101,10,0,2,82828850.73634459,1,1.0
101,10,1,3,78606188.17421159,1,1.0
101,10,2,8,79287967.75625868,1,1.0
101,10,3,10,97533849.0291797,1,1.0
101,11,0,2,92085991.32859345,1,1.0
101,11,1,4,67417809.43074487,1,1.0
101,11,2,8,73363825.30605716,1,1.0
101,11,3,10,89566019.17744471,1,1.0
101,12,0,2,71968272.36534573,1,1.0
101,12,1,3,87451450.69782755,1,1.0
101,12,2,6,74613753.49873948,1,1.0
101,12,3,10,71558304.86669129,1,1.0
101,13,0,2,59383732.236124195,1,1.0
101,13,1,3,96458301.400307,1,1.0
101,13,2,8,73575828.8341041,1,1.0
101,13,3,10,66755616.901344925,1,1.0
101,14,0,2,80517713.10677223,1,1.0
101,14,1,4,100943349.67627269,1,1.0
101,14,2,8,73071431.19670491,1,1.0
101,14,3,10,73748234.73836103,1,1.0
101,15,0,2,71055884.50544193,1,1.0
101,15,1,3,68924063.94171365,1,1.0
101,15,2,8,64100563.86071958,1,1.0
101,15,3,10,72079051.44142991,1,1.0
101,16,0,2,97229508.9567714,1,1.0
101,16,1,3,84192980.43935108,1,1.0
101,16,2,8,57887754.40582782,1,1.0
101,16,3,10,73092494.3455106,1,1.0
101,17,0,0,62433359.518065676,1,1.0
101,17,1,3,76340081.53694038,1,1.0
101,17,2,8,74450505.49766168,1,1.0
101,17,3,10,87609493.18022692,1,1.0
101,18,0,2,62885422.437380604,1,1.0
101,18,1,4,65509893.21498459,1,1.0
101,18,2,8,71234824.12567887,1,1.0
101,18,3,10,80847097.2063517,1,1.0
101,19,0,2,69422174.26468877,1,1.0
101,19,1,4,63312898.91216077,1,1.0
101,19,2,8,65618505.2263193,1,1.0
101,19,3,11,82909382.79567248,1,1.0
101,20,0,2,79001731.35002825,1,1.0
101,20,1,4,72780783.00579396,1,1.0
101,20,2,8,76286894.9066033,1,1.0
101,20,3,10,79028192.1536215,1,1.0
101,21,0,2,82503603.53701234,1,1.0
101,21,1,4,81893151.87349029,1,1.0
101,21,2,8,71107301.6327971,1,1.0
101,21,3,10,65380564.62576139,1,1.0
101,22,0,2,70453323.92055623,1,1.0
101,22,1,4,85469545.03981832,1,1.0
101,22,2,7,84035569.50959738,1,1.0
101,22,3,10,84050097.09297685,1,1.0
101,23,0,2,100666242.45681809,1,1.0
101,23,1,3,96976820.83460665,1,1.0
101,23,2,8,61880635.31157363,1,1.0
101,23,3,11,69064950.32105006,1,1.0
102,0,0,2,68546414.94853626,1,1.0
102,0,1,3,65089208.14778379,1,1.0
102,0,2,8,72318756.8685789,1,1.0
102,0,3,10,98823784.75821064,1,1.0
102,1,0,2,74009571.70712104,1,1.0
102,1,1,3,66728965.52368401,1,1.0
102,1,2,8,57839982.94720676,1,1.0
102,1,3,10,65930204.20063204,1,1.0
102,2,0,0,61552973.335035846,1,1.0
102,2,1,3,79008488.72829963,1,1.0
102,2,2,8,71963982.92758192,1,1.0
102,2,3,10,93543340.55018893,1,1.0
102,3,0,2,80529183.36840895,1,1.0
102,3,1,3,70867541.12685518,1,1.0
102,3,2,6,63945502.00516723,1,1.0
102,3,3,10,77883801.69594932,1,1.0
102,4,0,2,87980464.45288995,1,1.0
102,4,1,4,83466658.576855,1,1.0
102,4,2,8,60149816.15982865,1,1.0
102,4,3,10,82990830.38421603,1,1.0
102,5,0,2,61373647.1395616,1,1.0
102,5,1,3,67051507.464108504,1,1.0
102,5,2,6,53248104.10033664,1,1.0
102,5,3,10,76954856.80288695,1,1.0
102,6,0,2,63163027.515181586,1,1.0
102,6,1,3,68511939.45350577,1,1.0
102,6,2,6,59202946.48481834,1,1.0
102,6,3,10,80354209.62820809,1,1.0
102,7,0,2,62159205.51855991,1,1.0
102,7,1,4,94111096.08032557,1,1.0
102,7,2,8,56046409.49029963,1,1.0
102,7,3,10,82454632.66929995,1,1.0
102,8,0,2,60697877.28747016,1,1.0
102,8,1,4,65069480.928792775,1,1.0
102,8,2,8,64023084.2257489,1,1.0
102,8,3,11,64987242.15550695,1,1.0
102,9,0,2,69674207.31750292,1,1.0
102,9,1,3,69402468.3541666,1,1.0
102,9,2,6,57475008.9686709,1,1.0
102,9,3,10,92307800.06802544,1,1.0
102,10,0,0,59029965.12456019,1,1.0
102,10,1,4,80928296.92814377,1,1.0
102,10,2,8,55630346.35036875,1,1.0
102,10,3,10,107334270.88297898,1,1.0
102,11,0,2,77882927.54786666,1,1.0
102,11,1,3,76943266.16336332,1,1.0
102,11,2,7,59309905.49508256,1,1.0
102,11,3,10,76204798.21328868,1,1.0
102,12,0,2,59305705.851519376,1,1.0
102,12,1,3,61872996.0037473,1,1.0
102,12,2,8,81225368.13345437,1,1.0
102,12,3,10,84008409.47301069,1,1.0
102,13,0,2,69168193.1059455,1,1.0
102,13,1,3,67288054.52853069,1,1.0
102,13,2,7,65321031.53728354,1,1.0
102,13,3,11,67744171.30956902,1,1.0
102,14,0,2,93443322.33113033,1,1.0
102,14,1,3,61275608.76287165,1,1.0
102,14,2,8,79814903.79596224,1,1.0
102,14,3,10,82398077.70598927,1,1.0
102,15,0,0,65213660.34414478,1,1.0
102,15,1,3,99353333.90725255,1,1.0
102,15,2,8,69710458.62851427,1,1.0
102,15,3,10,83296890.6567083,1,1.0
102,16,0,2,73741044.4060458,1,1.0
102,16,1,3,69667050.72018977,1,1.0
102,16,2,6,55510918.32590315,1,1.0
102,16,3,10,74653926.49191472,1,1.0
102,17,0,0,80332789.89379387,1,1.0
102,17,1,3,70732692.74693483,1,1.0
102,17,2,8,52763914.64924454,1,1.0
102,17,3,10,72350204.47567394,1,1.0
102,18,0,0,60305785.77109572,1,1.0
102,18,1,4,65027536.94968142,1,1.0
102,18,2,7,62145404.34141275,1,1.0
102,18,3,10,80158241.39930424,1,1.0
102,19,0,2,65409059.34338475,1,1.0
102,19,1,3,92030187.6685849,1,1.0
102,19,2,8,66222325.415460974,1,1.0
102,19,3,10,66326255.18120693,1,1.0
102,20,0,0,62908868.232484,1,1.0
102,20,1,3,58460954.92315082,1,1.0
102,20,2,7,52257839.15514985,1,1.0
102,20,3,10,105260908.90455313,1,1.0
102,21,0,2,77900290.58740832,1,1.0
102,21,1,3,78201856.83427389,1,1.0
102,21,2,7,69685544.35794456,1,1.0
102,21,3,10,90112820.71771985,1,1.0
102,22,0,0,58948788.33391835,1,1.0
102,22,1,3,81924740.1181476,1,1.0
102,22,2,8,72532243.85587186,1,1.0
102,22,3,10,82328402.87225571,1,1.0
102,23,0,2,67819269.84728192,1,1.0
102,23,1,3,94436288.56703866,1,1.0
102,23,2,8,58712357.513677984,1,1.0
102,23,3,10,72315875.25379644,1,1.0
103,0,0,0,58025892.88365298,1,1.0
103,0,1,3,70446020.42764789,1,1.0
103,0,2,8,68149951.58612828,1,1.0
103,0,3,10,78794368.26267189,1,1.0
103,1,0,2,58805791.69021759,1,1.0
103,1,1,4,62674040.53096104,1,1.0
103,1,2,8,64430438.737058476,1,1.0
103,1,3,10,71408607.09000973,1,1.0
103,2,0,2,75352573.37916352,1,1.0
103,2,1,3,63814543.206511825,1,1.0
103,2,2,6,62743890.00765388,1,1.0
103,2,3,10,83530292.95425977,1,1.0
103,3,0,2,64138244.39497635,1,1.0
103,3,1,4,65203831.61875438,1,1.0
103,3,2,7,69604725.54176341,1,1.0
103,3,3,11,68314261.83873025,1,1.0
103,4,0,0,62906077.36465849,1,1.0
103,4,1,4,72783984.5270297,1,1.0
103,4,2,6,61963205.812592335,1,1.0
103,4,3,10,108298932.90110296,1,1.0
103,5,0,2,80827170.95686185,1,1.0
103,5,1,3,69509000.51837109,1,1.0
103,5,2,8,63324249.615494855,1,1.0
103,5,3,11,83094920.38109931,1,1.0
103,6,0,2,67495768.1641947,1,1.0
103,6,1,3,74297254.65650217,1,1.0
103,6,2,6,57339640.98017912,1,1.0
103,6,3,10,68667178.65372954,1,1.0
103,7,0,0,57847302.88596022,1,1.0
103,7,1,3,62710871.850344196,1,1.0
103,7,2,6,52910689.86256565,1,1.0
103,7,3,10,84164789.91486777,1,1.0
103,8,0,0,80959765.26981215,1,1.0
103,8,1,3,79312950.6429476,1,1.0
103,8,2,8,63068505.50526281,1,1.0
103,8,3,11,66611171.28346171,1,1.0
103,9,0,2,77373577.85580899,1,1.0
103,9,1,4,65307242.12643924,1,1.0
103,9,2,8,79274982.44129331,1,1.0
103,9,3,10,78564468.09965247,1,1.0
103,10,0,2,86370135.56031047,1,1.0
103,10,1,3,73581474.18636927,1,1.0
103,10,2,8,81056753.70514926,1,1.0
103,10,3,10,76075001.77552533,1,1.0
103,11,0,2,68558910.94406141,1,1.0
103,11,1,4,63348851.3585836,1,1.0
103,11,2,8,56985229.44083639,1,1.0
103,11,3,10,80130388.95743115,1,1.0
103,12,0,2,96751276.99315754,1,1.0
103,12,1,3,63031572.1436123,1,1.0
103,12,2,7,68880818.76224442,1,1.0
103,12,3,11,64357606.27523191,1,1.0
103,13,0,2,76608266.02127413,1,1.0
103,13,1,4,59489658.290172316,1,1.0
103,13,2,7,72440594.01651481,1,1.0
103,13,3,10,80561428.98904605,1,1.0
103,14,0,2,80180162.28117305,1,1.0
103,14,1,4,66761458.58185611,1,1.0
103,14,2,8,73378912.19474383,1,1.0
103,14,3,10,75884959.08335073,1,1.0
103,15,0,0,75915060.99210618,1,1.0
103,15,1,3,59221666.48092154,1,1.0
103,15,2,8,79456543.8299928,1,1.0
103,15,3,10,77853701.93920831,1,1.0
103,16,0,2,87871176.07762448,1,1.0
103,16,1,3,82369623.17891626,1,1.0
103,16,2,8,71200444.62272348,1,1.0
103,16,3,10,73916327.19145705,1,1.0
103,17,0,2,81137015.71857509,1,1.0
103,17,1,3,91643758.11725748,1,1.0
103,17,2,6,63282297.64683361,1,1.0
103,17,3,10,79658666.63677293,1,1.0
103,18,0,2,61926053.88855173,1,1.0
103,18,1,3,93745989.47671054,1,1.0
103,18,2,8,82100053.69793151,1,1.0
103,18,3,10,95247958.77757038,1,1.0
103,19,0,2,68038855.850503,1,1.0
103,19,1,4,62883583.3256669,1,1.0
103,19,2,8,84149523.34503777,1,1.0
103,19,3,10,87609987.28583513,1,1.0
103,20,0,2,70096850.90543187,1,1.0
103,20,1,3,86942496.24549308,1,1.0
103,20,2,8,75312803.95943256,1,1.0
103,20,3,10,92223394.14881799,1,1.0
103,21,0,2,75714019.74514368,1,1.0
103,21,1,3,88027567.34156482,1,1.0
103,21,2,7,67212246.5498969,1,1.0
103,21,3,10,75949487.21971606,1,1.0
103,22,0,2,107743636.46797386,1,1.0
103,22,1,3,67093855.807814345,1,1.0
103,22,2,8,56227672.9235202,1,1.0
103,22,3,10,63879373.10853818,1,1.0
103,23,0,2,96272553.11560164,1,1.0
103,23,1,3,73307651.87949651,1,1.0
103,23,2,8,59410237.66840449,1,1.0
103,23,3,10,78184864.82489118,1,1.0
104,0,0,2,86710774.2014601,1,1.0
104,0,1,4,71700027.04809543,1,1.0
104,0,2,8,61286975.97118663,1,1.0
104,0,3,10,64399434.97037651,1,1.0
104,1,0,2,72315554.56773289,1,1.0
104,1,1,3,60295244.13091271,1,1.0
104,1,2,6,56638862.19759924,1,1.0
104,1,3,11,71703602.89026178,1,1.0
104,2,0,2,74049533.84842587,1,1.0
104,2,1,3,69878583.24474558,1,1.0
104,2,2,8,64442045.98606666,1,1.0
104,2,3,11,79504981.28633174,1,1.0
104,3,0,2,74996241.44621004,1,1.0
104,3,1,3,64678807.00896599,1,1.0
104,3,2,8,75631374.32503077,1,1.0
104,3,3,11,78905619.24249762,1,1.0
104,4,0,2,87063032.89319298,1,1.0
104,4,1,3,89788028.34852757,1,1.0
104,4,2,6,55975945.060344346,1,1.0
104,4,3,10,89109689.72201839,1,1.0
104,5,0,2,97811137.15956345,1,1.0
104,5,1,3,83240803.5471821,1,1.0
104,5,2,8,75181755.55267869,1,1.0
104,5,3,10,89825536.48190697,1,1.0
104,6,0,0,63916371.75288107,1,1.0
104,6,1,3,74363593.9182693,1,1.0
104,6,2,8,57583792.65907608,1,1.0
104,6,3,10,83227739.47889988,1,1.0
104,7,0,2,80593727.1640947,1,1.0
104,7,1,4,60112570.85491142,1,1.0
104,7,2,7,62264547.24341083,1,1.0
104,7,3,10,76167143.09788504,1,1.0
104,8,0,2,89175922.48379934,1,1.0
104,8,1,4,67956696.03214322,1,1.0
104,8,2,8,63683371.49333268,1,1.0
104,8,3,10,92280649.1382018,1,1.0
104,9,0,2,72254009.62638018,1,1.0
104,9,1,3,65230526.972773425,1,1.0
104,9,2,8,73458462.21165338,1,1.0
104,9,3,10,92087225.55608767,1,1.0
104,10,0,2,100242264.28034274,1,1.0
104,10,1,4,65925987.162812084,1,1.0
104,10,2,8,74293219.3315856,1,1.0
104,10,3,10,95406605.93737604,1,1.0
104,11,0,2,59954543.913639106,1,1.0
104,11,1,3,64310253.37009525,1,1.0
104,11,2,8,71728469.35946849,1,1.0
104,11,3,11,65424373.49778649,1,1.0
104,12,0,2,109558935.45392539,1,1.0
104,12,1,3,90033885.6606877,1,1.0
104,12,2,7,75355996.20437104,1,1.0
104,12,3,10,89430341.36421424,1,1.0
104,13,0,0,60830076.84976172,1,1.0
104,13,1,3,63219691.30162227,1,1.0
104,13,2,8,58716438.46803031,1,1.0
104,13,3,10,75855861.92253171,1,1.0
104,14,0,2,61227299.32623477,1,1.0
104,14,1,4,66263567.66654591,1,1.0
104,14,2,7,56648805.04860829,1,1.0
104,14,3,10,64138968.84964751,1,1.0
104,15,0,2,73228574.60008705,1,1.0
104,15,1,3,74640133.15668167,1,1.0
104,15,2,6,56556057.06345084,1,1.0
104,15,3,10,78182023.95337686,1,1.0
104,16,0,2,66175696.415870674,1,1.0
104,16,1,3,66837609.911411166,1,1.0
104,16,2,8,58628075.6084761,1,1.0
104,16,3,11,69231544.14694324,1,1.0
104,17,0,2,89802279.77139558,1,1.0
104,17,1,3,63244177.160086006,1,1.0
104,17,2,8,70517843.16284563,1,1.0
104,17,3,10,83080102.54691155,1,1.0
104,18,0,2,86442960.6730948,1,1.0
104,18,1,3,72965518.15291983,1,1.0
104,18,2,6,60209547.81065395,1,1.0
104,18,3,11,85527009.07786502,1,1.0
104,19,0,2,68725174.71672146,1,1.0
104,19,1,3,87329185.16745523,1,1.0
104,19,2,8,60463733.41301648,1,1.0
104,19,3,10,73068974.27195862,1,1.0
104,20,0,2,70559734.28003658,1,1.0
104,20,1,3,58525301.39371922,1,1.0
104,20,2,7,69342075.83421701,1,1.0
104,20,3,10,84675163.27816175,1,1.0
104,21,0,0,69975775.61669305,1,1.0
104,21,1,3,88228504.31320788,1,1.0
104,21,2,7,74546810.30043444,1,1.0
104,21,3,10,61102613.03684095,1,1.0
104,22,0,2,81206183.0341135,1,1.0
104,22,1,3,103070861.24217615,1,1.0
104,22,2,7,66748961.03942282,1,1.0
104,22,3,10,103744819.45545508,1,1.0
104,23,0,2,71446420.5361565,1,1.0
104,23,1,3,103541636.25527044,1,1.0
104,23,2,8,74779379.32018815,1,1.0
104,23,3,11,73481844.20861919,1,1.0
105,0,0,0,56717284.343111105,1,1.0
105,0,1,3,71618086.5943669,1,1.0
105,0,2,8,72400651.37745462,1,1.0
105,0,3,10,83655756.5344703,1,1.0
105,1,0,0,70044078.25782052,1,1.0
105,1,1,3,79905424.09313273,1,1.0
105,1,2,6,68701647.4059771,1,1.0
105,1,3,10,84035042.71236308,1,1.0
105,2,0,2,86846644.72813271,1,1.0
105,2,1,3,72350700.38333686,1,1.0
105,2,2,8,74203777.58060032,1,1.0
105,2,3,10,75682937.88789956,1,1.0
105,3,0,2,71410299.72920683,1,1.0
105,3,1,4,82768798.88325897,1,1.0
105,3,2,8,68837398.34511758,1,1.0
105,3,3,10,79633785.08593509,1,1.0
105,4,0,2,79071584.90896857,1,1.0
105,4,1,3,68820482.02188714,1,1.0
105,4,2,8,64824067.361262485,1,1.0
105,4,3,10,88852946.3073464,1,1.0
105,5,0,2,70607233.36499578,1,1.0
105,5,1,3,65443536.46437906,1,1.0
105,5,2,6,67126132.93143812,1,1.0
105,5,3,10,72509713.00604993,1,1.0
105,6,0,2,78811681.83287533,1,1.0
105,6,1,3,83527045.17470032,1,1.0
105,6,2,8,82083313.3684812,1,1.0
105,6,3,10,66399468.495864525,1,1.0
105,7,0,2,76933872.80217639,1,1.0
105,7,1,3,117748941.30708943,1,1.0
105,7,2,8,67405151.3398315,1,1.0
105,7,3,10,96515947.78458932,1,1.0
105,8,0,2,88571861.20559551,1,1.0
105,8,1,3,70324774.4022084,1,1.0
105,8,2,8,64925335.9973847,1,1.0
105,8,3,11,64079056.04905576,1,1.0
105,9,0,2,60020549.24705481,1,1.0
105,9,1,3,68623318.84295322,1,1.0
105,9,2,8,69149298.08383937,1,1.0
105,9,3,10,77388972.8733972,1,1.0
105,10,0,2,69166576.6974784,1,1.0
105,10,1,4,63759618.8948108,1,1.0
105,10,2,7,63463777.21169902,1,1.0
105,10,3,10,95062774.78065081,1,1.0
105,11,0,1,61627452.6917726,1,1.0
105,11,1,3,88429452.04706724,1,1.0
105,11,2,6,61247457.624739595,1,1.0
105,11,3,10,95302170.46250154,1,1.0
105,12,0,2,62231073.85325378,1,1.0
105,12,1,4,74662543.71351562,1,1.0
105,12,2,8,71271999.44466226,1,1.0
105,12,3,10,67447752.79277357,1,1.0
105,13,0,2,78294558.26755354,1,1.0
105,13,1,3,105802911.82665263,1,1.0
105,13,2,6,64919562.89444137,1,1.0
105,13,3,11,83903676.87312444,1,1.0
105,14,0,0,70858177.73100477,1,1.0
105,14,1,3,67139037.7034873,1,1.0
105,14,2,7,56017093.39028949,1,1.0
105,14,3,10,85088108.52935351,1,1.0
105,15,0,0,61102708.56243631,1,1.0
105,15,1,4,86614445.55501583,1,1.0
105,15,2,8,64958351.85643404,1,1.0
105,15,3,10,94800643.4857316,1,1.0
105,16,0,2,78883072.25992036,1,1.0
105,16,1,3,109898641.16381289,1,1.0
105,16,2,6,58025048.63889188,1,1.0
105,16,3,10,79526901.2016462,1,1.0
105,17,0,2,53117158.27728828,1,1.0
105,17,1,3,70146168.2134481,1,1.0
105,17,2,6,66069706.96557608,1,1.0
105,17,3,10,80677943.38595632,1,1.0
105,18,0,2,86286975.43473169,1,1.0
105,18,1,3,75735348.26780485,1,1.0
105,18,2,8,72495856.44098863,1,1.0
105,18,3,10,70823625.39617725,1,1.0
105,19,0,2,67619692.35686079,1,1.0
105,19,1,3,83345016.29050642,1,1.0
105,19,2,6,60029633.40221411,1,1.0
105,19,3,10,91124582.48432079,1,1.0
105,20,0,2,77236690.5175157,1,1.0
105,20,1,4,73338130.7705374,1,1.0
105,20,2,8,65497473.56212816,1,1.0
105,20,3,11,82132939.79774213,1,1.0
105,21,0,2,78617983.00778468,1,1.0
105,21,1,3,75860492.04687506,1,1.0
105,21,2,8,74942206.04278998,1,1.0
105,21,3,10,99709743.52601556,1,1.0
105,22,0,2,57298215.3030839,1,1.0
105,22,1,4,71063245.98006688,1,1.0
105,22,2,8,58270764.29044093,1,1.0
105,22,3,10,73739434.45384489,1,1.0
105,23,0,2,76502322.63367106,1,1.0
105,23,1,3,92596474.82228817,1,1.0
105,23,2,6,58835597.05773875,1,1.0
105,23,3,11,82561022.44077878,1,1.0
106,0,0,2,72580375.86004278,1,1.0
106,0,1,3,78031535.96852927,1,1.0
106,0,2,8,62818360.091702186,1,1.0
106,0,3,10,64600470.654744044,1,1.0
106,1,0,2,78084583.7968009,1,1.0
106,1,1,4,68698597.76025592,1,1.0
106,1,2,8,64144297.60003736,1,1.0
106,1,3,10,80074830.13800907,1,1.0
106,2,0,2,71309247.97976992,1,1.0
106,2,1,3,69931811.41629538,1,1.0
106,2,2,8,66370126.01328042,1,1.0
106,2,3,10,83559068.25797255,1,1.0
106,3,0,2,74101640.60765809,1,1.0
106,3,1,4,69598920.57609475,1,1.0
106,3,2,8,59382959.49841165,1,1.0
106,3,3,10,82852491.83459108,1,1.0
106,4,0,2,79592832.51480576,1,1.0
106,4,1,3,80992590.0400489,1,1.0
106,4,2,8,66979467.250857115,1,1.0
106,4,3,10,65113364.30758951,1,1.0
106,5,0,2,61896867.5450047,1,1.0
106,5,1,3,73763354.78917259,1,1.0
106,5,2,8,56459936.962779015,1,1.0
106,5,3,11,69354862.06609416,1,1.0
106,6,0,2,71988218.49753298,1,1.0
106,6,1,4,60213767.14941217,1,1.0
106,6,2,8,72651354.65807576,1,1.0
106,6,3,10,76066621.45509963,1,1.0
106,7,0,2,91765414.55731288,1,1.0
106,7,1,3,66586892.374216646,1,1.0
106,7,2,8,69869479.32942559,1,1.0
106,7,3,10,117643286.35199693,1,1.0
106,8,0,2,67429147.70720005,1,1.0
106,8,1,3,75974981.51230828,1,1.0
106,8,2,8,57957502.40093697,1,1.0
106,8,3,11,68332397.86605518,1,1.0
106,9,0,2,62501501.65366456,1,1.0
106,9,1,3,85253854.92746073,1,1.0
106,9,2,7,65894969.25186515,1,1.0
106,9,3,10,68271111.33789532,1,1.0
106,10,0,2,68287929.82095264,1,1.0
106,10,1,3,67726523.24403399,1,1.0
106,10,2,6,78349976.70725593,1,1.0
106,10,3,11,63871457.37561489,1,1.0
106,11,0,0,61145390.595801115,1,1.0
106,11,1,3,65266514.66284004,1,1.0
106,11,2,7,62725566.461576775,1,1.0
106,11,3,10,70755324.33181271,1,1.0
106,12,0,0,67718530.08306335,1,1.0
106,12,1,3,81354898.7929745,1,1.0
106,12,2,8,69699376.7726146,1,1.0
106,12,3,11,63860053.470648676,1,1.0
106,13,0,2,70985454.92740488,1,1.0
106,13,1,3,71826498.5070714,1,1.0
106,13,2,8,65464037.827450275,1,1.0
106,13,3,11,109917915.29487287,1,1.0
106,14,0,2,73865370.77652095,1,1.0
106,14,1,3,81867562.34734552,1,1.0
106,14,2,7,57236412.251675755,1,1.0
106,14,3,10,68578571.68870133,1,1.0
106,15,0,2,63255516.000799105,1,1.0
106,15,1,3,62921838.613377735,1,1.0
106,15,2,8,59557258.93449751,1,1.0
106,15,3,11,72334945.87599787,1,1.0
106,16,0,2,71606162.5506901,1,1.0
106,16,1,4,62580139.15845807,1,1.0
106,16,2,8,73850990.5030802,1,1.0
106,16,3,10,86523577.74881332,1,1.0
106,17,0,2,85658498.39672343,1,1.0
106,17,1,3,90039087.6867761,1,1.0
106,17,2,8,85730268.53256741,1,1.0
106,17,3,10,97427850.73114017,1,1.0
106,18,0,2,71599192.4317655,1,1.0
106,18,1,4,61227961.248943165,1,1.0
106,18,2,8,59547759.11147628,1,1.0
106,18,3,10,66948281.13648205,1,1.0
106,19,0,2,83831598.90034515,1,1.0
106,19,1,3,75343997.37687197,1,1.0
106,19,2,8,66109505.821581624,1,1.0
106,19,3,10,75548867.75397632,1,1.0
106,20,0,2,68306924.82627706,1,1.0
106,20,1,3,70375236.58238971,1,1.0
106,20,2,8,63747081.146050625,1,1.0
106,20,3,10,77141555.63910289,1,1.0
106,21,0,0,77076464.64771956,1,1.0
106,21,1,3,61245006.34016703,1,1.0
106,21,2,8,81923994.33696626,1,1.0
106,21,3,10,83450068.24740359,1,1.0
106,22,0,2,61049525.51161819,1,1.0
106,22,1,3,61288466.06597508,1,1.0
106,22,2,8,71629139.9554072,1,1.0
106,22,3,10,78165978.04050614,1,1.0
106,23,0,0,53638086.27910795,1,1.0
106,23,1,3,62711853.79211609,1,1.0
106,23,2,6,53814516.58601717,1,1.0
106,23,3,10,87263465.71116771,1,1.0
107,0,0,2,70054271.65313038,1,1.0
107,0,1,3,71251726.02672987,1,1.0
107,0,2,6,66516197.101858415,1,1.0
107,0,3,11,61028372.65165167,1,1.0
107,1,0,2,61488796.70878468,1,1.0
107,1,1,4,78493050.1157065,1,1.0
107,1,2,6,58988837.1232295,1,1.0
107,1,3,11,60488255.29234218,1,1.0
107,2,0,2,82175549.5591371,1,1.0
107,2,1,3,57012131.129011065,1,1.0
107,2,2,8,65773070.59396024,1,1.0
107,2,3,11,68656957.84929144,1,1.0
107,3,0,2,85299071.5361848,1,1.0
107,3,1,3,66564350.25215624,1,1.0
107,3,2,8,55174498.64273156,1,1.0
107,3,3,10,83488498.13878205,1,1.0
107,4,0,2,81173563.32085164,1,1.0
107,4,1,4,66935444.320278615,1,1.0
107,4,2,7,71463074.36364654,1,1.0
107,4,3,10,89515768.18016435,1,1.0
107,5,0,2,67902443.38283996,1,1.0
107,5,1,3,68794871.40713269,1,1.0
107,5,2,8,66682858.75300346,1,1.0
107,5,3,11,78716549.34506547,1,1.0
107,6,0,2,69655745.6871074,1,1.0
107,6,1,4,60785290.521218635,1,1.0
107,6,2,7,63436450.96001061,1,1.0
107,6,3,10,74215388.9868158,1,1.0
107,7,0,2,78830052.91521637,1,1.0
107,7,1,3,66588231.23191304,1,1.0
107,7,2,8,66848962.4204468,1,1.0
107,7,3,10,67847274.33120483,1,1.0
107,8,0,2,76106609.21927929,1,1.0
107,8,1,3,73840592.35514589,1,1.0
107,8,2,7,63804399.755054,1,1.0
107,8,3,11,75463614.46769111,1,1.0
107,9,0,2,68908066.92671874,1,1.0
107,9,1,3,65321733.00722922,1,1.0
107,9,2,8,83097134.34581643,1,1.0
107,9,3,10,78326622.57766122,1,1.0
107,10,0,0,68232613.03558211,1,1.0
107,10,1,4,69058669.52303265,1,1.0
107,10,2,8,61040255.706530415,1,1.0
107,10,3,10,88380960.8625745,1,1.0
107,11,0,2,80028129.63658054,1,1.0
107,11,1,3,64643758.46070343,1,1.0
107,11,2,8,59084264.01260029,1,1.0
107,11,3,10,72816461.98431855,1,1.0
107,12,0,2,61293893.24678742,1,1.0
107,12,1,3,67025869.43254408,1,1.0
107,12,2,8,66333820.201154344,1,1.0
107,12,3,10,77250384.85333872,1,1.0
107,13,0,2,87994295.9510887,1,1.0
107,13,1,3,81070292.87071164,1,1.0
107,13,2,6,62955669.21806752,1,1.0
107,13,3,10,67751760.48043612,1,1.0
107,14,0,1,59883958.421296075,1,1.0
107,14,1,4,84537957.92410788,1,1.0
107,14,2,7,56405801.87566257,1,1.0
107,14,3,11,72437892.18013336,1,1.0
107,15,0,1,66222275.98442332,1,1.0
107,15,1,3,58676592.788892254,1,1.0
107,15,2,8,76063980.27187386,1,1.0
107,15,3,10,89420837.20079152,1,1.0
107,16,0,2,61566820.31108109,1,1.0
107,16,1,3,68348958.86019877,1,1.0
107,16,2,7,67347477.35246035,1,1.0
107,16,3,10,74176566.57671823,1,1.0
107,17,0,2,89882828.69502977,1,1.0
107,17,1,3,67949810.81707908,1,1.0
107,17,2,8,73083635.75189544,1,1.0
107,17,3,10,65655785.185472034,1,1.0
107,18,0,2,91195199.36892815,1,1.0
107,18,1,4,70764335.58499569,1,1.0
107,18,2,8,63045763.10969789,1,1.0
107,18,3,10,68328629.34650347,1,1.0
107,19,0,2,77833317.13610135,1,1.0
107,19,1,3,78147224.1164946,1,1.0
107,19,2,8,77670223.68189414,1,1.0
107,19,3,10,72433380.4123503,1,1.0
107,20,0,2,74004123.16288735,1,1.0
107,20,1,3,86469898.21184808,1,1.0
107,20,2,7,65662275.63549392,1,1.0
107,20,3,10,77320746.39324152,1,1.0
107,21,0,0,65000627.67420042,1,1.0
107,21,1,3,86326532.01899152,1,1.0
107,21,2,7,78969475.1773018,1,1.0
107,21,3,11,66857244.99431248,1,1.0
107,22,0,2,99460172.99658701,1,1.0
107,22,1,3,75746892.29651102,1,1.0
107,22,2,8,55271143.076826096,1,1.0
107,22,3,10,76470437.01866017,1,1.0
107,23,0,2,63210704.391990244,1,1.0
107,23,1,3,91622586.90106246,1,1.0
107,23,2,7,66548643.63260838,1,1.0
107,23,3,11,77209604.07109511,1,1.0
108,0,0,2,71924258.8725135,1,1.0
108,0,1,3,65544053.82703956,1,1.0
108,0,2,7,58641722.352272354,1,1.0
108,0,3,11,72284507.14937228,1,1.0
108,1,0,2,86398402.29754451,1,1.0
108,1,1,3,82740325.57140853,1,1.0
108,1,2,8,59486797.476193495,1,1.0
108,1,3,11,79614322.84335046,1,1.0
108,2,0,2,89712442.66103667,1,1.0
108,2,1,3,87690803.25338879,1,1.0
108,2,2,7,66037725.324319094,1,1.0
108,2,3,10,64750770.79295708,1,1.0
108,3,0,2,73272334.40892096,1,1.0
108,3,1,3,79414549.93146826,1,1.0
108,3,2,8,62348419.329547636,1,1.0
108,3,3,10,101150821.61028904,1,1.0
108,4,0,2,55378903.26458601,1,1.0
108,4,1,3,70316801.72525471,1,1.0
108,4,2,8,77553114.82556364,1,1.0
108,4,3,11,77707251.54399876,1,1.0
108,5,0,2,74830302.6834414,1,1.0
108,5,1,3,70233496.42900923,1,1.0
108,5,2,7,54232710.05846838,1,1.0
108,5,3,10,81427529.87573454,1,1.0
108,6,0,2,75940170.99413437,1,1.0
108,6,1,3,66017802.778701425,1,1.0
108,6,2,7,61961315.694863886,1,1.0
108,6,3,10,77886806.2896147,1,1.0
108,7,0,0,89316839.64138325,1,1.0
108,7,1,3,75315073.38857187,1,1.0
108,7,2,6,65768420.653752126,1,1.0
108,7,3,10,90468000.68685405,1,1.0
108,8,0,2,62450738.895103395,1,1.0
108,8,1,3,68129370.90266714,1,1.0
108,8,2,8,73342277.66116701,1,1.0
108,8,3,10,72152726.50356592,1,1.0
108,9,0,2,82369529.10977948,1,1.0
108,9,1,4,77530255.6530882,1,1.0
108,9,2,7,54247734.746281594,1,1.0
108,9,3,11,73410567.24494918,1,1.0
108,10,0,0,58030823.5219441,1,1.0
108,10,1,4,66161020.07356005,1,1.0
108,10,2,8,70743494.3761724,1,1.0
108,10,3,10,82418735.8928354,1,1.0
108,11,0,2,71232894.37696113,1,1.0
108,11,1,4,70767950.68132673,1,1.0
108,11,2,8,80484394.8834839,1,1.0
108,11,3,10,79738684.09252001,1,1.0
108,12,0,0,59185166.391478986,1,1.0
108,12,1,3,63612541.66258642,1,1.0
108,12,2,7,60028209.8629365,1,1.0
108,12,3,11,70911869.14280654,1,1.0
108,13,0,1,52774404.17059279,1,1.0
108,13,1,4,82558496.86986117,1,1.0
108,13,2,7,58860365.93173525,1,1.0
108,13,3,10,102081828.0532993,1,1.0
108,14,0,2,70180788.26996936,1,1.0
108,14,1,3,66447570.75669719,1,1.0
108,14,2,7,63194713.429790944,1,1.0
108,14,3,10,81744260.93426213,1,1.0
108,15,0,2,88156566.4359786,1,1.0
108,15,1,4,56284780.64704809,1,1.0
108,15,2,6,68331704.98603562,1,1.0
108,15,3,10,81510594.53959632,1,1.0
108,16,0,2,88991203.84780942,1,1.0
108,16,1,3,62507777.18905021,1,1.0
108,16,2,8,53504508.064968176,1,1.0
108,16,3,11,73395205.64609392,1,1.0
108,17,0,2,75851024.87179524,1,1.0
108,17,1,4,99163236.95743662,1,1.0
108,17,2,8,84463181.77279904,1,1.0
108,17,3,10,83485808.89203705,1,1.0
108,18,0,2,70471050.7253954,1,1.0
108,18,1,3,77138419.09635618,1,1.0
108,18,2,7,60543093.66098208,1,1.0
108,18,3,10,82694939.46643348,1,1.0
108,19,0,2,85012292.5421934,1,1.0
108,19,1,4,63971856.84913388,1,1.0
108,19,2,8,82973598.30609775,1,1.0
108,19,3,10,84252641.76944911,1,1.0
108,20,0,2,65552194.03650683,1,1.0
108,20,1,3,77846843.69197512,1,1.0
108,20,2,8,82313183.62367214,1,1.0
108,20,3,10,68203284.14937621,1,1.0
108,21,0,2,84708171.6076916,1,1.0
108,21,1,4,71444536.53049667,1,1.0
108,21,2,6,63338305.68047949,1,1.0
108,21,3,10,105855778.03406557,1,1.0
108,22,0,2,89063378.21802345,1,1.0
108,22,1,4,66623029.075559266,1,1.0
108,22,2,8,62881708.389799275,1,1.0
108,22,3,10,63767591.61957991,1,1.0
108,23,0,0,53523530.49672981,1,1.0
108,23,1,3,63144168.435812816,1,1.0
108,23,2,8,66622588.81821506,1,1.0
108,23,3,10,70363363.00401011,1,1.0
109,0,0,0,65564558.57231371,1,1.0
109,0,1,4,67771658.26532714,1,1.0
109,0,2,8,64860205.629151136,1,1.0
109,0,3,10,77036594.83951494,1,1.0
109,1,0,2,67156486.69080164,1,1.0
109,1,1,3,60585456.548236735,1,1.0
109,1,2,7,63331748.395160444,1,1.0
109,1,3,10,75330355.23280014,1,1.0
109,2,0,0,53491610.12049288,1,1.0
109,2,1,4,70132678.08414486,1,1.0
109,2,2,6,54781986.282731734,1,1.0
109,2,3,11,65731837.2594916,1,1.0
109,3,0,1,54871809.83158377,1,1.0
109,3,1,3,78203919.1472083,1,1.0
109,3,2,8,85832726.67704599,1,1.0
109,3,3,11,86872364.84277034,1,1.0
109,4,0,2,69963418.50157793,1,1.0
109,4,1,3,72240152.51468879,1,1.0
109,4,2,8,78476642.5435173,1,1.0
109,4,3,11,67863103.59975703,1,1.0
109,5,0,2,82567829.95442533,1,1.0
109,5,1,3,69647326.43580781,1,1.0
109,5,2,8,75180972.25906128,1,1.0
109,5,3,10,69957201.73862447,1,1.0
109,6,0,0,53802441.353594154,1,1.0
109,6,1,3,81024081.12034309,1,1.0
109,6,2,8,63781004.43477304,1,1.0
109,6,3,10,92920500.24073897,1,1.0
109,7,0,0,71027821.03818226,1,1.0
109,7,1,3,97738397.74933715,1,1.0
109,7,2,6,61804277.17307423,1,1.0
109,7,3,11,64814967.40917746,1,1.0
109,8,0,2,79545857.99506019,1,1.0
109,8,1,3,74242523.1901447,1,1.0
109,8,2,8,61494951.01916938,1,1.0
109,8,3,10,90495361.18985201,1,1.0
109,9,0,2,69453743.90519805,1,1.0
109,9,1,3,67162585.29779054,1,1.0
109,9,2,7,58017729.91607866,1,1.0
109,9,3,11,61718020.227529444,1,1.0
109,10,0,2,71564552.28500311,1,1.0
109,10,1,3,63959679.02226487,1,1.0
109,10,2,8,72785348.00735241,1,1.0
109,10,3,10,97116240.90895008,1,1.0
109,11,0,2,69744529.22647882,1,1.0
109,11,1,3,66882320.80552841,1,1.0
109,11,2,8,66751561.11977938,1,1.0
109,11,3,11,69013416.09619488,1,1.0
109,12,0,0,65604534.303493105,1,1.0
109,12,1,4,65312119.440307714,1,1.0
109,12,2,7,54374760.425989926,1,1.0
109,12,3,10,61328483.63171367,1,1.0
109,13,0,2,67813913.89463782,1,1.0
109,13,1,3,80993955.87231654,1,1.0
109,13,2,8,63587090.272216074,1,1.0
109,13,3,11,59722142.34113073,1,1.0
109,14,0,2,70501005.07888956,1,1.0
109,14,1,4,67395240.58976611,1,1.0
109,14,2,8,67813508.65053023,1,1.0
109,14,3,10,77357233.5139356,1,1.0
109,15,0,2,75132789.154504,1,1.0
109,15,1,4,63912465.4797196,1,1.0
109,15,2,8,68994791.6981634,1,1.0
109,15,3,11,68895828.01310913,1,1.0
109,16,0,2,62513776.144562244,1,1.0
109,16,1,3,90295636.40201226,1,1.0
109,16,2,8,66316322.366453625,1,1.0
109,16,3,10,71519621.8116581,1,1.0
109,17,0,2,65270416.32152847,1,1.0
109,17,1,3,70045112.25726165,1,1.0
109,17,2,8,71284301.11195414,1,1.0
109,17,3,10,78911516.75081459,1,1.0
109,18,0,2,72806196.45440024,1,1.0
109,18,1,3,74545839.6019288,1,1.0
109,18,2,7,76210904.24758665,1,1.0
109,18,3,10,65119812.72801723,1,1.0
109,19,0,2,84310137.13127667,1,1.0
109,19,1,3,89906895.80390255,1,1.0
109,19,2,8,69464969.39176215,1,1.0
109,19,3,11,62512248.194405615,1,1.0
109,20,0,2,68205306.05547324,1,1.0
109,20,1,4,80052259.8195918,1,1.0
109,20,2,7,77550850.82622162,1,1.0
109,20,3,10,72108988.09344274,1,1.0
109,21,0,0,64683697.56236406,1,1.0
109,21,1,3,77034086.62675583,1,1.0
109,21,2,8,81743812.06149037,1,1.0
109,21,3,10,76515428.73129019,1,1.0
109,22,0,2,81679793.05985244,1,1.0
109,22,1,3,73445033.88258988,1,1.0
109,22,2,8,67565227.60233845,1,1.0
109,22,3,10,64034794.11897114,1,1.0
109,23,0,2,72530519.20501924,1,1.0
109,23,1,3,69111777.77037929,1,1.0
109,23,2,8,93478522.60213438,1,1.0
109,23,3,10,76265926.29977639,1,1.0
110,0,0,1,54998210.11835229,1,1.0
110,0,1,4,78808366.11229195,1,1.0
110,0,2,8,71859861.65076068,1,1.0
110,0,3,10,80281282.69382086,1,1.0
110,1,0,2,83672740.84470585,1,1.0
110,1,1,4,60596130.1967767,1,1.0
110,1,2,8,72710894.0327612,1,1.0
110,1,3,10,89565875.68583684,1,1.0
110,2,0,2,57451020.623856425,1,1.0
110,2,1,3,77194027.25378352,1,1.0
110,2,2,6,60063527.49860624,1,1.0
110,2,3,11,66778751.400022805,1,1.0
110,3,0,2,77548061.4184694,1,1.0
110,3,1,3,97375360.8735046,1,1.0
110,3,2,8,61640288.69428535,1,1.0
110,3,3,10,61544642.44178115,1,1.0
110,4,0,2,86875277.87042303,1,1.0
110,4,1,4,69845011.21763393,1,1.0
110,4,2,8,63526566.30861062,1,1.0
110,4,3,10,99533035.91490023,1,1.0
110,5,0,2,59056104.30051379,1,1.0
110,5,1,3,77995116.26309144,1,1.0
110,5,2,8,61625466.06467615,1,1.0
110,5,3,11,77450121.72239754,1,1.0
110,6,0,2,67865571.26681341,1,1.0
110,6,1,3,83186644.6949011,1,1.0
110,6,2,8,58180321.22016169,1,1.0
110,6,3,10,84428141.82546988,1,1.0
110,7,0,0,64144389.849661246,1,1.0
110,7,1,4,83204994.70725545,1,1.0
110,7,2,8,64155225.43199981,1,1.0
110,7,3,10,75277054.75593661,1,1.0
110,8,0,2,78612287.60432129,1,1.0
110,8,1,3,75356088.90837207,1,1.0
110,8,2,8,76105307.00465816,1,1.0
110,8,3,10,70604346.46027382,1,1.0
110,9,0,2,65981618.64435,1,1.0
110,9,1,3,75091758.46977998,1,1.0
110,9,2,8,62446312.38361954,1,1.0
110,9,3,10,87908846.33561735,1,1.0
110,10,0,2,82778720.35376608,1,1.0
110,10,1,3,62523150.69701942,1,1.0
110,10,2,8,62638573.98920148,1,1.0
110,10,3,10,86574318.6716829,1,1.0
110,11,0,2,67798905.26099838,1,1.0
110,11,1,3,76622279.4295526,1,1.0
110,11,2,8,67069440.87620401,1,1.0
110,11,3,10,71823194.8397091,1,1.0
110,12,0,2,76943843.21446079,1,1.0
110,12,1,3,71675749.05471991,1,1.0
110,12,2,6,63658827.07404663,1,1.0
110,12,3,10,100844633.72296645,1,1.0
110,13,0,2,77457488.20246252,1,1.0
110,13,1,4,63328881.03104477,1,1.0
110,13,2,7,55936289.24630871,1,1.0
110,13,3,10,80288919.0506395,1,1.0
110,14,0,2,69293330.57191902,1,1.0
110,14,1,3,87735705.74521193,1,1.0
110,14,2,8,69384787.18132113,1,1.0
110,14,3,10,76257832.83141029,1,1.0
110,15,0,0,65254209.17126136,1,1.0
110,15,1,4,68915939.49582559,1,1.0
110,15,2,8,60525723.83365873,1,1.0
110,15,3,10,87433575.07985608,1,1.0
110,16,0,0,57653055.76929521,1,1.0
110,16,1,3,71804563.41007863,1,1.0
110,16,2,8,61610061.35927337,1,1.0
110,16,3,10,81734670.11909616,1,1.0
110,17,0,2,86251278.58632334,1,1.0
110,17,1,3,68466331.03322831,1,1.0
110,17,2,6,57228203.118373096,1,1.0
110,17,3,10,100906194.05159889,1,1.0
110,18,0,2,84098030.64573875,1,1.0
110,18,1,3,64594161.03260003,1,1.0
110,18,2,8,73946222.477502,1,1.0
110,18,3,10,72397534.02778284,1,1.0
110,19,0,0,61577873.13305531,1,1.0
110,19,1,4,65055625.46681055,1,1.0
110,19,2,8,65728219.11905689,1,1.0
110,19,3,10,80513692.0324004,1,1.0
110,20,0,2,62081334.01822369,1,1.0
110,20,1,3,80248161.93443002,1,1.0
110,20,2,8,55353920.97060727,1,1.0
110,20,3,10,65462488.81079871,1,1.0
110,21,0,2,90826611.54367502,1,1.0
110,21,1,3,76686503.2775053,1,1.0
110,21,2,8,83926336.52371624,1,1.0
110,21,3,10,74714923.55299795,1,1.0
110,22,0,2,56140488.301738486,1,1.0
110,22,1,3,84616503.26145728,1,1.0
110,22,2,8,57358191.62523388,1,1.0
110,22,3,11,74116027.88501649,1,1.0
110,23,0,2,54585460.87709768,1,1.0
110,23,1,4,73367462.00956953,1,1.0
110,23,2,7,72254533.72907571,1,1.0
110,23,3,10,69922118.41463809,1,1.0
111,0,0,2,73467770.94344598,1,1.0
111,0,1,3,70649452.16632597,1,1.0
111,0,2,8,57953918.17284001,1,1.0
111,0,3,10,94312246.88891667,1,1.0
111,1,0,2,62506168.62727335,1,1.0
111,1,1,3,72314775.02232753,1,1.0
111,1,2,8,53413777.35309078,1,1.0
111,1,3,10,77604179.79500358,1,1.0
111,2,0,2,74245162.74190679,1,1.0
111,2,1,3,80063007.67714019,1,1.0
111,2,2,7,68758770.22502166,1,1.0
111,2,3,11,65980581.108631566,1,1.0
111,3,0,2,57965084.21829135,1,1.0
111,3,1,4,59747670.300573625,1,1.0
111,3,2,8,59146437.5448277,1,1.0
111,3,3,10,65998437.13077483,1,1.0
111,4,0,2,62627301.96610618,1,1.0
111,4,1,3,92738665.1366771,1,1.0
111,4,2,6,63616373.61547921,1,1.0
111,4,3,11,72103588.86563952,1,1.0
111,5,0,0,63927341.26980825,1,1.0
111,5,1,3,60589152.061824895,1,1.0
111,5,2,8,58548311.60748925,1,1.0
111,5,3,10,82438182.61702156,1,1.0
111,6,0,2,72398960.74136566,1,1.0
111,6,1,3,67362705.73603009,1,1.0
111,6,2,8,74936959.18217753,1,1.0
111,6,3,10,93772062.26691686,1,1.0
111,7,0,2,57615037.505962476,1,1.0
111,7,1,3,81497911.94999158,1,1.0
111,7,2,8,77591972.09532572,1,1.0
111,7,3,11,62842910.18745616,1,1.0
111,8,0,2,69829571.05451345,1,1.0
111,8,1,3,75294337.04003306,1,1.0
111,8,2,8,78713140.0808181,1,1.0
111,8,3,10,79136475.22506306,1,1.0
111,9,0,2,97278873.42870542,1,1.0
111,9,1,3,83733507.18309575,1,1.0
111,9,2,8,65393558.95907746,1,1.0
111,9,3,11,73769732.37095016,1,1.0
111,10,0,2,65913871.53306525,1,1.0
111,10,1,3,62026198.69270162,1,1.0
111,10,2,8,69371764.44176571,1,1.0
111,10,3,10,80960724.49878901,1,1.0
111,11,0,2,84875608.58429861,1,1.0
111,11,1,3,66461858.25978132,1,1.0
111,11,2,8,66989632.50678105,1,1.0
111,11,3,10,76240286.43907811,1,1.0
111,12,0,2,97507317.33249645,1,1.0
111,12,1,4,59935408.06057946,1,1.0
111,12,2,7,61807575.44572863,1,1.0
111,12,3,10,90370684.37972079,1,1.0
111,13,0,2,73286890.58018589,1,1.0
111,13,1,3,76424747.93549709,1,1.0
111,13,2,8,70951896.31134637,1,1.0
111,13,3,10,86758722.5500158,1,1.0
111,14,0,2,84575770.02192166,1,1.0
111,14,1,4,64459732.29502435,1,1.0
111,14,2,8,69994545.085038,1,1.0
111,14,3,10,70730822.77455679,1,1.0
111,15,0,2,66910212.35782557,1,1.0
111,15,1,3,77178284.16140485,1,1.0
111,15,2,7,61649655.45016722,1,1.0
111,15,3,10,65514356.97785511,1,1.0
111,16,0,2,66370133.65439544,1,1.0
111,16,1,3,80169967.21278112,1,1.0
111,16,2,6,57619116.900268205,1,1.0
111,16,3,11,68679586.90794334,1,1.0
111,17,0,2,57711007.630547024,1,1.0
111,17,1,3,76415415.1690223,1,1.0
111,17,2,7,60736970.55518734,1,1.0
111,17,3,10,104715128.19191499,1,1.0
111,18,0,2,66165871.87113312,1,1.0
111,18,1,3,63772712.607531674,1,1.0
111,18,2,6,59093986.7865133,1,1.0
111,18,3,10,71710379.36026472,1,1.0
111,19,0,2,72354204.50078394,1,1.0
111,19,1,4,64299757.79728953,1,1.0
111,19,2,8,60366729.56433433,1,1.0
111,19,3,10,75929328.3343659,1,1.0
111,20,0,0,58653752.465060435,1,1.0
111,20,1,4,66348653.67653115,1,1.0
111,20,2,8,86282636.3189119,1,1.0
111,20,3,11,62569165.020901866,1,1.0
111,21,0,2,91081997.74231434,1,1.0
111,21,1,3,73939326.02120498,1,1.0
111,21,2,7,61587702.68228217,1,1.0
111,21,3,10,73326920.11695863,1,1.0
111,22,0,2,72533076.03781176,1,1.0
111,22,1,3,78345136.12053244,1,1.0
111,22,2,8,59756794.480319455,1,1.0
111,22,3,11,72688425.0209508,1,1.0
111,23,0,2,73026907.68177928,1,1.0
111,23,1,3,74721018.81931674,1,1.0
111,23,2,7,64251109.021181114,1,1.0
111,23,3,10,87086877.13446197,1,1.0
112,0,0,2,70803356.46371141,1,1.0
112,0,1,4,66371238.139158845,1,1.0
112,0,2,6,67871356.01591465,1,1.0
112,0,3,10,72557396.20917365,1,1.0
112,1,0,2,70153920.80156732,1,1.0
112,1,1,3,64442332.907423496,1,1.0
112,1,2,8,87495627.86730574,1,1.0
112,1,3,11,65989994.5216993,1,1.0
112,2,0,2,61663843.93560422,1,1.0
112,2,1,4,70412437.87859017,1,1.0
112,2,2,6,66002996.303897336,1,1.0
112,2,3,11,70475986.8566248,1,1.0
112,3,0,2,70959850.30997439,1,1.0
112,3,1,3,78238677.9189885,1,1.0
112,3,2,7,63674348.48522526,1,1.0
112,3,3,10,92190293.4036772,1,1.0
112,4,0,2,71051782.5612816,1,1.0
112,4,1,3,85195092.64280252,1,1.0
112,4,2,7,60752907.633559726,1,1.0
112,4,3,10,84099061.8123255,1,1.0
112,5,0,0,57713612.51040268,1,1.0
112,5,1,4,70265482.42767355,1,1.0
112,5,2,8,56866888.32377646,1,1.0
112,5,3,10,80056611.03274019,1,1.0
112,6,0,2,66781979.05007251,1,1.0
112,6,1,3,91323544.71078525,1,1.0
112,6,2,6,56376331.48882073,1,1.0
112,6,3,10,69515113.05541815,1,1.0
112,7,0,2,87071293.595816,1,1.0
112,7,1,4,62070820.067420095,1,1.0
112,7,2,6,53082471.762513824,1,1.0
112,7,3,10,100654162.98923682,1,1.0
112,8,0,2,65420514.861270815,1,1.0
112,8,1,4,78844346.35657915,1,1.0
112,8,2,7,76373619.56569985,1,1.0
112,8,3,10,114857380.69962153,1,1.0
112,9,0,1,61416921.554571345,1,1.0
112,9,1,3,92735157.21707435,1,1.0
112,9,2,8,88141730.56566654,1,1.0
112,9,3,10,73018560.19736119,1,1.0
112,10,0,2,82819752.56436197,1,1.0
112,10,1,4,64474952.18805531,1,1.0
112,10,2,6,65197795.4797466,1,1.0
112,10,3,10,86340245.99672413,1,1.0
112,11,0,2,89132320.32085854,1,1.0
112,11,1,3,67605117.32956336,1,1.0
112,11,2,8,60342108.522951126,1,1.0
112,11,3,10,95926448.46144581,1,1.0
112,12,0,2,62655123.87653532,1,1.0
112,12,1,3,70493137.67624423,1,1.0
112,12,2,8,57184272.6451589,1,1.0
112,12,3,11,74261933.00319104,1,1.0
112,13,0,2,81065329.3061061,1,1.0
112,13,1,3,70096606.24350719,1,1.0
112,13,2,8,64310064.324866444,1,1.0
112,13,3,10,87938634.51794213,1,1.0
112,14,0,0,55208775.01755946,1,1.0
112,14,1,3,62968295.53480895,1,1.0
112,14,2,6,60307502.13425372,1,1.0
112,14,3,10,80041752.51996122,1,1.0
112,15,0,2,67164622.63322526,1,1.0
112,15,1,3,83971618.239881,1,1.0
112,15,2,7,56937403.51160767,1,1.0
112,15,3,11,58852321.65331842,1,1.0
112,16,0,0,63136873.92458826,1,1.0
112,16,1,3,65839070.28880878,1,1.0
112,16,2,8,66473438.3137814,1,1.0
112,16,3,10,88577960.62768514,1,1.0
112,17,0,2,99165525.9698426,1,1.0
112,17,1,3,101740378.51261646,1,1.0
112,17,2,8,55237946.13187144,1,1.0
112,17,3,10,75195940.58448932,1,1.0
112,18,0,2,71037934.83196439,1,1.0
112,18,1,4,82218678.17067945,1,1.0
112,18,2,8,52423252.02519784,1,1.0
112,18,3,10,89799860.51627937,1,1.0
112,19,0,2,74523421.33074729,1,1.0
112,19,1,4,67176722.09719735,1,1.0
112,19,2,6,61783579.821065515,1,1.0
112,19,3,10,89854081.79734474,1,1.0
112,20,0,2,72095847.78294235,1,1.0
112,20,1,3,79494503.79501578,1,1.0
112,20,2,8,75472603.10009907,1,1.0
112,20,3,10,96048534.35160765,1,1.0
112,21,0,2,77282415.00057316,1,1.0
112,21,1,4,64692304.50919555,1,1.0
112,21,2,8,72479968.73872484,1,1.0
112,21,3,10,77200913.23871638,1,1.0
112,22,0,2,69050496.09105535,1,1.0
112,22,1,3,65151756.88021777,1,1.0
112,22,2,8,67560683.10001339,1,1.0
112,22,3,10,83177508.64463611,1,1.0
112,23,0,2,79838348.08511896,1,1.0
112,23,1,3,67623949.9182394,1,1.0
112,23,2,8,71275359.50296955,1,1.0
112,23,3,10,72747583.63315718,1,1.0
113,0,0,2,88328132.76562871,1,1.0
113,0,1,3,66067695.285348155,1,1.0
113,0,2,6,63597144.714817494,1,1.0
113,0,3,10,64445707.04769892,1,1.0
113,1,0,2,70375315.80660444,1,1.0
113,1,1,3,60515931.93862789,1,1.0
113,1,2,8,83907690.06814086,1,1.0
113,1,3,10,67919603.07339737,1,1.0
113,2,0,1,60644163.29062948,1,1.0
113,2,1,3,72243303.52813865,1,1.0
113,2,2,8,81348228.58436896,1,1.0
113,2,3,10,97184105.84490669,1,1.0
113,3,0,0,68745702.2165142,1,1.0
113,3,1,3,78984714.49265896,1,1.0
113,3,2,7,62656689.01558205,1,1.0
113,3,3,10,79531709.08296265,1,1.0
113,4,0,2,78547528.20063518,1,1.0
113,4,1,3,71739420.60368165,1,1.0
113,4,2,8,60681600.5654117,1,1.0
113,4,3,11,67243685.45728233,1,1.0
113,5,0,2,71726090.77974464,1,1.0
113,5,1,3,64691796.486859456,1,1.0
113,5,2,8,73061167.25141491,1,1.0
113,5,3,10,100764528.91904362,1,1.0
113,6,0,0,61937497.79899476,1,1.0
113,6,1,3,71341827.25762679,1,1.0
113,6,2,8,68910958.08322248,1,1.0
113,6,3,11,71241658.21341905,1,1.0
113,7,0,2,68760950.04347463,1,1.0
113,7,1,3,86099063.25963758,1,1.0
113,7,2,8,68959618.05975178,1,1.0
113,7,3,10,79464237.27691698,1,1.0
113,8,0,2,73226668.20831963,1,1.0
113,8,1,4,68230121.15506756,1,1.0
113,8,2,7,55307815.94612376,1,1.0
113,8,3,10,59476672.76716234,1,1.0
113,9,0,2,60351048.8323509,1,1.0
113,9,1,3,68159610.34113482,1,1.0
113,9,2,8,64914193.39386284,1,1.0
113,9,3,10,82484529.11580777,1,1.0
113,10,0,2,64427408.11185343,1,1.0
113,10,1,3,71037360.83284928,1,1.0
113,10,2,6,68798627.92914481,1,1.0
113,10,3,10,93237054.97246599,1,1.0
113,11,0,2,102116546.49703878,1,1.0
113,11,1,3,74283757.62872039,1,1.0
113,11,2,8,78315425.68525916,1,1.0
113,11,3,10,75493569.31347652,1,1.0
113,12,0,2,90030491.72624908,1,1.0
113,12,1,4,85349437.8081385,1,1.0
113,12,2,8,69806746.9573797,1,1.0
113,12,3,10,76321685.7567072,1,1.0
113,13,0,0,61085539.24333048,1,1.0
113,13,1,4,82979405.67493162,1,1.0
113,13,2,7,63513333.96403623,1,1.0
113,13,3,10,71316709.74181662,1,1.0
113,14,0,2,61594215.524591155,1,1.0
113,14,1,3,63409964.1974608,1,1.0
113,14,2,8,58093249.75453101,1,1.0
113,14,3,10,70712467.80620204,1,1.0
113,15,0,2,70276579.51484829,1,1.0
113,15,1,4,72570751.83850934,1,1.0
113,15,2,8,75278380.85318138,1,1.0
113,15,3,10,82623612.67081848,1,1.0
113,16,0,2,79802917.25840111,1,1.0
113,16,1,3,70598518.79397032,1,1.0
113,16,2,8,65889944.938104704,1,1.0
113,16,3,11,81371075.86944856,1,1.0
113,17,0,2,60436355.47265648,1,1.0
113,17,1,4,60511912.28307394,1,1.0
113,17,2,8,67059723.369305894,1,1.0
113,17,3,10,96458650.17951486,1,1.0
113,18,0,2,83935482.92900695,1,1.0
113,18,1,3,62439306.84057824,1,1.0
113,18,2,7,62246490.95998872,1,1.0
113,18,3,10,100056111.62142228,1,1.0
113,19,0,0,64966898.03547753,1,1.0
113,19,1,3,61740734.55300171,1,1.0
113,19,2,7,58492947.23242588,1,1.0
113,19,3,11,64785279.04633357,1,1.0
113,20,0,2,56966762.459576845,1,1.0
113,20,1,4,87034441.07605799,1,1.0
113,20,2,8,58699394.4923587,1,1.0
113,20,3,10,76934783.99869089,1,1.0
113,21,0,2,86264532.96072805,1,1.0
113,21,1,4,71095955.0614406,1,1.0
113,21,2,7,53620846.93567579,1,1.0
113,21,3,10,82260475.06177962,1,1.0
113,22,0,2,73324727.70645025,1,1.0
113,22,1,3,72463102.01100251,1,1.0
113,22,2,8,61940676.61022393,1,1.0
113,22,3,10,68704436.2153766,1,1.0
113,23,0,0,60657539.37869838,1,1.0
113,23,1,3,79962212.28757331,1,1.0
113,23,2,8,59747675.14826543,1,1.0
113,23,3,10,85791616.2444751,1,1.0
114,0,0,2,63220461.98551569,1,1.0
114,0,1,4,72849150.61815353,1,1.0
114,0,2,8,65122148.17896374,1,1.0
114,0,3,11,85745362.41352428,1,1.0
114,1,0,2,51899613.676248744,1,1.0
114,1,1,3,73007479.27267951,1,1.0
114,1,2,8,75497631.20906414,1,1.0
114,1,3,10,81612667.16951062,1,1.0
114,2,0,0,68755578.94408245,1,1.0
114,2,1,4,88263226.88291359,1,1.0
114,2,2,8,82183808.55627255,1,1.0
114,2,3,11,74482561.52683902,1,1.0
114,3,0,2,63984447.059681706,1,1.0
114,3,1,3,62481686.38459487,1,1.0
114,3,2,6,69008153.23800787,1,1.0
114,3,3,11,69825615.67958237,1,1.0
114,4,0,2,76219601.9062245,1,1.0
114,4,1,4,72428601.71677144,1,1.0
114,4,2,6,64068740.973313205,1,1.0
114,4,3,11,70705440.14403515,1,1.0
114,5,0,2,75295053.2546812,1,1.0
114,5,1,3,68856011.56778033,1,1.0
114,5,2,7,53238749.685855195,1,1.0
114,5,3,10,69560378.50474854,1,1.0
114,6,0,2,76014658.05463827,1,1.0
114,6,1,3,60914581.86814422,1,1.0
114,6,2,8,59109084.90338761,1,1.0
114,6,3,10,68617850.07903127,1,1.0
114,7,0,0,64120337.81141591,1,1.0
114,7,1,3,69665160.02999003,1,1.0
114,7,2,8,67875745.34528257,1,1.0
114,7,3,10,74472609.07324056,1,1.0
114,8,0,2,71012900.3911403,1,1.0
114,8,1,3,77702691.41490862,1,1.0
114,8,2,7,84887390.80185185,1,1.0
114,8,3,10,59864880.78889468,1,1.0
114,9,0,2,68265364.83813876,1,1.0
114,9,1,3,91266582.3318966,1,1.0
114,9,2,8,61081518.82053682,1,1.0
114,9,3,11,81480783.35569793,1,1.0
114,10,0,2,62186851.899319746,1,1.0
114,10,1,3,71602040.41817605,1,1.0
114,10,2,8,85009368.4667194,1,1.0
114,10,3,11,73410786.5416753,1,1.0
114,11,0,2,88177539.2434453,1,1.0
114,11,1,3,59208731.96489261,1,1.0
114,11,2,7,55435707.656954885,1,1.0
114,11,3,11,67404763.54586951,1,1.0
114,12,0,0,60342137.958559796,1,1.0
114,12,1,4,69008262.07519265,1,1.0
114,12,2,8,79285152.12161787,1,1.0
114,12,3,10,85995123.49171919,1,1.0
114,13,0,0,56351475.90826194,1,1.0
114,13,1,3,74790215.19891246,1,1.0
114,13,2,8,66642673.790744565,1,1.0
114,13,3,10,74688457.87959825,1,1.0
114,14,0,2,73459819.1121009,1,1.0
114,14,1,4,62693084.79299939,1,1.0
114,14,2,8,75647061.80746238,1,1.0
114,14,3,10,75357410.78070699,1,1.0
114,15,0,2,78584800.5299939,1,1.0
114,15,1,3,74852830.85134295,1,1.0
114,15,2,6,55675378.806104824,1,1.0
114,15,3,10,69543216.13773662,1,1.0
114,16,0,0,58695113.17852192,1,1.0
114,16,1,3,67921218.8453964,1,1.0
114,16,2,8,65191433.18007407,1,1.0
114,16,3,10,88843226.51641518,1,1.0
114,17,0,2,57635042.47352197,1,1.0
114,17,1,3,80911335.03328112,1,1.0
114,17,2,7,64190066.931185775,1,1.0
114,17,3,10,98689838.22912246,1,1.0
114,18,0,2,61351271.89720824,1,1.0
114,18,1,3,82640971.84461147,1,1.0
114,18,2,8,64011907.09901339,1,1.0
114,18,3,10,77580100.35743576,1,1.0
114,19,0,2,85902690.64122823,1,1.0
114,19,1,4,77179359.21694718,1,1.0
114,19,2,8,61909561.53779195,1,1.0
114,19,3,10,95921637.07944986,1,1.0
114,20,0,2,80228846.31078665,1,1.0
114,20,1,3,64647990.811396934,1,1.0
114,20,2,7,68828157.78258479,1,1.0
114,20,3,11,81037691.04256436,1,1.0
114,21,0,2,59256472.21688331,1,1.0
114,21,1,4,59184624.56263875,1,1.0
114,21,2,8,74990996.14041409,1,1.0
114,21,3,10,72193902.06338336,1,1.0
114,22,0,2,72591265.39971444,1,1.0
114,22,1,4,73091048.47536655,1,1.0
114,22,2,7,60574309.8666435,1,1.0
114,22,3,10,70400485.48146586,1,1.0
114,23,0,0,62543525.87083355,1,1.0
114,23,1,3,61810154.05979361,1,1.0
114,23,2,6,61512441.58581776,1,1.0
114,23,3,10,63416244.76558753,1,1.0
115,0,0,1,57202659.35379064,1,1.0
115,0,1,3,76455224.8442973,1,1.0
115,0,2,8,69804395.27106614,1,1.0
115,0,3,10,75799826.04270907,1,1.0
115,1,0,2,67478058.94746915,1,1.0
115,1,1,4,70225055.10826722,1,1.0
115,1,2,7,64856162.42216036,1,1.0
115,1,3,10,85979326.94415401,1,1.0
115,2,0,2,73672670.95133507,1,1.0
115,2,1,3,67370508.75175399,1,1.0
115,2,2,7,67911254.66728643,1,1.0
115,2,3,10,100158941.05069135,1,1.0
115,3,0,1,62185385.64115872,1,1.0
115,3,1,3,75868424.86957349,1,1.0
115,3,2,8,66165234.51792482,1,1.0
115,3,3,10,81810643.83406162,1,1.0
115,4,0,0,57388681.951435246,1,1.0
115,4,1,3,85609863.45154461,1,1.0
115,4,2,8,61567228.99904329,1,1.0
115,4,3,10,61759391.23560515,1,1.0
115,5,0,0,62369059.377268225,1,1.0
115,5,1,4,73756021.04824054,1,1.0
115,5,2,6,76266581.80757369,1,1.0
115,5,3,10,75337601.89609547,1,1.0
115,6,0,2,62326829.66429975,1,1.0
115,6,1,4,62480347.115356825,1,1.0
115,6,2,8,62896961.063224725,1,1.0
115,6,3,10,81600050.31589901,1,1.0
115,7,0,2,82599432.91662376,1,1.0
115,7,1,4,62736492.23121887,1,1.0
115,7,2,8,68459160.22115755,1,1.0
115,7,3,10,79081561.97061607,1,1.0
115,8,0,2,84163791.10002555,1,1.0
115,8,1,3,62387041.61689226,1,1.0
115,8,2,8,60141967.17876464,1,1.0
115,8,3,10,92630849.68812385,1,1.0
115,9,0,0,68774927.96655211,1,1.0
115,9,1,3,74293859.51167484,1,1.0
115,9,2,6,72323093.31274359,1,1.0
115,9,3,10,89075082.80189063,1,1.0
115,10,0,2,62178007.14861705,1,1.0
115,10,1,3,71620878.19580445,1,1.0
115,10,2,8,79492235.75400186,1,1.0
115,10,3,11,65779139.54141536,1,1.0
115,11,0,2,62444750.91313547,1,1.0
115,11,1,3,77286856.01458722,1,1.0
115,11,2,8,67906881.49201174,1,1.0
115,11,3,10,75611969.79826394,1,1.0
115,12,0,1,62132186.25332128,1,1.0
115,12,1,4,68563472.35933982,1,1.0
115,12,2,6,56187438.929152645,1,1.0
115,12,3,11,67354679.63125822,1,1.0
115,13,0,2,83674976.69672677,1,1.0
115,13,1,4,70762140.57825744,1,1.0
115,13,2,8,89253814.42123728,1,1.0
115,13,3,10,75348649.26759087,1,1.0
115,14,0,2,76405549.33616455,1,1.0
115,14,1,3,72790306.66492994,1,1.0
115,14,2,8,80160234.54747306,1,1.0
115,14,3,10,81128389.06611554,1,1.0
115,15,0,2,75495069.02173218,1,1.0
115,15,1,3,66791263.84040776,1,1.0
115,15,2,7,87737732.18015328,1,1.0
115,15,3,10,67465839.06062695,1,1.0
115,16,0,2,67550101.37078217,1,1.0
115,16,1,4,69001590.79775408,1,1.0
115,16,2,6,59036662.203168824,1,1.0
115,16,3,11,74648648.48190267,1,1.0
115,17,0,2,69789096.63614322,1,1.0
115,17,1,3,73854555.08931199,1,1.0
115,17,2,8,56745303.03907679,1,1.0
115,17,3,10,68951781.42255886,1,1.0
115,18,0,0,73303499.66610867,1,1.0
115,18,1,3,63931856.30014292,1,1.0
115,18,2,8,64278189.73717081,1,1.0
115,18,3,10,93600106.6004151,1,1.0
115,19,0,2,95283894.90963215,1,1.0
115,19,1,3,71413838.85478099,1,1.0
115,19,2,8,77481522.13897936,1,1.0
115,19,3,11,76452123.98750147,1,1.0
115,20,0,0,71423053.47321382,1,1.0
115,20,1,3,68823054.39752927,1,1.0
115,20,2,6,55043705.05019468,1,1.0
115,20,3,11,70110679.62611793,1,1.0
115,21,0,2,80409772.50851056,1,1.0
115,21,1,4,67185136.67727722,1,1.0
115,21,2,8,76265728.16409487,1,1.0
115,21,3,10,78288094.00431348,1,1.0
115,22,0,2,87832040.83229768,1,1.0
115,22,1,4,64986960.68542342,1,1.0
115,22,2,8,56696704.34978002,1,1.0
115,22,3,10,63634701.062171616,1,1.0
115,23,0,2,89814506.09510519,1,1.0
115,23,1,3,89059515.08178596,1,1.0
115,23,2,7,57893819.02137388,1,1.0
115,23,3,10,72339346.01315708,1,1.0
116,0,0,2,93629003.5098088,1,1.0
116,0,1,3,76132164.29141265,1,1.0
116,0,2,6,60200392.15713607,1,1.0
116,0,3,10,69504311.31622042,1,1.0
116,1,0,2,62231416.899798974,1,1.0
116,1,1,3,70339964.22304791,1,1.0
116,1,2,8,75713432.86171877,1,1.0
116,1,3,10,70335905.52253436,1,1.0
116,2,0,2,104214671.10158096,1,1.0
116,2,1,3,63825728.27830271,1,1.0
116,2,2,8,69989468.55496776,1,1.0
116,2,3,10,70136931.098851,1,1.0
116,3,0,2,74553164.25151367,1,1.0
116,3,1,3,70693524.06165728,1,1.0
116,3,2,8,95779226.07339886,1,1.0
116,3,3,10,89421721.05924493,1,1.0
116,4,0,2,85414546.78539464,1,1.0
116,4,1,3,63224258.57282238,1,1.0
116,4,2,8,57419325.05575859,1,1.0
116,4,3,11,71512813.42416304,1,1.0
116,5,0,2,67293265.53673276,1,1.0
116,5,1,4,66136619.14364353,1,1.0
116,5,2,7,65625394.59124642,1,1.0
116,5,3,10,71881838.44789234,1,1.0
116,6,0,2,88796541.85389197,1,1.0
116,6,1,4,59882278.25190709,1,1.0
116,6,2,8,67131399.41134474,1,1.0
116,6,3,11,82589348.9056032,1,1.0
116,7,0,2,80857285.95295343,1,1.0
116,7,1,3,66626612.11045289,1,1.0
116,7,2,8,81751538.34258594,1,1.0
116,7,3,10,80089261.27434087,1,1.0
116,8,0,2,77852482.01726703,1,1.0
116,8,1,4,64665521.48030835,1,1.0
116,8,2,8,64156530.03421084,1,1.0
116,8,3,10,88243566.2847927,1,1.0
116,9,0,2,62499830.17804133,1,1.0
116,9,1,4,71421368.9294385,1,1.0
116,9,2,8,63779951.29771345,1,1.0
116,9,3,10,83774538.12985975,1,1.0
116,10,0,2,100352980.95313266,1,1.0
116,10,1,4,67037046.74678967,1,1.0
116,10,2,8,62066368.9165327,1,1.0
116,10,3,10,69815663.82321045,1,1.0
116,11,0,2,91566280.9340157,1,1.0
116,11,1,3,64213676.36394098,1,1.0
116,11,2,8,58334353.8043015,1,1.0
116,11,3,10,87175124.91689184,1,1.0
116,12,0,2,77382334.10512352,1,1.0
116,12,1,4,63716174.542995326,1,1.0
116,12,2,8,73380445.75474863,1,1.0
116,12,3,11,65545010.28001424,1,1.0
116,13,0,1,60859036.69029718,1,1.0
116,13,1,3,71159244.6595631,1,1.0
116,13,2,7,63397424.62351748,1,1.0
116,13,3,10,93999636.06577508,1,1.0
116,14,0,2,78561939.78017701,1,1.0
116,14,1,3,69618928.56638879,1,1.0
116,14,2,8,73283643.90002164,1,1.0
116,14,3,10,72911425.5028229,1,1.0
116,15,0,2,82104207.03209016,1,1.0
116,15,1,3,62872877.64108115,1,1.0
116,15,2,6,55094373.6980943,1,1.0
116,15,3,10,75464010.97673444,1,1.0
116,16,0,2,66981340.197909184,1,1.0
116,16,1,4,77425976.25063662,1,1.0
116,16,2,8,76652105.92791097,1,1.0
116,16,3,10,82534379.69292639,1,1.0
116,17,0,2,78465147.43507846,1,1.0
116,17,1,3,80803564.10723206,1,1.0
116,17,2,6,61528707.267034955,1,1.0
116,17,3,11,70670534.59003271,1,1.0
116,18,0,2,93254586.74892896,1,1.0
116,18,1,3,71988772.01938565,1,1.0
116,18,2,8,83504982.98795985,1,1.0
116,18,3,10,105955726.42180637,1,1.0
116,19,0,2,78625329.70693706,1,1.0
116,19,1,3,74393502.65517446,1,1.0
116,19,2,8,60331648.92027689,1,1.0
116,19,3,11,64347827.90970379,1,1.0
116,20,0,2,62100511.68552471,1,1.0
116,20,1,4,81581706.49764602,1,1.0
116,20,2,8,71334927.00785258,1,1.0
116,20,3,11,69467423.49449044,1,1.0
116,21,0,2,73286619.98444228,1,1.0
116,21,1,4,63848378.13698282,1,1.0
116,21,2,8,66120836.823947616,1,1.0
116,21,3,10,80514259.1886964,1,1.0
116,22,0,2,86905946.6027838,1,1.0
116,22,1,3,78398351.16760905,1,1.0
116,22,2,6,72210670.37851748,1,1.0
116,22,3,10,80186463.1770442,1,1.0
116,23,0,2,75588171.48234047,1,1.0
116,23,1,3,109974324.88780999,1,1.0
116,23,2,8,56825992.45316724,1,1.0
116,23,3,10,99590992.3665478,1,1.0
117,0,0,2,70100779.73265679,1,1.0
117,0,1,3,66235374.46269216,1,1.0
117,0,2,7,64932989.94243771,1,1.0
117,0,3,11,80183893.6726965,1,1.0
117,1,0,2,63417477.1003556,1,1.0
117,1,1,3,87924606.09146224,1,1.0
117,1,2,8,77029803.46442957,1,1.0
117,1,3,10,78253994.45678215,1,1.0
117,2,0,2,80548803.28628376,1,1.0
117,2,1,3,70172215.12998143,1,1.0
117,2,2,7,60336221.74602824,1,1.0
117,2,3,11,58241711.19868858,1,1.0
117,3,0,0,56720363.329674415,1,1.0
117,3,1,3,77081103.34115396,1,1.0
117,3,2,7,59561451.03337606,1,1.0
117,3,3,10,63427248.33413715,1,1.0
117,4,0,0,64883420.57698758,1,1.0
117,4,1,3,59885537.503677085,1,1.0
117,4,2,7,61909465.388295926,1,1.0
117,4,3,10,75008666.05599971,1,1.0
117,5,0,2,65408830.304047205,1,1.0
117,5,1,3,84806345.06570391,1,1.0
117,5,2,8,71552868.89437233,1,1.0
117,5,3,10,100063288.96878766,1,1.0
117,6,0,0,67091730.23117085,1,1.0
117,6,1,3,77391926.88525847,1,1.0
117,6,2,8,62558553.08609175,1,1.0
117,6,3,11,77549647.18280989,1,1.0
117,7,0,2,66034587.40080619,1,1.0
117,7,1,3,88932764.89711067,1,1.0
117,7,2,6,55578077.58159198,1,1.0
117,7,3,11,73457969.1713491,1,1.0
117,8,0,2,59909709.69844686,1,1.0
117,8,1,3,71097013.96722943,1,1.0
117,8,2,7,64579874.87954481,1,1.0
117,8,3,10,69267254.65263861,1,1.0
117,9,0,2,76356431.65883942,1,1.0
117,9,1,3,84804534.08672711,1,1.0
117,9,2,7,64124648.9662887,1,1.0
117,9,3,10,80003049.61750273,1,1.0
117,10,0,0,61283863.19606695,1,1.0
117,10,1,3,87691634.0527467,1,1.0
117,10,2,8,76477061.38062026,1,1.0
117,10,3,10,89252028.48316458,1,1.0
117,11,0,1,59415996.88402538,1,1.0
117,11,1,3,87800405.47460249,1,1.0
117,11,2,7,61736505.22569246,1,1.0
117,11,3,10,73196356.01607281,1,1.0
117,12,0,2,57880617.10186898,1,1.0
117,12,1,3,64425341.323085226,1,1.0
117,12,2,8,64186566.21793166,1,1.0
117,12,3,10,70348151.0249795,1,1.0
117,13,0,0,82934233.90828189,1,1.0
117,13,1,3,67375329.62721558,1,1.0
117,13,2,8,57484578.71738878,1,1.0
117,13,3,10,78234605.45245145,1,1.0
117,14,0,2,92271537.54481308,1,1.0
117,14,1,4,64842567.213664725,1,1.0
117,14,2,7,72595373.60337257,1,1.0
117,14,3,10,116627481.79593726,1,1.0
117,15,0,2,64773626.98394486,1,1.0
117,15,1,4,78081827.75836498,1,1.0
117,15,2,8,68047481.2869196,1,1.0
117,15,3,10,80266142.84716474,1,1.0
117,16,0,2,73589429.17846105,1,1.0
117,16,1,4,65156785.604449525,1,1.0
117,16,2,7,73268363.31402369,1,1.0
117,16,3,10,87094359.76704022,1,1.0
117,17,0,2,61294089.67710575,1,1.0
117,17,1,3,72703485.51861426,1,1.0
117,17,2,8,69759670.48331615,1,1.0
117,17,3,11,73077336.08492032,1,1.0
117,18,0,2,64990923.98600839,1,1.0
117,18,1,4,72914360.60951616,1,1.0
117,18,2,8,59350960.58617871,1,1.0
117,18,3,10,82845948.39630963,1,1.0
117,19,0,2,82104873.35030688,1,1.0
117,19,1,4,69814709.09147045,1,1.0
117,19,2,7,67601634.77954449,1,1.0
117,19,3,10,84703730.56518711,1,1.0
117,20,0,2,75144714.65890354,1,1.0
117,20,1,4,69171859.56773582,1,1.0
117,20,2,8,64714956.52397154,1,1.0
117,20,3,10,76756420.23185308,1,1.0
117,21,0,2,75512637.15199587,1,1.0
117,21,1,3,76346848.33920193,1,1.0
117,21,2,7,58233519.63576643,1,1.0
117,21,3,11,77491079.21507084,1,1.0
117,22,0,2,71791207.72010227,1,1.0
117,22,1,4,74629498.60705513,1,1.0
117,22,2,8,61746400.104004264,1,1.0
117,22,3,11,66244464.88267061,1,1.0
117,23,0,1,64810244.72150034,1,1.0
117,23,1,3,86659263.6878825,1,1.0
117,23,2,8,58983738.42941317,1,1.0
117,23,3,10,93796099.74846499,1,1.0
118,0,0,2,91421875.44497669,1,1.0
118,0,1,3,76681253.59353499,1,1.0
118,0,2,8,55702717.29925422,1,1.0
118,0,3,10,84169955.54825538,1,1.0
118,1,0,2,83109056.99653393,1,1.0
118,1,1,3,76576896.8592915,1,1.0
118,1,2,8,68395792.0560371,1,1.0
118,1,3,10,77434091.06756979,1,1.0
118,2,0,2,79115645.55727054,1,1.0
118,2,1,3,81543686.18595856,1,1.0
118,2,2,8,69224247.65798326,1,1.0
118,2,3,10,78860323.08643092,1,1.0
118,3,0,2,78096693.20933667,1,1.0
118,3,1,3,59437365.65883227,1,1.0
118,3,2,8,60331772.94568235,1,1.0
118,3,3,10,77793697.35102998,1,1.0
118,4,0,1,69493876.7666828,1,1.0
118,4,1,4,72901997.66912358,1,1.0
118,4,2,8,59915627.038405344,1,1.0
118,4,3,10,83486634.40037811,1,1.0
118,5,0,2,76471992.14104488,1,1.0
118,5,1,4,61891636.86945128,1,1.0
118,5,2,8,62468685.52923878,1,1.0
118,5,3,11,87626637.53183836,1,1.0
118,6,0,0,63981135.39296736,1,1.0
118,6,1,3,79285242.41755643,1,1.0
118,6,2,8,76964765.82149804,1,1.0
118,6,3,10,90817964.61398034,1,1.0
118,7,0,0,56613765.01478676,1,1.0
118,7,1,4,67839654.33688058,1,1.0
118,7,2,8,75368954.6473477,1,1.0
118,7,3,11,69833567.96195874,1,1.0
118,8,0,2,65663004.80732488,1,1.0
118,8,1,3,69000786.01485316,1,1.0
118,8,2,8,76249531.94565265,1,1.0
118,8,3,11,65555010.50240174,1,1.0
118,9,0,0,61177924.34093164,1,1.0
118,9,1,3,81374673.42243406,1,1.0
118,9,2,8,62097993.76620669,1,1.0
118,9,3,10,82258697.00806993,1,1.0
118,10,0,2,66313262.75665222,1,1.0
118,10,1,4,67162021.09139004,1,1.0
118,10,2,8,66052146.724775605,1,1.0
118,10,3,10,74237139.34053977,1,1.0
118,11,0,2,88731707.78306808,1,1.0
118,11,1,3,78543423.30431838,1,1.0
118,11,2,8,68832169.8485459,1,1.0
118,11,3,11,67625396.78264321,1,1.0
118,12,0,1,61930661.30796864,1,1.0
118,12,1,4,65941353.28388222,1,1.0
118,12,2,8,72217637.99736711,1,1.0
118,12,3,11,64586190.133056656,1,1.0
118,13,0,2,63168252.40324682,1,1.0
118,13,1,3,73944258.48725685,1,1.0
118,13,2,8,81775032.30047238,1,1.0
118,13,3,10,72372220.54307841,1,1.0
118,14,0,2,61758786.993382476,1,1.0
118,14,1,3,66468933.327870615,1,1.0
118,14,2,7,64501230.51763181,1,1.0
118,14,3,11,70919114.08532153,1,1.0
118,15,0,2,99186357.25393608,1,1.0
118,15,1,3,91363634.59066775,1,1.0
118,15,2,7,63076313.1469657,1,1.0
118,15,3,10,64564622.16877895,1,1.0
118,16,0,2,57732850.15299731,1,1.0
118,16,1,3,82841440.8372055,1,1.0
118,16,2,8,73090035.14550045,1,1.0
118,16,3,11,77818800.80005322,1,1.0
118,17,0,2,67649510.69616853,1,1.0
118,17,1,3,67382904.96947323,1,1.0
118,17,2,6,61947991.29599257,1,1.0
118,17,3,11,71591511.43858694,1,1.0
118,18,0,2,82615851.68087704,1,1.0
118,18,1,3,70896066.67061982,1,1.0
118,18,2,8,72672965.83764005,1,1.0
118,18,3,10,70649900.19747294,1,1.0
118,19,0,1,63668952.88035619,1,1.0
118,19,1,4,73643102.33774108,1,1.0
118,19,2,8,67793866.10874432,1,1.0
118,19,3,11,69739650.33779411,1,1.0
118,20,0,2,88867711.36833689,1,1.0
118,20,1,3,104846359.0322498,1,1.0
118,20,2,8,59905098.35021457,1,1.0
118,20,3,11,71230949.28613037,1,1.0
118,21,0,2,55597458.05059642,1,1.0
118,21,1,3,66190303.866149426,1,1.0
118,21,2,7,60473211.932407744,1,1.0
118,21,3,10,95711702.26190408,1,1.0
118,22,0,0,61234027.78941427,1,1.0
118,22,1,3,80593542.52929847,1,1.0
118,22,2,8,58740473.15854802,1,1.0
118,22,3,10,71242923.53871675,1,1.0
118,23,0,2,77983902.82508314,1,1.0
118,23,1,3,68244287.90589656,1,1.0
118,23,2,8,71426496.78287584,1,1.0
118,23,3,10,81390457.71873298,1,1.0
119,0,0,2,59587164.08493723,1,1.0
119,0,1,3,62144895.21090605,1,1.0
119,0,2,6,62422812.29075122,1,1.0
119,0,3,10,74058931.06022881,1,1.0
119,1,0,2,88214782.9393767,1,1.0
119,1,1,3,77730342.48031847,1,1.0
119,1,2,8,64859320.3584498,1,1.0
119,1,3,11,60070099.891647466,1,1.0
119,2,0,1,62555451.162638925,1,1.0
119,2,1,4,61759106.40145833,1,1.0
119,2,2,6,62784149.05567398,1,1.0
119,2,3,10,97833477.6253754,1,1.0
119,3,0,0,66770503.477057934,1,1.0
119,3,1,3,72303429.58397317,1,1.0
119,3,2,8,83519859.72531722,1,1.0
119,3,3,10,69077200.66901565,1,1.0
119,4,0,0,62812637.19627219,1,1.0
119,4,1,3,87526825.44016637,1,1.0
119,4,2,8,60263820.627767876,1,1.0
119,4,3,10,88701388.38513009,1,1.0
119,5,0,2,70116688.69521852,1,1.0
119,5,1,4,71215916.72781584,1,1.0
119,5,2,6,56523510.89049689,1,1.0
119,5,3,10,93411414.30151795,1,1.0
119,6,0,2,65399415.49434403,1,1.0
119,6,1,4,64660325.49549746,1,1.0
119,6,2,8,68603317.36486976,1,1.0
119,6,3,11,72836485.77029616,1,1.0
119,7,0,2,74489388.71280862,1,1.0
119,7,1,3,90016446.452444,1,1.0
119,7,2,7,64364205.605914414,1,1.0
119,7,3,10,76390926.51728687,1,1.0
119,8,0,2,65931264.328464985,1,1.0
119,8,1,3,76468446.30275148,1,1.0
119,8,2,8,71283070.13533969,1,1.0
119,8,3,10,104665167.63085599,1,1.0
119,9,0,2,60120486.57203784,1,1.0
119,9,1,4,54345865.75555816,1,1.0
119,9,2,8,69127562.59532689,1,1.0
119,9,3,10,86869070.2089042,1,1.0
119,10,0,0,64353403.40297829,1,1.0
119,10,1,3,78308552.24874014,1,1.0
119,10,2,6,57813788.55065567,1,1.0
119,10,3,10,67481810.4154716,1,1.0
119,11,0,2,69210668.02879934,1,1.0
119,11,1,3,80787070.13666481,1,1.0
119,11,2,6,58168286.2307397,1,1.0
119,11,3,11,70775402.88562396,1,1.0
119,12,0,2,103112709.25244933,1,1.0
119,12,1,3,85144650.07016322,1,1.0
119,12,2,8,78479144.48605062,1,1.0
119,12,3,10,97561089.46351574,1,1.0
119,13,0,2,64785221.45854709,1,1.0
119,13,1,3,78862448.43456064,1,1.0
119,13,2,6,57752102.107963495,1,1.0
119,13,3,10,94064585.62646852,1,1.0
119,14,0,2,71987231.64442985,1,1.0
119,14,1,3,92365357.74134006,1,1.0
119,14,2,8,73442713.02455403,1,1.0
119,14,3,10,74485473.80181713,1,1.0
119,15,0,2,77093020.5905362,1,1.0
119,15,1,3,91516145.4493209,1,1.0
119,15,2,8,83581512.50463039,1,1.0
119,15,3,10,97067292.9625044,1,1.0
119,16,0,0,60940895.66501006,1,1.0
119,16,1,3,78009790.43566227,1,1.0
119,16,2,8,66522016.38557447,1,1.0
119,16,3,11,63721700.89162696,1,1.0
119,17,0,0,57378901.00395699,1,1.0
119,17,1,4,66013457.24519341,1,1.0
119,17,2,6,60649349.07340843,1,1.0
119,17,3,11,67705424.149364,1,1.0
119,18,0,2,87026116.34169282,1,1.0
119,18,1,3,85183319.98517524,1,1.0
119,18,2,7,57807764.66645823,1,1.0
119,18,3,10,65029381.70120838,1,1.0
119,19,0,1,56534115.289921455,1,1.0
119,19,1,3,104449859.22403865,1,1.0
119,19,2,8,64960475.15752632,1,1.0
119,19,3,10,89815414.92528291,1,1.0
119,20,0,2,66761423.88517528,1,1.0
119,20,1,3,70528855.51874402,1,1.0
119,20,2,8,62818234.71343422,1,1.0
119,20,3,10,68750242.15009932,1,1.0
119,21,0,0,68958872.70170215,1,1.0
119,21,1,4,59581601.93682786,1,1.0
119,21,2,8,91683762.65442897,1,1.0
119,21,3,10,63021687.63478624,1,1.0
119,22,0,2,54423547.18905257,1,1.0
119,22,1,3,76546159.01205428,1,1.0
119,22,2,8,63510354.97268753,1,1.0
119,22,3,10,68706318.74279997,1,1.0
119,23,0,2,72014048.25055964,1,1.0
119,23,1,4,71236621.35162394,1,1.0
119,23,2,8,86107080.78886734,1,1.0
119,23,3,11,92397223.30812015,1,1.0
120,0,0,0,57350313.8336105,1,1.0
120,0,1,3,90427948.28522967,1,1.0
120,0,2,8,95957006.0403837,1,1.0
120,0,3,10,93777291.44120419,1,1.0
120,1,0,2,72819717.46083102,1,1.0
120,1,1,3,69875720.37386289,1,1.0
120,1,2,7,54235167.837932914,1,1.0
120,1,3,10,90082080.21154752,1,1.0
120,2,0,2,89230162.56284277,1,1.0
120,2,1,3,77319880.96127114,1,1.0
120,2,2,6,68633316.34958553,1,1.0
120,2,3,10,79277863.85493787,1,1.0
120,3,0,2,80820421.96164376,1,1.0
120,3,1,3,76297352.23159572,1,1.0
120,3,2,8,66412815.44578395,1,1.0
120,3,3,10,86996961.59249902,1,1.0
120,4,0,2,60675328.45530345,1,1.0
120,4,1,3,70124552.88546458,1,1.0
120,4,2,6,61195808.49121574,1,1.0
120,4,3,10,70530909.09542806,1,1.0
120,5,0,2,71354046.27385888,1,1.0
120,5,1,3,80349496.13095188,1,1.0
120,5,2,8,70113197.2894115,1,1.0
120,5,3,10,63855292.06568936,1,1.0
120,6,0,2,102124025.22189763,1,1.0
120,6,1,4,66408082.96080991,1,1.0
120,6,2,8,65211548.35590306,1,1.0
120,6,3,10,65688678.25001938,1,1.0
120,7,0,2,66529107.9264034,1,1.0
120,7,1,3,93179250.77003253,1,1.0
120,7,2,8,72331868.33128521,1,1.0
120,7,3,11,65884035.74887354,1,1.0
120,8,0,2,63181646.73245215,1,1.0
120,8,1,3,71364431.35040687,1,1.0
120,8,2,8,71200172.11957888,1,1.0
120,8,3,10,68473695.51568867,1,1.0
120,9,0,2,95483098.20195666,1,1.0
120,9,1,3,83723921.61378238,1,1.0
120,9,2,8,68679296.19588801,1,1.0
120,9,3,10,78834294.29970533,1,1.0
120,10,0,2,77569776.87946726,1,1.0
120,10,1,3,61169670.23104472,1,1.0
120,10,2,8,62736903.90582126,1,1.0
120,10,3,10,78985654.04201561,1,1.0
120,11,0,2,72743619.90514916,1,1.0
120,11,1,4,64486261.304311454,1,1.0
120,11,2,8,65701281.61782989,1,1.0
120,11,3,10,84761890.64190722,1,1.0
120,12,0,2,62407250.1981685,1,1.0
120,12,1,3,111420510.30227931,1,1.0
120,12,2,7,73087559.42514414,1,1.0
120,12,3,10,88628538.86980046,1,1.0
120,13,0,2,89901907.92724735,1,1.0
120,13,1,4,75854488.66109674,1,1.0
120,13,2,8,80756572.27249707,1,1.0
120,13,3,10,100035039.0447966,1,1.0
120,14,0,2,80353406.15940998,1,1.0
120,14,1,3,70067532.24813211,1,1.0
120,14,2,7,55961546.908273436,1,1.0
120,14,3,10,69771647.25771774,1,1.0
120,15,0,2,78076443.0500407,1,1.0
120,15,1,3,103248611.65770014,1,1.0
120,15,2,6,54406109.815194614,1,1.0
120,15,3,10,77179370.11617343,1,1.0
120,16,0,2,57876123.9667358,1,1.0
120,16,1,3,73213194.96637294,1,1.0
120,16,2,8,69268284.9510053,1,1.0
120,16,3,10,74545061.06449418,1,1.0
120,17,0,2,90412962.65510513,1,1.0
120,17,1,3,82556470.75149472,1,1.0
120,17,2,6,53505855.0556481,1,1.0
120,17,3,10,69416919.62555705,1,1.0
120,18,0,1,57985410.72934795,1,1.0
120,18,1,3,64824265.151876844,1,1.0
120,18,2,8,92922688.25494269,1,1.0
120,18,3,10,64275218.463809036,1,1.0
120,19,0,2,82581392.90237743,1,1.0
120,19,1,3,88633078.46816349,1,1.0
120,19,2,8,76493341.91269824,1,1.0
120,19,3,10,76891050.84934172,1,1.0
120,20,0,2,67634410.06357998,1,1.0
120,20,1,3,72495383.46043338,1,1.0
120,20,2,8,81724557.90783517,1,1.0
120,20,3,10,82908499.56813,1,1.0
120,21,0,2,70544040.32656272,1,1.0
120,21,1,3,87879016.76302312,1,1.0
120,21,2,8,77740857.28906143,1,1.0
120,21,3,10,66958639.05396554,1,1.0
120,22,0,0,60658160.46358938,1,1.0
120,22,1,4,63990068.99323067,1,1.0
120,22,2,8,79183479.13822746,1,1.0
120,22,3,10,83984234.0677669,1,1.0
120,23,0,2,62414532.57058368,1,1.0
120,23,1,3,71813829.42582679,1,1.0
120,23,2,8,53497526.22428054,1,1.0
120,23,3,10,96892195.7442224,1,1.0
121,0,0,2,68755755.87261389,1,1.0
121,0,1,3,71358905.14237918,1,1.0
121,0,2,8,76086312.0512092,1,1.0
121,0,3,11,68918642.45714872,1,1.0
121,1,0,2,64932936.13361417,1,1.0
121,1,1,3,72833466.81174542,1,1.0
121,1,2,8,69108422.92473395,1,1.0
121,1,3,11,63149858.30409284,1,1.0
121,2,0,0,66844293.72193076,1,1.0
121,2,1,4,69607042.69250168,1,1.0
121,2,2,8,79574879.00339058,1,1.0
121,2,3,10,66000008.10814925,1,1.0
121,3,0,1,65847165.33773454,1,1.0
121,3,1,3,76580317.82811157,1,1.0
121,3,2,8,76220223.15318967,1,1.0
121,3,3,10,91532635.64076424,1,1.0
121,4,0,2,84230674.21227247,1,1.0
121,4,1,4,59998969.278921254,1,1.0
121,4,2,8,73897996.26516786,1,1.0
121,4,3,10,70445451.04706967,1,1.0
121,5,0,2,66110794.177465305,1,1.0
121,5,1,3,71592089.42416759,1,1.0
121,5,2,8,55451379.99774623,1,1.0
121,5,3,11,75561323.38359393,1,1.0
121,6,0,2,67572771.87602349,1,1.0
121,6,1,4,72971742.15949656,1,1.0
121,6,2,8,68930240.29370932,1,1.0
121,6,3,11,84289650.51681972,1,1.0
121,7,0,2,78546581.87259093,1,1.0
121,7,1,3,73470244.38893487,1,1.0
121,7,2,6,69703206.90928087,1,1.0
121,7,3,11,66651682.14640966,1,1.0
121,8,0,2,60371694.712571695,1,1.0
121,8,1,4,69328069.7664242,1,1.0
121,8,2,7,57483351.65614133,1,1.0
121,8,3,10,77561268.0872703,1,1.0
121,9,0,2,73066124.47901791,1,1.0
121,9,1,3,63826540.34769219,1,1.0
121,9,2,8,84580228.18701054,1,1.0
121,9,3,11,72760275.40581177,1,1.0
121,10,0,0,61732052.29344053,1,1.0
121,10,1,3,64492742.32916939,1,1.0
121,10,2,8,69307002.35565497,1,1.0
121,10,3,11,89440104.25063887,1,1.0
121,11,0,2,65280594.23574282,1,1.0
121,11,1,3,81847376.63617814,1,1.0
121,11,2,8,61716512.63795787,1,1.0
121,11,3,10,98842817.09822409,1,1.0
121,12,0,1,64968411.35703077,1,1.0
121,12,1,3,90059877.88889483,1,1.0
121,12,2,8,81663650.50081012,1,1.0
121,12,3,10,87116109.81991342,1,1.0
121,13,0,0,69359311.7069473,1,1.0
121,13,1,3,81923766.80297458,1,1.0
121,13,2,8,75357900.06525959,1,1.0
121,13,3,10,66762040.00741741,1,1.0
121,14,0,2,55907279.29459577,1,1.0
121,14,1,3,80692658.84111466,1,1.0
121,14,2,8,59367043.69482616,1,1.0
121,14,3,11,83901435.93120986,1,1.0
121,15,0,2,74796551.8499718,1,1.0
121,15,1,3,87779677.5158783,1,1.0
121,15,2,8,57400716.688984096,1,1.0
121,15,3,11,70895604.5953358,1,1.0
121,16,0,2,77707937.62157287,1,1.0
121,16,1,3,65920752.944633275,1,1.0
121,16,2,8,77430538.02608931,1,1.0
121,16,3,10,80228152.77368875,1,1.0
121,17,0,2,78082777.90457308,1,1.0
121,17,1,3,65665207.64631938,1,1.0
121,17,2,8,69435622.94817545,1,1.0
121,17,3,10,84087475.15138896,1,1.0
121,18,0,0,57522899.41067382,1,1.0
121,18,1,3,61625973.5471895,1,1.0
121,18,2,7,58203544.6584713,1,1.0
121,18,3,10,64762337.96488291,1,1.0
121,19,0,2,76645696.62399842,1,1.0
121,19,1,4,61475660.325611316,1,1.0
121,19,2,8,65534390.102189586,1,1.0
121,19,3,11,74291733.32413962,1,1.0
121,20,0,2,109598412.94884406,1,1.0
121,20,1,3,61461727.849757686,1,1.0
121,20,2,8,77231300.09577286,1,1.0
121,20,3,10,74129384.8626884,1,1.0
121,21,0,2,70880817.40095915,1,1.0
121,21,1,4,69396005.9693544,1,1.0
121,21,2,6,63438561.01269505,1,1.0
121,21,3,10,69434830.68598746,1,1.0
121,22,0,0,73689463.34728403,1,1.0
121,22,1,4,73889365.65745784,1,1.0
121,22,2,7,65331016.26515015,1,1.0
121,22,3,10,62135457.626338005,1,1.0
121,23,0,2,76797089.05701363,1,1.0
121,23,1,3,73938460.2148137,1,1.0
121,23,2,7,66110879.068046466,1,1.0
121,23,3,10,96483829.64433807,1,1.0
122,0,0,2,94719218.03532532,1,1.0
122,0,1,3,59979430.447033614,1,1.0
122,0,2,7,69474974.10473627,1,1.0
122,0,3,10,76917458.88709946,1,1.0
122,1,0,2,59083474.35087798,1,1.0
122,1,1,3,76061903.82945885,1,1.0
122,1,2,7,66196266.98567965,1,1.0
122,1,3,10,82932118.80741465,1,1.0
122,2,0,2,97475348.97018151,1,1.0
122,2,1,3,91902806.65079801,1,1.0
122,2,2,6,56468141.05897615,1,1.0
122,2,3,10,74404434.98788851,1,1.0
122,3,0,2,97022124.01214947,1,1.0
122,3,1,3,65030944.67019086,1,1.0
122,3,2,8,80116660.50347835,1,1.0
122,3,3,10,69107866.25403346,1,1.0
122,4,0,2,76530936.15303132,1,1.0
122,4,1,3,75136310.8449141,1,1.0
122,4,2,7,55211796.96592837,1,1.0
122,4,3,10,94470724.28867744,1,1.0
122,5,0,2,65836515.98268601,1,1.0
122,5,1,3,78474999.31019522,1,1.0
122,5,2,8,60558844.94080549,1,1.0
122,5,3,11,71587933.70826578,1,1.0
122,6,0,2,67860077.29692857,1,1.0
122,6,1,3,67718449.23604089,1,1.0
122,6,2,8,53231094.87856566,1,1.0
122,6,3,10,82658058.79328841,1,1.0
122,7,0,2,64222387.700454526,1,1.0
122,7,1,3,84403651.11852999,1,1.0
122,7,2,7,63801496.13181248,1,1.0
122,7,3,10,84123933.0965041,1,1.0
122,8,0,2,88137626.55957867,1,1.0
122,8,1,3,105999068.28980143,1,1.0
122,8,2,8,76355635.80670413,1,1.0
122,8,3,11,64062261.11559703,1,1.0
122,9,0,2,82914472.72479942,1,1.0
122,9,1,3,81336805.69311108,1,1.0
122,9,2,8,74543696.93703759,1,1.0
122,9,3,10,86285552.13624759,1,1.0
122,10,0,2,64804381.68276457,1,1.0
122,10,1,3,86064840.58775829,1,1.0
122,10,2,7,61240346.647344686,1,1.0
122,10,3,10,67159101.19439897,1,1.0
122,11,0,2,54099331.853551924,1,1.0
122,11,1,3,91266197.79600431,1,1.0
122,11,2,7,67306506.89274162,1,1.0
122,11,3,10,89453784.26938248,1,1.0
122,12,0,2,59137263.273826666,1,1.0
122,12,1,3,93002098.43486798,1,1.0
122,12,2,6,66129792.529076144,1,1.0
122,12,3,10,78257327.19902621,1,1.0
122,13,0,2,66472033.0855171,1,1.0
122,13,1,3,75992555.55820371,1,1.0
122,13,2,6,61394299.34465619,1,1.0
122,13,3,10,83715436.72250353,1,1.0
122,14,0,0,62342918.43574704,1,1.0
122,14,1,3,72083901.62388408,1,1.0
122,14,2,8,58549397.8379464,1,1.0
122,14,3,11,64701579.66632431,1,1.0
122,15,0,2,61760540.526907675,1,1.0
122,15,1,3,60311549.4888646,1,1.0
122,15,2,8,81130185.74666145,1,1.0
122,15,3,10,63943505.60621522,1,1.0
122,16,0,2,72760102.99075188,1,1.0
122,16,1,4,69546569.37559173,1,1.0
122,16,2,8,93538933.0578416,1,1.0
122,16,3,10,80861849.18098669,1,1.0
122,17,0,0,63990147.328436196,1,1.0
122,17,1,3,69871722.94436191,1,1.0
122,17,2,7,67303780.53542085,1,1.0
122,17,3,11,59364359.26196828,1,1.0
122,18,0,2,78544787.73114446,1,1.0
122,18,1,3,83407517.89107019,1,1.0
122,18,2,8,82250290.64790833,1,1.0
122,18,3,10,76289096.1271296,1,1.0
122,19,0,0,73536421.11935598,1,1.0
122,19,1,3,59728810.38652011,1,1.0
122,19,2,8,76372636.22696866,1,1.0
122,19,3,11,73273073.47702987,1,1.0
122,20,0,0,72624768.37680088,1,1.0
122,20,1,4,67202891.36396614,1,1.0
122,20,2,6,59838220.91024893,1,1.0
122,20,3,10,66006159.00635049,1,1.0
122,21,0,2,73399769.13603725,1,1.0
122,21,1,3,101286092.4467748,1,1.0
122,21,2,8,66820883.99930352,1,1.0
122,21,3,10,84479609.86749464,1,1.0
122,22,0,2,74637501.27116287,1,1.0
122,22,1,3,92775978.15940085,1,1.0
122,22,2,8,67440326.5002812,1,1.0
122,22,3,10,64978578.82392624,1,1.0
122,23,0,2,83541286.92511617,1,1.0
122,23,1,4,70784878.12510595,1,1.0
122,23,2,6,65417156.30076873,1,1.0
122,23,3,10,75224212.44625847,1,1.0
123,0,0,2,63941583.79531664,1,1.0
123,0,1,3,74962880.28195666,1,1.0
123,0,2,8,63127194.80779687,1,1.0
123,0,3,11,80774409.238141,1,1.0
123,1,0,2,63192634.274264924,1,1.0
123,1,1,3,71913016.48442905,1,1.0
123,1,2,8,96473054.27335316,1,1.0
123,1,3,10,76755619.98753797,1,1.0
123,2,0,0,64307620.91249502,1,1.0
123,2,1,3,72196544.19589481,1,1.0
123,2,2,7,75505373.18635334,1,1.0
123,2,3,10,66276052.65070723,1,1.0
123,3,0,0,67867896.6220045,1,1.0
123,3,1,3,78859353.87352544,1,1.0
123,3,2,8,72939990.18082778,1,1.0
123,3,3,11,80312875.11828046,1,1.0
123,4,0,2,69418985.9563624,1,1.0
123,4,1,3,76762891.26111056,1,1.0
123,4,2,8,57802636.03207752,1,1.0
123,4,3,10,81012738.0264615,1,1.0
123,5,0,2,75489389.384503,1,1.0
123,5,1,3,70223480.69156408,1,1.0
123,5,2,8,79430513.54313356,1,1.0
123,5,3,10,71544873.73256002,1,1.0
123,6,0,2,58852349.86465866,1,1.0
123,6,1,3,77912091.24668103,1,1.0
123,6,2,8,54356755.82034855,1,1.0
123,6,3,11,67380970.76527607,1,1.0
123,7,0,2,81624900.89102231,1,1.0
123,7,1,4,66941885.00382917,1,1.0
123,7,2,7,58654841.18494556,1,1.0
123,7,3,10,95688880.2563922,1,1.0
123,8,0,2,75759431.56442642,1,1.0
123,8,1,3,64327796.80617325,1,1.0
123,8,2,8,74599132.90862864,1,1.0
123,8,3,10,69529645.37902215,1,1.0
123,9,0,2,79104760.15915573,1,1.0
123,9,1,3,73020450.64274071,1,1.0
123,9,2,8,70885958.43009013,1,1.0
123,9,3,10,100042279.59419379,1,1.0
123,10,0,2,81929544.68054125,1,1.0
123,10,1,3,75124085.44397646,1,1.0
123,10,2,8,62808500.465365134,1,1.0
123,10,3,10,85773437.68599574,1,1.0
123,11,0,2,61674246.742064156,1,1.0
123,11,1,3,79652793.68344186,1,1.0
123,11,2,7,63302535.5552791,1,1.0
123,11,3,10,69681843.28254737,1,1.0
123,12,0,2,75373745.7225506,1,1.0
123,12,1,3,82668158.82551791,1,1.0
123,12,2,8,81669902.56969962,1,1.0
123,12,3,10,61549281.38123317,1,1.0
123,13,0,2,69231187.97837526,1,1.0
123,13,1,3,58048833.43833478,1,1.0
123,13,2,8,83952737.63507408,1,1.0
123,13,3,10,65057861.13381683,1,1.0
123,14,0,2,66338031.13770388,1,1.0
123,14,1,3,66620314.50499122,1,1.0
123,14,2,8,62031063.39935037,1,1.0
123,14,3,10,71431119.54725288,1,1.0
123,15,0,2,69907972.36395982,1,1.0
123,15,1,3,70685676.29137008,1,1.0
123,15,2,6,62728947.80404922,1,1.0
123,15,3,10,74596769.26596273,1,1.0
123,16,0,2,63584660.39444714,1,1.0
123,16,1,3,70692144.15906937,1,1.0
123,16,2,8,77001609.17765824,1,1.0
123,16,3,10,83934419.37482302,1,1.0
123,17,0,2,71501603.22999035,1,1.0
123,17,1,3,80719786.12233959,1,1.0
123,17,2,6,60901094.00120673,1,1.0
123,17,3,10,64360411.3963998,1,1.0
123,18,0,2,78542535.58996695,1,1.0
123,18,1,3,75888627.5609517,1,1.0
123,18,2,8,79491995.21468005,1,1.0
123,18,3,10,86097335.15554908,1,1.0
123,19,0,2,73943683.30696857,1,1.0
123,19,1,4,64647925.06659072,1,1.0
123,19,2,8,77448117.41471717,1,1.0
123,19,3,10,87891980.01484305,1,1.0
123,20,0,2,65371635.169076815,1,1.0
123,20,1,3,83704999.6859017,1,1.0
123,20,2,6,86715589.55196118,1,1.0
123,20,3,10,73528889.9096295,1,1.0
123,21,0,1,56746315.18303145,1,1.0
123,21,1,4,84686565.3237222,1,1.0
123,21,2,8,67298876.32387422,1,1.0
123,21,3,10,79790260.88554698,1,1.0
123,22,0,2,88421922.97217126,1,1.0
123,22,1,3,71589914.063289,1,1.0
123,22,2,8,56742905.36010817,1,1.0
123,22,3,10,80129205.21958241,1,1.0
123,23,0,2,70497777.11870007,1,1.0
123,23,1,3,65974701.15598736,1,1.0
123,23,2,6,64082428.381482266,1,1.0
123,23,3,10,103179131.04836577,1,1.0
124,0,0,0,64697522.34247707,1,1.0
124,0,1,3,80181171.23402402,1,1.0
124,0,2,6,53272171.30767521,1,1.0
124,0,3,10,88770034.51787838,1,1.0
124,1,0,2,77579864.52143405,1,1.0
124,1,1,3,61440587.790707305,1,1.0
124,1,2,8,59569669.560848236,1,1.0
124,1,3,10,74848369.8822249,1,1.0
124,2,0,2,77200947.65703158,1,1.0
124,2,1,3,103240145.53253374,1,1.0
124,2,2,8,70737382.14884388,1,1.0
124,2,3,11,67397056.36926849,1,1.0
124,3,0,2,97856416.23502046,1,1.0
124,3,1,3,65491403.03344304,1,1.0
124,3,2,8,77395610.77771123,1,1.0
124,3,3,10,101849922.3795736,1,1.0
124,4,0,2,73870517.4477706,1,1.0
124,4,1,4,65448111.02428636,1,1.0
124,4,2,8,62480171.361723796,1,1.0
124,4,3,10,81876553.20833367,1,1.0
124,5,0,2,65265252.35445549,1,1.0
124,5,1,3,86013376.96174645,1,1.0
124,5,2,6,57630720.902497105,1,1.0
124,5,3,10,118592663.48785971,1,1.0
124,6,0,2,89404775.42288473,1,1.0
124,6,1,5,53207146.219168544,1,1.0
124,6,2,8,73218175.51033734,1,1.0
124,6,3,10,77141448.427742,1,1.0
124,7,0,2,69904025.56325507,1,1.0
124,7,1,4,58036437.939980775,1,1.0
124,7,2,8,82197015.30608103,1,1.0
124,7,3,10,81562928.06794892,1,1.0
124,8,0,0,55025379.53156968,1,1.0
124,8,1,3,79342866.43026695,1,1.0
124,8,2,7,66398365.45328601,1,1.0
124,8,3,10,97824784.99493475,1,1.0
124,9,0,2,104942291.00268257,1,1.0
124,9,1,4,81681471.06877837,1,1.0
124,9,2,8,67686062.22829583,1,1.0
124,9,3,11,65630542.39009119,1,1.0
124,10,0,2,72671541.80326499,1,1.0
124,10,1,3,64091019.627354406,1,1.0
124,10,2,8,69991650.88511404,1,1.0
124,10,3,10,77869297.5202653,1,1.0
124,11,0,2,87130865.89415939,1,1.0
124,11,1,3,78410023.09713472,1,1.0
124,11,2,8,58735117.738008454,1,1.0
124,11,3,10,66278702.18408545,1,1.0
124,12,0,2,70265402.10006219,1,1.0
124,12,1,3,71319336.94760601,1,1.0
124,12,2,8,63523379.10260359,1,1.0
124,12,3,10,67829062.5091932,1,1.0
124,13,0,0,61797996.417217664,1,1.0
124,13,1,3,70297848.7647246,1,1.0
124,13,2,7,63417010.458146445,1,1.0
124,13,3,10,82959058.70601664,1,1.0
124,14,0,2,86564043.34169231,1,1.0
124,14,1,3,89490304.46773782,1,1.0
124,14,2,6,58844167.08710728,1,1.0
124,14,3,10,85511753.24439208,1,1.0
124,15,0,2,76195540.58174711,1,1.0
124,15,1,3,110696531.03403187,1,1.0
124,15,2,8,66290238.10396624,1,1.0
124,15,3,10,64687191.966769904,1,1.0
124,16,0,2,68643026.29230504,1,1.0
124,16,1,3,74978124.99564254,1,1.0
124,16,2,6,61767248.57380909,1,1.0
124,16,3,10,71478731.82738507,1,1.0
124,17,0,0,67141378.72309898,1,1.0
124,17,1,3,67362730.60121827,1,1.0
124,17,2,6,61944420.37822732,1,1.0
124,17,3,10,96222514.54139674,1,1.0
124,18,0,0,67570363.42634636,1,1.0
124,18,1,4,57854953.55272183,1,1.0
124,18,2,8,82600683.13999683,1,1.0
124,18,3,10,78380290.41639012,1,1.0
124,19,0,2,98395110.6058784,1,1.0
124,19,1,3,71193559.3021443,1,1.0
124,19,2,6,61805885.02991261,1,1.0
124,19,3,11,72985409.83384673,1,1.0
124,20,0,0,54969167.042600945,1,1.0
124,20,1,3,74364657.52529497,1,1.0
124,20,2,8,56289627.20839064,1,1.0
124,20,3,10,62678660.53936365,1,1.0
124,21,0,2,72066899.46428101,1,1.0
124,21,1,3,95722094.48289587,1,1.0
124,21,2,6,72790738.58010021,1,1.0
124,21,3,10,85175832.98141819,1,1.0
124,22,0,2,79534851.75880988,1,1.0
124,22,1,3,71007464.03993079,1,1.0
124,22,2,8,63931805.863824494,1,1.0
124,22,3,10,85733656.23594713,1,1.0
124,23,0,2,65097588.010080524,1,1.0
124,23,1,3,65425214.45226548,1,1.0
124,23,2,8,59219973.35788378,1,1.0
124,23,3,10,80103565.95737459,1,1.0
125,0,0,2,84682959.29683483,1,1.0
125,0,1,4,59438177.34309141,1,1.0
125,0,2,8,60137405.134320356,1,1.0
125,0,3,10,84346479.23991716,1,1.0
125,1,0,2,58268739.55610703,1,1.0
125,1,1,3,74243322.08093753,1,1.0
125,1,2,8,77379240.36245614,1,1.0
125,1,3,10,67300615.41595004,1,1.0
125,2,0,0,65072125.0379373,1,1.0
125,2,1,3,65442268.29788437,1,1.0
125,2,2,8,68938777.44343652,1,1.0
125,2,3,10,93798421.63960016,1,1.0
125,3,0,2,81204216.10011332,1,1.0
125,3,1,4,61827432.759901844,1,1.0
125,3,2,6,60769350.79178586,1,1.0
125,3,3,10,73509204.20009056,1,1.0
125,4,0,2,83360896.10747918,1,1.0
125,4,1,3,71872043.54700743,1,1.0
125,4,2,7,63762137.18347222,1,1.0
125,4,3,10,83478145.83041693,1,1.0
125,5,0,2,54190134.5778497,1,1.0
125,5,1,4,84196501.01813574,1,1.0
125,5,2,8,64721194.01600277,1,1.0
125,5,3,10,66691570.74139616,1,1.0
125,6,0,2,74417006.64827444,1,1.0
125,6,1,3,60403919.37894816,1,1.0
125,6,2,8,79758001.85561624,1,1.0
125,6,3,10,78538413.77286673,1,1.0
125,7,0,2,86969902.57362926,1,1.0
125,7,1,3,66159794.53293654,1,1.0
125,7,2,7,56246857.94897041,1,1.0
125,7,3,10,92655901.29796328,1,1.0
125,8,0,2,78180591.01923782,1,1.0
125,8,1,3,71412045.5019897,1,1.0
125,8,2,7,52222237.366122685,1,1.0
125,8,3,11,74278184.32344602,1,1.0
125,9,0,1,57295440.90295871,1,1.0
125,9,1,3,73721455.8070032,1,1.0
125,9,2,8,84864223.60865681,1,1.0
125,9,3,11,71623118.60020666,1,1.0
125,10,0,1,60830606.81706116,1,1.0
125,10,1,3,70229300.71652097,1,1.0
125,10,2,8,90019932.26579753,1,1.0
125,10,3,10,84191150.78378414,1,1.0
125,11,0,2,76124159.88924597,1,1.0
125,11,1,3,64019790.355505206,1,1.0
125,11,2,8,63596983.91866918,1,1.0
125,11,3,10,84212327.92481773,1,1.0
125,12,0,2,77784035.32780756,1,1.0
125,12,1,3,83272484.81495118,1,1.0
125,12,2,6,58790814.58602812,1,1.0
125,12,3,10,64507216.89662639,1,1.0
125,13,0,2,74461137.83980522,1,1.0
125,13,1,3,89142838.05717015,1,1.0
125,13,2,8,72265812.06406708,1,1.0
125,13,3,10,73659025.0569606,1,1.0
125,14,0,2,87170958.98741141,1,1.0
125,14,1,3,65794006.740570284,1,1.0
125,14,2,8,97340687.73477326,1,1.0
125,14,3,10,93625178.4752823,1,1.0
125,15,0,2,75484202.75033951,1,1.0
125,15,1,3,62635950.35113888,1,1.0
125,15,2,8,76708873.11370298,1,1.0
125,15,3,10,85300321.28300157,1,1.0
125,16,0,2,56893380.093842976,1,1.0
125,16,1,3,82887401.46479298,1,1.0
125,16,2,8,57723845.813272305,1,1.0
125,16,3,10,78674357.86555247,1,1.0
125,17,0,2,70962481.35912141,1,1.0
125,17,1,4,65360522.858069055,1,1.0
125,17,2,8,64399459.73729808,1,1.0
125,17,3,10,84596165.78273277,1,1.0
125,18,0,2,97292042.7396099,1,1.0
125,18,1,4,65325243.832433805,1,1.0
125,18,2,8,63777499.9430108,1,1.0
125,18,3,10,94541111.42194974,1,1.0
125,19,0,2,93559593.4040541,1,1.0
125,19,1,3,72208552.06347667,1,1.0
125,19,2,7,58699210.27241561,1,1.0
125,19,3,10,91213811.7765359,1,1.0
125,20,0,2,64228930.9176116,1,1.0
125,20,1,3,111111437.9720902,1,1.0
125,20,2,7,63780722.711772576,1,1.0
125,20,3,11,70896963.74373642,1,1.0
125,21,0,2,70430254.59346148,1,1.0
125,21,1,4,65944565.99673877,1,1.0
125,21,2,8,68490056.13513225,1,1.0
125,21,3,10,67878441.81289107,1,1.0
125,22,0,0,61764983.4755333,1,1.0
125,22,1,3,89411943.45254505,1,1.0
125,22,2,6,66796019.499449894,1,1.0
125,22,3,10,79837884.74672379,1,1.0
125,23,0,2,69634807.54260178,1,1.0
125,23,1,4,67822232.1311205,1,1.0
125,23,2,8,69085321.06445618,1,1.0
125,23,3,10,98203552.18678363,1,1.0
126,0,0,2,66926961.65953872,1,1.0
126,0,1,3,80488541.38218778,1,1.0
126,0,2,6,53818795.09319938,1,1.0
126,0,3,11,75134220.53623162,1,1.0
126,1,0,2,77700128.64131367,1,1.0
126,1,1,3,84879723.75889939,1,1.0
126,1,2,8,63674895.3250605,1,1.0
126,1,3,10,71480547.4081052,1,1.0
126,2,0,2,66207899.661714524,1,1.0
126,2,1,4,63354849.7882448,1,1.0
126,2,2,8,96860322.2395581,1,1.0
126,2,3,11,88002795.3336268,1,1.0
126,3,0,2,61608168.90285154,1,1.0
126,3,1,4,91539410.66213422,1,1.0
126,3,2,8,77599011.42139827,1,1.0
126,3,3,10,95699225.85326897,1,1.0
126,4,0,2,80085648.45405869,1,1.0
126,4,1,3,84408987.29285055,1,1.0
126,4,2,8,63191082.91161475,1,1.0
126,4,3,11,70936400.99373488,1,1.0
126,5,0,2,57849999.42194698,1,1.0
126,5,1,3,90868857.79311842,1,1.0
126,5,2,8,69800132.7665513,1,1.0
126,5,3,10,76591566.48610699,1,1.0
126,6,0,2,74215913.96958865,1,1.0
126,6,1,3,86844365.51048607,1,1.0
126,6,2,6,58775462.40697897,1,1.0
126,6,3,11,73606904.2683137,1,1.0
126,7,0,2,71841618.52502581,1,1.0
126,7,1,3,65571830.83976657,1,1.0
126,7,2,7,57844706.420426846,1,1.0
126,7,3,10,69865417.23043837,1,1.0
126,8,0,2,74696153.38271688,1,1.0
126,8,1,3,79887895.56776348,1,1.0
126,8,2,8,72115283.66327487,1,1.0
126,8,3,10,71459173.1247153,1,1.0
126,9,0,2,69373922.78370395,1,1.0
126,9,1,3,80081606.46470016,1,1.0
126,9,2,7,66085653.402242504,1,1.0
126,9,3,10,78449955.0312421,1,1.0
126,10,0,0,63953662.88156928,1,1.0
126,10,1,4,60804020.6014902,1,1.0
126,10,2,8,58634577.19924913,1,1.0
126,10,3,10,75904964.3879026,1,1.0
126,11,0,1,55656258.501096055,1,1.0
126,11,1,3,77514465.93598968,1,1.0
126,11,2,6,63432443.92370168,1,1.0
126,11,3,11,79749872.56352057,1,1.0
126,12,0,0,69044421.27435198,1,1.0
126,12,1,4,69216930.53408447,1,1.0
126,12,2,7,67571421.21078661,1,1.0
126,12,3,10,72250708.98893367,1,1.0
126,13,0,2,84727755.3850545,1,1.0
126,13,1,3,83119765.96477306,1,1.0
126,13,2,7,63588981.48952504,1,1.0
126,13,3,10,98053949.77645153,1,1.0
126,14,0,2,107559005.97064374,1,1.0
126,14,1,3,70464201.09240414,1,1.0
126,14,2,8,82821820.17342521,1,1.0
126,14,3,10,83752527.30751052,1,1.0
126,15,0,2,69079948.44281767,1,1.0
126,15,1,3,65552743.16516577,1,1.0
126,15,2,8,77382869.29289931,1,1.0
126,15,3,11,69207309.99739605,1,1.0
126,16,0,2,72690212.00145136,1,1.0
126,16,1,3,84892678.30985121,1,1.0
126,16,2,8,79314497.13511428,1,1.0
126,16,3,9,56146401.241205044,1,1.0
126,17,0,0,76417831.52541521,1,1.0
126,17,1,4,79350280.83954872,1,1.0
126,17,2,8,61616471.871477626,1,1.0
126,17,3,11,72170301.6546119,1,1.0
126,18,0,2,71585181.05764621,1,1.0
126,18,1,4,72011380.22760427,1,1.0
126,18,2,7,62395078.18293299,1,1.0
126,18,3,10,83497183.10897464,1,1.0
126,19,0,0,62197719.68024472,1,1.0
126,19,1,3,88299426.51550049,1,1.0
126,19,2,8,57288033.01910929,1,1.0
126,19,3,10,94075484.52089146,1,1.0
126,20,0,2,85848596.51297627,1,1.0
126,20,1,3,63250451.87196422,1,1.0
126,20,2,7,73858865.54891634,1,1.0
126,20,3,11,71806047.58065227,1,1.0
126,21,0,2,72502346.13513859,1,1.0
126,21,1,3,86655514.97628261,1,1.0
126,21,2,8,81985064.85514879,1,1.0
126,21,3,10,90283669.71871348,1,1.0
126,22,0,2,85813061.47500241,1,1.0
126,22,1,3,117546228.81250876,1,1.0
126,22,2,8,66433326.955596626,1,1.0
126,22,3,10,96930707.19117063,1,1.0
126,23,0,2,82958154.20093174,1,1.0
126,23,1,3,67996216.85356814,1,1.0
126,23,2,8,63757655.73076356,1,1.0
126,23,3,10,89003450.6451973,1,1.0
127,0,0,2,87351634.0040279,1,1.0
127,0,1,3,67139872.34696902,1,1.0
127,0,2,8,59689712.64868849,1,1.0
127,0,3,10,64693656.53321241,1,1.0
127,1,0,2,59397489.59866004,1,1.0
127,1,1,3,88224383.4661666,1,1.0
127,1,2,8,57623717.20882733,1,1.0
127,1,3,10,86769127.45436108,1,1.0
127,2,0,0,62080021.022996835,1,1.0
127,2,1,3,62550904.75470655,1,1.0
127,2,2,8,73112403.72207141,1,1.0
127,2,3,10,65965929.09662908,1,1.0
127,3,0,0,56498370.36549467,1,1.0
127,3,1,3,62996516.95446009,1,1.0
127,3,2,8,65556161.28419947,1,1.0
127,3,3,10,68923516.79789466,1,1.0
127,4,0,1,58290470.65318927,1,1.0
127,4,1,3,68331124.09564812,1,1.0
127,4,2,8,97564707.15992859,1,1.0
127,4,3,10,72418688.46101649,1,1.0
127,5,0,2,55614225.876901485,1,1.0
127,5,1,3,77175974.33451992,1,1.0
127,5,2,7,65664302.181182034,1,1.0
127,5,3,10,68304813.2911495,1,1.0
127,6,0,2,82503507.58580768,1,1.0
127,6,1,3,67284170.23590373,1,1.0
127,6,2,8,64836182.30334643,1,1.0
127,6,3,10,76344830.06400149,1,1.0
127,7,0,2,79925382.21024047,1,1.0
127,7,1,3,74963480.24607436,1,1.0
127,7,2,8,59725002.744083636,1,1.0
127,7,3,10,78113151.99003886,1,1.0
127,8,0,2,93972518.70905367,1,1.0
127,8,1,3,68825281.05568576,1,1.0
127,8,2,8,83504001.59404284,1,1.0
127,8,3,10,102267410.45545857,1,1.0
127,9,0,2,72751883.81010002,1,1.0
127,9,1,3,69195134.83271047,1,1.0
127,9,2,7,57912304.53455227,1,1.0
127,9,3,11,66974031.97870899,1,1.0
127,10,0,0,60754657.67776542,1,1.0
127,10,1,3,66513834.86278457,1,1.0
127,10,2,8,60557453.64019242,1,1.0
127,10,3,11,70491595.04912142,1,1.0
127,11,0,2,63817058.24024867,1,1.0
127,11,1,3,77879981.16123775,1,1.0
127,11,2,8,79118507.19414741,1,1.0
127,11,3,11,81713521.15048744,1,1.0
127,12,0,2,54468510.01308151,1,1.0
127,12,1,3,82818146.17294152,1,1.0
127,12,2,8,61414449.29098371,1,1.0
127,12,3,10,84533956.90488786,1,1.0
127,13,0,2,63898775.86447982,1,1.0
127,13,1,4,63914485.26023554,1,1.0
127,13,2,8,66087858.28274017,1,1.0
127,13,3,10,96714022.22863616,1,1.0
127,14,0,0,57930178.724103756,1,1.0
127,14,1,4,63153327.59109237,1,1.0
127,14,2,8,84749778.72563492,1,1.0
127,14,3,10,93484754.11064725,1,1.0
127,15,0,2,68006879.19190395,1,1.0
127,15,1,3,71718475.63087828,1,1.0
127,15,2,8,69660921.84826955,1,1.0
127,15,3,10,94297473.79984465,1,1.0
127,16,0,0,64718366.82283349,1,1.0
127,16,1,3,63864648.57232872,1,1.0
127,16,2,8,78158941.70257144,1,1.0
127,16,3,10,73958930.75232293,1,1.0
127,17,0,2,70300838.43429437,1,1.0
127,17,1,3,61317004.47861798,1,1.0
127,17,2,8,69705760.56629074,1,1.0
127,17,3,10,97007977.11094448,1,1.0
127,18,0,2,56661539.59692411,1,1.0
127,18,1,3,78571803.87714393,1,1.0
127,18,2,7,63272206.2257378,1,1.0
127,18,3,11,83378143.45519269,1,1.0
127,19,0,2,63978876.56002542,1,1.0
127,19,1,3,87910760.5739957,1,1.0
127,19,2,8,69954187.35202636,1,1.0
127,19,3,10,90977804.44797088,1,1.0
127,20,0,0,76027331.97979948,1,1.0
127,20,1,3,61610673.65224039,1,1.0
127,20,2,8,77918010.57060024,1,1.0
127,20,3,10,75252926.0556347,1,1.0
127,21,0,2,71916976.41352485,1,1.0
127,21,1,3,63001555.790786564,1,1.0
127,21,2,8,66846340.78655188,1,1.0
127,21,3,10,88366418.35964704,1,1.0
127,22,0,2,65868626.198435515,1,1.0
127,22,1,3,92708636.62060046,1,1.0
127,22,2,8,60352100.03951652,1,1.0
127,22,3,10,78220974.76607306,1,1.0
127,23,0,2,69025760.03406875,1,1.0
127,23,1,3,70072773.68285778,1,1.0
127,23,2,7,57872392.928661376,1,1.0
127,23,3,10,91836773.17899196,1,1.0
128,0,0,2,76591796.8727517,1,1.0
128,0,1,3,72590430.47619104,1,1.0
128,0,2,8,61504227.82423374,1,1.0
128,0,3,11,85113479.27684997,1,1.0
128,1,0,0,62827541.713804044,1,1.0
128,1,1,3,84298914.5727294,1,1.0
128,1,2,8,73865274.4691254,1,1.0
128,1,3,10,75881135.55888878,1,1.0
128,2,0,1,59512366.14658775,1,1.0
128,2,1,3,83117024.01981555,1,1.0
128,2,2,7,55720157.98401279,1,1.0
128,2,3,11,70880463.1792596,1,1.0
128,3,0,0,61202037.16515461,1,1.0
128,3,1,3,84644918.81067881,1,1.0
128,3,2,8,79246591.87407638,1,1.0
128,3,3,10,90091579.01797283,1,1.0
128,4,0,2,76632760.4781423,1,1.0
128,4,1,4,70164675.68526371,1,1.0
128,4,2,8,55511222.389342934,1,1.0
128,4,3,11,77868343.03273293,1,1.0
128,5,0,2,80408013.99397787,1,1.0
128,5,1,3,80628356.48860969,1,1.0
128,5,2,8,77629311.19262537,1,1.0
128,5,3,10,75424975.41326885,1,1.0
128,6,0,2,60774500.7565549,1,1.0
128,6,1,3,80369830.23551042,1,1.0
128,6,2,8,67063591.1267468,1,1.0
128,6,3,10,75852457.75042139,1,1.0
128,7,0,2,83439072.59302619,1,1.0
128,7,1,3,77585701.81660219,1,1.0
128,7,2,7,55789289.21763091,1,1.0
128,7,3,10,73244139.1657278,1,1.0
128,8,0,2,78959521.96348077,1,1.0
128,8,1,4,65052544.01335318,1,1.0
128,8,2,6,58968181.38677582,1,1.0
128,8,3,10,71780239.17125018,1,1.0
128,9,0,2,71698531.40296458,1,1.0
128,9,1,3,85327877.76005033,1,1.0
128,9,2,8,77567252.16803694,1,1.0
128,9,3,11,73854116.95893,1,1.0
128,10,0,1,57561171.57219404,1,1.0
128,10,1,3,67936362.49122608,1,1.0
128,10,2,8,76549116.99709064,1,1.0
128,10,3,10,105677871.798097,1,1.0
128,11,0,1,62152528.62778226,1,1.0
128,11,1,3,69363641.68873572,1,1.0
128,11,2,6,61512284.40046136,1,1.0
128,11,3,10,70732607.75658983,1,1.0
128,12,0,2,77697573.85538788,1,1.0
128,12,1,3,76587051.63763715,1,1.0
128,12,2,6,67283598.99470954,1,1.0
128,12,3,10,90044887.77063805,1,1.0
128,13,0,2,62025975.802861854,1,1.0
128,13,1,4,68435038.22215036,1,1.0
128,13,2,8,73741867.23018646,1,1.0
128,13,3,10,82987886.62944466,1,1.0
128,14,0,2,77655890.85460438,1,1.0
128,14,1,3,84948228.63772628,1,1.0
128,14,2,7,57932425.67910655,1,1.0
128,14,3,11,65758675.00527679,1,1.0
128,15,0,0,54099811.63401625,1,1.0
128,15,1,3,64873812.40109658,1,1.0
128,15,2,8,84737149.23331356,1,1.0
128,15,3,10,62777938.89366588,1,1.0
128,16,0,0,63446530.989422075,1,1.0
128,16,1,3,95782911.2550231,1,1.0
128,16,2,6,64830919.54717416,1,1.0
128,16,3,10,83462938.02260512,1,1.0
128,17,0,2,86895842.17369182,1,1.0
128,17,1,3,75104275.79086584,1,1.0
128,17,2,8,87385464.22224732,1,1.0
128,17,3,10,69595737.6779864,1,1.0
128,18,0,2,64650011.36099637,1,1.0
128,18,1,4,65874896.81841693,1,1.0
128,18,2,8,81966566.20491208,1,1.0
128,18,3,10,83020972.27408008,1,1.0
128,19,0,2,79303670.9625763,1,1.0
128,19,1,3,75562810.74954389,1,1.0
128,19,2,7,54977085.75453548,1,1.0
128,19,3,11,69443080.56653184,1,1.0
128,20,0,2,70176272.61404413,1,1.0
128,20,1,4,74130811.43899712,1,1.0
128,20,2,6,57914488.5998616,1,1.0
128,20,3,10,67618944.42570266,1,1.0
128,21,0,2,77693562.43688987,1,1.0
128,21,1,3,81845349.95025732,1,1.0
128,21,2,8,69488813.53962946,1,1.0
128,21,3,11,64969080.00631575,1,1.0
128,22,0,2,72477300.30885123,1,1.0
128,22,1,4,82021718.1273141,1,1.0
128,22,2,8,57007137.01893458,1,1.0
128,22,3,10,82725294.1175932,1,1.0
128,23,0,2,65360415.71707701,1,1.0
128,23,1,3,69110694.6573893,1,1.0
128,23,2,7,71804447.11440387,1,1.0
128,23,3,11,68541219.64166886,1,1.0
129,0,0,2,66682792.309411965,1,1.0
129,0,1,3,64077210.33619562,1,1.0
129,0,2,8,71959348.28411439,1,1.0
129,0,3,11,68110976.3516994,1,1.0
129,1,0,1,72264732.06847528,1,1.0
129,1,1,3,98304201.49204826,1,1.0
129,1,2,8,81477075.87278156,1,1.0
129,1,3,10,65183981.01086851,1,1.0
129,2,0,2,92756941.781249,1,1.0
129,2,1,3,63828717.133492514,1,1.0
129,2,2,8,58824038.56889593,1,1.0
129,2,3,10,80667390.25772263,1,1.0
129,3,0,0,61921756.56403164,1,1.0
129,3,1,3,71179538.15125124,1,1.0
129,3,2,8,64057001.65805151,1,1.0
129,3,3,10,68193883.25406317,1,1.0
129,4,0,2,62183845.330905706,1,1.0
129,4,1,3,65210192.91543055,1,1.0
129,4,2,8,65438098.92907081,1,1.0
129,4,3,11,64863450.794351205,1,1.0
129,5,0,2,79965607.93756093,1,1.0
129,5,1,3,74721252.09990422,1,1.0
129,5,2,6,60463941.01418232,1,1.0
129,5,3,10,74671033.74495824,1,1.0
129,6,0,2,109410021.16052893,1,1.0
129,6,1,3,75166764.3105809,1,1.0
129,6,2,8,74964992.5628865,1,1.0
129,6,3,11,73051933.71307899,1,1.0
129,7,0,2,73880624.52582909,1,1.0
129,7,1,3,71259919.57909681,1,1.0
129,7,2,6,77330195.02226582,1,1.0
129,7,3,10,62329430.61819778,1,1.0
129,8,0,2,63631621.4604273,1,1.0
129,8,1,3,68489687.29849651,1,1.0
129,8,2,8,56904867.19828844,1,1.0
129,8,3,11,85680772.04400519,1,1.0
129,9,0,2,68218127.11484526,1,1.0
129,9,1,4,67767336.60291554,1,1.0
129,9,2,8,64850846.277650304,1,1.0
129,9,3,10,71787954.18514849,1,1.0
129,10,0,2,73211357.7699494,1,1.0
129,10,1,3,71641507.62335865,1,1.0
129,10,2,8,60541252.96656449,1,1.0
129,10,3,10,82992818.75592586,1,1.0
129,11,0,2,63634236.418483935,1,1.0
129,11,1,3,87323126.81052965,1,1.0
129,11,2,8,79091992.9295546,1,1.0
129,11,3,10,77829422.1278365,1,1.0
129,12,0,2,92961155.5273654,1,1.0
129,12,1,3,89087603.17054531,1,1.0
129,12,2,6,66116650.45615496,1,1.0
129,12,3,10,93220092.71904066,1,1.0
129,13,0,2,59700839.218103856,1,1.0
129,13,1,3,61262501.97835826,1,1.0
129,13,2,7,64281559.250219546,1,1.0
129,13,3,10,72345160.3225323,1,1.0
129,14,0,2,65687102.32791929,1,1.0
129,14,1,3,70349850.3241057,1,1.0
129,14,2,8,77122508.58886757,1,1.0
129,14,3,10,76763843.10832246,1,1.0
129,15,0,2,73887224.75947778,1,1.0
129,15,1,4,63844034.603186205,1,1.0
129,15,2,8,55110033.106520094,1,1.0
129,15,3,10,74250061.85107419,1,1.0
129,16,0,2,62707605.65458413,1,1.0
129,16,1,3,69119027.28091611,1,1.0
129,16,2,8,62348493.68545333,1,1.0
129,16,3,10,68159183.46768473,1,1.0
129,17,0,2,76368789.4215535,1,1.0
129,17,1,3,66345679.1227475,1,1.0
129,17,2,8,96523894.10206899,1,1.0
129,17,3,11,71210306.83802883,1,1.0
129,18,0,2,78261333.80921635,1,1.0
129,18,1,3,56529283.22585812,1,1.0
129,18,2,8,81212847.05127226,1,1.0
129,18,3,10,89262929.64235282,1,1.0
129,19,0,2,88525944.46450171,1,1.0
129,19,1,3,79604221.37893811,1,1.0
129,19,2,8,61081070.91520263,1,1.0
129,19,3,11,70307511.78536409,1,1.0
129,20,0,2,73304338.79280676,1,1.0
129,20,1,3,67401069.7259267,1,1.0
129,20,2,8,91105091.06217924,1,1.0
129,20,3,10,71975957.50152233,1,1.0
129,21,0,0,53956850.55250277,1,1.0
129,21,1,3,90678782.02209352,1,1.0
129,21,2,8,69355670.5969288,1,1.0
129,21,3,10,64751763.24981553,1,1.0
129,22,0,2,81952077.52760059,1,1.0
129,22,1,3,68134099.04196385,1,1.0
129,22,2,8,71278927.091283,1,1.0
129,22,3,11,71812942.8056015,1,1.0
129,23,0,1,56842519.624057114,1,1.0
129,23,1,3,74088363.86745828,1,1.0
129,23,2,6,65818659.508077495,1,1.0
129,23,3,10,68991131.49808037,1,1.0
130,0,0,2,67894831.33242294,1,1.0
130,0,1,3,58536336.281172745,1,1.0
130,0,2,8,65354538.314780176,1,1.0
130,0,3,10,77343661.81577814,1,1.0
130,1,0,2,53910783.970032625,1,1.0
130,1,1,4,61617459.12352192,1,1.0
130,1,2,7,55881365.039919876,1,1.0
130,1,3,10,78244456.65357718,1,1.0
130,2,0,2,67993911.63542207,1,1.0
130,2,1,3,90716713.79353295,1,1.0
130,2,2,8,60238312.92390658,1,1.0
130,2,3,11,66988358.28103593,1,1.0
130,3,0,2,82573248.76804346,1,1.0
130,3,1,4,61917305.77036641,1,1.0
130,3,2,7,58957412.989468046,1,1.0
130,3,3,10,61675123.12069521,1,1.0
130,4,0,0,81562138.50729305,1,1.0
130,4,1,4,81908428.76327261,1,1.0
130,4,2,6,59995075.53810562,1,1.0
130,4,3,10,101876590.40948926,1,1.0
130,5,0,2,56532483.630353756,1,1.0
130,5,1,3,78011030.46183828,1,1.0
130,5,2,8,83862630.79383467,1,1.0
130,5,3,10,77501679.55030715,1,1.0
130,6,0,2,66440981.32815589,1,1.0
130,6,1,3,87640855.76520823,1,1.0
130,6,2,8,57705220.832900524,1,1.0
130,6,3,10,76017233.77389143,1,1.0
130,7,0,2,73053354.17630228,1,1.0
130,7,1,3,96753009.28851357,1,1.0
130,7,2,8,81468161.65890051,1,1.0
130,7,3,11,98792711.83970907,1,1.0
130,8,0,2,72328389.41542338,1,1.0
130,8,1,3,76511477.50224017,1,1.0
130,8,2,8,63625850.78149079,1,1.0
130,8,3,10,95640535.34110951,1,1.0
130,9,0,2,75072830.13862485,1,1.0
130,9,1,3,79424220.84560865,1,1.0
130,9,2,7,72054259.48832421,1,1.0
130,9,3,10,75089914.61062077,1,1.0
130,10,0,2,77988245.64293206,1,1.0
130,10,1,3,70115702.29859349,1,1.0
130,10,2,8,70662755.78277533,1,1.0
130,10,3,10,71747609.53631324,1,1.0
130,11,0,2,61234708.39594605,1,1.0
130,11,1,4,77000484.28033797,1,1.0
130,11,2,7,68490328.18143922,1,1.0
130,11,3,10,72616896.23768957,1,1.0
130,12,0,2,67702418.62443282,1,1.0
130,12,1,3,82859797.56410304,1,1.0
130,12,2,8,66069545.801256366,1,1.0
130,12,3,10,67160748.96451217,1,1.0
130,13,0,2,72761551.84798934,1,1.0
130,13,1,3,58672493.98536521,1,1.0
130,13,2,8,62243448.16743515,1,1.0
130,13,3,10,82412568.12247837,1,1.0
130,14,0,2,78826939.57604383,1,1.0
130,14,1,3,62140359.92980756,1,1.0
130,14,2,7,61311896.48976647,1,1.0
130,14,3,10,75002939.73892446,1,1.0
130,15,0,2,63192290.28895621,1,1.0
130,15,1,3,82421239.68370908,1,1.0
130,15,2,8,68284719.70489438,1,1.0
130,15,3,10,106212922.33418931,1,1.0
130,16,0,2,68189620.25656132,1,1.0
130,16,1,3,75414242.37267825,1,1.0
130,16,2,8,94246188.59783572,1,1.0
130,16,3,10,73042019.89920837,1,1.0
130,17,0,2,84915339.50673294,1,1.0
130,17,1,4,79447770.4946411,1,1.0
130,17,2,6,71309321.32107489,1,1.0
130,17,3,10,77558265.4272948,1,1.0
130,18,0,0,53923706.72181084,1,1.0
130,18,1,3,71791104.30696496,1,1.0
130,18,2,8,73464087.96622787,1,1.0
130,18,3,11,68023202.16253443,1,1.0
130,19,0,2,73086886.6372106,1,1.0
130,19,1,4,63487172.40890073,1,1.0
130,19,2,8,86712811.67556378,1,1.0
130,19,3,11,69879974.38629031,1,1.0
130,20,0,2,70015663.05607368,1,1.0
130,20,1,4,80060457.32230997,1,1.0
130,20,2,7,53213904.92384109,1,1.0
130,20,3,10,71569654.00706965,1,1.0
130,21,0,2,91505425.60548553,1,1.0
130,21,1,3,74582920.57057732,1,1.0
130,21,2,7,58903782.46286416,1,1.0
130,21,3,10,83804159.0179406,1,1.0
130,22,0,2,84019266.9583461,1,1.0
130,22,1,4,57085818.05902155,1,1.0
130,22,2,7,63414620.41407997,1,1.0
130,22,3,11,67092903.18343015,1,1.0
130,23,0,2,68626198.29920554,1,1.0
130,23,1,3,64585573.86761499,1,1.0
130,23,2,8,68009695.90842098,1,1.0
130,23,3,11,68348512.75304031,1,1.0
131,0,0,2,64431315.94877581,1,1.0
131,0,1,3,75771073.46047059,1,1.0
131,0,2,6,57797032.45591392,1,1.0
131,0,3,10,68698643.66157222,1,1.0
131,1,0,0,61654098.09874777,1,1.0
131,1,1,3,87308065.72430764,1,1.0
131,1,2,6,61348269.37201772,1,1.0
131,1,3,10,82482678.32778539,1,1.0
131,2,0,2,75259720.34112276,1,1.0
131,2,1,3,67268813.88780545,1,1.0
131,2,2,8,68133954.95419815,1,1.0
131,2,3,10,68194011.15030538,1,1.0
131,3,0,2,97965331.76390602,1,1.0
131,3,1,3,72721955.16270341,1,1.0
131,3,2,8,75544534.17443788,1,1.0
131,3,3,10,86674311.3261404,1,1.0
131,4,0,2,85754235.04118903,1,1.0
131,4,1,4,72488742.38229004,1,1.0
131,4,2,7,56684878.009403914,1,1.0
131,4,3,10,82121621.10981147,1,1.0
131,5,0,2,58198609.8193433,1,1.0
131,5,1,3,63039529.01648112,1,1.0
131,5,2,8,73779185.13528961,1,1.0
131,5,3,10,66029798.111862235,1,1.0
131,6,0,2,84391396.63733485,1,1.0
131,6,1,3,77200583.28073433,1,1.0
131,6,2,8,79114724.56716642,1,1.0
131,6,3,10,80789100.40523726,1,1.0
131,7,0,1,54110873.25727927,1,1.0
131,7,1,3,86515420.33791989,1,1.0
131,7,2,8,74296271.73960184,1,1.0
131,7,3,10,72551497.9886647,1,1.0
131,8,0,0,67205238.53351676,1,1.0
131,8,1,4,61801694.703872,1,1.0
131,8,2,8,73048924.85411409,1,1.0
131,8,3,10,78902252.33156374,1,1.0
131,9,0,2,68975272.57301757,1,1.0
131,9,1,3,72138064.63269846,1,1.0
131,9,2,8,72222801.98471595,1,1.0
131,9,3,10,85495698.0095328,1,1.0
131,10,0,2,74366214.48260003,1,1.0
131,10,1,3,77819606.1565778,1,1.0
131,10,2,8,72035167.90358162,1,1.0
131,10,3,10,68779962.74132174,1,1.0
131,11,0,2,69371702.30274723,1,1.0
131,11,1,3,61561531.15271418,1,1.0
131,11,2,8,70772607.23304355,1,1.0
131,11,3,10,69204017.49610816,1,1.0
131,12,0,2,66868823.46489338,1,1.0
131,12,1,3,78839211.51848899,1,1.0
131,12,2,8,68028071.74138369,1,1.0
131,12,3,10,88616790.4110249,1,1.0
131,13,0,2,81017688.17499165,1,1.0
131,13,1,3,77403050.71939366,1,1.0
131,13,2,7,67206996.49575125,1,1.0
131,13,3,10,90121388.42091943,1,1.0
131,14,0,2,82409875.29039569,1,1.0
131,14,1,4,74248694.15479049,1,1.0
131,14,2,7,64530092.94854661,1,1.0
131,14,3,10,79509275.91717017,1,1.0
131,15,0,2,60017428.105701625,1,1.0
131,15,1,4,72343716.94589815,1,1.0
131,15,2,8,62196747.82484366,1,1.0
131,15,3,11,73352713.13315503,1,1.0
131,16,0,2,78181930.50322078,1,1.0
131,16,1,3,59915120.76275529,1,1.0
131,16,2,6,62942536.89946524,1,1.0
131,16,3,10,87084828.44771178,1,1.0
131,17,0,2,71719989.82843083,1,1.0
131,17,1,3,58993011.85156362,1,1.0
131,17,2,8,68092925.62382339,1,1.0
131,17,3,10,73004338.76701073,1,1.0
131,18,0,2,81145118.0322222,1,1.0
131,18,1,3,75979061.75267026,1,1.0
131,18,2,8,74772778.65842049,1,1.0
131,18,3,10,76617407.0649672,1,1.0
131,19,0,1,64284274.166128404,1,1.0
131,19,1,4,66269136.86121805,1,1.0
131,19,2,8,86825141.86714886,1,1.0
131,19,3,11,72018917.58737975,1,1.0
131,20,0,2,61816968.15102415,1,1.0
131,20,1,3,87844561.91973896,1,1.0
131,20,2,8,64284505.90028329,1,1.0
131,20,3,10,64344544.07347634,1,1.0
131,21,0,2,63509785.77478836,1,1.0
131,21,1,3,66587900.26259672,1,1.0
131,21,2,6,58155410.3300911,1,1.0
131,21,3,10,86932260.1445533,1,1.0
131,22,0,2,82143911.17387596,1,1.0
131,22,1,3,61899068.38198284,1,1.0
131,22,2,8,69669594.39087607,1,1.0
131,22,3,10,70815401.73855506,1,1.0
131,23,0,2,62265421.08531947,1,1.0
131,23,1,3,77199420.35932802,1,1.0
131,23,2,8,63938159.51185523,1,1.0
131,23,3,10,89377017.58441092,1,1.0
132,0,0,2,80174203.2451205,1,1.0
132,0,1,4,71217226.40869123,1,1.0
132,0,2,8,54440009.70189004,1,1.0
132,0,3,10,73608385.00525324,1,1.0
132,1,0,2,98589627.34231877,1,1.0
132,1,1,3,58961343.36501067,1,1.0
132,1,2,8,61529829.70561485,1,1.0
132,1,3,10,66088591.6371077,1,1.0
132,2,0,2,86717294.77726181,1,1.0
132,2,1,3,61002015.08756134,1,1.0
132,2,2,8,60953009.07944876,1,1.0
132,2,3,10,90474652.59705098,1,1.0
132,3,0,2,69544169.31984225,1,1.0
132,3,1,3,83011950.06500596,1,1.0
132,3,2,8,63883162.11654797,1,1.0
132,3,3,10,71553087.74663432,1,1.0
132,4,0,0,54957147.025399685,1,1.0
132,4,1,3,83261349.43694955,1,1.0
132,4,2,7,71194843.13362043,1,1.0
132,4,3,11,71462388.56681345,1,1.0
132,5,0,2,90012657.25885913,1,1.0
132,5,1,3,68340704.67065743,1,1.0
132,5,2,8,82850624.34743348,1,1.0
132,5,3,10,69484611.84018414,1,1.0
132,6,0,1,54910825.99306556,1,1.0
132,6,1,4,70241327.77719027,1,1.0
132,6,2,8,66502916.75097782,1,1.0
132,6,3,10,89444985.50904037,1,1.0
132,7,0,0,61138185.47056411,1,1.0
132,7,1,4,73639611.46239495,1,1.0
132,7,2,8,67609907.2216998,1,1.0
132,7,3,11,76189263.68973847,1,1.0
132,8,0,2,74185436.4165931,1,1.0
132,8,1,3,81741700.34527194,1,1.0
132,8,2,6,56123208.12132987,1,1.0
132,8,3,11,90094819.37212498,1,1.0
132,9,0,2,64184184.67944878,1,1.0
132,9,1,3,84106231.15405056,1,1.0
132,9,2,8,87412685.28785697,1,1.0
132,9,3,11,76492495.68954729,1,1.0
132,10,0,2,73691036.80150382,1,1.0
132,10,1,3,91823589.08398327,1,1.0
132,10,2,8,70955875.90009423,1,1.0
132,10,3,10,75085309.72950207,1,1.0
132,11,0,2,68621173.56402725,1,1.0
132,11,1,3,73580060.29717815,1,1.0
132,11,2,7,66002925.999839336,1,1.0
132,11,3,10,93783070.9751191,1,1.0
132,12,0,2,67931996.64451867,1,1.0
132,12,1,3,68572499.72364962,1,1.0
132,12,2,8,82282608.97081527,1,1.0
132,12,3,10,68858342.27077085,1,1.0
132,13,0,2,66934061.60252499,1,1.0
132,13,1,4,76329468.98197855,1,1.0
132,13,2,8,87110552.82600002,1,1.0
132,13,3,10,70023313.68342793,1,1.0
132,14,0,0,64408173.56445041,1,1.0
132,14,1,3,72327784.92189357,1,1.0
132,14,2,6,71424852.51790443,1,1.0
132,14,3,10,86801817.99194989,1,1.0
132,15,0,2,78332924.64382178,1,1.0
132,15,1,4,66614626.64495474,1,1.0
132,15,2,8,85108476.51848127,1,1.0
132,15,3,10,73722606.04782836,1,1.0
132,16,0,2,79474636.52409306,1,1.0
132,16,1,3,108949702.15555552,1,1.0
132,16,2,8,57815609.405129634,1,1.0
132,16,3,10,65033500.18582231,1,1.0
132,17,0,2,76227717.08080308,1,1.0
132,17,1,3,78606110.10432842,1,1.0
132,17,2,8,65843949.84165445,1,1.0
132,17,3,10,86666046.49513985,1,1.0
132,18,0,1,67025441.20646274,1,1.0
132,18,1,3,88930315.4907816,1,1.0
132,18,2,8,72356626.77708632,1,1.0
132,18,3,10,77817665.03634824,1,1.0
132,19,0,2,70283345.36707182,1,1.0
132,19,1,3,72177796.84877901,1,1.0
132,19,2,6,65853681.917734385,1,1.0
132,19,3,10,89915926.20124759,1,1.0
132,20,0,0,66060825.16489164,1,1.0
132,20,1,3,61526309.32309468,1,1.0
132,20,2,8,59007000.83813788,1,1.0
132,20,3,10,66826636.9081036,1,1.0
132,21,0,2,73466893.64207901,1,1.0
132,21,1,3,68373281.40832025,1,1.0
132,21,2,8,79985454.48545603,1,1.0
132,21,3,10,67233286.26802644,1,1.0
132,22,0,2,61423310.02392041,1,1.0
132,22,1,3,82185841.25606853,1,1.0
132,22,2,8,70052041.67337416,1,1.0
132,22,3,10,70663695.62968591,1,1.0
132,23,0,1,59546498.309502915,1,1.0
132,23,1,3,76290798.80418482,1,1.0
132,23,2,8,61099461.11188816,1,1.0
132,23,3,10,82234224.64441441,1,1.0
133,0,0,2,80886577.99091426,1,1.0
133,0,1,4,79515623.08872014,1,1.0
133,0,2,8,66239341.400108024,1,1.0
133,0,3,10,66644929.77868748,1,1.0
133,1,0,2,84613126.85270426,1,1.0
133,1,1,3,69370534.76772892,1,1.0
133,1,2,8,67569035.70675565,1,1.0
133,1,3,10,67950088.46162492,1,1.0
133,2,0,2,78824552.61387497,1,1.0
133,2,1,3,84604819.72719938,1,1.0
133,2,2,8,81290296.3979323,1,1.0
133,2,3,11,77844003.57035092,1,1.0
133,3,0,0,64397145.935021445,1,1.0
133,3,1,3,93879005.593488,1,1.0
133,3,2,8,63619259.85603563,1,1.0
133,3,3,10,101860401.57752743,1,1.0
133,4,0,2,57725262.55963977,1,1.0
133,4,1,3,77734730.0215401,1,1.0
133,4,2,8,63712653.545646705,1,1.0
133,4,3,11,73720042.94039464,1,1.0
133,5,0,0,63015585.698798485,1,1.0
133,5,1,3,57876864.45181535,1,1.0
133,5,2,7,62296748.382174976,1,1.0
133,5,3,11,72142352.08598393,1,1.0
133,6,0,2,81992534.83907443,1,1.0
133,6,1,3,68422529.8231411,1,1.0
133,6,2,8,75142750.39236769,1,1.0
133,6,3,10,73917373.81885847,1,1.0
133,7,0,2,97576321.65919645,1,1.0
133,7,1,3,68225392.57463756,1,1.0
133,7,2,8,69952590.32601228,1,1.0
133,7,3,11,68152628.1791348,1,1.0
133,8,0,2,67275559.65773764,1,1.0
133,8,1,4,59785894.29191127,1,1.0
133,8,2,8,52958683.92405959,1,1.0
133,8,3,11,72406232.60643552,1,1.0
133,9,0,2,62004123.400446355,1,1.0
133,9,1,4,69122916.54110602,1,1.0
133,9,2,8,55384329.64066356,1,1.0
133,9,3,10,82725145.12645827,1,1.0
133,10,0,2,62115456.5212273,1,1.0
133,10,1,4,68999546.96893157,1,1.0
133,10,2,8,66876704.397850186,1,1.0
133,10,3,10,88533003.4170605,1,1.0
133,11,0,2,69136665.32705848,1,1.0
133,11,1,4,60258493.506867394,1,1.0
133,11,2,8,59016785.916133516,1,1.0
133,11,3,11,81783077.62673044,1,1.0
133,12,0,2,78601437.95474394,1,1.0
133,12,1,3,88675849.99541488,1,1.0
133,12,2,6,64959228.50364448,1,1.0
133,12,3,10,83639747.66965687,1,1.0
133,13,0,2,92194148.76125975,1,1.0
133,13,1,4,75310868.22329108,1,1.0
133,13,2,8,91910331.19014148,1,1.0
133,13,3,10,95029228.51818877,1,1.0
133,14,0,2,54207615.48581615,1,1.0
133,14,1,4,74234380.21156466,1,1.0
133,14,2,8,77040807.7096573,1,1.0
133,14,3,11,66416341.53072892,1,1.0
133,15,0,1,64595917.99725621,1,1.0
133,15,1,4,68776610.40268968,1,1.0
133,15,2,6,69729200.72683935,1,1.0
133,15,3,11,67483626.73199147,1,1.0
133,16,0,2,71838946.69197835,1,1.0
133,16,1,4,60935266.022790045,1,1.0
133,16,2,8,64665128.44326639,1,1.0
133,16,3,10,76445211.80358191,1,1.0
133,17,0,0,55150788.932663746,1,1.0
133,17,1,3,82680177.73277594,1,1.0
133,17,2,8,71730805.20817432,1,1.0
133,17,3,10,74583863.56815122,1,1.0
133,18,0,2,87036506.17018878,1,1.0
133,18,1,3,109808412.79360794,1,1.0
133,18,2,8,69054920.76756223,1,1.0
133,18,3,10,83104313.56603408,1,1.0
133,19,0,2,78634657.57640836,1,1.0
133,19,1,4,63805022.479968406,1,1.0
133,19,2,8,70043109.95562941,1,1.0
133,19,3,10,77360962.29841092,1,1.0
133,20,0,2,81037038.37992415,1,1.0
133,20,1,3,86900261.6166595,1,1.0
133,20,2,6,71633158.08906353,1,1.0
133,20,3,11,69140480.69455205,1,1.0
133,21,0,1,63444793.39267603,1,1.0
133,21,1,3,72991404.14865506,1,1.0
133,21,2,7,61573848.03706277,1,1.0
133,21,3,10,72758504.80657429,1,1.0
133,22,0,2,75412277.02083236,1,1.0
133,22,1,3,73572768.13880867,1,1.0
133,22,2,8,76905057.32172534,1,1.0
133,22,3,10,85298922.48438899,1,1.0
133,23,0,2,81419416.52212664,1,1.0
133,23,1,4,64443068.372255735,1,1.0
133,23,2,8,64658495.28657222,1,1.0
133,23,3,10,68626591.61071295,1,1.0
134,0,0,0,70992259.64148249,1,1.0
134,0,1,3,66805637.06416478,1,1.0
134,0,2,8,58656468.6301175,1,1.0
134,0,3,10,85824237.54479407,1,1.0
134,1,0,2,66646905.099013805,1,1.0
134,1,1,4,77685809.65821658,1,1.0
134,1,2,8,82647174.12646401,1,1.0
134,1,3,10,89346113.62343428,1,1.0
134,2,0,2,71428774.22091068,1,1.0
134,2,1,3,81089102.19281141,1,1.0
134,2,2,6,57408644.65562095,1,1.0
134,2,3,10,82517013.22048779,1,1.0
134,3,0,2,75529429.22790033,1,1.0
134,3,1,3,86702918.30647416,1,1.0
134,3,2,7,59566815.203467645,1,1.0
134,3,3,10,99496408.07028732,1,1.0
134,4,0,2,66956261.51193782,1,1.0
134,4,1,3,65489448.069093816,1,1.0
134,4,2,8,58633592.65693448,1,1.0
134,4,3,10,96162315.75785471,1,1.0
134,5,0,2,82574586.0049152,1,1.0
134,5,1,3,110571139.55965841,1,1.0
134,5,2,8,65382713.80857663,1,1.0
134,5,3,10,70555386.89096569,1,1.0
134,6,0,0,75383772.7952766,1,1.0
134,6,1,3,57999155.40137107,1,1.0
134,6,2,8,77736750.11444177,1,1.0
134,6,3,10,85727914.29751326,1,1.0
134,7,0,0,62708887.96597856,1,1.0
134,7,1,3,79798630.60713081,1,1.0
134,7,2,8,73459215.03818162,1,1.0
134,7,3,11,67434854.8868442,1,1.0
134,8,0,2,66299075.09971046,1,1.0
134,8,1,3,82622764.63729855,1,1.0
134,8,2,8,65179031.46333484,1,1.0
134,8,3,10,69075146.15616156,1,1.0
134,9,0,0,66338677.38577694,1,1.0
134,9,1,3,69473646.38014786,1,1.0
134,9,2,8,73609558.49770774,1,1.0
134,9,3,10,90688779.0976224,1,1.0
134,10,0,2,71655680.88201953,1,1.0
134,10,1,4,56135809.61984234,1,1.0
134,10,2,8,92368293.80703932,1,1.0
134,10,3,10,72629626.94144516,1,1.0
134,11,0,2,76240368.31714265,1,1.0
134,11,1,3,77128305.22930889,1,1.0
134,11,2,6,56120764.726262234,1,1.0
134,11,3,11,75337531.35203117,1,1.0
134,12,0,2,77773272.40928918,1,1.0
134,12,1,3,98411340.0540377,1,1.0
134,12,2,8,62845799.50858068,1,1.0
134,12,3,10,97590646.95577934,1,1.0
134,13,0,2,86728731.3570456,1,1.0
134,13,1,4,64416530.75441535,1,1.0
134,13,2,8,71804875.79938383,1,1.0
134,13,3,10,78054836.95772931,1,1.0
134,14,0,2,61182590.92225843,1,1.0
134,14,1,3,69285152.32794154,1,1.0
134,14,2,8,74855300.87400134,1,1.0
134,14,3,10,92172336.92174877,1,1.0
134,15,0,2,89878514.9620846,1,1.0
134,15,1,4,80862734.63838406,1,1.0
134,15,2,8,56148751.93187797,1,1.0
134,15,3,10,89486437.17798011,1,1.0
134,16,0,2,73633464.88152495,1,1.0
134,16,1,3,81023244.99175078,1,1.0
134,16,2,8,81138324.70582238,1,1.0
134,16,3,10,89102926.75377591,1,1.0
134,17,0,2,81700361.21985266,1,1.0
134,17,1,4,66456236.16500792,1,1.0
134,17,2,8,61633876.30798303,1,1.0
134,17,3,11,65671828.56832001,1,1.0
134,18,0,2,91221356.97245282,1,1.0
134,18,1,3,86668282.77176842,1,1.0
134,18,2,8,79804009.6573106,1,1.0
134,18,3,11,84227516.50266932,1,1.0
134,19,0,2,64958509.235248886,1,1.0
134,19,1,3,71269863.89762948,1,1.0
134,19,2,8,65394419.67687136,1,1.0
134,19,3,10,90612385.46256694,1,1.0
134,20,0,0,62244716.46247839,1,1.0
134,20,1,3,70072613.1328558,1,1.0
134,20,2,8,70454143.6913463,1,1.0
134,20,3,10,82738857.61724162,1,1.0
134,21,0,2,80830778.94142455,1,1.0
134,21,1,3,64849392.583974354,1,1.0
134,21,2,8,55443365.07870821,1,1.0
134,21,3,10,82086902.9063051,1,1.0
134,22,0,2,74896505.84712084,1,1.0
134,22,1,3,71466978.94600517,1,1.0
134,22,2,7,58236259.7563811,1,1.0
134,22,3,10,99062307.12967835,1,1.0
134,23,0,0,60450836.19156635,1,1.0
134,23,1,3,71937259.49943046,1,1.0
134,23,2,8,77635411.96368513,1,1.0
134,23,3,10,69565358.00565861,1,1.0
135,0,0,2,67313759.94236788,1,1.0
135,0,1,3,64051268.09125553,1,1.0
135,0,2,8,71365423.25740677,1,1.0
135,0,3,10,77463773.09944896,1,1.0
135,1,0,2,84968246.67837662,1,1.0
135,1,1,3,83766355.1546487,1,1.0
135,1,2,7,59387632.31008523,1,1.0
135,1,3,10,84043947.1119303,1,1.0
135,2,0,2,62066267.40196399,1,1.0
135,2,1,3,62803051.836514,1,1.0
135,2,2,8,63619393.18049754,1,1.0
135,2,3,10,101829414.742843,1,1.0
135,3,0,2,67791160.93336791,1,1.0
135,3,1,3,73102051.78268209,1,1.0
135,3,2,8,66272432.8982605,1,1.0
135,3,3,10,63631607.809292674,1,1.0
135,4,0,0,53575697.35022288,1,1.0
135,4,1,4,88411118.76267105,1,1.0
135,4,2,6,59215527.4257823,1,1.0
135,4,3,10,76010536.82754475,1,1.0
135,5,0,2,65908024.55520845,1,1.0
135,5,1,3,85018897.14325728,1,1.0
135,5,2,8,70911969.5137804,1,1.0
135,5,3,10,81152354.933097,1,1.0
135,6,0,0,59091748.60151228,1,1.0
135,6,1,3,95326242.79278603,1,1.0
135,6,2,8,61532128.781919934,1,1.0
135,6,3,11,74375671.31912595,1,1.0
135,7,0,2,69864238.58159216,1,1.0
135,7,1,3,94710804.92234729,1,1.0
135,7,2,7,59136146.95833521,1,1.0
135,7,3,10,75410011.95635796,1,1.0
135,8,0,2,71350593.16923927,1,1.0
135,8,1,4,72061210.52451177,1,1.0
135,8,2,6,66779082.5193187,1,1.0
135,8,3,10,85124175.15992704,1,1.0
135,9,0,2,54705882.58552743,1,1.0
135,9,1,3,72223874.19941579,1,1.0
135,9,2,8,63760881.68800796,1,1.0
135,9,3,10,79367349.95258868,1,1.0
135,10,0,2,60972799.01947434,1,1.0
135,10,1,4,62969458.98698886,1,1.0
135,10,2,6,68904375.86730874,1,1.0
135,10,3,10,75142821.8793242,1,1.0
135,11,0,2,62903865.679987594,1,1.0
135,11,1,4,62825422.34610841,1,1.0
135,11,2,8,93840388.39325328,1,1.0
135,11,3,11,76607586.53860873,1,1.0
135,12,0,2,69172753.54366553,1,1.0
135,12,1,3,79587236.6154944,1,1.0
135,12,2,7,63733144.52943882,1,1.0
135,12,3,10,94755514.88028942,1,1.0
135,13,0,2,67383322.57580501,1,1.0
135,13,1,3,71596586.94969013,1,1.0
135,13,2,8,75475794.21399839,1,1.0
135,13,3,10,86181997.40601927,1,1.0
135,14,0,0,64373365.53882734,1,1.0
135,14,1,3,70280068.65563713,1,1.0
135,14,2,8,60909117.17574205,1,1.0
135,14,3,10,71199882.13713965,1,1.0
135,15,0,2,88025514.53463303,1,1.0
135,15,1,3,68493739.39808601,1,1.0
135,15,2,8,56514700.07291257,1,1.0
135,15,3,10,79527250.15108079,1,1.0
135,16,0,0,67715710.4797887,1,1.0
135,16,1,3,66226001.44884244,1,1.0
135,16,2,8,70790123.29449949,1,1.0
135,16,3,10,64172232.425404765,1,1.0
135,17,0,2,57563470.74178141,1,1.0
135,17,1,3,80392213.26465712,1,1.0
135,17,2,8,115659177.53780735,1,1.0
135,17,3,11,67893566.99383458,1,1.0
135,18,0,0,62856173.89773406,1,1.0
135,18,1,4,63549599.57706287,1,1.0
135,18,2,7,57566466.04715914,1,1.0
135,18,3,10,99485880.58048688,1,1.0
135,19,0,2,73128484.90532878,1,1.0
135,19,1,3,72979890.02029547,1,1.0
135,19,2,8,68876711.50086276,1,1.0
135,19,3,10,97254011.54803544,1,1.0
135,20,0,2,64068903.91182566,1,1.0
135,20,1,4,69349169.60369793,1,1.0
135,20,2,8,52850385.673291095,1,1.0
135,20,3,11,80129120.63534692,1,1.0
135,21,0,2,82793442.69735222,1,1.0
135,21,1,3,67890695.31514943,1,1.0
135,21,2,6,62242328.89687913,1,1.0
135,21,3,11,67486525.41251794,1,1.0
135,22,0,2,88809001.76691146,1,1.0
135,22,1,3,78609239.87873207,1,1.0
135,22,2,6,60234073.657663174,1,1.0
135,22,3,11,75017400.949762,1,1.0
135,23,0,2,58009100.93102134,1,1.0
135,23,1,3,77384706.60288751,1,1.0
135,23,2,7,72876956.67827298,1,1.0
135,23,3,10,69858131.06067233,1,1.0
136,0,0,2,69191583.16533434,1,1.0
136,0,1,4,79455018.34712042,1,1.0
136,0,2,8,73105246.12829798,1,1.0
136,0,3,10,67815250.98375255,1,1.0
136,1,0,2,71698540.29932784,1,1.0
136,1,1,3,64282515.21634259,1,1.0
136,1,2,8,76261414.06860742,1,1.0
136,1,3,10,91554831.21527092,1,1.0
136,2,0,2,78242174.64470717,1,1.0
136,2,1,3,79173434.85156624,1,1.0
136,2,2,8,68346580.74571577,1,1.0
136,2,3,10,76507858.47964491,1,1.0
136,3,0,2,87904079.73451631,1,1.0
136,3,1,3,91216908.16295521,1,1.0
136,3,2,8,52651561.908229806,1,1.0
136,3,3,10,82296686.76708499,1,1.0
136,4,0,2,84980709.601905,1,1.0
136,4,1,3,77008428.87445512,1,1.0
136,4,2,6,66472574.70399217,1,1.0
136,4,3,11,68665760.68472253,1,1.0
136,5,0,2,72280481.29778536,1,1.0
136,5,1,3,66135715.52706863,1,1.0
136,5,2,7,54596144.782266,1,1.0
136,5,3,11,79265658.93426082,1,1.0
136,6,0,2,68332236.02231932,1,1.0
136,6,1,4,71772462.6583662,1,1.0
136,6,2,7,57587918.75542479,1,1.0
136,6,3,10,65427002.15426996,1,1.0
136,7,0,2,90068191.90558185,1,1.0
136,7,1,3,78450910.16946368,1,1.0
136,7,2,8,91134578.87884834,1,1.0
136,7,3,10,89413785.785044,1,1.0
136,8,0,2,80323929.77036995,1,1.0
136,8,1,3,82902418.5651458,1,1.0
136,8,2,8,63519975.85148373,1,1.0
136,8,3,10,107306553.97248833,1,1.0
136,9,0,1,76623028.34397008,1,1.0
136,9,1,3,66170194.189321324,1,1.0
136,9,2,8,71248693.5206096,1,1.0
136,9,3,11,66401817.963382535,1,1.0
136,10,0,2,76062948.06367624,1,1.0
136,10,1,3,79568143.13852292,1,1.0
136,10,2,8,58367495.646248974,1,1.0
136,10,3,10,69110470.71962914,1,1.0
136,11,0,2,77372927.12227975,1,1.0
136,11,1,4,85412018.24970013,1,1.0
136,11,2,8,60918096.90197908,1,1.0
136,11,3,11,71594467.42847852,1,1.0
136,12,0,2,64960845.23969945,1,1.0
136,12,1,3,74444537.46940659,1,1.0
136,12,2,8,94893277.08907981,1,1.0
136,12,3,10,103580943.19464995,1,1.0
136,13,0,2,79780051.07857254,1,1.0
136,13,1,4,65775510.19232762,1,1.0
136,13,2,7,67772274.68621048,1,1.0
136,13,3,10,72449049.87419,1,1.0
136,14,0,2,80525201.78598554,1,1.0
136,14,1,3,71938851.63956174,1,1.0
136,14,2,8,71866253.19101259,1,1.0
136,14,3,11,72035939.00692476,1,1.0
136,15,0,2,68306503.32668428,1,1.0
136,15,1,3,61383527.470864095,1,1.0
136,15,2,7,79163728.97640775,1,1.0
136,15,3,11,95131217.42452435,1,1.0
136,16,0,0,63572933.126622245,1,1.0
136,16,1,4,70075371.92382655,1,1.0
136,16,2,7,63968353.95057649,1,1.0
136,16,3,11,67758128.21548653,1,1.0
136,17,0,2,56956104.76679356,1,1.0
136,17,1,3,92689895.0275552,1,1.0
136,17,2,8,54618807.31042323,1,1.0
136,17,3,11,68430813.30198878,1,1.0
136,18,0,2,61757512.24434017,1,1.0
136,18,1,3,66026647.29900064,1,1.0
136,18,2,7,69505071.70601942,1,1.0
136,18,3,10,61749090.33453648,1,1.0
136,19,0,2,75209164.42152946,1,1.0
136,19,1,3,69201911.69299383,1,1.0
136,19,2,8,69603344.77869101,1,1.0
136,19,3,10,80110028.89615497,1,1.0
136,20,0,0,68791409.57204887,1,1.0
136,20,1,3,82323492.004926,1,1.0
136,20,2,8,56351212.77088911,1,1.0
136,20,3,11,83326238.16517285,1,1.0
136,21,0,2,65514842.08672278,1,1.0
136,21,1,4,58201592.16723865,1,1.0
136,21,2,7,56192223.639427535,1,1.0
136,21,3,11,78256370.90530938,1,1.0
136,22,0,2,60595080.478035286,1,1.0
136,22,1,3,84857816.66979662,1,1.0
136,22,2,6,63723155.242947236,1,1.0
136,22,3,11,64982942.52107537,1,1.0
136,23,0,2,61411688.62807629,1,1.0
136,23,1,4,67295954.36724724,1,1.0
136,23,2,8,72444101.435991,1,1.0
136,23,3,10,88140707.81591044,1,1.0
137,0,0,2,65548684.279086076,1,1.0
137,0,1,3,83694654.50086157,1,1.0
137,0,2,8,74587240.98526964,1,1.0
137,0,3,10,62011817.056833886,1,1.0
137,1,0,2,93212570.040856,1,1.0
137,1,1,3,65280631.10764933,1,1.0
137,1,2,7,60157239.17181742,1,1.0
137,1,3,10,85053443.72176424,1,1.0
137,2,0,2,62193879.73551535,1,1.0
137,2,1,3,72619590.96487701,1,1.0
137,2,2,8,67299465.58950545,1,1.0
137,2,3,10,83837756.48041151,1,1.0
137,3,0,0,80588368.36001094,1,1.0
137,3,1,3,83110452.94897096,1,1.0
137,3,2,6,58878840.66496698,1,1.0
137,3,3,10,94039341.49671187,1,1.0
137,4,0,0,66992771.84341553,1,1.0
137,4,1,3,67844642.18415938,1,1.0
137,4,2,8,57819888.316651,1,1.0
137,4,3,10,73129712.8858865,1,1.0
137,5,0,2,67048295.6435312,1,1.0
137,5,1,3,81383215.38792232,1,1.0
137,5,2,6,64684008.931964636,1,1.0
137,5,3,10,84253868.55026126,1,1.0
137,6,0,2,82624529.0531881,1,1.0
137,6,1,4,68852918.96696123,1,1.0
137,6,2,8,80852701.35037154,1,1.0
137,6,3,10,79507312.39299986,1,1.0
137,7,0,2,78807728.41434732,1,1.0
137,7,1,3,90375010.98949994,1,1.0
137,7,2,8,60965147.49370402,1,1.0
137,7,3,10,91344758.87695625,1,1.0
137,8,0,2,57566599.91165472,1,1.0
137,8,1,3,96639292.52610515,1,1.0
137,8,2,8,66696544.80386328,1,1.0
137,8,3,11,88629907.73039395,1,1.0
137,9,0,2,79497138.18796013,1,1.0
137,9,1,3,67003549.9675416,1,1.0
137,9,2,6,57213108.30866914,1,1.0
137,9,3,11,63144647.33139091,1,1.0
137,10,0,0,79550276.50010552,1,1.0
137,10,1,3,63393131.09810641,1,1.0
137,10,2,7,63813388.29296734,1,1.0
137,10,3,10,65334632.79129874,1,1.0
137,11,0,2,60298854.52862412,1,1.0
137,11,1,3,68759873.76505613,1,1.0
137,11,2,8,67011235.489078276,1,1.0
137,11,3,10,80497844.97647418,1,1.0
137,12,0,2,72719868.63720512,1,1.0
137,12,1,3,67362397.90054455,1,1.0
137,12,2,7,58613920.41570955,1,1.0
137,12,3,11,62920552.552256286,1,1.0
137,13,0,2,69811295.11096649,1,1.0
137,13,1,3,67261918.25395368,1,1.0
137,13,2,8,77356275.00648123,1,1.0
137,13,3,10,68395042.02033813,1,1.0
137,14,0,2,63399192.592960574,1,1.0
137,14,1,4,68814818.6635979,1,1.0
137,14,2,8,67789131.45879754,1,1.0
137,14,3,10,91696216.01974513,1,1.0
137,15,0,2,72986405.68986909,1,1.0
137,15,1,3,85168106.95176722,1,1.0
137,15,2,8,83995681.2154872,1,1.0
137,15,3,10,98257843.93333922,1,1.0
137,16,0,2,84698008.5016293,1,1.0
137,16,1,4,70125263.79212792,1,1.0
137,16,2,8,70137601.59023157,1,1.0
137,16,3,10,67516116.19162092,1,1.0
137,17,0,0,64403675.105031855,1,1.0
137,17,1,3,75921633.52062677,1,1.0
137,17,2,8,70186763.27665786,1,1.0
137,17,3,10,87214305.90243155,1,1.0
137,18,0,2,83902617.12695499,1,1.0
137,18,1,3,73302492.1142074,1,1.0
137,18,2,7,59506051.01696554,1,1.0
137,18,3,10,78380384.29765229,1,1.0
137,19,0,2,70019780.84166041,1,1.0
137,19,1,3,69643101.82776849,1,1.0
137,19,2,8,72912342.26629536,1,1.0
137,19,3,10,69336747.18144631,1,1.0
137,20,0,2,59825313.38182794,1,1.0
137,20,1,4,66866295.05364194,1,1.0
137,20,2,8,79592649.20763485,1,1.0
137,20,3,11,82532228.72162437,1,1.0
137,21,0,2,89093184.49127983,1,1.0
137,21,1,3,69050203.10561524,1,1.0
137,21,2,8,68042053.84398936,1,1.0
137,21,3,11,71637961.26848635,1,1.0
137,22,0,2,66478224.573135,1,1.0
137,22,1,4,71122131.6898,1,1.0
137,22,2,8,55077890.17626576,1,1.0
137,22,3,10,69495693.41299817,1,1.0
137,23,0,2,66429978.6080979,1,1.0
137,23,1,4,77015682.37017104,1,1.0
137,23,2,8,63268580.2000926,1,1.0
137,23,3,10,70525082.32296665,1,1.0
138,0,0,2,89186510.29933263,1,1.0
138,0,1,3,72012241.90958826,1,1.0
138,0,2,6,80473477.20532994,1,1.0
138,0,3,11,67941283.59188698,1,1.0
138,1,0,2,76078951.81750323,1,1.0
138,1,1,3,71697514.25470696,1,1.0
138,1,2,7,57334254.85803011,1,1.0
138,1,3,10,84069226.72781289,1,1.0
138,2,0,2,59527496.41478354,1,1.0
138,2,1,4,63664858.7042299,1,1.0
138,2,2,8,60460026.52677937,1,1.0
138,2,3,11,58687214.43524504,1,1.0
138,3,0,0,58298659.56374155,1,1.0
138,3,1,3,66530802.4280599,1,1.0
138,3,2,8,90136082.42176221,1,1.0
138,3,3,10,80157187.99918441,1,1.0
138,4,0,2,77519350.59529138,1,1.0
138,4,1,4,59481106.55832559,1,1.0
138,4,2,8,56201198.024956636,1,1.0
138,4,3,10,85250288.48900269,1,1.0
138,5,0,2,78660097.17416018,1,1.0
138,5,1,3,61857674.77598909,1,1.0
138,5,2,7,60606832.86545949,1,1.0
138,5,3,11,70145568.63957523,1,1.0
138,6,0,2,65700198.14672691,1,1.0
138,6,1,4,55136483.753421634,1,1.0
138,6,2,8,64034949.23439517,1,1.0
138,6,3,10,88279586.07801075,1,1.0
138,7,0,1,84673538.53947228,1,1.0
138,7,1,4,61747829.404657185,1,1.0
138,7,2,8,62866767.34750566,1,1.0
138,7,3,10,78691391.23013206,1,1.0
138,8,0,1,61580090.35035651,1,1.0
138,8,1,3,69590041.8601056,1,1.0
138,8,2,7,72776598.00071393,1,1.0
138,8,3,11,73037833.58245327,1,1.0
138,9,0,2,81791014.94923522,1,1.0
138,9,1,3,75913956.5378589,1,1.0
138,9,2,8,78100770.26827523,1,1.0
138,9,3,10,64001662.790927425,1,1.0
138,10,0,2,84758848.3134034,1,1.0
138,10,1,4,68985359.6863384,1,1.0
138,10,2,8,68012655.97972387,1,1.0
138,10,3,10,64890842.092807986,1,1.0
138,11,0,2,63854993.88080685,1,1.0
138,11,1,3,110181516.21217138,1,1.0
138,11,2,8,74267781.49782775,1,1.0
138,11,3,11,66873931.59194168,1,1.0
138,12,0,2,69956611.89875019,1,1.0
138,12,1,4,90736871.70192017,1,1.0
138,12,2,8,75359700.59338935,1,1.0
138,12,3,11,67646529.61999974,1,1.0
138,13,0,2,85387382.38619173,1,1.0
138,13,1,3,72361595.22248626,1,1.0
138,13,2,8,69409012.30375834,1,1.0
138,13,3,10,64982033.67904316,1,1.0
138,14,0,2,57807467.69223603,1,1.0
138,14,1,4,69145072.32511137,1,1.0
138,14,2,8,91361002.98609239,1,1.0
138,14,3,10,85588664.71908285,1,1.0
138,15,0,2,84291486.06703933,1,1.0
138,15,1,4,61152586.23687879,1,1.0
138,15,2,6,72612904.00390893,1,1.0
138,15,3,10,82102858.03404346,1,1.0
138,16,0,2,73209416.46946093,1,1.0
138,16,1,4,67982362.1801916,1,1.0
138,16,2,8,67671878.21044673,1,1.0
138,16,3,10,67877691.23641092,1,1.0
138,17,0,2,70555076.6548471,1,1.0
138,17,1,3,72854197.14186868,1,1.0
138,17,2,8,57227295.292440385,1,1.0
138,17,3,10,75101940.85745041,1,1.0
138,18,0,2,81550798.41205995,1,1.0
138,18,1,4,71685473.30776061,1,1.0
138,18,2,7,73848294.7777991,1,1.0
138,18,3,10,87674760.06229731,1,1.0
138,19,0,2,84049082.74675725,1,1.0
138,19,1,3,75506538.87598519,1,1.0
138,19,2,8,72863807.77448513,1,1.0
138,19,3,10,89439155.28424843,1,1.0
138,20,0,0,52637564.36810248,1,1.0
138,20,1,4,66541844.42674295,1,1.0
138,20,2,8,72206234.0785997,1,1.0
138,20,3,10,66006821.73117357,1,1.0
138,21,0,2,71383127.85874502,1,1.0
138,21,1,5,65103115.780109435,1,1.0
138,21,2,8,71660932.51857717,1,1.0
138,21,3,10,81196764.0397083,1,1.0
138,22,0,2,71045272.25179502,1,1.0
138,22,1,3,67221123.19106981,1,1.0
138,22,2,8,74125499.17865786,1,1.0
138,22,3,10,84402402.23100688,1,1.0
138,23,0,2,56286517.30083569,1,1.0
138,23,1,4,60682462.42626011,1,1.0
138,23,2,8,56873716.83284909,1,1.0
138,23,3,10,67276158.08149253,1,1.0
139,0,0,2,69357775.0266751,1,1.0
139,0,1,3,66017626.74461234,1,1.0
139,0,2,8,66784413.84235251,1,1.0
139,0,3,10,78973445.15785068,1,1.0
139,1,0,2,83450829.67882238,1,1.0
139,1,1,4,70714925.5966273,1,1.0
139,1,2,8,67474484.43630116,1,1.0
139,1,3,10,68511186.17935449,1,1.0
139,2,0,2,78124935.50631358,1,1.0
139,2,1,4,69639620.3259882,1,1.0
139,2,2,8,81890879.26877719,1,1.0
139,2,3,10,86164288.3302294,1,1.0
139,3,0,0,63155822.30934747,1,1.0
139,3,1,3,73476544.47179298,1,1.0
139,3,2,7,76678280.92599633,1,1.0
139,3,3,10,69127109.30576557,1,1.0
139,4,0,0,56979629.652546525,1,1.0
139,4,1,3,75606929.2037525,1,1.0
139,4,2,8,61529458.79696735,1,1.0
139,4,3,10,76725943.27229594,1,1.0
139,5,0,2,94134914.87370957,1,1.0
139,5,1,3,79117721.88684784,1,1.0
139,5,2,8,71650432.50158085,1,1.0
139,5,3,10,83813978.85020134,1,1.0
139,6,0,2,74067089.57602917,1,1.0
139,6,1,3,67329530.47510222,1,1.0
139,6,2,8,56991308.98443143,1,1.0
139,6,3,10,72956121.39277586,1,1.0
139,7,0,2,89984473.80929977,1,1.0
139,7,1,3,66714685.61296372,1,1.0
139,7,2,8,64779833.24042953,1,1.0
139,7,3,10,77097938.21764125,1,1.0
139,8,0,2,62662950.22759967,1,1.0
139,8,1,3,81253270.37333708,1,1.0
139,8,2,8,57428903.72854518,1,1.0
139,8,3,10,86372361.44164285,1,1.0
139,9,0,2,64841797.97811214,1,1.0
139,9,1,3,66632558.43725821,1,1.0
139,9,2,8,64221273.21178195,1,1.0
139,9,3,10,95632856.41928332,1,1.0
139,10,0,2,61373514.87649393,1,1.0
139,10,1,4,81901876.43535554,1,1.0
139,10,2,6,57426922.34187656,1,1.0
139,10,3,10,98095644.45042963,1,1.0
139,11,0,2,58303690.36743282,1,1.0
139,11,1,4,71252544.70182438,1,1.0
139,11,2,8,89682383.10163602,1,1.0
139,11,3,10,80684830.31253362,1,1.0
139,12,0,2,85800444.25106819,1,1.0
139,12,1,3,83222421.51083426,1,1.0
139,12,2,7,57564383.589515455,1,1.0
139,12,3,10,104951691.39336762,1,1.0
139,13,0,0,56465481.56285345,1,1.0
139,13,1,3,73410542.8112796,1,1.0
139,13,2,8,68020340.36366004,1,1.0
139,13,3,11,65446024.68623395,1,1.0
139,14,0,1,56040636.57939081,1,1.0
139,14,1,3,61347867.821206406,1,1.0
139,14,2,8,75396375.28528954,1,1.0
139,14,3,11,80788159.00541449,1,1.0
139,15,0,2,83261644.98419112,1,1.0
139,15,1,4,64122747.25632968,1,1.0
139,15,2,8,54998818.74794981,1,1.0
139,15,3,11,93917366.44126834,1,1.0
139,16,0,0,66376070.44303926,1,1.0
139,16,1,3,86938995.19832249,1,1.0
139,16,2,8,63011708.18494424,1,1.0
139,16,3,10,68694363.6811161,1,1.0
139,17,0,2,77550338.11506785,1,1.0
139,17,1,4,72874661.33048399,1,1.0
139,17,2,8,68027670.44138587,1,1.0
139,17,3,11,65205703.67367587,1,1.0
139,18,0,2,85534138.91465588,1,1.0
139,18,1,4,59806748.99152208,1,1.0
139,18,2,6,65700240.374329254,1,1.0
139,18,3,11,58931536.10825216,1,1.0
139,19,0,2,88425060.87891246,1,1.0
139,19,1,4,66417490.41081897,1,1.0
139,19,2,8,78887924.59661852,1,1.0
139,19,3,10,83566319.56883189,1,1.0
139,20,0,2,77444908.68439016,1,1.0
139,20,1,3,62316231.45460241,1,1.0
139,20,2,8,83222223.84167516,1,1.0
139,20,3,10,68770733.21835424,1,1.0
139,21,0,0,73058740.32835953,1,1.0
139,21,1,3,83632382.63180505,1,1.0
139,21,2,8,63179931.67133208,1,1.0
139,21,3,10,76524772.56321226,1,1.0
139,22,0,2,84594675.75988513,1,1.0
139,22,1,3,70689122.25554,1,1.0
139,22,2,8,67545563.02415629,1,1.0
139,22,3,10,80366009.31510507,1,1.0
139,23,0,2,85477243.34092699,1,1.0
139,23,1,3,105872293.23108098,1,1.0
139,23,2,8,69368664.80525413,1,1.0
139,23,3,11,76569931.88496973,1,1.0
140,0,0,2,73857754.75653864,1,1.0
140,0,1,4,76768818.67231157,1,1.0
140,0,2,8,63026293.99605574,1,1.0
140,0,3,10,66011284.18943619,1,1.0
140,1,0,0,81330585.16997845,1,1.0
140,1,1,3,86615020.17445886,1,1.0
140,1,2,8,57417756.753824055,1,1.0
140,1,3,10,73082846.63749164,1,1.0
140,2,0,2,82086660.19864264,1,1.0
140,2,1,4,70591765.52515873,1,1.0
140,2,2,8,82479213.42287214,1,1.0
140,2,3,10,83166251.6769012,1,1.0
140,3,0,2,64759735.83494658,1,1.0
140,3,1,3,75077923.55255926,1,1.0
140,3,2,8,71268903.92758556,1,1.0
140,3,3,10,63202879.125856824,1,1.0
140,4,0,2,74940220.13631162,1,1.0
140,4,1,3,77307972.65470652,1,1.0
140,4,2,7,63579047.007141605,1,1.0
140,4,3,11,74060529.4535993,1,1.0
140,5,0,2,73208582.30443504,1,1.0
140,5,1,4,66557440.3317081,1,1.0
140,5,2,8,72769579.83264366,1,1.0
140,5,3,10,70276744.87100215,1,1.0
140,6,0,0,62527229.90513205,1,1.0
140,6,1,3,84677724.45626923,1,1.0
140,6,2,8,53772726.67388813,1,1.0
140,6,3,10,96192044.52440374,1,1.0
140,7,0,0,76245080.59005065,1,1.0
140,7,1,4,68653395.9708366,1,1.0
140,7,2,8,59100576.83760726,1,1.0
140,7,3,11,71285675.90850282,1,1.0
140,8,0,2,92124157.8899024,1,1.0
140,8,1,4,64684280.46517469,1,1.0
140,8,2,8,74563974.74544787,1,1.0
140,8,3,10,68720537.86080204,1,1.0
140,9,0,2,84793675.6055275,1,1.0
140,9,1,3,94504325.13439439,1,1.0
140,9,2,8,86793990.5039506,1,1.0
140,9,3,11,80473283.0102444,1,1.0
140,10,0,2,75912513.2626355,1,1.0
140,10,1,3,78505922.5379876,1,1.0
140,10,2,7,52607274.02758027,1,1.0
140,10,3,10,80550097.83650924,1,1.0
140,11,0,2,76850247.34323733,1,1.0
140,11,1,3,77045772.8460352,1,1.0
140,11,2,8,64741658.37156721,1,1.0
140,11,3,10,89578172.9610733,1,1.0
140,12,0,0,59294662.95941983,1,1.0
140,12,1,4,72588763.33210297,1,1.0
140,12,2,6,67967559.92908755,1,1.0
140,12,3,10,76642955.70320994,1,1.0
140,13,0,2,92503888.13445066,1,1.0
140,13,1,3,67902960.31202963,1,1.0
140,13,2,8,64633384.9172007,1,1.0
140,13,3,10,68854806.63234617,1,1.0
140,14,0,2,81063388.55643219,1,1.0
140,14,1,4,67580360.1259547,1,1.0
140,14,2,8,62925527.263330504,1,1.0
140,14,3,10,65603499.28681556,1,1.0
140,15,0,2,67486600.11854173,1,1.0
140,15,1,3,72874240.74957754,1,1.0
140,15,2,8,75784368.0580627,1,1.0
140,15,3,10,100024483.75562887,1,1.0
140,16,0,2,78003054.76333465,1,1.0
140,16,1,3,68991984.17120194,1,1.0
140,16,2,8,57363280.30649664,1,1.0
140,16,3,10,76134919.46554407,1,1.0
140,17,0,0,69863976.3748568,1,1.0
140,17,1,3,72316694.3078998,1,1.0
140,17,2,8,70821658.05402285,1,1.0
140,17,3,10,70236723.13075939,1,1.0
140,18,0,0,65685892.00947744,1,1.0
140,18,1,3,90567037.38659035,1,1.0
140,18,2,8,74933267.07783122,1,1.0
140,18,3,10,73239482.97352873,1,1.0
140,19,0,2,87540306.99667385,1,1.0
140,19,1,3,100167186.89605854,1,1.0
140,19,2,6,78853925.05013216,1,1.0
140,19,3,10,102436962.73810065,1,1.0
140,20,0,2,95146927.17721803,1,1.0
140,20,1,4,66827807.46299783,1,1.0
140,20,2,7,67108133.15359859,1,1.0
140,20,3,10,89972310.44972984,1,1.0
140,21,0,0,61214409.17458628,1,1.0
140,21,1,4,62163999.70963785,1,1.0
140,21,2,6,68771653.33766367,1,1.0
140,21,3,10,64793246.00533021,1,1.0
140,22,0,2,63172866.131385274,1,1.0
140,22,1,3,64571515.59795694,1,1.0
140,22,2,8,65321555.32390166,1,1.0
140,22,3,11,81451768.37575047,1,1.0
140,23,0,2,65093205.510922246,1,1.0
140,23,1,3,86206182.28042719,1,1.0
140,23,2,8,61562457.63653908,1,1.0
140,23,3,10,71691327.15203443,1,1.0
141,0,0,0,69624742.93019588,1,1.0
141,0,1,4,66575769.68081992,1,1.0
141,0,2,6,58936482.39614986,1,1.0
141,0,3,10,106692598.41512756,1,1.0
141,1,0,2,87192016.11230981,1,1.0
141,1,1,3,75011600.02492541,1,1.0
141,1,2,8,56614285.893018775,1,1.0
141,1,3,10,78657411.35618737,1,1.0
141,2,0,2,66829989.73945165,1,1.0
141,2,1,3,87727086.19627357,1,1.0
141,2,2,8,67087321.32465806,1,1.0
141,2,3,10,73034504.84030825,1,1.0
141,3,0,2,73774886.99935873,1,1.0
141,3,1,3,71513989.91279954,1,1.0
141,3,2,7,65116754.3508884,1,1.0
141,3,3,10,67224243.74110937,1,1.0
141,4,0,2,85745325.76808947,1,1.0
141,4,1,3,93273327.30806142,1,1.0
141,4,2,7,54989234.53251433,1,1.0
141,4,3,10,80938722.2300505,1,1.0
141,5,0,2,90343922.45123121,1,1.0
141,5,1,3,92294719.93113022,1,1.0
141,5,2,8,62129768.060754456,1,1.0
141,5,3,10,71415874.24129348,1,1.0
141,6,0,2,53892261.14607023,1,1.0
141,6,1,4,63577708.96286997,1,1.0
141,6,2,8,67867310.9624883,1,1.0
141,6,3,10,90415837.03087896,1,1.0
141,7,0,0,59641322.85080103,1,1.0
141,7,1,3,88148725.11855868,1,1.0
141,7,2,8,60606814.23709173,1,1.0
141,7,3,10,72146452.13268289,1,1.0
141,8,0,2,66218967.04602715,1,1.0
141,8,1,3,61207543.02091422,1,1.0
141,8,2,8,62161716.085499786,1,1.0
141,8,3,11,66518508.27073756,1,1.0
141,9,0,0,62589252.390962504,1,1.0
141,9,1,4,58769895.21474139,1,1.0
141,9,2,8,70586599.50331345,1,1.0
141,9,3,10,79782702.36876167,1,1.0
141,10,0,2,75117308.0167244,1,1.0
141,10,1,3,70249605.41329682,1,1.0
141,10,2,6,63729506.14115932,1,1.0
141,10,3,10,79089093.92460598,1,1.0
141,11,0,0,53906594.341400415,1,1.0
141,11,1,3,73416347.13603778,1,1.0
141,11,2,8,74874709.78546534,1,1.0
141,11,3,11,86232745.71739422,1,1.0
141,12,0,2,85509302.25650008,1,1.0
141,12,1,3,70754517.69182985,1,1.0
141,12,2,8,75500036.64807624,1,1.0
141,12,3,11,71428632.00108974,1,1.0
141,13,0,2,65995929.66652457,1,1.0
141,13,1,3,77999284.94387144,1,1.0
141,13,2,6,69144360.21576469,1,1.0
141,13,3,11,85586021.59178726,1,1.0
141,14,0,2,75524566.54882915,1,1.0
141,14,1,3,70179070.18571869,1,1.0
141,14,2,7,67147701.98133717,1,1.0
141,14,3,11,77354988.96834178,1,1.0
141,15,0,0,75765236.80062371,1,1.0
141,15,1,3,93059009.404498,1,1.0
141,15,2,8,73387999.42750357,1,1.0
141,15,3,11,72658789.27152029,1,1.0
141,16,0,2,61322297.45365727,1,1.0
141,16,1,4,80780810.23196965,1,1.0
141,16,2,8,90835652.14989607,1,1.0
141,16,3,11,72052980.5068333,1,1.0
141,17,0,0,55146509.919835135,1,1.0
141,17,1,3,58208617.48509512,1,1.0
141,17,2,8,71330308.71005699,1,1.0
141,17,3,10,111537891.6274682,1,1.0
141,18,0,0,61047630.71978054,1,1.0
141,18,1,3,67288001.21459499,1,1.0
141,18,2,8,70706493.16522582,1,1.0
141,18,3,10,70456668.1043854,1,1.0
141,19,0,2,86208634.92001338,1,1.0
141,19,1,3,61259522.05813334,1,1.0
141,19,2,8,69109073.5945046,1,1.0
141,19,3,10,88514233.1103466,1,1.0
141,20,0,2,64080835.87339717,1,1.0
141,20,1,4,70805624.5237335,1,1.0
141,20,2,8,83171878.72103976,1,1.0
141,20,3,10,70002788.1300143,1,1.0
141,21,0,2,66250338.64890259,1,1.0
141,21,1,3,61914369.551717855,1,1.0
141,21,2,7,52845116.14568845,1,1.0
141,21,3,10,85600584.95555417,1,1.0
141,22,0,2,78127232.9063543,1,1.0
141,22,1,4,67190860.94501756,1,1.0
141,22,2,7,65238805.832188085,1,1.0
141,22,3,11,71905502.41522564,1,1.0
141,23,0,2,63909552.2801149,1,1.0
141,23,1,3,101135915.00688641,1,1.0
141,23,2,7,70094317.88354488,1,1.0
141,23,3,10,72122534.81489806,1,1.0
142,0,0,2,62340293.26075709,1,1.0
142,0,1,4,70423678.8059564,1,1.0
142,0,2,8,78976694.23442125,1,1.0
142,0,3,10,89006341.98125252,1,1.0
142,1,0,2,77166419.09474368,1,1.0
142,1,1,3,75353552.6022603,1,1.0
142,1,2,7,65786272.471528284,1,1.0
142,1,3,10,101224965.21640652,1,1.0
142,2,0,1,53573255.41232585,1,1.0
142,2,1,4,69188714.55189194,1,1.0
142,2,2,8,63785405.65039253,1,1.0
142,2,3,10,76548519.01605989,1,1.0
142,3,0,2,78703010.12414019,1,1.0
142,3,1,3,70827358.66407953,1,1.0
142,3,2,8,69411535.13508165,1,1.0
142,3,3,10,78218196.27819885,1,1.0
142,4,0,2,88054469.50263095,1,1.0
142,4,1,3,63952819.367477655,1,1.0
142,4,2,8,61766542.765277825,1,1.0
142,4,3,10,76565050.75166577,1,1.0
142,5,0,2,78578062.14698036,1,1.0
142,5,1,4,61809955.100508355,1,1.0
142,5,2,8,71850467.86540346,1,1.0
142,5,3,10,66111857.81975593,1,1.0
142,6,0,2,82068599.636861,1,1.0
142,6,1,4,62749781.80052695,1,1.0
142,6,2,7,57387891.76198177,1,1.0
142,6,3,11,65804931.71307301,1,1.0
142,7,0,2,66961298.462607965,1,1.0
142,7,1,3,71234506.66184154,1,1.0
142,7,2,8,79034282.62497176,1,1.0
142,7,3,10,69152584.10773236,1,1.0
142,8,0,2,91431118.33762836,1,1.0
142,8,1,4,73052806.18270642,1,1.0
142,8,2,8,58544602.34735746,1,1.0
142,8,3,10,71919077.42320058,1,1.0
142,9,0,2,89088298.90760797,1,1.0
142,9,1,3,67181976.48392212,1,1.0
142,9,2,7,63631286.88120008,1,1.0
142,9,3,11,73909162.89506261,1,1.0
142,10,0,2,64398183.30450923,1,1.0
142,10,1,4,73663504.05787694,1,1.0
142,10,2,6,64353710.9735431,1,1.0
142,10,3,11,69912227.7587074,1,1.0
142,11,0,2,70319780.43720469,1,1.0
142,11,1,4,56570971.293031245,1,1.0
142,11,2,6,69749227.76709343,1,1.0
142,11,3,10,93556184.06207551,1,1.0
142,12,0,2,71227081.47620004,1,1.0
142,12,1,3,69434387.15185812,1,1.0
142,12,2,8,72565268.57948764,1,1.0
142,12,3,10,88097651.18227842,1,1.0
142,13,0,2,73311493.83435217,1,1.0
142,13,1,3,65154736.57509659,1,1.0
142,13,2,8,61143849.11547364,1,1.0
142,13,3,10,83491689.96179041,1,1.0
142,14,0,2,77064485.75881533,1,1.0
142,14,1,3,66435955.35837326,1,1.0
142,14,2,8,82698345.51280276,1,1.0
142,14,3,10,76665784.0288897,1,1.0
142,15,0,0,64080182.01234478,1,1.0
142,15,1,4,73962103.57658269,1,1.0
142,15,2,8,69960067.70637609,1,1.0
142,15,3,11,79791387.47552092,1,1.0
142,16,0,2,93833544.1827185,1,1.0
142,16,1,3,81895616.85540716,1,1.0
142,16,2,8,66540336.66742196,1,1.0
142,16,3,10,77458064.18468215,1,1.0
142,17,0,2,69396061.8056405,1,1.0
142,17,1,3,75483323.60669827,1,1.0
142,17,2,8,86001311.20247515,1,1.0
142,17,3,11,80728446.8370206,1,1.0
142,18,0,2,65685171.810333245,1,1.0
142,18,1,3,66488682.69842673,1,1.0
142,18,2,8,89453771.82782952,1,1.0
142,18,3,11,71251119.0027101,1,1.0
142,19,0,2,87718246.75901347,1,1.0
142,19,1,3,67350293.74533507,1,1.0
142,19,2,6,72597791.86927369,1,1.0
142,19,3,10,67432854.66672081,1,1.0
142,20,0,0,65733975.63807818,1,1.0
142,20,1,3,58321495.08113829,1,1.0
142,20,2,8,67256521.81047826,1,1.0
142,20,3,10,87773631.83930579,1,1.0
142,21,0,2,83099786.79749024,1,1.0
142,21,1,3,67184255.09831385,1,1.0
142,21,2,8,81060540.43507317,1,1.0
142,21,3,11,70760351.01540771,1,1.0
142,22,0,2,52373863.61220878,1,1.0
142,22,1,4,65186998.75528174,1,1.0
142,22,2,6,72178044.84421356,1,1.0
142,22,3,11,80814666.93235533,1,1.0
142,23,0,2,84186901.30179481,1,1.0
142,23,1,3,90338389.59516652,1,1.0
142,23,2,8,73751068.21675694,1,1.0
142,23,3,10,89317768.98029475,1,1.0
143,0,0,1,61332749.4117198,1,1.0
143,0,1,3,94270006.28773494,1,1.0
143,0,2,7,63101188.07264201,1,1.0
143,0,3,10,71350147.64977439,1,1.0
143,1,0,2,68003076.32025558,1,1.0
143,1,1,4,74496409.69079007,1,1.0
143,1,2,6,74819610.99172653,1,1.0
143,1,3,10,84105235.44369712,1,1.0
143,2,0,2,72444977.23037684,1,1.0
143,2,1,4,70581136.95184927,1,1.0
143,2,2,8,84992250.79079048,1,1.0
143,2,3,10,87459817.35485774,1,1.0
143,3,0,0,59581797.17139399,1,1.0
143,3,1,4,56462050.7933584,1,1.0
143,3,2,8,69276732.89425631,1,1.0
143,3,3,10,83095051.55164684,1,1.0
143,4,0,0,67050860.57897586,1,1.0
143,4,1,3,106024193.45871267,1,1.0
143,4,2,8,60588333.73176151,1,1.0
143,4,3,10,96862884.64492354,1,1.0
143,5,0,2,75038127.30919945,1,1.0
143,5,1,3,80913222.40954408,1,1.0
143,5,2,8,67849992.62871194,1,1.0
143,5,3,10,76300520.4605007,1,1.0
143,6,0,0,59485745.4462114,1,1.0
143,6,1,3,65202360.97444121,1,1.0
143,6,2,6,63763679.90908416,1,1.0
143,6,3,10,94309939.9512381,1,1.0
143,7,0,2,70006229.53663032,1,1.0
143,7,1,3,69130702.60546835,1,1.0
143,7,2,8,69458749.5812525,1,1.0
143,7,3,10,83755583.97968781,1,1.0
143,8,0,2,102841131.41960043,1,1.0
143,8,1,4,65388690.238538414,1,1.0
143,8,2,8,67629782.06073536,1,1.0
143,8,3,10,80335218.56553364,1,1.0
143,9,0,2,64827777.67554826,1,1.0
143,9,1,3,69306226.58844401,1,1.0
143,9,2,8,69591716.38105457,1,1.0
143,9,3,11,64221421.2283269,1,1.0
143,10,0,0,59335148.82362505,1,1.0
143,10,1,3,68567025.90806215,1,1.0
143,10,2,8,64778315.15051137,1,1.0
143,10,3,10,72105393.09296218,1,1.0
143,11,0,2,84384600.54563259,1,1.0
143,11,1,4,61388224.00770294,1,1.0
143,11,2,7,58818785.28871468,1,1.0
143,11,3,10,77439402.6931419,1,1.0
143,12,0,2,73864204.38499631,1,1.0
143,12,1,3,67089914.52136131,1,1.0
143,12,2,8,76059354.23419785,1,1.0
143,12,3,10,77503848.8707131,1,1.0
143,13,0,2,87572569.67426777,1,1.0
143,13,1,4,80057531.74961962,1,1.0
143,13,2,6,63443548.2221115,1,1.0
143,13,3,10,78890572.07120377,1,1.0
143,14,0,2,66566417.19253264,1,1.0
143,14,1,3,86758306.97186863,1,1.0
143,14,2,8,65322121.50208181,1,1.0
143,14,3,11,81572277.40568267,1,1.0
143,15,0,2,62438261.336372554,1,1.0
143,15,1,3,76162312.36470255,1,1.0
143,15,2,6,58900224.11743412,1,1.0
143,15,3,10,84943670.95069642,1,1.0
143,16,0,2,70397178.03294866,1,1.0
143,16,1,4,71513600.5911656,1,1.0
143,16,2,8,73448080.95150438,1,1.0
143,16,3,10,82250284.2374724,1,1.0
143,17,0,0,69806747.4140635,1,1.0
143,17,1,4,61371565.3427018,1,1.0
143,17,2,8,78525582.82991005,1,1.0
143,17,3,11,68598487.97931232,1,1.0
143,18,0,1,54749351.07856448,1,1.0
143,18,1,3,67215333.03464055,1,1.0
143,18,2,8,55776658.41450863,1,1.0
143,18,3,11,76982811.65892296,1,1.0
143,19,0,0,82902910.71298179,1,1.0
143,19,1,4,71777590.9869249,1,1.0
143,19,2,7,76497481.24298479,1,1.0
143,19,3,11,73675350.40925352,1,1.0
143,20,0,2,79330979.08822036,1,1.0
143,20,1,3,83733544.80408007,1,1.0
143,20,2,7,58415424.21912273,1,1.0
143,20,3,10,84377574.04916075,1,1.0
143,21,0,2,70509739.30079022,1,1.0
143,21,1,4,61266326.21450425,1,1.0
143,21,2,6,65153453.95206768,1,1.0
143,21,3,11,75966566.51984039,1,1.0
143,22,0,2,69120024.4796846,1,1.0
143,22,1,3,84582810.11771709,1,1.0
143,22,2,6,69328644.57484758,1,1.0
143,22,3,10,71066901.47941689,1,1.0
143,23,0,2,65285087.68254755,1,1.0
143,23,1,3,69556803.94888079,1,1.0
143,23,2,8,73705055.44144155,1,1.0
143,23,3,11,80744887.06806272,1,1.0
144,0,0,2,66079742.376186535,1,1.0
144,0,1,3,82918672.5992189,1,1.0
144,0,2,8,75772253.7603987,1,1.0
144,0,3,11,71825841.45638822,1,1.0
144,1,0,2,85136159.6918223,1,1.0
144,1,1,3,72292438.78084333,1,1.0
144,1,2,6,60441432.38386219,1,1.0
144,1,3,10,85295359.23215537,1,1.0
144,2,0,2,73584471.09276095,1,1.0
144,2,1,3,69900200.70761171,1,1.0
144,2,2,8,70567808.28114302,1,1.0
144,2,3,11,79251789.01033705,1,1.0
144,3,0,0,64040729.152051896,1,1.0
144,3,1,3,93303370.6724811,1,1.0
144,3,2,8,67800801.6082911,1,1.0
144,3,3,10,95953155.41401479,1,1.0
144,4,0,1,58042435.88767968,1,1.0
144,4,1,4,62792871.40378987,1,1.0
144,4,2,7,62566249.01009106,1,1.0
144,4,3,10,68663279.1002136,1,1.0
144,5,0,2,65072977.236483626,1,1.0
144,5,1,3,86980476.09781261,1,1.0
144,5,2,8,67478318.27961682,1,1.0
144,5,3,10,68984434.01303427,1,1.0
144,6,0,2,66116398.169843,1,1.0
144,6,1,3,114921522.17827237,1,1.0
144,6,2,8,67715556.59086116,1,1.0
144,6,3,11,68161662.77140783,1,1.0
144,7,0,2,76943943.36511654,1,1.0
144,7,1,3,58698094.23741928,1,1.0
144,7,2,8,73050285.88568847,1,1.0
144,7,3,10,75096169.77842796,1,1.0
144,8,0,2,90897340.30529085,1,1.0
144,8,1,3,70686154.95139502,1,1.0
144,8,2,6,56877215.23945444,1,1.0
144,8,3,10,73601147.3168313,1,1.0
144,9,0,2,66960531.234083,1,1.0
144,9,1,3,63279030.42408449,1,1.0
144,9,2,8,80994293.4651793,1,1.0
144,9,3,10,70798594.78904514,1,1.0
144,10,0,2,76441592.34331301,1,1.0
144,10,1,4,66875392.10321909,1,1.0
144,10,2,8,64755342.40917746,1,1.0
144,10,3,10,77824579.28319268,1,1.0
144,11,0,2,82989102.41152887,1,1.0
144,11,1,3,72003572.2064748,1,1.0
144,11,2,8,66789091.37563758,1,1.0
144,11,3,10,124745749.41370076,1,1.0
144,12,0,0,57207517.46641389,1,1.0
144,12,1,3,89786207.32039545,1,1.0
144,12,2,8,58652824.20493233,1,1.0
144,12,3,10,65526480.609957,1,1.0
144,13,0,2,74960821.43510598,1,1.0
144,13,1,4,67261804.3637057,1,1.0
144,13,2,8,67368568.1007772,1,1.0
144,13,3,10,95317083.172288,1,1.0
144,14,0,2,74173342.41796337,1,1.0
144,14,1,3,65900251.18387762,1,1.0
144,14,2,8,57867914.546702944,1,1.0
144,14,3,10,69781408.52721673,1,1.0
144,15,0,0,66157599.08941922,1,1.0
144,15,1,4,71945259.79241228,1,1.0
144,15,2,8,80681878.00963253,1,1.0
144,15,3,10,67653029.99185775,1,1.0
144,16,0,2,70905366.2341236,1,1.0
144,16,1,4,63192044.14792975,1,1.0
144,16,2,8,87999891.79912044,1,1.0
144,16,3,10,77193377.02809657,1,1.0
144,17,0,0,61781031.93517548,1,1.0
144,17,1,3,60472009.72365881,1,1.0
144,17,2,8,86286581.22827657,1,1.0
144,17,3,11,77973486.19625697,1,1.0
144,18,0,2,71356419.46226408,1,1.0
144,18,1,4,79455189.16771767,1,1.0
144,18,2,6,59608116.92294955,1,1.0
144,18,3,10,90247642.52149227,1,1.0
144,19,0,2,70981474.63541034,1,1.0
144,19,1,3,87000442.43687777,1,1.0
144,19,2,8,64196746.39222815,1,1.0
144,19,3,10,85050512.60256547,1,1.0
144,20,0,2,56678332.556656994,1,1.0
144,20,1,3,99532370.81809914,1,1.0
144,20,2,7,61293309.355037294,1,1.0
144,20,3,10,75220417.25724109,1,1.0
144,21,0,2,85485942.14573148,1,1.0
144,21,1,3,70685696.25103207,1,1.0
144,21,2,8,71975063.79555488,1,1.0
144,21,3,11,77391217.48035437,1,1.0
144,22,0,2,71682916.42414105,1,1.0
144,22,1,3,77646011.03746487,1,1.0
144,22,2,7,58849179.755372375,1,1.0
144,22,3,10,73037625.89800018,1,1.0
144,23,0,0,55978595.89951839,1,1.0
144,23,1,3,74283798.45451954,1,1.0
144,23,2,8,66791947.810914956,1,1.0
144,23,3,11,68282278.25886811,1,1.0
145,0,0,1,58138324.528364785,1,1.0
145,0,1,3,84152779.31593762,1,1.0
145,0,2,8,62251860.81340214,1,1.0
145,0,3,10,82848329.36382847,1,1.0
145,1,0,1,55999946.97841916,1,1.0
145,1,1,3,63095991.43347703,1,1.0
145,1,2,6,58202230.862585284,1,1.0
145,1,3,10,60881970.103736244,1,1.0
145,2,0,1,71008421.163995,1,1.0
145,2,1,3,72924236.5100075,1,1.0
145,2,2,8,60657455.02933434,1,1.0
145,2,3,10,68088534.37904881,1,1.0
145,3,0,0,74132959.41669354,1,1.0
145,3,1,3,68987573.47055037,1,1.0
145,3,2,8,74387843.46185929,1,1.0
145,3,3,11,76932895.53577863,1,1.0
145,4,0,1,61607519.16637947,1,1.0
145,4,1,3,75727056.0210706,1,1.0
145,4,2,8,74781564.41890937,1,1.0
145,4,3,10,75740986.85770164,1,1.0
145,5,0,2,73382137.26477703,1,1.0
145,5,1,4,58343003.86483727,1,1.0
145,5,2,8,72162307.78693601,1,1.0
145,5,3,10,74952184.0495943,1,1.0
145,6,0,2,59329209.325159915,1,1.0
145,6,1,3,70258473.49361196,1,1.0
145,6,2,6,62200303.12323824,1,1.0
145,6,3,10,72714483.96974398,1,1.0
145,7,0,2,55761406.11952888,1,1.0
145,7,1,4,59924467.51589361,1,1.0
145,7,2,8,66955213.31569658,1,1.0
145,7,3,10,74086011.30944285,1,1.0
145,8,0,2,81448433.88794568,1,1.0
145,8,1,3,64642715.11987295,1,1.0
145,8,2,6,58640665.573893785,1,1.0
145,8,3,10,84388100.74411254,1,1.0
145,9,0,2,67041252.9857293,1,1.0
145,9,1,3,89054457.72489424,1,1.0
145,9,2,8,72927462.42764302,1,1.0
145,9,3,10,76587058.0881973,1,1.0
145,10,0,2,74636526.10941362,1,1.0
145,10,1,4,67601891.10508719,1,1.0
145,10,2,8,57375924.028327204,1,1.0
145,10,3,10,72554516.0033709,1,1.0
145,11,0,2,75934299.54233706,1,1.0
145,11,1,4,66676452.99659266,1,1.0
145,11,2,8,72370459.024132,1,1.0
145,11,3,11,60370779.37058968,1,1.0
145,12,0,2,63655870.97869223,1,1.0
145,12,1,4,84756600.28684637,1,1.0
145,12,2,8,63692270.83900648,1,1.0
145,12,3,10,80311111.45572802,1,1.0
145,13,0,2,71003903.09183407,1,1.0
145,13,1,3,117162564.19672757,1,1.0
145,13,2,8,74629638.42843848,1,1.0
145,13,3,10,64461958.74888773,1,1.0
145,14,0,2,81564172.9561566,1,1.0
145,14,1,3,69597996.61791173,1,1.0
145,14,2,6,67887622.19626494,1,1.0
145,14,3,11,74091939.02697414,1,1.0
145,15,0,2,70505936.29360972,1,1.0
145,15,1,3,56148754.861115225,1,1.0
145,15,2,8,63104939.75942322,1,1.0
145,15,3,10,63887230.30721333,1,1.0
145,16,0,2,63499719.643621475,1,1.0
145,16,1,3,67804193.50077966,1,1.0
145,16,2,8,60973161.61430964,1,1.0
145,16,3,10,105459433.8820786,1,1.0
145,17,0,2,93851383.32658343,1,1.0
145,17,1,3,76561346.30560015,1,1.0
145,17,2,8,58034962.947260186,1,1.0
145,17,3,10,72523992.34378909,1,1.0
145,18,0,2,76938744.89788796,1,1.0
145,18,1,4,63301652.87200774,1,1.0
145,18,2,7,76257610.43482928,1,1.0
145,18,3,11,81460743.16587083,1,1.0
145,19,0,2,67696944.05331701,1,1.0
145,19,1,4,71608355.37497532,1,1.0
145,19,2,8,77571777.20610338,1,1.0
145,19,3,11,86138503.52689317,1,1.0
145,20,0,2,82367459.78265102,1,1.0
145,20,1,3,77657432.53370723,1,1.0
145,20,2,8,71985854.6256685,1,1.0
145,20,3,11,73089452.95741764,1,1.0
145,21,0,2,69272500.1386979,1,1.0
145,21,1,3,67060159.92592486,1,1.0
145,21,2,8,70600638.23403785,1,1.0
145,21,3,11,77165855.5016715,1,1.0
145,22,0,2,90545628.29641612,1,1.0
145,22,1,4,60475450.848975666,1,1.0
145,22,2,7,66781008.03080608,1,1.0
145,22,3,11,78701757.29353958,1,1.0
145,23,0,2,62485179.08014058,1,1.0
145,23,1,3,73369770.0861881,1,1.0
145,23,2,8,76944397.46592605,1,1.0
145,23,3,10,77633652.1701109,1,1.0
146,0,0,2,67626147.15212205,1,1.0
146,0,1,3,84411933.59368715,1,1.0
146,0,2,8,62703603.14045136,1,1.0
146,0,3,10,68593173.56629013,1,1.0
146,1,0,2,79937829.37216413,1,1.0
146,1,1,3,62779637.81463257,1,1.0
146,1,2,8,70815106.0006596,1,1.0
146,1,3,10,103804493.80467765,1,1.0
146,2,0,2,68511212.52454641,1,1.0
146,2,1,4,76203372.60623421,1,1.0
146,2,2,8,78401367.22864054,1,1.0
146,2,3,10,88634105.24594578,1,1.0
146,3,0,1,64491109.6052084,1,1.0
146,3,1,3,84567702.94295317,1,1.0
146,3,2,7,80655404.32241386,1,1.0
146,3,3,10,87596033.22687739,1,1.0
146,4,0,2,97562384.82171577,1,1.0
146,4,1,4,64855269.237064876,1,1.0
146,4,2,8,78931402.13425823,1,1.0
146,4,3,10,83604127.36261617,1,1.0
146,5,0,2,70186594.4629919,1,1.0
146,5,1,4,86411645.56254731,1,1.0
146,5,2,7,67210130.14375563,1,1.0
146,5,3,10,66592826.87203618,1,1.0
146,6,0,2,66564343.22157374,1,1.0
146,6,1,4,55308922.93061902,1,1.0
146,6,2,8,71564865.28636353,1,1.0
146,6,3,10,76745639.47392316,1,1.0
146,7,0,2,69845425.6841007,1,1.0
146,7,1,3,70722482.16695103,1,1.0
146,7,2,8,63820821.04741179,1,1.0
146,7,3,10,99059828.47483812,1,1.0
146,8,0,2,66868076.875188954,1,1.0
146,8,1,3,63361631.780058734,1,1.0
146,8,2,8,70370677.32051374,1,1.0
146,8,3,11,64873071.82604863,1,1.0
146,9,0,2,73886494.54830457,1,1.0
146,9,1,3,71758727.43899901,1,1.0
146,9,2,8,61768350.070135824,1,1.0
146,9,3,10,73651171.98900695,1,1.0
146,10,0,1,59446010.57168317,1,1.0
146,10,1,4,57791039.49512752,1,1.0
146,10,2,8,62420464.123909324,1,1.0
146,10,3,10,78423409.76249471,1,1.0
146,11,0,0,76441292.23794578,1,1.0
146,11,1,3,81656281.78341459,1,1.0
146,11,2,8,69064440.86727883,1,1.0
146,11,3,10,79622015.65501878,1,1.0
146,12,0,0,57164743.81139261,1,1.0
146,12,1,4,68426463.83289218,1,1.0
146,12,2,7,61819049.635079436,1,1.0
146,12,3,10,65506774.35220364,1,1.0
146,13,0,2,85234926.19740309,1,1.0
146,13,1,4,75868061.39742123,1,1.0
146,13,2,6,56591613.478602484,1,1.0
146,13,3,11,89127307.93368764,1,1.0
146,14,0,2,109195581.0724396,1,1.0
146,14,1,4,64802660.29687296,1,1.0
146,14,2,8,72321827.70898366,1,1.0
146,14,3,10,75633221.4326056,1,1.0
146,15,0,2,74056047.97770415,1,1.0
146,15,1,3,69511972.3464387,1,1.0
146,15,2,7,70437077.30988029,1,1.0
146,15,3,10,74486151.01449199,1,1.0
146,16,0,2,101747086.14473233,1,1.0
146,16,1,3,87476310.84542863,1,1.0
146,16,2,8,83012408.0587033,1,1.0
146,16,3,10,81346774.76473708,1,1.0
146,17,0,0,57031553.54181445,1,1.0
146,17,1,3,101782377.70031147,1,1.0
146,17,2,7,52402994.41717744,1,1.0
146,17,3,10,64132540.080773465,1,1.0
146,18,0,0,73294732.76141128,1,1.0
146,18,1,4,80438063.17022726,1,1.0
146,18,2,7,56674427.8655369,1,1.0
146,18,3,10,72008553.63236216,1,1.0
146,19,0,2,69902555.14948641,1,1.0
146,19,1,3,78650380.49003309,1,1.0
146,19,2,8,74337013.9400666,1,1.0
146,19,3,11,70691991.20748784,1,1.0
146,20,0,2,78145332.97822244,1,1.0
146,20,1,3,82825791.66565105,1,1.0
146,20,2,6,69140912.82593939,1,1.0
146,20,3,10,82336072.37894619,1,1.0
146,21,0,2,77986828.16361272,1,1.0
146,21,1,4,76603809.71251404,1,1.0
146,21,2,7,60427830.06192283,1,1.0
146,21,3,10,76336431.05441774,1,1.0
146,22,0,2,86521305.61430082,1,1.0
146,22,1,3,85812002.62726794,1,1.0
146,22,2,7,55982404.88202067,1,1.0
146,22,3,10,68296777.4839413,1,1.0
146,23,0,2,88308567.2017125,1,1.0
146,23,1,3,73644527.17854199,1,1.0
146,23,2,7,69614207.2847334,1,1.0
146,23,3,10,79429738.45485288,1,1.0
147,0,0,2,66343999.70288029,1,1.0
147,0,1,4,68173326.44169845,1,1.0
147,0,2,8,77672389.11364177,1,1.0
147,0,3,10,75165721.64666702,1,1.0
147,1,0,0,60628287.6883899,1,1.0
147,1,1,4,65789010.17752954,1,1.0
147,1,2,8,54944275.373872854,1,1.0
147,1,3,10,71791739.87806883,1,1.0
147,2,0,2,74685188.67759739,1,1.0
147,2,1,3,75454934.51208448,1,1.0
147,2,2,7,64026310.94672047,1,1.0
147,2,3,10,86626082.39179304,1,1.0
147,3,0,1,60088819.06304715,1,1.0
147,3,1,3,57949391.590146855,1,1.0
147,3,2,8,65669738.58957931,1,1.0
147,3,3,10,70755536.79804334,1,1.0
147,4,0,2,64178557.53693341,1,1.0
147,4,1,4,63354049.428010106,1,1.0
147,4,2,8,58359939.845426135,1,1.0
147,4,3,10,87412051.83570105,1,1.0
147,5,0,0,68844672.92689304,1,1.0
147,5,1,3,88578141.7639781,1,1.0
147,5,2,6,78499366.75091393,1,1.0
147,5,3,10,95691998.06192997,1,1.0
147,6,0,2,83628405.83871281,1,1.0
147,6,1,3,71622002.06078881,1,1.0
147,6,2,8,68445667.82185356,1,1.0
147,6,3,10,85397577.36930019,1,1.0
147,7,0,2,65542465.246075705,1,1.0
147,7,1,4,76734461.07256977,1,1.0
147,7,2,7,58330217.291175455,1,1.0
147,7,3,10,66701112.30532953,1,1.0
147,8,0,2,57055238.28939488,1,1.0
147,8,1,4,63614118.71053817,1,1.0
147,8,2,8,73558301.35048537,1,1.0
147,8,3,10,80145656.89142673,1,1.0
147,9,0,0,60862017.0058954,1,1.0
147,9,1,4,74677633.08867873,1,1.0
147,9,2,6,73661171.34230545,1,1.0
147,9,3,10,83227709.74687022,1,1.0
147,10,0,2,67577119.50776356,1,1.0
147,10,1,3,83329834.3243364,1,1.0
147,10,2,8,64059377.01295721,1,1.0
147,10,3,10,64014827.20186158,1,1.0
147,11,0,2,78577903.74546461,1,1.0
147,11,1,3,72943324.8818034,1,1.0
147,11,2,8,56212085.316405416,1,1.0
147,11,3,10,70398937.48090151,1,1.0
147,12,0,0,65626099.63473248,1,1.0
147,12,1,4,73493496.9860939,1,1.0
147,12,2,8,57559134.557777345,1,1.0
147,12,3,10,77728077.35779801,1,1.0
147,13,0,2,68102902.92734246,1,1.0
147,13,1,3,75060105.39711988,1,1.0
147,13,2,8,66453934.5605055,1,1.0
147,13,3,10,68562932.91770798,1,1.0
147,14,0,2,66540387.68612429,1,1.0
147,14,1,3,78341357.37235306,1,1.0
147,14,2,7,57752199.30932673,1,1.0
147,14,3,10,83813023.385606,1,1.0
147,15,0,2,78383599.37968798,1,1.0
147,15,1,3,59396422.34476406,1,1.0
147,15,2,8,57029711.693702936,1,1.0
147,15,3,10,61118997.51718344,1,1.0
147,16,0,2,68873439.6054927,1,1.0
147,16,1,3,65146503.28406551,1,1.0
147,16,2,6,60589366.70713969,1,1.0
147,16,3,10,66995157.49539309,1,1.0
147,17,0,2,76228892.25038593,1,1.0
147,17,1,5,56759346.68413627,1,1.0
147,17,2,6,58239054.16788263,1,1.0
147,17,3,10,76925137.35998748,1,1.0
147,18,0,0,67031821.32312883,1,1.0
147,18,1,3,82785762.73635156,1,1.0
147,18,2,8,62045134.57706429,1,1.0
147,18,3,10,92146693.40326698,1,1.0
147,19,0,2,67309431.4321802,1,1.0
147,19,1,3,81168173.174296,1,1.0
147,19,2,6,73135506.50382668,1,1.0
147,19,3,10,99885591.74779657,1,1.0
147,20,0,2,65620522.642054915,1,1.0
147,20,1,3,80075313.93002628,1,1.0
147,20,2,8,76108017.68242161,1,1.0
147,20,3,10,67627948.04953834,1,1.0
147,21,0,2,91652163.5665309,1,1.0
147,21,1,3,75162488.32316817,1,1.0
147,21,2,8,64124534.23387652,1,1.0
147,21,3,10,63623472.8932674,1,1.0
147,22,0,2,82810891.0928589,1,1.0
147,22,1,3,61400299.274005204,1,1.0
147,22,2,7,61086163.45106124,1,1.0
147,22,3,11,68541989.51002146,1,1.0
147,23,0,0,68934523.28781414,1,1.0
147,23,1,4,81187135.41030158,1,1.0
147,23,2,6,86843180.3188495,1,1.0
147,23,3,10,78906649.16887625,1,1.0
148,0,0,2,90050711.42135319,1,1.0
148,0,1,3,88361242.1013583,1,1.0
148,0,2,8,62048390.298953176,1,1.0
148,0,3,10,82207987.95903856,1,1.0
148,1,0,2,72034620.47105074,1,1.0
148,1,1,3,78877617.5203063,1,1.0
148,1,2,8,82848476.17459777,1,1.0
148,1,3,10,77456961.23657714,1,1.0
148,2,0,2,86669251.26017585,1,1.0
148,2,1,4,74701099.48415953,1,1.0
148,2,2,8,65361544.60041916,1,1.0
148,2,3,10,80213065.87722024,1,1.0
148,3,0,2,66283784.29793917,1,1.0
148,3,1,3,81019685.55245528,1,1.0
148,3,2,8,65943097.615314506,1,1.0
148,3,3,10,90141671.34429368,1,1.0
148,4,0,2,58041662.8468517,1,1.0
148,4,1,3,81770863.88404769,1,1.0
148,4,2,8,63127626.541264065,1,1.0
148,4,3,10,77646750.4341357,1,1.0
148,5,0,2,65961694.35098109,1,1.0
148,5,1,3,92276083.65051337,1,1.0
148,5,2,8,82562448.99658887,1,1.0
148,5,3,10,80522605.6444779,1,1.0
148,6,0,2,60493351.05152472,1,1.0
148,6,1,3,67073420.480411544,1,1.0
148,6,2,7,67890279.93077539,1,1.0
148,6,3,10,83583466.41071416,1,1.0
148,7,0,2,68426913.88214469,1,1.0
148,7,1,3,78471462.40615164,1,1.0
148,7,2,8,68569297.06342469,1,1.0
148,7,3,11,71007061.16550486,1,1.0
148,8,0,0,59176960.03313548,1,1.0
148,8,1,4,63334715.447481975,1,1.0
148,8,2,7,56803820.08408428,1,1.0
148,8,3,11,79030125.72116296,1,1.0
148,9,0,2,102554363.95952,1,1.0
148,9,1,3,70157270.6451834,1,1.0
148,9,2,7,54559620.65932924,1,1.0
148,9,3,11,83907173.1444248,1,1.0
148,10,0,2,77227469.25196974,1,1.0
148,10,1,3,74684215.92462055,1,1.0
148,10,2,6,59610055.04431747,1,1.0
148,10,3,10,65948951.51557435,1,1.0
148,11,0,0,63139770.48637203,1,1.0
148,11,1,3,83357154.96782096,1,1.0
148,11,2,8,61082615.521585,1,1.0
148,11,3,10,69749326.43488716,1,1.0
148,12,0,2,63288839.29046082,1,1.0
148,12,1,3,68680230.37423107,1,1.0
148,12,2,8,90591601.12288587,1,1.0
148,12,3,10,89364219.79366317,1,1.0
148,13,0,2,66989539.902826354,1,1.0
148,13,1,3,70735102.39370324,1,1.0
148,13,2,8,74891015.55526963,1,1.0
148,13,3,11,86090184.93671966,1,1.0
148,14,0,0,56716603.856522,1,1.0
148,14,1,4,84793653.74438953,1,1.0
148,14,2,6,56918134.2798139,1,1.0
148,14,3,10,101827356.56207505,1,1.0
148,15,0,2,65449937.3634499,1,1.0
148,15,1,3,75852121.71222807,1,1.0
148,15,2,7,54620982.60903828,1,1.0
148,15,3,10,86090599.67258827,1,1.0
148,16,0,2,66448795.93475624,1,1.0
148,16,1,4,80092225.11558546,1,1.0
148,16,2,8,62033075.91977991,1,1.0
148,16,3,10,104994486.86664906,1,1.0
148,17,0,2,64829354.4043499,1,1.0
148,17,1,3,71495604.07821614,1,1.0
148,17,2,8,63924858.63819045,1,1.0
148,17,3,10,84190884.89245218,1,1.0
148,18,0,1,63521650.84687238,1,1.0
148,18,1,3,69547144.3977837,1,1.0
148,18,2,8,69463571.510602,1,1.0
148,18,3,10,73314041.39298443,1,1.0
148,19,0,2,82716791.17465667,1,1.0
148,19,1,3,63297237.898593746,1,1.0
148,19,2,6,56534008.121452674,1,1.0
148,19,3,11,60468930.58444416,1,1.0
148,20,0,2,72280071.35349855,1,1.0
148,20,1,4,74785296.42789423,1,1.0
148,20,2,8,70924796.38306905,1,1.0
148,20,3,10,66903937.860809445,1,1.0
148,21,0,0,63659638.003810376,1,1.0
148,21,1,4,71259760.22148374,1,1.0
148,21,2,6,72247996.24353816,1,1.0
148,21,3,10,75175545.99866623,1,1.0
148,22,0,0,65426151.496460125,1,1.0
148,22,1,3,80953916.0227021,1,1.0
148,22,2,7,55008286.28956499,1,1.0
148,22,3,10,77743241.59856325,1,1.0
148,23,0,0,71337554.17106192,1,1.0
148,23,1,4,69670434.01424898,1,1.0
148,23,2,8,53055773.46129802,1,1.0
148,23,3,11,98659289.25989898,1,1.0
149,0,0,2,84860778.83958201,1,1.0
149,0,1,4,60043804.72357474,1,1.0
149,0,2,7,65824641.04296335,1,1.0
149,0,3,10,101959832.77782188,1,1.0
149,1,0,2,62344085.72550174,1,1.0
149,1,1,4,68830719.72667469,1,1.0
149,1,2,8,75856893.91929428,1,1.0
149,1,3,11,69404064.4608095,1,1.0
149,2,0,0,60652900.90070609,1,1.0
149,2,1,3,70453000.07775424,1,1.0
149,2,2,8,69090196.86745,1,1.0
149,2,3,10,81920856.12842289,1,1.0
149,3,0,2,54017059.73154422,1,1.0
149,3,1,3,66657699.556620754,1,1.0
149,3,2,8,72461760.01952617,1,1.0
149,3,3,11,76014714.3720233,1,1.0
149,4,0,2,82321883.78564073,1,1.0
149,4,1,3,67186137.3641539,1,1.0
149,4,2,6,57957161.061592855,1,1.0
149,4,3,10,84891149.44081654,1,1.0
149,5,0,2,74814138.34103705,1,1.0
149,5,1,3,70948637.6264908,1,1.0
149,5,2,8,76443176.99182253,1,1.0
149,5,3,11,65871418.45454221,1,1.0
149,6,0,2,92393670.63346227,1,1.0
149,6,1,3,105648601.50283985,1,1.0
149,6,2,8,69485356.66566499,1,1.0
149,6,3,10,65354781.62734948,1,1.0
149,7,0,2,84047274.67795312,1,1.0
149,7,1,3,69359888.09686452,1,1.0
149,7,2,8,72771102.69930498,1,1.0
149,7,3,10,94409520.23045619,1,1.0
149,8,0,2,89506532.21170764,1,1.0
149,8,1,3,68218301.87544046,1,1.0
149,8,2,8,74502529.75192583,1,1.0
149,8,3,11,71962967.5890978,1,1.0
149,9,0,2,56264174.90872376,1,1.0
149,9,1,3,69294877.8010668,1,1.0
149,9,2,8,81015838.96200036,1,1.0
149,9,3,11,68570749.23405054,1,1.0
149,10,0,2,83251662.67051181,1,1.0
149,10,1,4,59561918.83899238,1,1.0
149,10,2,7,53679078.78128369,1,1.0
149,10,3,10,64998570.029977314,1,1.0
149,11,0,2,62355255.750818595,1,1.0
149,11,1,3,90480882.637517,1,1.0
149,11,2,8,75353875.02407785,1,1.0
149,11,3,10,75376096.41813011,1,1.0
149,12,0,0,68486854.2457949,1,1.0
149,12,1,3,87021965.06255963,1,1.0
149,12,2,8,60505165.92016379,1,1.0
149,12,3,10,76861924.57911411,1,1.0
149,13,0,1,55481767.80232135,1,1.0
149,13,1,3,97323623.82910429,1,1.0
149,13,2,7,56786433.935878806,1,1.0
149,13,3,10,77095898.65187627,1,1.0
149,14,0,2,77786109.4427556,1,1.0
149,14,1,3,62079046.03298467,1,1.0
149,14,2,8,70614901.88565014,1,1.0
149,14,3,11,70921021.37577231,1,1.0
149,15,0,2,77423758.75397797,1,1.0
149,15,1,3,81162590.91098136,1,1.0
149,15,2,8,60625604.378620744,1,1.0
149,15,3,10,80022451.27021763,1,1.0
149,16,0,2,88830906.67375074,1,1.0
149,16,1,4,73131896.56296694,1,1.0
149,16,2,8,63222525.136882745,1,1.0
149,16,3,10,77246632.7149894,1,1.0
149,17,0,1,52528157.1408432,1,1.0
149,17,1,3,79057872.4037552,1,1.0
149,17,2,7,60988935.611508384,1,1.0
149,17,3,10,95043604.54699624,1,1.0
149,18,0,2,59761299.809465356,1,1.0
149,18,1,3,90024362.4865397,1,1.0
149,18,2,7,51855612.24970135,1,1.0
149,18,3,10,74911070.99968936,1,1.0
149,19,0,0,61009831.76051972,1,1.0
149,19,1,3,92366369.69485547,1,1.0
149,19,2,8,91002398.65712838,1,1.0
149,19,3,11,68213027.40114166,1,1.0
149,20,0,2,85404704.65457822,1,1.0
149,20,1,3,59133833.448113106,1,1.0
149,20,2,7,63466007.29333381,1,1.0
149,20,3,11,64341162.48974478,1,1.0
149,21,0,2,89404967.03736877,1,1.0
149,21,1,3,62274407.27234027,1,1.0
149,21,2,7,60445477.22453698,1,1.0
149,21,3,10,78661711.98192546,1,1.0
149,22,0,2,56716124.45456902,1,1.0
149,22,1,3,75552540.81165409,1,1.0
149,22,2,7,57041863.43604371,1,1.0
149,22,3,10,71659130.23587315,1,1.0
149,23,0,2,73555574.65830842,1,1.0
149,23,1,3,56595535.48888698,1,1.0
149,23,2,8,69851915.45670448,1,1.0
149,23,3,10,97270518.86702016,1,1.0
150,0,0,2,72936937.65371418,1,1.0
150,0,1,3,90142627.32821117,1,1.0
150,0,2,8,61072200.21683599,1,1.0
150,0,3,10,88185697.89767939,1,1.0
150,1,0,2,68001296.12843007,1,1.0
150,1,1,3,70217252.62773785,1,1.0
150,1,2,8,65860567.62893369,1,1.0
150,1,3,10,83760568.50525601,1,1.0
150,2,0,0,54959616.61330112,1,1.0
150,2,1,3,80258411.84114273,1,1.0
150,2,2,7,64539154.27494428,1,1.0
150,2,3,11,67324478.94794299,1,1.0
150,3,0,2,71079733.85392517,1,1.0
150,3,1,3,79459703.65991233,1,1.0
150,3,2,8,79381781.35279787,1,1.0
150,3,3,10,89373310.38343665,1,1.0
150,4,0,2,58091261.954197556,1,1.0
150,4,1,3,65988359.085130714,1,1.0
150,4,2,8,62072599.13396482,1,1.0
150,4,3,10,97016664.70661144,1,1.0
150,5,0,0,61362099.88202767,1,1.0
150,5,1,3,64081030.145821534,1,1.0
150,5,2,8,97387692.49187435,1,1.0
150,5,3,10,66617610.566658035,1,1.0
150,6,0,0,59515202.905458495,1,1.0
150,6,1,3,69165725.55699234,1,1.0
150,6,2,8,73068071.7355306,1,1.0
150,6,3,10,95397471.968744,1,1.0
150,7,0,0,65926164.34725952,1,1.0
150,7,1,3,69262231.2246319,1,1.0
150,7,2,6,71881593.5692986,1,1.0
150,7,3,10,69014049.1069044,1,1.0
150,8,0,2,62433740.84175553,1,1.0
150,8,1,3,77281152.68710671,1,1.0
150,8,2,8,72945213.10251968,1,1.0
150,8,3,10,67077564.21861479,1,1.0
150,9,0,2,85171834.57607558,1,1.0
150,9,1,4,66156943.62725593,1,1.0
150,9,2,8,66827131.98468141,1,1.0
150,9,3,10,87120717.5693107,1,1.0
150,10,0,0,84300500.61113134,1,1.0
150,10,1,4,67324289.6967359,1,1.0
150,10,2,8,67586261.60088715,1,1.0
150,10,3,11,84342813.18841757,1,1.0
150,11,0,2,79450274.92572579,1,1.0
150,11,1,4,69772771.6356348,1,1.0
150,11,2,6,55576198.29248341,1,1.0
150,11,3,10,62823348.2575117,1,1.0
150,12,0,0,60516539.9471406,1,1.0
150,12,1,3,63603821.296967566,1,1.0
150,12,2,6,65970025.27880101,1,1.0
150,12,3,10,65635990.68936686,1,1.0
150,13,0,2,73785581.15335289,1,1.0
150,13,1,3,82765928.86715035,1,1.0
150,13,2,8,59211178.68230366,1,1.0
150,13,3,10,85447599.79863767,1,1.0
150,14,0,2,75515340.27375133,1,1.0
150,14,1,5,60852082.64443576,1,1.0
150,14,2,8,64707152.388100415,1,1.0
150,14,3,10,104446979.02803206,1,1.0
150,15,0,2,61717957.114632316,1,1.0
150,15,1,3,65683936.33796439,1,1.0
150,15,2,7,59705328.912228346,1,1.0
150,15,3,11,80932543.09984145,1,1.0
150,16,0,2,65941583.812072724,1,1.0
150,16,1,4,59166111.23506275,1,1.0
150,16,2,8,65942606.93023475,1,1.0
150,16,3,10,78133160.98466948,1,1.0
150,17,0,2,77957113.80316657,1,1.0
150,17,1,4,65930835.47321581,1,1.0
150,17,2,8,74837054.9199693,1,1.0
150,17,3,10,81759906.09905058,1,1.0
150,18,0,2,73229932.11985469,1,1.0
150,18,1,3,72112998.62634051,1,1.0
150,18,2,8,81175365.98469114,1,1.0
150,18,3,10,68549842.34622587,1,1.0
150,19,0,2,88993334.70634748,1,1.0
150,19,1,4,65944511.3996482,1,1.0
150,19,2,8,71877711.5717141,1,1.0
150,19,3,10,74521035.84694341,1,1.0
150,20,0,0,66079580.644049585,1,1.0
150,20,1,3,84654767.78579861,1,1.0
150,20,2,8,66546106.41503992,1,1.0
150,20,3,10,70161925.3707272,1,1.0
150,21,0,2,84667325.0454358,1,1.0
150,21,1,3,67010325.94702852,1,1.0
150,21,2,8,58797949.01602453,1,1.0
150,21,3,11,67506162.31618676,1,1.0
150,22,0,2,69640024.89475685,1,1.0
150,22,1,3,77531036.77933085,1,1.0
150,22,2,7,74007850.91757126,1,1.0
150,22,3,10,80847534.02093893,1,1.0
150,23,0,2,56229949.44240273,1,1.0
150,23,1,3,66520667.91930268,1,1.0
150,23,2,8,68360749.23787904,1,1.0
150,23,3,10,88353388.41529557,1,1.0
151,0,0,2,70529215.38323632,1,1.0
151,0,1,4,65943473.80579279,1,1.0
151,0,2,8,63460606.97440967,1,1.0
151,0,3,11,64780471.750481114,1,1.0
151,1,0,2,75037317.34546787,1,1.0
151,1,1,3,80468145.64919287,1,1.0
151,1,2,7,67437806.46756107,1,1.0
151,1,3,11,83895913.47707811,1,1.0
151,2,0,2,54844615.03314906,1,1.0
151,2,1,4,65794443.34974875,1,1.0
151,2,2,8,62600722.66527638,1,1.0
151,2,3,10,113268126.61760992,1,1.0
151,3,0,2,59403134.446491346,1,1.0
151,3,1,3,85779289.23752874,1,1.0
151,3,2,8,75755044.58201565,1,1.0
151,3,3,10,108961361.42716546,1,1.0
151,4,0,0,76404920.65507497,1,1.0
151,4,1,3,89194462.52274613,1,1.0
151,4,2,8,59830545.76850293,1,1.0
151,4,3,10,64927079.896927,1,1.0
151,5,0,2,75884073.84327419,1,1.0
151,5,1,3,71047597.89137247,1,1.0
151,5,2,7,56865365.673580706,1,1.0
151,5,3,10,68164187.30082451,1,1.0
151,6,0,2,73601063.01021804,1,1.0
151,6,1,4,63790825.61842268,1,1.0
151,6,2,8,58282252.1055538,1,1.0
151,6,3,10,93890269.55969997,1,1.0
151,7,0,2,62665207.20551379,1,1.0
151,7,1,4,72552714.7405115,1,1.0
151,7,2,6,63879127.71919376,1,1.0
151,7,3,10,68286709.0474099,1,1.0
151,8,0,0,64497402.85922534,1,1.0
151,8,1,3,69559976.01648435,1,1.0
151,8,2,8,60951597.45821202,1,1.0
151,8,3,10,72323363.82161644,1,1.0
151,9,0,2,64528306.25242863,1,1.0
151,9,1,3,91904241.35831806,1,1.0
151,9,2,6,59130846.564978786,1,1.0
151,9,3,11,75849364.77229865,1,1.0
151,10,0,2,62484204.444867454,1,1.0
151,10,1,3,71453333.26193585,1,1.0
151,10,2,8,61351906.90813117,1,1.0
151,10,3,10,68001730.06218094,1,1.0
151,11,0,2,65513190.436977476,1,1.0
151,11,1,3,62014121.59234155,1,1.0
151,11,2,6,58840718.70662715,1,1.0
151,11,3,10,82151907.25418839,1,1.0
151,12,0,2,81778177.54827331,1,1.0
151,12,1,3,74282337.91248544,1,1.0
151,12,2,8,54181028.59610647,1,1.0
151,12,3,10,81665760.49386533,1,1.0
151,13,0,2,71682286.19762917,1,1.0
151,13,1,3,72625936.53100418,1,1.0
151,13,2,8,83780039.40627795,1,1.0
151,13,3,11,64625084.40400548,1,1.0
151,14,0,2,81231962.47348736,1,1.0
151,14,1,3,75534604.79061455,1,1.0
151,14,2,8,76631166.81920342,1,1.0
151,14,3,10,65571347.44149225,1,1.0
151,15,0,2,72310242.38120031,1,1.0
151,15,1,3,83946358.05907327,1,1.0
151,15,2,7,71460330.4140034,1,1.0
151,15,3,10,86821906.25022747,1,1.0
151,16,0,2,77934198.84276174,1,1.0
151,16,1,3,83491237.63924772,1,1.0
151,16,2,8,59563277.85069665,1,1.0
151,16,3,10,104135201.14305119,1,1.0
151,17,0,2,83488494.53444768,1,1.0
151,17,1,4,65347400.44500113,1,1.0
151,17,2,8,80851456.89741531,1,1.0
151,17,3,11,81345693.37450217,1,1.0
151,18,0,2,73540010.99884337,1,1.0
151,18,1,3,65740703.12693398,1,1.0
151,18,2,7,64162493.27960971,1,1.0
151,18,3,10,86191733.41777606,1,1.0
151,19,0,0,58136263.629365124,1,1.0
151,19,1,4,75255825.07007374,1,1.0
151,19,2,8,77880968.36643495,1,1.0
151,19,3,10,87676518.10744058,1,1.0
151,20,0,2,67251831.26639411,1,1.0
151,20,1,3,92241357.5940908,1,1.0
151,20,2,8,66383251.86555873,1,1.0
151,20,3,11,69108444.62998298,1,1.0
151,21,0,0,61867814.08359018,1,1.0
151,21,1,3,85100038.05039419,1,1.0
151,21,2,8,66267160.49020089,1,1.0
151,21,3,10,87039099.21996662,1,1.0
151,22,0,2,80162605.85047647,1,1.0
151,22,1,3,63592781.850156106,1,1.0
151,22,2,7,58760660.7707624,1,1.0
151,22,3,10,85905862.67573175,1,1.0
151,23,0,2,80091347.62174954,1,1.0
151,23,1,4,75556241.558107,1,1.0
151,23,2,8,66493914.04962939,1,1.0
151,23,3,10,74176324.96528678,1,1.0
152,0,0,2,65610564.34083964,1,1.0
152,0,1,4,98755466.3856559,1,1.0
152,0,2,6,63951833.515741006,1,1.0
152,0,3,10,76370199.5911164,1,1.0
152,1,0,0,71199015.82077849,1,1.0
152,1,1,4,93097493.10702524,1,1.0
152,1,2,8,68328093.38595803,1,1.0
152,1,3,10,77960619.38206255,1,1.0
152,2,0,2,92437418.60409865,1,1.0
152,2,1,4,56609753.31284883,1,1.0
152,2,2,8,62136054.97980868,1,1.0
152,2,3,10,71886123.44929785,1,1.0
152,3,0,2,80610579.57243147,1,1.0
152,3,1,3,84245918.70284429,1,1.0
152,3,2,8,55814966.779625006,1,1.0
152,3,3,11,68100980.43313807,1,1.0
152,4,0,2,77963605.2297108,1,1.0
152,4,1,4,60224402.77709601,1,1.0
152,4,2,8,67750864.43034442,1,1.0
152,4,3,10,93059337.91893837,1,1.0
152,5,0,0,79684985.98933841,1,1.0
152,5,1,3,78234269.68699309,1,1.0
152,5,2,7,59116299.11799399,1,1.0
152,5,3,11,64308397.47890876,1,1.0
152,6,0,2,82785045.56579636,1,1.0
152,6,1,3,83573651.87199058,1,1.0
152,6,2,7,62623471.49838397,1,1.0
152,6,3,10,61436639.122526266,1,1.0
152,7,0,2,68856281.10125747,1,1.0
152,7,1,4,82618533.43896718,1,1.0
152,7,2,8,70911825.38879995,1,1.0
152,7,3,10,82607724.56527694,1,1.0
152,8,0,2,65898469.17702704,1,1.0
152,8,1,3,61118764.397502676,1,1.0
152,8,2,8,63064751.88363069,1,1.0
152,8,3,11,76533110.40211374,1,1.0
152,9,0,2,100109136.88262191,1,1.0
152,9,1,4,75883609.39126757,1,1.0
152,9,2,8,58454695.086358964,1,1.0
152,9,3,11,64834641.48495294,1,1.0
152,10,0,2,62015707.89781566,1,1.0
152,10,1,3,73701126.6995829,1,1.0
152,10,2,6,56902833.348049656,1,1.0
152,10,3,10,85048470.0071806,1,1.0
152,11,0,2,76514912.6727015,1,1.0
152,11,1,4,65315218.41945796,1,1.0
152,11,2,8,67446490.42035964,1,1.0
152,11,3,10,89759968.62894307,1,1.0
152,12,0,0,66895890.254290305,1,1.0
152,12,1,3,65961875.59402358,1,1.0
152,12,2,8,52835179.63868575,1,1.0
152,12,3,11,68376325.66405685,1,1.0
152,13,0,2,71791951.45658895,1,1.0
152,13,1,3,70210927.98811267,1,1.0
152,13,2,8,80239194.09322679,1,1.0
152,13,3,10,73572416.55417278,1,1.0
152,14,0,2,64430145.03894674,1,1.0
152,14,1,3,78832707.05010471,1,1.0
152,14,2,7,52530002.04752851,1,1.0
152,14,3,10,90394611.10131028,1,1.0
152,15,0,2,82262661.97440018,1,1.0
152,15,1,3,78515568.31796633,1,1.0
152,15,2,7,68556622.30043234,1,1.0
152,15,3,10,120022666.48230547,1,1.0
152,16,0,2,60497388.421537176,1,1.0
152,16,1,4,68392294.58065446,1,1.0
152,16,2,7,64325467.95309366,1,1.0
152,16,3,11,82523508.49119589,1,1.0
152,17,0,2,68458637.91686612,1,1.0
152,17,1,4,83980729.74695244,1,1.0
152,17,2,8,77622339.79816166,1,1.0
152,17,3,10,70815051.14229262,1,1.0
152,18,0,2,84873023.44915155,1,1.0
152,18,1,3,64291846.95838284,1,1.0
152,18,2,8,86524054.9320086,1,1.0
152,18,3,10,84617382.1257441,1,1.0
152,19,0,0,67820540.45478798,1,1.0
152,19,1,4,75418007.33521897,1,1.0
152,19,2,8,77895230.86994198,1,1.0
152,19,3,10,68681538.25123018,1,1.0
152,20,0,2,64446061.45166145,1,1.0
152,20,1,3,79748080.29719949,1,1.0
152,20,2,8,69855307.91117398,1,1.0
152,20,3,10,68133343.35134895,1,1.0
152,21,0,2,68456205.62061296,1,1.0
152,21,1,3,70668158.38174942,1,1.0
152,21,2,8,61193738.268760644,1,1.0
152,21,3,10,71936489.74698128,1,1.0
152,22,0,2,75634419.98112758,1,1.0
152,22,1,3,84506276.33041131,1,1.0
152,22,2,8,53775772.886470534,1,1.0
152,22,3,10,73672023.86468692,1,1.0
152,23,0,2,73707921.44605623,1,1.0
152,23,1,3,66750733.19339448,1,1.0
152,23,2,7,53524802.307292864,1,1.0
152,23,3,11,67702837.10199973,1,1.0
153,0,0,2,78196716.62336424,1,1.0
153,0,1,4,79732874.68487403,1,1.0
153,0,2,8,64351637.229779616,1,1.0
153,0,3,10,84921745.55600011,1,1.0
153,1,0,2,59324192.543817505,1,1.0
153,1,1,3,76778464.13471541,1,1.0
153,1,2,8,63418236.19503111,1,1.0
153,1,3,10,66075755.37034547,1,1.0
153,2,0,2,96723490.11284554,1,1.0
153,2,1,3,84478272.73431744,1,1.0
153,2,2,8,67448643.52179512,1,1.0
153,2,3,10,67578307.62250414,1,1.0
153,3,0,2,85266236.2392865,1,1.0
153,3,1,4,60192914.17505018,1,1.0
153,3,2,8,66156494.84423531,1,1.0
153,3,3,10,83171708.3004429,1,1.0
153,4,0,1,59356303.9759932,1,1.0
153,4,1,3,70891952.70938009,1,1.0
153,4,2,6,62345341.23991668,1,1.0
153,4,3,10,65513998.74368879,1,1.0
153,5,0,0,61975173.93074373,1,1.0
153,5,1,3,86526661.25544846,1,1.0
153,5,2,8,61850580.53281805,1,1.0
153,5,3,10,85298993.19330701,1,1.0
153,6,0,2,78471766.37646107,1,1.0
153,6,1,3,63288526.13813585,1,1.0
153,6,2,7,71104715.04860912,1,1.0
153,6,3,10,109390090.1751736,1,1.0
153,7,0,2,63736343.52070053,1,1.0
153,7,1,3,87448482.19171533,1,1.0
153,7,2,7,57773362.13535825,1,1.0
153,7,3,11,69720972.31536807,1,1.0
153,8,0,2,83744489.89941418,1,1.0
153,8,1,3,66587322.08228638,1,1.0
153,8,2,7,64238535.10609427,1,1.0
153,8,3,11,79298876.14791058,1,1.0
153,9,0,0,66329161.67254489,1,1.0
153,9,1,3,79215565.59663886,1,1.0
153,9,2,8,60698856.05463382,1,1.0
153,9,3,10,81991918.15696867,1,1.0
153,10,0,2,66304967.789858796,1,1.0
153,10,1,4,66415085.80255671,1,1.0
153,10,2,6,61805046.218510844,1,1.0
153,10,3,10,71744753.67303973,1,1.0
153,11,0,2,87647211.16572171,1,1.0
153,11,1,4,63898468.748085886,1,1.0
153,11,2,8,76213047.57943954,1,1.0
153,11,3,11,71460901.91815342,1,1.0
153,12,0,2,92730097.01816307,1,1.0
153,12,1,3,63743659.90455071,1,1.0
153,12,2,6,67840262.49500503,1,1.0
153,12,3,10,83335822.00073348,1,1.0
153,13,0,2,70271772.31019588,1,1.0
153,13,1,3,52209132.05293721,1,1.0
153,13,2,8,60958000.78457734,1,1.0
153,13,3,11,68171782.94723877,1,1.0
153,14,0,1,59070180.10490437,1,1.0
153,14,1,3,70449382.19605607,1,1.0
153,14,2,7,61492560.02746077,1,1.0
153,14,3,10,81183127.56370516,1,1.0
153,15,0,2,69121999.7819258,1,1.0
153,15,1,3,105476317.50544691,1,1.0
153,15,2,8,53296705.51300904,1,1.0
153,15,3,10,101999070.7216357,1,1.0
153,16,0,2,83869299.83737437,1,1.0
153,16,1,3,61359681.394076034,1,1.0
153,16,2,8,70047663.95317405,1,1.0
153,16,3,10,71236584.05957304,1,1.0
153,17,0,2,94598290.9440813,1,1.0
153,17,1,4,77516749.22977103,1,1.0
153,17,2,8,55204520.27428499,1,1.0
153,17,3,10,94607422.29754765,1,1.0
153,18,0,2,70566777.93165793,1,1.0
153,18,1,5,68707795.59208386,1,1.0
153,18,2,7,59078451.5536416,1,1.0
153,18,3,10,62188132.30701691,1,1.0
153,19,0,2,87778201.67933446,1,1.0
153,19,1,4,57941930.4645409,1,1.0
153,19,2,8,82652746.78963426,1,1.0
153,19,3,11,65645805.06945373,1,1.0
153,20,0,1,72393621.86272997,1,1.0
153,20,1,3,96321985.74397436,1,1.0
153,20,2,8,65990982.90585783,1,1.0
153,20,3,10,65720590.83647196,1,1.0
153,21,0,2,70882359.91515884,1,1.0
153,21,1,3,67963413.38683838,1,1.0
153,21,2,8,75934427.13762914,1,1.0
153,21,3,10,80915802.37334019,1,1.0
153,22,0,2,82258392.3191276,1,1.0
153,22,1,3,67661827.8074127,1,1.0
153,22,2,7,70984034.8025229,1,1.0
153,22,3,10,83595419.4367611,1,1.0
153,23,0,2,59701020.927800454,1,1.0
153,23,1,4,70377280.41537021,1,1.0
153,23,2,7,57599285.76419778,1,1.0
153,23,3,10,77984307.46776731,1,1.0
154,0,0,2,62582024.51308109,1,1.0
154,0,1,3,90826211.75629348,1,1.0
154,0,2,8,67041908.29603512,1,1.0
154,0,3,11,72245356.78342618,1,1.0
154,1,0,2,78414728.90130639,1,1.0
154,1,1,3,73314794.18985403,1,1.0
154,1,2,6,54946352.7062232,1,1.0
154,1,3,10,73408521.84548122,1,1.0
154,2,0,0,65083781.69506692,1,1.0
154,2,1,3,82472466.83683467,1,1.0
154,2,2,7,58277914.389794245,1,1.0
154,2,3,10,84679216.56236285,1,1.0
154,3,0,1,54533886.09224589,1,1.0
154,3,1,3,87285087.49505255,1,1.0
154,3,2,6,65509540.088839844,1,1.0
154,3,3,10,75207519.86739387,1,1.0
154,4,0,0,63103802.379424,1,1.0
154,4,1,4,82261702.03925876,1,1.0
154,4,2,6,57444969.96032383,1,1.0
154,4,3,10,64640687.41177434,1,1.0
154,5,0,2,75192666.3441464,1,1.0
154,5,1,4,81136196.14147627,1,1.0
154,5,2,6,62256745.90297457,1,1.0
154,5,3,10,85700646.6987626,1,1.0
154,6,0,2,57198495.294203654,1,1.0
154,6,1,4,62110555.25497538,1,1.0
154,6,2,8,62430562.99684129,1,1.0
154,6,3,10,103079678.52731402,1,1.0
154,7,0,2,88009552.59895937,1,1.0
154,7,1,4,64192217.620428994,1,1.0
154,7,2,8,94892144.84724967,1,1.0
154,7,3,10,72999842.29442325,1,1.0
154,8,0,2,71761705.86223489,1,1.0
154,8,1,3,88954727.82602645,1,1.0
154,8,2,8,81311411.02895959,1,1.0
154,8,3,11,64389224.282188304,1,1.0
154,9,0,2,70228715.17446877,1,1.0
154,9,1,4,71971538.63235056,1,1.0
154,9,2,8,83971232.78892271,1,1.0
154,9,3,10,107771024.35156739,1,1.0
154,10,0,1,56351035.318570584,1,1.0
154,10,1,3,104496256.24374071,1,1.0
154,10,2,8,68706008.69952057,1,1.0
154,10,3,10,99650286.49454327,1,1.0
154,11,0,2,77266052.77980582,1,1.0
154,11,1,4,56151986.23925647,1,1.0
154,11,2,6,69328677.74783431,1,1.0
154,11,3,11,68128968.46155404,1,1.0
154,12,0,2,72676837.91089933,1,1.0
154,12,1,3,79158618.53793131,1,1.0
154,12,2,8,64572048.014080726,1,1.0
154,12,3,10,72147791.61590834,1,1.0
154,13,0,2,65198518.90220943,1,1.0
154,13,1,3,63766885.53029724,1,1.0
154,13,2,7,69315098.0174266,1,1.0
154,13,3,10,67168249.55043046,1,1.0
154,14,0,2,75527579.49810758,1,1.0
154,14,1,3,84680713.84884585,1,1.0
154,14,2,6,62880641.09157708,1,1.0
154,14,3,10,67804823.50600818,1,1.0
154,15,0,2,88973755.2454104,1,1.0
154,15,1,4,60773244.326037146,1,1.0
154,15,2,7,75449681.78055245,1,1.0
154,15,3,11,76176626.13948928,1,1.0
154,16,0,2,67367410.9556423,1,1.0
154,16,1,3,61895600.1414868,1,1.0
154,16,2,7,63028080.42586476,1,1.0
154,16,3,10,68925801.80170831,1,1.0
154,17,0,0,68682501.29784966,1,1.0
154,17,1,3,86067102.89888868,1,1.0
154,17,2,8,66664107.37773684,1,1.0
154,17,3,10,107013892.18356284,1,1.0
154,18,0,2,84940958.42005743,1,1.0
154,18,1,4,59916609.1375415,1,1.0
154,18,2,8,86446974.33448415,1,1.0
154,18,3,11,72451303.07698923,1,1.0
154,19,0,2,69636001.59209487,1,1.0
154,19,1,4,65768751.154444315,1,1.0
154,19,2,8,69283061.66144723,1,1.0
154,19,3,10,76535117.50958999,1,1.0
154,20,0,2,69819339.82188153,1,1.0
154,20,1,3,76905712.84769797,1,1.0
154,20,2,8,66742327.5150957,1,1.0
154,20,3,10,93730209.87682103,1,1.0
154,21,0,2,64095606.51958046,1,1.0
154,21,1,4,74530323.2174343,1,1.0
154,21,2,6,60695215.65215853,1,1.0
154,21,3,10,77287035.12034224,1,1.0
154,22,0,2,71912359.93276136,1,1.0
154,22,1,3,86537991.17254801,1,1.0
154,22,2,8,67686209.61595687,1,1.0
154,22,3,10,75842992.15189923,1,1.0
154,23,0,2,86197126.30119291,1,1.0
154,23,1,4,66063271.6847868,1,1.0
154,23,2,8,68461936.17843536,1,1.0
154,23,3,10,88631035.51802614,1,1.0
155,0,0,2,63237582.897517405,1,1.0
155,0,1,4,66712885.96909149,1,1.0
155,0,2,8,69266793.48686887,1,1.0
155,0,3,10,85476773.87671229,1,1.0
155,1,0,2,61367815.79652399,1,1.0
155,1,1,3,67852539.59350221,1,1.0
155,1,2,8,86185304.54088005,1,1.0
155,1,3,11,73822014.15917043,1,1.0
155,2,0,0,59272523.06321647,1,1.0
155,2,1,3,67509840.29182445,1,1.0
155,2,2,8,65897711.78003216,1,1.0
155,2,3,10,90473276.70265467,1,1.0
155,3,0,2,94937543.33066693,1,1.0
155,3,1,4,62866595.87315869,1,1.0
155,3,2,8,71250977.86677533,1,1.0
155,3,3,10,99440483.00437705,1,1.0
155,4,0,2,71075449.6128543,1,1.0
155,4,1,4,80546358.5098362,1,1.0
155,4,2,7,62504001.9128079,1,1.0
155,4,3,10,65611832.7559011,1,1.0
155,5,0,2,87423906.74362059,1,1.0
155,5,1,3,62144773.697665684,1,1.0
155,5,2,6,63605879.47568774,1,1.0
155,5,3,10,66952086.704914324,1,1.0
155,6,0,2,82165853.59780355,1,1.0
155,6,1,3,61058438.763540804,1,1.0
155,6,2,8,67781895.52567828,1,1.0
155,6,3,11,65737218.220317885,1,1.0
155,7,0,0,67777919.33326136,1,1.0
155,7,1,3,72743400.57905291,1,1.0
155,7,2,7,61246598.102033764,1,1.0
155,7,3,10,72138563.94482575,1,1.0
155,8,0,1,58207302.04845578,1,1.0
155,8,1,3,69559409.47505273,1,1.0
155,8,2,8,66095364.60294934,1,1.0
155,8,3,10,71136151.88457647,1,1.0
155,9,0,2,75217372.38090721,1,1.0
155,9,1,3,69878520.1374489,1,1.0
155,9,2,8,77650722.4211411,1,1.0
155,9,3,10,92241183.28999814,1,1.0
155,10,0,2,88786237.59787183,1,1.0
155,10,1,3,96865273.39559628,1,1.0
155,10,2,8,71736117.53751662,1,1.0
155,10,3,11,79347795.53522733,1,1.0
155,11,0,2,75836654.18714438,1,1.0
155,11,1,3,77024928.1511981,1,1.0
155,11,2,6,62783378.98502207,1,1.0
155,11,3,11,64200522.98442457,1,1.0
155,12,0,2,69735417.56542818,1,1.0
155,12,1,4,76876993.58079386,1,1.0
155,12,2,8,80528324.40262915,1,1.0
155,12,3,10,74013518.94162473,1,1.0
155,13,0,2,64569451.51351176,1,1.0
155,13,1,3,71779772.408258,1,1.0
155,13,2,7,70603898.37663569,1,1.0
155,13,3,10,81883441.52360499,1,1.0
155,14,0,2,62343709.36474585,1,1.0
155,14,1,4,74693696.15834208,1,1.0
155,14,2,8,64944335.99513659,1,1.0
155,14,3,10,109042952.60262465,1,1.0
155,15,0,0,70964309.83329754,1,1.0
155,15,1,3,80401089.43546991,1,1.0
155,15,2,8,55371065.48926353,1,1.0
155,15,3,10,76874863.34136039,1,1.0
155,16,0,2,81120052.84044215,1,1.0
155,16,1,3,77094598.9253589,1,1.0
155,16,2,8,75813439.34023474,1,1.0
155,16,3,10,63783715.22728011,1,1.0
155,17,0,2,80883012.60867895,1,1.0
155,17,1,3,66611362.58230916,1,1.0
155,17,2,8,56651348.03095032,1,1.0
155,17,3,10,100037984.33644971,1,1.0
155,18,0,2,77437767.78053734,1,1.0
155,18,1,3,71701087.69948442,1,1.0
155,18,2,7,56547674.72647597,1,1.0
155,18,3,10,80642141.37827243,1,1.0
155,19,0,2,63719412.420915596,1,1.0
155,19,1,3,64209340.840542085,1,1.0
155,19,2,7,73747444.60775793,1,1.0
155,19,3,11,71260751.7195389,1,1.0
155,20,0,2,82168157.55537659,1,1.0
155,20,1,3,88893288.32103817,1,1.0
155,20,2,6,63504870.05766187,1,1.0
155,20,3,10,71440886.5633478,1,1.0
155,21,0,1,67798250.53654069,1,1.0
155,21,1,3,62471335.46988596,1,1.0
155,21,2,8,59191245.49363435,1,1.0
155,21,3,10,80856275.04998139,1,1.0
155,22,0,0,72969143.56664175,1,1.0
155,22,1,3,87289772.48942478,1,1.0
155,22,2,6,59550801.822246365,1,1.0
155,22,3,10,68353500.86427368,1,1.0
155,23,0,2,65187358.34892788,1,1.0
155,23,1,3,76645933.14075208,1,1.0
155,23,2,8,64654764.632980876,1,1.0
155,23,3,10,76491591.47844867,1,1.0
156,0,0,0,69193551.50281228,1,1.0
156,0,1,5,64818800.56574461,1,1.0
156,0,2,7,63296749.02260278,1,1.0
156,0,3,10,104916995.14192553,1,1.0
156,1,0,2,66993951.49104594,1,1.0
156,1,1,3,68843732.27122706,1,1.0
156,1,2,8,63070173.39647082,1,1.0
156,1,3,10,69083202.1157211,1,1.0
156,2,0,0,60793037.11415256,1,1.0
156,2,1,4,70497678.51026787,1,1.0
156,2,2,8,67351218.75411893,1,1.0
156,2,3,11,86146544.0234956,1,1.0
156,3,0,2,76180116.08376792,1,1.0
156,3,1,3,69833882.83445488,1,1.0
156,3,2,8,70547986.19244029,1,1.0
156,3,3,10,78858401.39914066,1,1.0
156,4,0,2,80924887.27340525,1,1.0
156,4,1,3,76578353.25148582,1,1.0
156,4,2,8,54679450.877417095,1,1.0
156,4,3,10,67492190.16081549,1,1.0
156,5,0,0,61625682.858017996,1,1.0
156,5,1,3,58628458.99740906,1,1.0
156,5,2,7,61332859.74880754,1,1.0
156,5,3,10,95926824.89674053,1,1.0
156,6,0,0,58479838.37319402,1,1.0
156,6,1,3,68465702.95587869,1,1.0
156,6,2,7,90938921.71365821,1,1.0
156,6,3,10,92102975.71790041,1,1.0
156,7,0,2,56439345.93813981,1,1.0
156,7,1,4,60368408.71654042,1,1.0
156,7,2,6,59902510.123284586,1,1.0
156,7,3,10,79463168.82757942,1,1.0
156,8,0,2,74472150.87305255,1,1.0
156,8,1,3,73736462.50037079,1,1.0
156,8,2,8,60903847.75801094,1,1.0
156,8,3,10,89541634.34674445,1,1.0
156,9,0,2,55552607.41858889,1,1.0
156,9,1,4,67573446.9105903,1,1.0
156,9,2,7,59007786.69824678,1,1.0
156,9,3,11,66397405.06322488,1,1.0
156,10,0,2,60327347.21876805,1,1.0
156,10,1,3,78640672.19355157,1,1.0
156,10,2,8,57766898.028081745,1,1.0
156,10,3,10,65003962.749516696,1,1.0
156,11,0,2,64653072.44538482,1,1.0
156,11,1,3,74409255.80581367,1,1.0
156,11,2,8,58313533.996439904,1,1.0
156,11,3,11,76114469.88651247,1,1.0
156,12,0,1,53502552.27221364,1,1.0
156,12,1,3,59498786.973386675,1,1.0
156,12,2,7,68336562.10806823,1,1.0
156,12,3,11,73815801.99052188,1,1.0
156,13,0,1,64055574.539367825,1,1.0
156,13,1,3,63536425.635043815,1,1.0
156,13,2,8,70145325.10517281,1,1.0
156,13,3,11,70396098.47431123,1,1.0
156,14,0,2,70278472.40321968,1,1.0
156,14,1,3,67313956.67740187,1,1.0
156,14,2,8,57152914.62754931,1,1.0
156,14,3,10,96189739.37875044,1,1.0
156,15,0,0,72118732.12233257,1,1.0
156,15,1,3,65334474.01195787,1,1.0
156,15,2,8,55402665.44377388,1,1.0
156,15,3,11,70168227.71511635,1,1.0
156,16,0,0,81929314.45847808,1,1.0
156,16,1,4,76718990.83114983,1,1.0
156,16,2,7,80540645.97535233,1,1.0
156,16,3,10,100457922.56291403,1,1.0
156,17,0,0,64216747.070004135,1,1.0
156,17,1,3,74638763.2147572,1,1.0
156,17,2,8,82060622.03154863,1,1.0
156,17,3,11,71972783.04803625,1,1.0
156,18,0,2,74389954.70891118,1,1.0
156,18,1,3,76263888.3036946,1,1.0
156,18,2,7,55297127.4890193,1,1.0
156,18,3,10,96018929.96563204,1,1.0
156,19,0,2,84582335.17649265,1,1.0
156,19,1,4,68382231.43326779,1,1.0
156,19,2,8,72710785.44683708,1,1.0
156,19,3,10,67768584.43334976,1,1.0
156,20,0,2,90047595.77571487,1,1.0
156,20,1,3,64691279.095598325,1,1.0
156,20,2,8,71673005.72330847,1,1.0
156,20,3,10,96940218.42369884,1,1.0
156,21,0,2,97705904.2256976,1,1.0
156,21,1,3,69099320.35318954,1,1.0
156,21,2,8,60694965.73359972,1,1.0
156,21,3,10,95595502.25639066,1,1.0
156,22,0,2,75329099.104662,1,1.0
156,22,1,3,77807538.12304854,1,1.0
156,22,2,8,70799957.3324947,1,1.0
156,22,3,10,75867114.07715738,1,1.0
156,23,0,2,92770141.84605509,1,1.0
156,23,1,3,65619746.384685025,1,1.0
156,23,2,8,62185352.484853886,1,1.0
156,23,3,10,92641387.94178045,1,1.0
157,0,0,2,67222499.15451872,1,1.0
157,0,1,4,84334138.74325038,1,1.0
157,0,2,8,62569582.73314555,1,1.0
157,0,3,10,83939899.75059463,1,1.0
157,1,0,2,76664951.35738125,1,1.0
157,1,1,4,69144213.29842637,1,1.0
157,1,2,8,81496692.14242844,1,1.0
157,1,3,10,87747654.76158388,1,1.0
157,2,0,2,70200378.49330288,1,1.0
157,2,1,3,67290004.31263,1,1.0
157,2,2,8,72884046.33486369,1,1.0
157,2,3,11,68314751.38633336,1,1.0
157,3,0,2,64775784.58342813,1,1.0
157,3,1,3,76284498.73174341,1,1.0
157,3,2,7,53461506.53387893,1,1.0
157,3,3,10,70963072.64160328,1,1.0
157,4,0,0,65004618.06090821,1,1.0
157,4,1,3,67451052.53160864,1,1.0
157,4,2,8,56803875.428512715,1,1.0
157,4,3,11,91798064.1852833,1,1.0
157,5,0,2,57060561.54507495,1,1.0
157,5,1,4,61789481.38188699,1,1.0
157,5,2,6,66934669.283636056,1,1.0
157,5,3,10,71806449.01961996,1,1.0
157,6,0,2,72031669.70386975,1,1.0
157,6,1,3,81560600.89964248,1,1.0
157,6,2,8,61663855.612860076,1,1.0
157,6,3,10,58631539.68537439,1,1.0
157,7,0,2,68671566.52474357,1,1.0
157,7,1,3,95607995.715202,1,1.0
157,7,2,6,55375485.1802552,1,1.0
157,7,3,10,94519631.45919345,1,1.0
157,8,0,2,90158576.85836339,1,1.0
157,8,1,3,66138525.10338779,1,1.0
157,8,2,7,71717147.9019107,1,1.0
157,8,3,10,83400112.78281052,1,1.0
157,9,0,2,74700601.06488155,1,1.0
157,9,1,3,66868882.538216695,1,1.0
157,9,2,6,56203065.74536042,1,1.0
157,9,3,10,70646175.4659434,1,1.0
157,10,0,2,73885011.37920535,1,1.0
157,10,1,3,67013098.745882094,1,1.0
157,10,2,8,61803075.366117254,1,1.0
157,10,3,10,96588777.9347697,1,1.0
157,11,0,2,75150633.8334136,1,1.0
157,11,1,4,80174203.37785663,1,1.0
157,11,2,7,56219332.7912492,1,1.0
157,11,3,11,67565149.46241006,1,1.0
157,12,0,2,66018505.91128564,1,1.0
157,12,1,3,70796278.7362883,1,1.0
157,12,2,8,61256072.21600029,1,1.0
157,12,3,10,89508158.25174014,1,1.0
157,13,0,2,81638326.09256613,1,1.0
157,13,1,4,80030872.4599308,1,1.0
157,13,2,8,61824748.493629836,1,1.0
157,13,3,10,75931155.51686974,1,1.0
157,14,0,2,80068251.11214581,1,1.0
157,14,1,3,75015438.18873985,1,1.0
157,14,2,8,81906735.58106528,1,1.0
157,14,3,11,74265732.34993386,1,1.0
157,15,0,2,55912372.46455692,1,1.0
157,15,1,4,67921974.80026124,1,1.0
157,15,2,8,67454048.90321718,1,1.0
157,15,3,11,66379798.691078864,1,1.0
157,16,0,2,70752930.0771512,1,1.0
157,16,1,4,62591234.383949846,1,1.0
157,16,2,8,69117717.84064786,1,1.0
157,16,3,11,72034754.07804547,1,1.0
157,17,0,2,89941179.86677222,1,1.0
157,17,1,3,67571466.47480084,1,1.0
157,17,2,8,67991473.64445026,1,1.0
157,17,3,11,80284424.69193994,1,1.0
157,18,0,2,87427623.22538182,1,1.0
157,18,1,3,61755221.34577122,1,1.0
157,18,2,6,67938976.33804525,1,1.0
157,18,3,10,67754073.5914242,1,1.0
157,19,0,2,54628799.6100824,1,1.0
157,19,1,3,65252950.88912314,1,1.0
157,19,2,6,68404007.39618114,1,1.0
157,19,3,10,76884228.53424062,1,1.0
157,20,0,2,84759686.86343935,1,1.0
157,20,1,3,70755322.1958988,1,1.0
157,20,2,8,99357220.55621736,1,1.0
157,20,3,10,85264877.77828684,1,1.0
157,21,0,2,81666526.79115929,1,1.0
157,21,1,3,74515840.29073928,1,1.0
157,21,2,8,63219861.837609634,1,1.0
157,21,3,10,82999373.07191315,1,1.0
157,22,0,2,57789781.85428235,1,1.0
157,22,1,4,61671714.36284155,1,1.0
157,22,2,8,63811080.96851012,1,1.0
157,22,3,10,68647539.40861526,1,1.0
157,23,0,2,103759483.7851315,1,1.0
157,23,1,3,64337447.30083384,1,1.0
157,23,2,6,69100913.18955038,1,1.0
157,23,3,10,69037319.06937385,1,1.0
158,0,0,2,85975644.44212803,1,1.0
158,0,1,3,67534223.26731922,1,1.0
158,0,2,7,66723400.080348544,1,1.0
158,0,3,11,69127382.12595434,1,1.0
158,1,0,2,71575888.69320172,1,1.0
158,1,1,3,86888419.0883513,1,1.0
158,1,2,8,66740591.15187167,1,1.0
158,1,3,10,104755399.32746366,1,1.0
158,2,0,2,70686584.71329778,1,1.0
158,2,1,3,79014966.66312885,1,1.0
158,2,2,8,64532024.93454216,1,1.0
158,2,3,10,102180854.14128625,1,1.0
158,3,0,2,62250542.92570021,1,1.0
158,3,1,4,67346769.19784397,1,1.0
158,3,2,8,82634425.69551875,1,1.0
158,3,3,10,76791064.10146607,1,1.0
158,4,0,0,67665141.38504261,1,1.0
158,4,1,3,69420753.38787927,1,1.0
158,4,2,6,55904749.4325307,1,1.0
158,4,3,10,77040336.41577227,1,1.0
158,5,0,2,85215580.11399773,1,1.0
158,5,1,3,78542604.38164341,1,1.0
158,5,2,8,69468916.82042554,1,1.0
158,5,3,11,81593776.83591722,1,1.0
158,6,0,2,74205480.83056448,1,1.0
158,6,1,3,72434741.68355176,1,1.0
158,6,2,8,84587310.77356446,1,1.0
158,6,3,10,99807874.96788612,1,1.0
158,7,0,0,64430820.08664294,1,1.0
158,7,1,3,66484101.139503404,1,1.0
158,7,2,7,60412675.302093945,1,1.0
158,7,3,11,66007043.16853389,1,1.0
158,8,0,2,69951909.19801849,1,1.0
158,8,1,4,85601652.70064591,1,1.0
158,8,2,6,68617133.28510097,1,1.0
158,8,3,10,75955752.21158142,1,1.0
158,9,0,2,65426227.24181572,1,1.0
158,9,1,3,75994144.88058229,1,1.0
158,9,2,6,62821750.63491094,1,1.0
158,9,3,10,71910666.17078322,1,1.0
158,10,0,2,72649905.94145425,1,1.0
158,10,1,3,59156698.4265693,1,1.0
158,10,2,8,83845845.09097102,1,1.0
158,10,3,10,86659090.70297472,1,1.0
158,11,0,2,102816953.31418249,1,1.0
158,11,1,3,70626908.11872937,1,1.0
158,11,2,8,62381057.24485895,1,1.0
158,11,3,10,70242631.23360565,1,1.0
158,12,0,0,64625129.18326355,1,1.0
158,12,1,3,59703263.46081441,1,1.0
158,12,2,8,67230519.45202807,1,1.0
158,12,3,10,96599782.57914378,1,1.0
158,13,0,2,77024591.3285548,1,1.0
158,13,1,3,78673392.30887592,1,1.0
158,13,2,8,56942389.467129365,1,1.0
158,13,3,10,77584516.18654953,1,1.0
158,14,0,2,74704997.85977785,1,1.0
158,14,1,3,68107056.25258265,1,1.0
158,14,2,7,66563079.49078423,1,1.0
158,14,3,10,76264064.77306914,1,1.0
158,15,0,0,53657975.762117535,1,1.0
158,15,1,4,71664586.44232479,1,1.0
158,15,2,6,75529504.76145186,1,1.0
158,15,3,10,82357596.58077571,1,1.0
158,16,0,2,63381968.15920595,1,1.0
158,16,1,3,63078241.36275344,1,1.0
158,16,2,8,77905246.16246666,1,1.0
158,16,3,10,114029247.91042617,1,1.0
158,17,0,2,79658013.24650663,1,1.0
158,17,1,3,67497231.31109855,1,1.0
158,17,2,8,71488640.67992966,1,1.0
158,17,3,11,65931835.80177617,1,1.0
158,18,0,2,67390687.58370654,1,1.0
158,18,1,3,60498986.44651974,1,1.0
158,18,2,8,78353989.7627161,1,1.0
158,18,3,10,81736961.84969196,1,1.0
158,19,0,2,84327042.62822594,1,1.0
158,19,1,3,108874879.10660407,1,1.0
158,19,2,7,69516436.631766,1,1.0
158,19,3,10,76367629.69531499,1,1.0
158,20,0,2,77325465.86397529,1,1.0
158,20,1,3,81249568.1106399,1,1.0
158,20,2,8,69230395.56702276,1,1.0
158,20,3,10,111990372.9863628,1,1.0
158,21,0,2,76556995.84639397,1,1.0
158,21,1,3,68878167.51878801,1,1.0
158,21,2,8,70137433.08618453,1,1.0
158,21,3,10,92914951.11233218,1,1.0
158,22,0,0,64436272.489032805,1,1.0
158,22,1,4,64499274.700849354,1,1.0
158,22,2,8,90391004.71447162,1,1.0
158,22,3,10,90922991.43237573,1,1.0
158,23,0,2,76918652.19339147,1,1.0
158,23,1,3,84714733.39364947,1,1.0
158,23,2,8,61491701.01380825,1,1.0
158,23,3,10,102990583.38317926,1,1.0
159,0,0,2,90588074.19472651,1,1.0
159,0,1,3,80311951.62614036,1,1.0
159,0,2,6,56191366.35114585,1,1.0
159,0,3,10,70127187.42990562,1,1.0
159,1,0,2,66354259.253883965,1,1.0
159,1,1,3,67963512.06429505,1,1.0
159,1,2,7,66101242.84003708,1,1.0
159,1,3,10,87654978.19192114,1,1.0
159,2,0,2,61159800.81845217,1,1.0
159,2,1,3,68796603.12745473,1,1.0
159,2,2,8,59796706.89401379,1,1.0
159,2,3,11,70452259.85055877,1,1.0
159,3,0,2,64106642.14062551,1,1.0
159,3,1,3,83376218.64119141,1,1.0
159,3,2,6,61807354.61595766,1,1.0
159,3,3,10,82266676.57560223,1,1.0
159,4,0,2,59208056.89160063,1,1.0
159,4,1,4,75838124.10672618,1,1.0
159,4,2,6,64901227.958802834,1,1.0
159,4,3,10,63915352.18674159,1,1.0
159,5,0,2,95183256.67578432,1,1.0
159,5,1,4,68177804.35939044,1,1.0
159,5,2,8,71644741.0644621,1,1.0
159,5,3,11,65135679.006108284,1,1.0
159,6,0,2,70770041.05380403,1,1.0
159,6,1,4,62591212.16435036,1,1.0
159,6,2,8,74414406.34787914,1,1.0
159,6,3,11,62232860.80889052,1,1.0
159,7,0,2,85266217.26377562,1,1.0
159,7,1,3,70247727.25577937,1,1.0
159,7,2,8,58687733.64294568,1,1.0
159,7,3,10,78440678.1854548,1,1.0
159,8,0,2,59193619.349430256,1,1.0
159,8,1,3,69460675.50030564,1,1.0
159,8,2,7,76096515.61443774,1,1.0
159,8,3,10,74319366.00324342,1,1.0
159,9,0,1,74645938.62283476,1,1.0
159,9,1,3,81469211.13940896,1,1.0
159,9,2,8,65630230.49326156,1,1.0
159,9,3,10,90541610.4763998,1,1.0
159,10,0,2,59845527.72098618,1,1.0
159,10,1,3,68226158.29704256,1,1.0
159,10,2,8,56193864.898674585,1,1.0
159,10,3,10,71377444.6953174,1,1.0
159,11,0,0,74775962.5645344,1,1.0
159,11,1,4,54372467.58812767,1,1.0
159,11,2,8,60083362.88230956,1,1.0
159,11,3,10,82792071.80676599,1,1.0
159,12,0,2,63665389.19735415,1,1.0
159,12,1,3,69765273.79358579,1,1.0
159,12,2,8,80541259.27927077,1,1.0
159,12,3,10,86908749.89697124,1,1.0
159,13,0,2,66737917.14552056,1,1.0
159,13,1,4,79209218.81197436,1,1.0
159,13,2,7,59915316.64090143,1,1.0
159,13,3,10,82593006.0755943,1,1.0
159,14,0,2,86353953.1493647,1,1.0
159,14,1,3,104474431.00744523,1,1.0
159,14,2,8,98229602.25074695,1,1.0
159,14,3,10,79778769.6190992,1,1.0
159,15,0,2,68255054.59038536,1,1.0
159,15,1,3,73509202.72478999,1,1.0
159,15,2,6,71496363.01011819,1,1.0
159,15,3,10,98534086.36539862,1,1.0
159,16,0,2,79797575.29416935,1,1.0
159,16,1,3,77281816.61581671,1,1.0
159,16,2,6,55853238.70104355,1,1.0
159,16,3,10,85408376.20928334,1,1.0
159,17,0,0,66714251.29558517,1,1.0
159,17,1,3,80315518.24338049,1,1.0
159,17,2,6,55694680.40419247,1,1.0
159,17,3,10,91936605.02081095,1,1.0
159,18,0,2,88524150.28454773,1,1.0
159,18,1,3,75863765.55734898,1,1.0
159,18,2,8,88796134.98375537,1,1.0
159,18,3,11,67658493.85269852,1,1.0
159,19,0,2,75687848.85707174,1,1.0
159,19,1,3,99100835.30200996,1,1.0
159,19,2,8,67622573.47284256,1,1.0
159,19,3,10,88034466.96522991,1,1.0
159,20,0,2,60387185.38794749,1,1.0
159,20,1,3,95854108.23960343,1,1.0
159,20,2,8,67432801.68887319,1,1.0
159,20,3,11,67388469.61353908,1,1.0
159,21,0,2,91693126.64791214,1,1.0
159,21,1,3,77906536.8390097,1,1.0
159,21,2,7,79572845.35571894,1,1.0
159,21,3,10,88175847.63525268,1,1.0
159,22,0,2,73470619.52827793,1,1.0
159,22,1,4,71918798.4783692,1,1.0
159,22,2,8,78171659.85807636,1,1.0
159,22,3,10,88302134.2474446,1,1.0
159,23,0,2,76582763.1261846,1,1.0
159,23,1,4,73750187.4071814,1,1.0
159,23,2,8,80346307.59050491,1,1.0
159,23,3,10,84396057.07182872,1,1.0
160,0,0,2,84101416.06706595,1,1.0
160,0,1,3,70788748.49256511,1,1.0
160,0,2,8,71531744.43628205,1,1.0
160,0,3,10,74942641.67512886,1,1.0
160,1,0,1,62264062.35428789,1,1.0
160,1,1,3,59558333.08010139,1,1.0
160,1,2,8,69604762.42528774,1,1.0
160,1,3,11,75510566.53890064,1,1.0
160,2,0,2,85068485.49205449,1,1.0
160,2,1,4,64580604.04406905,1,1.0
160,2,2,8,64509664.02869007,1,1.0
160,2,3,10,97505522.01171346,1,1.0
160,3,0,0,63498802.61258137,1,1.0
160,3,1,4,72299446.1951367,1,1.0
160,3,2,7,65031131.32890883,1,1.0
160,3,3,10,93726586.9049293,1,1.0
160,4,0,2,87112486.4229862,1,1.0
160,4,1,3,68499446.79153453,1,1.0
160,4,2,7,57269988.613931365,1,1.0
160,4,3,10,84480068.8197306,1,1.0
160,5,0,2,100786898.44519362,1,1.0
160,5,1,3,62307483.76909838,1,1.0
160,5,2,8,59593468.49433107,1,1.0
160,5,3,10,70605342.8901688,1,1.0
160,6,0,1,66041189.21258825,1,1.0
160,6,1,3,57118549.78374764,1,1.0
160,6,2,7,74808833.79406019,1,1.0
160,6,3,10,69966378.42450425,1,1.0
160,7,0,0,59581336.8178678,1,1.0
160,7,1,3,70355124.00969781,1,1.0
160,7,2,6,66295263.95604433,1,1.0
160,7,3,10,56049797.95817591,1,1.0
160,8,0,2,85446521.151828,1,1.0
160,8,1,3,76666104.41283885,1,1.0
160,8,2,8,74796112.99878144,1,1.0
160,8,3,10,71440507.47497953,1,1.0
160,9,0,2,68283921.90389399,1,1.0
160,9,1,4,66981507.62747643,1,1.0
160,9,2,7,62521142.856348366,1,1.0
160,9,3,10,103532916.78086735,1,1.0
160,10,0,0,70387018.7560629,1,1.0
160,10,1,4,60779305.38136865,1,1.0
160,10,2,8,80785635.1686713,1,1.0
160,10,3,10,79422550.36113538,1,1.0
160,11,0,2,59135846.059481576,1,1.0
160,11,1,3,93970089.29803078,1,1.0
160,11,2,7,59001381.1896664,1,1.0
160,11,3,11,71698835.72093026,1,1.0
160,12,0,2,83215654.04444318,1,1.0
160,12,1,3,94695176.81018592,1,1.0
160,12,2,7,67347243.45955245,1,1.0
160,12,3,11,72722947.12308437,1,1.0
160,13,0,2,88956172.07198882,1,1.0
160,13,1,3,81406391.35285863,1,1.0
160,13,2,8,61176966.062165566,1,1.0
160,13,3,10,77209586.61674215,1,1.0
160,14,0,2,72403157.06341992,1,1.0
160,14,1,3,74563546.7801361,1,1.0
160,14,2,8,77290752.97926885,1,1.0
160,14,3,10,86519590.00106646,1,1.0
160,15,0,2,75480062.73027118,1,1.0
160,15,1,3,71501021.9694043,1,1.0
160,15,2,8,62365091.6610766,1,1.0
160,15,3,10,85373711.43130921,1,1.0
160,16,0,0,67656705.0067236,1,1.0
160,16,1,4,66162806.82436992,1,1.0
160,16,2,8,60881537.82907997,1,1.0
160,16,3,11,70264179.04918678,1,1.0
160,17,0,2,65388429.05783063,1,1.0
160,17,1,4,62873798.91557893,1,1.0
160,17,2,8,66843338.02323374,1,1.0
160,17,3,10,80714464.23445904,1,1.0
160,18,0,2,65419405.32881321,1,1.0
160,18,1,3,76340963.79536845,1,1.0
160,18,2,8,74630996.61545369,1,1.0
160,18,3,10,73385579.01573488,1,1.0
160,19,0,2,80822261.69281898,1,1.0
160,19,1,4,79162626.81124286,1,1.0
160,19,2,8,59092581.319396235,1,1.0
160,19,3,10,71399167.11741062,1,1.0
160,20,0,0,59146693.227098435,1,1.0
160,20,1,3,89651855.45335071,1,1.0
160,20,2,8,76880072.31540722,1,1.0
160,20,3,10,84224151.66346735,1,1.0
160,21,0,2,62326551.56359959,1,1.0
160,21,1,3,74614427.48479478,1,1.0
160,21,2,8,75811045.46115485,1,1.0
160,21,3,10,76020268.90407571,1,1.0
160,22,0,2,57044335.06670524,1,1.0
160,22,1,3,67068839.09043139,1,1.0
160,22,2,7,65155623.6410613,1,1.0
160,22,3,10,91388845.6511977,1,1.0
160,23,0,2,66366230.02633658,1,1.0
160,23,1,4,73559719.21085905,1,1.0
160,23,2,6,66380712.56046624,1,1.0
160,23,3,10,85570386.96049812,1,1.0
161,0,0,2,65666839.65120426,1,1.0
161,0,1,4,68372144.26339208,1,1.0
161,0,2,8,59986878.08759887,1,1.0
161,0,3,11,68008920.85502541,1,1.0
161,1,0,2,70518990.03524202,1,1.0
161,1,1,4,86157053.91991282,1,1.0
161,1,2,8,66575620.142048605,1,1.0
161,1,3,11,68359690.09153926,1,1.0
161,2,0,2,78082231.45461364,1,1.0
161,2,1,4,74156086.76930489,1,1.0
161,2,2,6,60414566.612068504,1,1.0
161,2,3,10,74261467.9143628,1,1.0
161,3,0,2,88580487.62673858,1,1.0
161,3,1,3,81011263.54621871,1,1.0
161,3,2,8,95340368.46362688,1,1.0
161,3,3,11,85831142.66467604,1,1.0
161,4,0,2,53858278.01217572,1,1.0
161,4,1,3,69650755.20542973,1,1.0
161,4,2,8,89576842.64192338,1,1.0
161,4,3,11,67025611.9249926,1,1.0
161,5,0,2,67089983.11817314,1,1.0
161,5,1,4,67182982.36502138,1,1.0
161,5,2,8,60898200.03047573,1,1.0
161,5,3,10,81222779.95844725,1,1.0
161,6,0,2,86931207.31635831,1,1.0
161,6,1,3,77782923.92547579,1,1.0
161,6,2,8,62577761.414918,1,1.0
161,6,3,10,104602279.94549625,1,1.0
161,7,0,2,68474832.96824762,1,1.0
161,7,1,4,71969599.0035394,1,1.0
161,7,2,8,71651773.32357863,1,1.0
161,7,3,11,80284994.70916446,1,1.0
161,8,0,2,86702511.08173992,1,1.0
161,8,1,4,61865217.66592844,1,1.0
161,8,2,8,67537873.05637223,1,1.0
161,8,3,11,88035578.39359313,1,1.0
161,9,0,1,62135261.43650102,1,1.0
161,9,1,3,84733661.71452734,1,1.0
161,9,2,8,80708374.09778346,1,1.0
161,9,3,10,76529592.7833237,1,1.0
161,10,0,0,67262412.70062418,1,1.0
161,10,1,3,81942602.1642157,1,1.0
161,10,2,8,65436215.831233,1,1.0
161,10,3,10,67975568.93032876,1,1.0
161,11,0,2,59263084.54273677,1,1.0
161,11,1,3,76301005.36113545,1,1.0
161,11,2,7,61534778.461485274,1,1.0
161,11,3,10,70780218.21628195,1,1.0
161,12,0,2,71502825.93166493,1,1.0
161,12,1,3,111355150.28515102,1,1.0
161,12,2,6,61537158.99432652,1,1.0
161,12,3,10,85514391.499597,1,1.0
161,13,0,2,58327021.03313357,1,1.0
161,13,1,3,70091527.54305139,1,1.0
161,13,2,8,64271344.17358501,1,1.0
161,13,3,11,72552025.33661067,1,1.0
161,14,0,0,64361395.46107135,1,1.0
161,14,1,3,85473724.92731376,1,1.0
161,14,2,6,62869406.75493127,1,1.0
161,14,3,10,69729007.08826165,1,1.0
161,15,0,2,99919855.0518956,1,1.0
161,15,1,3,81777894.30325209,1,1.0
161,15,2,6,54265908.49905739,1,1.0
161,15,3,11,67705200.85857403,1,1.0
161,16,0,2,81127196.15413043,1,1.0
161,16,1,3,61440408.52319742,1,1.0
161,16,2,6,62561914.64995996,1,1.0
161,16,3,10,95316677.28366797,1,1.0
161,17,0,2,61131369.7400606,1,1.0
161,17,1,3,66503467.2848559,1,1.0
161,17,2,6,52665174.496059105,1,1.0
161,17,3,10,63677487.68584939,1,1.0
161,18,0,2,67475679.56895033,1,1.0
161,18,1,4,73383529.47381963,1,1.0
161,18,2,8,86660944.53858653,1,1.0
161,18,3,10,80227157.40023786,1,1.0
161,19,0,1,60203515.38820512,1,1.0
161,19,1,4,67668238.65645503,1,1.0
161,19,2,8,58240405.51188307,1,1.0
161,19,3,10,74523001.9879074,1,1.0
161,20,0,2,79411373.58337541,1,1.0
161,20,1,3,102968977.36149743,1,1.0
161,20,2,8,58575541.29965054,1,1.0
161,20,3,10,66824336.92503633,1,1.0
161,21,0,2,72198776.37535505,1,1.0
161,21,1,3,71966081.81803745,1,1.0
161,21,2,8,58121745.6072746,1,1.0
161,21,3,11,66391091.18681048,1,1.0
161,22,0,2,66996545.84192681,1,1.0
161,22,1,3,74919715.43202169,1,1.0
161,22,2,8,67926680.39813606,1,1.0
161,22,3,11,73926044.80521236,1,1.0
161,23,0,2,71335546.20734519,1,1.0
161,23,1,3,70748619.34405607,1,1.0
161,23,2,7,64900547.82484862,1,1.0
161,23,3,10,92989383.913934,1,1.0
162,0,0,0,73999304.00517476,1,1.0
162,0,1,3,72447397.91293733,1,1.0
162,0,2,8,90713971.20245785,1,1.0
162,0,3,10,81985906.1060598,1,1.0
162,1,0,2,72422383.14741151,1,1.0
162,1,1,3,71190541.25395338,1,1.0
162,1,2,8,64800691.20315045,1,1.0
162,1,3,11,62601994.53148049,1,1.0
162,2,0,2,70522356.25718637,1,1.0
162,2,1,4,67748288.22089387,1,1.0
162,2,2,8,85278768.53483589,1,1.0
162,2,3,10,76042310.49201052,1,1.0
162,3,0,1,59252485.37619678,1,1.0
162,3,1,3,65904371.2562804,1,1.0
162,3,2,7,55499645.355604835,1,1.0
162,3,3,10,75269527.38273296,1,1.0
162,4,0,2,81538172.27565439,1,1.0
162,4,1,4,63265714.580805995,1,1.0
162,4,2,8,80386393.52033073,1,1.0
162,4,3,10,75587675.63957176,1,1.0
162,5,0,2,67398672.70779769,1,1.0
162,5,1,3,72187905.842013,1,1.0
162,5,2,7,63037567.84219845,1,1.0
162,5,3,10,71322188.66985267,1,1.0
162,6,0,2,72071852.21049558,1,1.0
162,6,1,4,71893530.94669414,1,1.0
162,6,2,7,64577119.27392686,1,1.0
162,6,3,10,63775711.61300827,1,1.0
162,7,0,2,88066365.12137163,1,1.0
162,7,1,3,60005355.27606291,1,1.0
162,7,2,8,82800497.8012543,1,1.0
162,7,3,10,72754326.11306618,1,1.0
162,8,0,0,62256098.90834097,1,1.0
162,8,1,4,75196816.39183967,1,1.0
162,8,2,8,88525101.36526035,1,1.0
162,8,3,10,75505227.09839602,1,1.0
162,9,0,2,76615218.77710475,1,1.0
162,9,1,5,54886047.6698369,1,1.0
162,9,2,8,59774388.973203875,1,1.0
162,9,3,10,75567621.52005367,1,1.0
162,10,0,1,66981192.671745844,1,1.0
162,10,1,3,58409347.59505715,1,1.0
162,10,2,8,64606746.53030454,1,1.0
162,10,3,10,70518723.94766848,1,1.0
162,11,0,2,74163972.67321415,1,1.0
162,11,1,3,77758232.6947251,1,1.0
162,11,2,8,60662948.16095466,1,1.0
162,11,3,10,82677927.24139558,1,1.0
162,12,0,2,72478176.16579987,1,1.0
162,12,1,3,73812346.4112512,1,1.0
162,12,2,8,63773924.4407701,1,1.0
162,12,3,11,75034969.6519361,1,1.0
162,13,0,2,79459190.8704118,1,1.0
162,13,1,4,96615790.99549554,1,1.0
162,13,2,6,57648852.6163415,1,1.0
162,13,3,11,64359096.56060973,1,1.0
162,14,0,0,73758613.88717507,1,1.0
162,14,1,3,77487137.46793433,1,1.0
162,14,2,8,75859701.558889,1,1.0
162,14,3,10,71833232.58396506,1,1.0
162,15,0,2,75705760.53990991,1,1.0
162,15,1,4,72609033.72237335,1,1.0
162,15,2,7,59541751.02252005,1,1.0
162,15,3,10,92587901.11970961,1,1.0
162,16,0,2,59339114.171736434,1,1.0
162,16,1,4,62381938.26401155,1,1.0
162,16,2,8,66101318.69254643,1,1.0
162,16,3,10,80595747.17771979,1,1.0
162,17,0,2,75410783.19825022,1,1.0
162,17,1,3,69910596.45339063,1,1.0
162,17,2,8,63241749.89415118,1,1.0
162,17,3,10,110537853.8828608,1,1.0
162,18,0,2,79101456.24762055,1,1.0
162,18,1,3,85205076.20720996,1,1.0
162,18,2,8,81084281.45079756,1,1.0
162,18,3,10,87578312.41909239,1,1.0
162,19,0,1,73375267.01593004,1,1.0
162,19,1,3,71521180.85671246,1,1.0
162,19,2,8,70435577.78010753,1,1.0
162,19,3,10,66658573.66561369,1,1.0
162,20,0,0,69245712.12826663,1,1.0
162,20,1,3,82129121.14750963,1,1.0
162,20,2,8,85827172.14804132,1,1.0
162,20,3,10,72831746.68360102,1,1.0
162,21,0,1,58813276.646752745,1,1.0
162,21,1,3,78478010.42293595,1,1.0
162,21,2,8,55433755.51327904,1,1.0
162,21,3,10,71680067.11545587,1,1.0
162,22,0,2,63986417.83270406,1,1.0
162,22,1,3,66538270.929585524,1,1.0
162,22,2,8,71879874.92838755,1,1.0
162,22,3,11,67794720.34073108,1,1.0
162,23,0,2,78658886.4978375,1,1.0
162,23,1,4,79948453.53597526,1,1.0
162,23,2,7,66740885.9223364,1,1.0
162,23,3,10,99168897.04205713,1,1.0
163,0,0,0,57528150.3437471,1,1.0
163,0,1,3,85171841.8095479,1,1.0
163,0,2,7,54953462.248023406,1,1.0
163,0,3,10,94977320.36819586,1,1.0
163,1,0,0,59135724.42066378,1,1.0
163,1,1,3,67380157.76110876,1,1.0
163,1,2,7,60414777.83381792,1,1.0
163,1,3,10,90331026.8285285,1,1.0
163,2,0,0,58483507.194503725,1,1.0
163,2,1,3,65581300.06489927,1,1.0
163,2,2,7,58047825.20673267,1,1.0
163,2,3,10,78991787.80366004,1,1.0
163,3,0,2,57237269.703210354,1,1.0
163,3,1,4,67910900.4195666,1,1.0
163,3,2,8,69516428.75965159,1,1.0
163,3,3,10,83696489.95712177,1,1.0
163,4,0,2,65666691.85403084,1,1.0
163,4,1,3,92387022.60619828,1,1.0
163,4,2,8,62282175.44064809,1,1.0
163,4,3,10,71052515.88992758,1,1.0
163,5,0,2,105137942.9667671,1,1.0
163,5,1,3,93110616.42378362,1,1.0
163,5,2,8,77200671.8800475,1,1.0
163,5,3,10,82233644.14234062,1,1.0
163,6,0,2,73981639.27426827,1,1.0
163,6,1,4,71134972.37274486,1,1.0
163,6,2,8,79240453.39837185,1,1.0
163,6,3,10,88629029.27471128,1,1.0
163,7,0,2,61634368.878753625,1,1.0
163,7,1,3,74301153.44378166,1,1.0
163,7,2,8,54948997.163896926,1,1.0
163,7,3,11,66324222.27027525,1,1.0
163,8,0,1,71788603.65482113,1,1.0
163,8,1,3,86579047.30544244,1,1.0
163,8,2,8,59527856.90082059,1,1.0
163,8,3,11,66012605.07244457,1,1.0
163,9,0,2,79708561.75865342,1,1.0
163,9,1,3,77555901.17245057,1,1.0
163,9,2,7,57453365.21180559,1,1.0
163,9,3,10,85364764.7989637,1,1.0
163,10,0,2,84109562.69071566,1,1.0
163,10,1,3,95478202.21490327,1,1.0
163,10,2,7,78633969.47238244,1,1.0
163,10,3,10,85080901.78892015,1,1.0
163,11,0,1,62237708.92302999,1,1.0
163,11,1,3,69966955.11881018,1,1.0
163,11,2,8,61500602.775305234,1,1.0
163,11,3,10,77550147.26243737,1,1.0
163,12,0,1,55409882.61810891,1,1.0
163,12,1,3,89856287.4990031,1,1.0
163,12,2,6,57677649.84421189,1,1.0
163,12,3,11,63792166.82373996,1,1.0
163,13,0,2,70164039.93312702,1,1.0
163,13,1,3,64755820.615584835,1,1.0
163,13,2,8,71397353.83099988,1,1.0
163,13,3,10,69025600.54805684,1,1.0
163,14,0,2,67119131.00409007,1,1.0
163,14,1,3,70977635.86906166,1,1.0
163,14,2,7,65938467.99367755,1,1.0
163,14,3,10,71703919.97604027,1,1.0
163,15,0,2,61254350.10607468,1,1.0
163,15,1,3,71317488.12197539,1,1.0
163,15,2,8,53976362.296493694,1,1.0
163,15,3,10,89783712.1315148,1,1.0
163,16,0,2,92441294.0184864,1,1.0
163,16,1,3,64735039.92201575,1,1.0
163,16,2,7,58502047.35217438,1,1.0
163,16,3,11,66263111.48176541,1,1.0
163,17,0,2,65508070.145032495,1,1.0
163,17,1,3,70602424.71114993,1,1.0
163,17,2,8,70872285.38590086,1,1.0
163,17,3,10,66001404.07666062,1,1.0
163,18,0,1,63129564.57674599,1,1.0
163,18,1,4,63494140.55483754,1,1.0
163,18,2,8,66262311.408257246,1,1.0
163,18,3,10,96032370.16487677,1,1.0
163,19,0,2,89251748.03465495,1,1.0
163,19,1,3,64233878.55345255,1,1.0
163,19,2,6,57619340.492063425,1,1.0
163,19,3,10,70919005.25041097,1,1.0
163,20,0,2,63647570.68492653,1,1.0
163,20,1,3,77438797.87057817,1,1.0
163,20,2,6,60408823.07737061,1,1.0
163,20,3,10,117876614.24451166,1,1.0
163,21,0,2,60481101.54888579,1,1.0
163,21,1,4,69475165.94487777,1,1.0
163,21,2,7,61249637.91371107,1,1.0
163,21,3,10,69369801.02884035,1,1.0
163,22,0,1,54589951.17508631,1,1.0
163,22,1,3,80370100.42617233,1,1.0
163,22,2,8,75678314.68031316,1,1.0
163,22,3,10,76417069.59825785,1,1.0
163,23,0,2,78734023.40812887,1,1.0
163,23,1,3,108840060.8737663,1,1.0
163,23,2,8,58944504.92175809,1,1.0
163,23,3,11,85520193.05628537,1,1.0
164,0,0,2,70168068.1644255,1,1.0
164,0,1,3,82402476.45566961,1,1.0
164,0,2,8,55747847.191583835,1,1.0
164,0,3,10,66250169.0012239,1,1.0
164,1,0,2,71453269.12438361,1,1.0
164,1,1,4,68698610.94755952,1,1.0
164,1,2,8,56259083.70543397,1,1.0
164,1,3,11,64228363.789510846,1,1.0
164,2,0,2,62094098.759687304,1,1.0
164,2,1,3,71159155.69287807,1,1.0
164,2,2,6,67571746.2133894,1,1.0
164,2,3,10,68345245.34266484,1,1.0
164,3,0,0,68090505.40524597,1,1.0
164,3,1,3,66879948.83577532,1,1.0
164,3,2,8,67512835.11235888,1,1.0
164,3,3,10,67848181.62290573,1,1.0
164,4,0,0,62587796.40855616,1,1.0
164,4,1,3,84178945.34179136,1,1.0
164,4,2,8,52499599.49175469,1,1.0
164,4,3,10,84565651.26359011,1,1.0
164,5,0,2,65448188.50156315,1,1.0
164,5,1,3,75285796.16360232,1,1.0
164,5,2,6,58009608.47090719,1,1.0
164,5,3,10,86653407.48785141,1,1.0
164,6,0,2,60186123.48392782,1,1.0
164,6,1,3,93968286.79503362,1,1.0
164,6,2,6,54932966.79338863,1,1.0
164,6,3,10,84255944.2080618,1,1.0
164,7,0,0,80040831.62472425,1,1.0
164,7,1,3,66851569.29607482,1,1.0
164,7,2,7,60305461.272341326,1,1.0
164,7,3,11,69890218.16184595,1,1.0
164,8,0,2,92736464.69330285,1,1.0
164,8,1,3,79047410.25804386,1,1.0
164,8,2,6,58792282.16895933,1,1.0
164,8,3,10,99396293.07102063,1,1.0
164,9,0,2,63260867.86985996,1,1.0
164,9,1,4,57617029.786953844,1,1.0
164,9,2,8,72886269.78425579,1,1.0
164,9,3,10,88573135.40328424,1,1.0
164,10,0,2,100471056.53446043,1,1.0
164,10,1,3,73934865.85989024,1,1.0
164,10,2,7,64545765.436582774,1,1.0
164,10,3,10,72492802.76726818,1,1.0
164,11,0,1,67390627.18475805,1,1.0
164,11,1,3,72644609.60868213,1,1.0
164,11,2,7,72174137.46420375,1,1.0
164,11,3,10,69520579.15541683,1,1.0
164,12,0,2,60817386.15085864,1,1.0
164,12,1,3,68682777.83483583,1,1.0
164,12,2,7,66490161.888451725,1,1.0
164,12,3,10,80640970.10874607,1,1.0
164,13,0,2,80810346.07057907,1,1.0
164,13,1,3,81837288.03236246,1,1.0
164,13,2,7,55209685.59292823,1,1.0
164,13,3,11,68604850.0570288,1,1.0
164,14,0,2,75073410.0564724,1,1.0
164,14,1,4,71134837.47333795,1,1.0
164,14,2,8,87938338.00327772,1,1.0
164,14,3,11,68770526.87013052,1,1.0
164,15,0,2,72728815.01694761,1,1.0
164,15,1,4,64993420.96085893,1,1.0
164,15,2,6,54816802.920890994,1,1.0
164,15,3,10,74288654.15532108,1,1.0
164,16,0,2,89888920.87902473,1,1.0
164,16,1,4,62874121.97539264,1,1.0
164,16,2,8,57662910.16115607,1,1.0
164,16,3,10,100286554.64467596,1,1.0
164,17,0,2,85785479.01474443,1,1.0
164,17,1,4,65735588.363533325,1,1.0
164,17,2,6,74151388.55838415,1,1.0
164,17,3,11,65766056.49619026,1,1.0
164,18,0,2,91279833.69002637,1,1.0
164,18,1,3,67984277.4799481,1,1.0
164,18,2,8,64666040.09537602,1,1.0
164,18,3,10,91538843.78055592,1,1.0
164,19,0,0,62802181.10825463,1,1.0
164,19,1,3,96081775.12965642,1,1.0
164,19,2,7,81281243.4943502,1,1.0
164,19,3,11,66532934.48763143,1,1.0
164,20,0,2,80173015.34093332,1,1.0
164,20,1,3,78559292.10791333,1,1.0
164,20,2,8,62195424.15334109,1,1.0
164,20,3,10,90784840.13668688,1,1.0
164,21,0,2,87597211.33427647,1,1.0
164,21,1,3,70465247.79680341,1,1.0
164,21,2,7,73926993.88727023,1,1.0
164,21,3,11,52808839.87342325,1,1.0
164,22,0,2,67783784.07021949,1,1.0
164,22,1,4,73508526.08211425,1,1.0
164,22,2,7,62677674.506259926,1,1.0
164,22,3,10,78735999.33449923,1,1.0
164,23,0,1,57289664.990672015,1,1.0
164,23,1,3,67972930.970942,1,1.0
164,23,2,7,60556084.40130994,1,1.0
164,23,3,10,76452517.77841103,1,1.0
165,0,0,2,89514570.48053081,1,1.0
165,0,1,3,71342817.94011478,1,1.0
165,0,2,8,78261912.03711614,1,1.0
165,0,3,11,74569396.11969039,1,1.0
165,1,0,2,66866962.61102593,1,1.0
165,1,1,3,73549907.82562827,1,1.0
165,1,2,8,63745462.60193061,1,1.0
165,1,3,10,70715377.46093576,1,1.0
165,2,0,2,72405840.95668605,1,1.0
165,2,1,4,79772301.85730669,1,1.0
165,2,2,8,70624757.55904587,1,1.0
165,2,3,10,75901500.70857877,1,1.0
165,3,0,2,62749164.48836671,1,1.0
165,3,1,4,67233041.81421241,1,1.0
165,3,2,6,69113709.69241337,1,1.0
165,3,3,11,61030991.321778215,1,1.0
165,4,0,2,61283497.01246125,1,1.0
165,4,1,3,66247860.67800601,1,1.0
165,4,2,7,67273402.097355,1,1.0
165,4,3,10,84711157.53433599,1,1.0
165,5,0,0,66408554.14191524,1,1.0
165,5,1,3,86741263.91264012,1,1.0
165,5,2,8,63383384.84733901,1,1.0
165,5,3,10,79284119.05186184,1,1.0
165,6,0,0,68993914.38199666,1,1.0
165,6,1,4,73913431.47843441,1,1.0
165,6,2,8,64075600.743243575,1,1.0
165,6,3,10,79147991.32594614,1,1.0
165,7,0,2,58132170.817178644,1,1.0
165,7,1,3,67971457.33043616,1,1.0
165,7,2,7,60241493.20861041,1,1.0
165,7,3,10,70248209.13187908,1,1.0
165,8,0,2,63042688.46951444,1,1.0
165,8,1,4,67755491.36781925,1,1.0
165,8,2,7,57350308.400807545,1,1.0
165,8,3,10,73316201.19447204,1,1.0
165,9,0,2,71048674.7123338,1,1.0
165,9,1,3,81343947.85678168,1,1.0
165,9,2,8,74869724.15051559,1,1.0
165,9,3,11,61324958.76152663,1,1.0
165,10,0,2,87837840.89003932,1,1.0
165,10,1,4,66978705.49540764,1,1.0
165,10,2,7,55950183.161854275,1,1.0
165,10,3,10,66754854.4870077,1,1.0
165,11,0,2,74121411.32659042,1,1.0
165,11,1,4,83554260.00721434,1,1.0
165,11,2,8,62144387.96425017,1,1.0
165,11,3,10,67865384.07311393,1,1.0
165,12,0,2,66717001.335028484,1,1.0
165,12,1,4,67188186.38412121,1,1.0
165,12,2,8,71515573.06738363,1,1.0
165,12,3,10,95577276.0037894,1,1.0
165,13,0,2,63717183.89939066,1,1.0
165,13,1,5,57075519.8362953,1,1.0
165,13,2,7,68390765.86022286,1,1.0
165,13,3,10,74174522.26889059,1,1.0
165,14,0,2,80291571.80689503,1,1.0
165,14,1,3,77342652.32644673,1,1.0
165,14,2,7,63152888.8801012,1,1.0
165,14,3,11,66816469.40423374,1,1.0
165,15,0,2,81999080.11799635,1,1.0
165,15,1,4,66819081.25757192,1,1.0
165,15,2,7,63863722.017712414,1,1.0
165,15,3,10,72834756.51354496,1,1.0
165,16,0,2,77635196.57659504,1,1.0
165,16,1,3,93662340.6462407,1,1.0
165,16,2,7,55584840.07781164,1,1.0
165,16,3,11,68538547.2104668,1,1.0
165,17,0,2,78159193.79069471,1,1.0
165,17,1,3,60736680.40574539,1,1.0
165,17,2,8,71395238.53550407,1,1.0
165,17,3,10,80848900.4827552,1,1.0
165,18,0,2,80436117.57202064,1,1.0
165,18,1,3,73754604.53427169,1,1.0
165,18,2,6,63221493.733115,1,1.0
165,18,3,10,90863689.97126032,1,1.0
165,19,0,1,54799352.43677255,1,1.0
165,19,1,3,71389944.93021007,1,1.0
165,19,2,8,64381600.38832797,1,1.0
165,19,3,10,75655138.71825866,1,1.0
165,20,0,2,76635733.2841123,1,1.0
165,20,1,3,91158303.21365453,1,1.0
165,20,2,8,103350539.74219856,1,1.0
165,20,3,10,69898878.92991269,1,1.0
165,21,0,0,63557374.77814932,1,1.0
165,21,1,4,72822558.2641097,1,1.0
165,21,2,7,65256431.874112174,1,1.0
165,21,3,11,73129789.70394833,1,1.0
165,22,0,2,60847099.60570332,1,1.0
165,22,1,3,74332774.97819482,1,1.0
165,22,2,8,66440725.20076643,1,1.0
165,22,3,10,78250724.09970622,1,1.0
165,23,0,2,62778658.17624341,1,1.0
165,23,1,3,73618547.68188897,1,1.0
165,23,2,8,74972493.8261853,1,1.0
165,23,3,11,87698997.7672573,1,1.0
166,0,0,0,54288583.02981003,1,1.0
166,0,1,4,66699791.37918173,1,1.0
166,0,2,8,60761980.308120854,1,1.0
166,0,3,11,66122695.2896334,1,1.0
166,1,0,2,59405703.136064045,1,1.0
166,1,1,3,80423262.463545,1,1.0
166,1,2,7,88265842.32147796,1,1.0
166,1,3,10,82519355.53237255,1,1.0
166,2,0,2,67150591.02059412,1,1.0
166,2,1,3,81834005.72268333,1,1.0
166,2,2,7,66456181.26661595,1,1.0
166,2,3,11,73982857.18020727,1,1.0
166,3,0,2,90739742.87516516,1,1.0
166,3,1,3,54600235.58939449,1,1.0
166,3,2,8,60985900.61026377,1,1.0
166,3,3,10,70156466.72539738,1,1.0
166,4,0,0,68155697.84273651,1,1.0
166,4,1,3,75426599.34183945,1,1.0
166,4,2,8,65154536.19835561,1,1.0
166,4,3,10,78370093.72940122,1,1.0
166,5,0,0,73409061.25641668,1,1.0
166,5,1,3,74187850.3472346,1,1.0
166,5,2,8,67238677.38918677,1,1.0
166,5,3,11,76351543.31755084,1,1.0
166,6,0,2,59588009.454334185,1,1.0
166,6,1,4,76401023.93887086,1,1.0
166,6,2,8,77075738.7926599,1,1.0
166,6,3,10,84403947.98731166,1,1.0
166,7,0,2,69141630.35829462,1,1.0
166,7,1,3,97535761.86031961,1,1.0
166,7,2,8,84673392.80021535,1,1.0
166,7,3,10,92496650.89370966,1,1.0
166,8,0,2,86028005.63325109,1,1.0
166,8,1,4,72805686.51502405,1,1.0
166,8,2,8,56850078.652519785,1,1.0
166,8,3,11,69852043.85298158,1,1.0
166,9,0,2,64775721.36826692,1,1.0
166,9,1,3,77188111.77418895,1,1.0
166,9,2,7,66143527.738995135,1,1.0
166,9,3,10,72345778.0605475,1,1.0
166,10,0,2,67491757.53084017,1,1.0
166,10,1,3,73951137.04221897,1,1.0
166,10,2,6,62915694.60999983,1,1.0
166,10,3,11,90576559.48620158,1,1.0
166,11,0,2,86357832.1940828,1,1.0
166,11,1,3,70144941.63160607,1,1.0
166,11,2,7,66770789.84437695,1,1.0
166,11,3,10,62918125.2477423,1,1.0
166,12,0,2,66967913.420340955,1,1.0
166,12,1,3,72625895.95313925,1,1.0
166,12,2,8,85736226.30238922,1,1.0
166,12,3,10,102002391.01834342,1,1.0
166,13,0,2,70089321.76016887,1,1.0
166,13,1,3,67064946.90271308,1,1.0
166,13,2,7,77947097.67051223,1,1.0
166,13,3,10,91802201.68057731,1,1.0
166,14,0,2,63163331.87346634,1,1.0
166,14,1,3,85683454.74585903,1,1.0
166,14,2,8,64002904.057804555,1,1.0
166,14,3,10,81643898.5339933,1,1.0
166,15,0,2,71321211.26950876,1,1.0
166,15,1,3,69376229.27149165,1,1.0
166,15,2,8,58720052.59668629,1,1.0
166,15,3,10,68240095.08627641,1,1.0
166,16,0,2,79969211.43951507,1,1.0
166,16,1,3,60237662.87617176,1,1.0
166,16,2,7,62487879.14241334,1,1.0
166,16,3,10,93172560.68699703,1,1.0
166,17,0,2,79143390.52047808,1,1.0
166,17,1,3,75886304.59510355,1,1.0
166,17,2,8,61945874.40013586,1,1.0
166,17,3,10,83762006.78780252,1,1.0
166,18,0,2,86068656.01262292,1,1.0
166,18,1,3,55665501.623930044,1,1.0
166,18,2,7,70445953.56914663,1,1.0
166,18,3,10,79094365.16174366,1,1.0
166,19,0,2,83883775.41465002,1,1.0
166,19,1,4,77248578.24969356,1,1.0
166,19,2,8,72570290.82860509,1,1.0
166,19,3,10,77629173.9219298,1,1.0
166,20,0,2,62145940.13343494,1,1.0
166,20,1,3,71489852.98745634,1,1.0
166,20,2,6,60584316.034999415,1,1.0
166,20,3,10,72822280.94802968,1,1.0
166,21,0,2,85769808.3873324,1,1.0
166,21,1,3,105688136.68307336,1,1.0
166,21,2,8,63854688.05928139,1,1.0
166,21,3,10,97351701.67725907,1,1.0
166,22,0,2,57153142.09597984,1,1.0
166,22,1,5,59349297.30520505,1,1.0
166,22,2,8,77486337.0790899,1,1.0
166,22,3,11,67756523.60059267,1,1.0
166,23,0,0,56838332.26749243,1,1.0
166,23,1,3,72637134.11950807,1,1.0
166,23,2,7,54319582.18542892,1,1.0
166,23,3,11,80494933.41868488,1,1.0
167,0,0,2,71505765.22663325,1,1.0
167,0,1,3,83522451.92754772,1,1.0
167,0,2,8,64305976.51181127,1,1.0
167,0,3,10,69556926.53035048,1,1.0
167,1,0,2,57179182.84392012,1,1.0
167,1,1,3,75089736.15562116,1,1.0
167,1,2,6,60505856.56848285,1,1.0
167,1,3,10,91586498.88073544,1,1.0
167,2,0,0,69593829.28657842,1,1.0
167,2,1,4,81371690.73909993,1,1.0
167,2,2,8,89040329.70460485,1,1.0
167,2,3,10,61834095.62813588,1,1.0
167,3,0,2,78420890.40442936,1,1.0
167,3,1,4,85850134.66644636,1,1.0
167,3,2,8,73662355.27167925,1,1.0
167,3,3,11,112253947.74760959,1,1.0
167,4,0,2,83888895.62706219,1,1.0
167,4,1,3,63497389.33988943,1,1.0
167,4,2,7,63302848.32797452,1,1.0
167,4,3,10,77720351.18145256,1,1.0
167,5,0,2,82973829.65508918,1,1.0
167,5,1,3,75559392.1107708,1,1.0
167,5,2,8,61397264.45993393,1,1.0
167,5,3,10,67615606.87698592,1,1.0
167,6,0,2,82664332.00691819,1,1.0
167,6,1,4,63364313.100476965,1,1.0
167,6,2,7,63285020.61816961,1,1.0
167,6,3,10,65255397.234284006,1,1.0
167,7,0,2,91468530.5770909,1,1.0
167,7,1,3,66558585.11817818,1,1.0
167,7,2,8,85752650.07631567,1,1.0
167,7,3,11,72403701.2251349,1,1.0
167,8,0,1,61378855.99692262,1,1.0
167,8,1,4,63358107.13605562,1,1.0
167,8,2,6,75577080.02492909,1,1.0
167,8,3,10,68446288.48312713,1,1.0
167,9,0,2,104920143.4864916,1,1.0
167,9,1,3,88122467.53086346,1,1.0
167,9,2,8,80495511.33431424,1,1.0
167,9,3,10,78236286.89649615,1,1.0
167,10,0,2,79750728.00485124,1,1.0
167,10,1,3,71365645.3817801,1,1.0
167,10,2,8,63213870.52509214,1,1.0
167,10,3,11,88608274.04508258,1,1.0
167,11,0,2,84116265.3895732,1,1.0
167,11,1,5,51995693.352237575,1,1.0
167,11,2,6,62768178.88220189,1,1.0
167,11,3,10,92058437.80864577,1,1.0
167,12,0,2,68418574.37107503,1,1.0
167,12,1,4,77809970.60998933,1,1.0
167,12,2,8,67461252.9456605,1,1.0
167,12,3,10,62066383.0190399,1,1.0
167,13,0,2,67913102.05839613,1,1.0
167,13,1,3,70745834.32164687,1,1.0
167,13,2,8,64717146.574139185,1,1.0
167,13,3,10,63810480.52020742,1,1.0
167,14,0,2,70941477.70230603,1,1.0
167,14,1,3,80320044.10487625,1,1.0
167,14,2,8,75329146.43244158,1,1.0
167,14,3,10,83626183.7496605,1,1.0
167,15,0,0,68038404.47749159,1,1.0
167,15,1,3,69352931.11075523,1,1.0
167,15,2,8,85684676.80851205,1,1.0
167,15,3,10,87236919.37893538,1,1.0
167,16,0,2,67620230.09554984,1,1.0
167,16,1,3,103414411.33750604,1,1.0
167,16,2,7,70824690.68832305,1,1.0
167,16,3,10,91659581.6662747,1,1.0
167,17,0,2,91987392.26263939,1,1.0
167,17,1,3,77276510.56772596,1,1.0
167,17,2,6,56337132.29049145,1,1.0
167,17,3,10,96364925.18947361,1,1.0
167,18,0,2,73488517.54161456,1,1.0
167,18,1,4,56502742.02038701,1,1.0
167,18,2,8,57796412.37873843,1,1.0
167,18,3,11,68047313.34731933,1,1.0
167,19,0,0,59859160.392101824,1,1.0
167,19,1,3,72532767.76606083,1,1.0
167,19,2,8,97124809.1502496,1,1.0
167,19,3,10,74927511.35687192,1,1.0
167,20,0,2,69239864.73593289,1,1.0
167,20,1,4,60338259.0876138,1,1.0
167,20,2,6,56451734.35908426,1,1.0
167,20,3,10,107354982.31660032,1,1.0
167,21,0,2,62416434.41425597,1,1.0
167,21,1,3,71702499.01228707,1,1.0
167,21,2,6,74241471.75355081,1,1.0
167,21,3,10,89538148.16898316,1,1.0
167,22,0,2,89281732.93139797,1,1.0
167,22,1,4,78550707.32037427,1,1.0
167,22,2,7,66890241.63641634,1,1.0
167,22,3,11,67694585.13511223,1,1.0
167,23,0,0,60386958.50211006,1,1.0
167,23,1,3,76988458.32722554,1,1.0
167,23,2,8,65093724.2344437,1,1.0
167,23,3,10,69543876.00930114,1,1.0
168,0,0,0,74829517.66384493,1,1.0
168,0,1,4,62314349.307070725,1,1.0
168,0,2,8,55052745.33964525,1,1.0
168,0,3,10,81685646.20889328,1,1.0
168,1,0,2,93464041.59919932,1,1.0
168,1,1,3,77044543.06942862,1,1.0
168,1,2,6,65167859.26861617,1,1.0
168,1,3,10,93558783.46079072,1,1.0
168,2,0,2,70461371.01345794,1,1.0
168,2,1,3,96215151.93074235,1,1.0
168,2,2,8,80220605.43494757,1,1.0
168,2,3,10,83989256.9136773,1,1.0
168,3,0,2,94434930.63718133,1,1.0
168,3,1,3,76991122.2505827,1,1.0
168,3,2,8,93533782.09727234,1,1.0
168,3,3,10,78062906.38477485,1,1.0
168,4,0,2,94602657.8122448,1,1.0
168,4,1,3,66774714.67913381,1,1.0
168,4,2,6,62487753.29532808,1,1.0
168,4,3,10,97393945.19393314,1,1.0
168,5,0,2,76704230.45358633,1,1.0
168,5,1,3,72148395.31863683,1,1.0
168,5,2,6,56200188.558094114,1,1.0
168,5,3,11,72755674.0716126,1,1.0
168,6,0,2,73018262.69480693,1,1.0
168,6,1,3,67112921.06844841,1,1.0
168,6,2,7,60704103.93828553,1,1.0
168,6,3,11,71027233.09409353,1,1.0
168,7,0,0,62009016.69380966,1,1.0
168,7,1,4,69349145.89863841,1,1.0
168,7,2,8,55471309.76910609,1,1.0
168,7,3,10,64378163.521049835,1,1.0
168,8,0,2,53666676.86252668,1,1.0
168,8,1,3,71259013.90592512,1,1.0
168,8,2,7,64335844.92621757,1,1.0
168,8,3,10,67007518.29070244,1,1.0
168,9,0,2,80504551.60428466,1,1.0
168,9,1,3,84088653.33807732,1,1.0
168,9,2,8,57018386.72016468,1,1.0
168,9,3,10,66538292.108392514,1,1.0
168,10,0,2,70407497.74759823,1,1.0
168,10,1,4,60649993.119436815,1,1.0
168,10,2,8,58102885.672793664,1,1.0
168,10,3,11,69818547.25773706,1,1.0
168,11,0,2,85496647.1555806,1,1.0
168,11,1,4,76314892.53439239,1,1.0
168,11,2,6,58951452.14357688,1,1.0
168,11,3,10,84624754.72682601,1,1.0
168,12,0,2,66916763.76681987,1,1.0
168,12,1,3,62937240.27082931,1,1.0
168,12,2,7,70009526.76732616,1,1.0
168,12,3,10,62274172.555451356,1,1.0
168,13,0,0,59539270.71172346,1,1.0
168,13,1,3,69676281.9675366,1,1.0
168,13,2,6,58496715.0259495,1,1.0
168,13,3,11,74734932.29398562,1,1.0
168,14,0,2,93381666.01947641,1,1.0
168,14,1,4,60606641.298323125,1,1.0
168,14,2,8,66872718.89072319,1,1.0
168,14,3,10,71266179.00093354,1,1.0
168,15,0,2,74966364.45756017,1,1.0
168,15,1,4,69232535.65473592,1,1.0
168,15,2,8,73220163.15732513,1,1.0
168,15,3,10,73763076.87083645,1,1.0
168,16,0,2,68037259.3755762,1,1.0
168,16,1,3,66873434.430857755,1,1.0
168,16,2,8,62266058.137970656,1,1.0
168,16,3,10,81330351.34860182,1,1.0
168,17,0,2,78121979.95136905,1,1.0
168,17,1,4,62485536.152091,1,1.0
168,17,2,7,70346544.18238552,1,1.0
168,17,3,10,89846807.5342565,1,1.0
168,18,0,1,53350278.580384485,1,1.0
168,18,1,4,70009502.97399974,1,1.0
168,18,2,8,61539219.9516033,1,1.0
168,18,3,10,65955625.50920399,1,1.0
168,19,0,2,69468381.73015542,1,1.0
168,19,1,4,65219255.63222545,1,1.0
168,19,2,8,68692699.23950121,1,1.0
168,19,3,10,83219999.45570613,1,1.0
168,20,0,2,62209432.44593583,1,1.0
168,20,1,4,62956002.42413097,1,1.0
168,20,2,8,60847191.795923345,1,1.0
168,20,3,10,82969200.00387534,1,1.0
168,21,0,2,72944103.48296617,1,1.0
168,21,1,4,64667040.809014045,1,1.0
168,21,2,6,66220102.45704166,1,1.0
168,21,3,10,82506835.58752768,1,1.0
168,22,0,2,70697370.0573443,1,1.0
168,22,1,4,80158243.9345013,1,1.0
168,22,2,8,60769130.681958415,1,1.0
168,22,3,10,78398729.92569348,1,1.0
168,23,0,2,67828050.7867751,1,1.0
168,23,1,3,115668732.66735324,1,1.0
168,23,2,8,80791327.29532053,1,1.0
168,23,3,10,69657255.43351749,1,1.0
169,0,0,2,86260542.85117266,1,1.0
169,0,1,3,64865136.44646005,1,1.0
169,0,2,8,83511732.47729014,1,1.0
169,0,3,10,98569300.49694984,1,1.0
169,1,0,2,72859185.55910474,1,1.0
169,1,1,3,99161504.15161489,1,1.0
169,1,2,8,67655742.10166134,1,1.0
169,1,3,10,106702950.31286891,1,1.0
169,2,0,2,84128560.37326913,1,1.0
169,2,1,3,79549844.33625276,1,1.0
169,2,2,7,57161362.805579074,1,1.0
169,2,3,11,66965932.38207646,1,1.0
169,3,0,2,72460477.06168547,1,1.0
169,3,1,4,72943423.5480582,1,1.0
169,3,2,7,58944288.46463476,1,1.0
169,3,3,10,82033640.39494139,1,1.0
169,4,0,2,83994740.92550337,1,1.0
169,4,1,3,67865979.36566071,1,1.0
169,4,2,8,65536649.04350569,1,1.0
169,4,3,10,70469875.55352698,1,1.0
169,5,0,2,63127207.07715392,1,1.0
169,5,1,3,68075600.52307232,1,1.0
169,5,2,8,69603429.54377483,1,1.0
169,5,3,10,71337349.26799667,1,1.0
169,6,0,2,77056329.989875,1,1.0
169,6,1,4,68443011.52685049,1,1.0
169,6,2,6,56845753.17718479,1,1.0
169,6,3,10,82925685.59634188,1,1.0
169,7,0,0,56868013.7091031,1,1.0
169,7,1,3,61549644.62192589,1,1.0
169,7,2,8,75164875.2168528,1,1.0
169,7,3,11,74245323.06470355,1,1.0
169,8,0,2,68402614.3146637,1,1.0
169,8,1,4,65371088.572193146,1,1.0
169,8,2,8,63804935.99651488,1,1.0
169,8,3,11,88080491.48122689,1,1.0
169,9,0,0,73301231.90831937,1,1.0
169,9,1,3,70889350.71478905,1,1.0
169,9,2,6,61484282.97158574,1,1.0
169,9,3,10,79934121.1889785,1,1.0
169,10,0,2,67541835.42953132,1,1.0
169,10,1,3,57127726.85707699,1,1.0
169,10,2,7,64983900.18375523,1,1.0
169,10,3,10,99186155.16174792,1,1.0
169,11,0,0,57261477.42403212,1,1.0
169,11,1,4,69525309.23247385,1,1.0
169,11,2,8,55967420.82123171,1,1.0
169,11,3,10,127989907.96082956,1,1.0
169,12,0,2,77057190.97557397,1,1.0
169,12,1,3,89785138.03397866,1,1.0
169,12,2,8,85690098.80823025,1,1.0
169,12,3,10,84657065.13096468,1,1.0
169,13,0,1,60839447.11512522,1,1.0
169,13,1,3,66094502.45880584,1,1.0
169,13,2,8,60929704.917380564,1,1.0
169,13,3,11,77223710.75275703,1,1.0
169,14,0,1,69370045.5389189,1,1.0
169,14,1,4,70861807.72293304,1,1.0
169,14,2,8,82582134.64358306,1,1.0
169,14,3,10,84448870.86921047,1,1.0
169,15,0,0,69050192.52212049,1,1.0
169,15,1,3,86150733.61276823,1,1.0
169,15,2,7,64510903.70652132,1,1.0
169,15,3,10,64689394.714189485,1,1.0
169,16,0,2,80751646.96479814,1,1.0
169,16,1,3,57338002.87397685,1,1.0
169,16,2,8,86482745.68366772,1,1.0
169,16,3,10,68961921.77887471,1,1.0
169,17,0,2,97923177.07426853,1,1.0
169,17,1,3,83191215.299792,1,1.0
169,17,2,7,82857427.49626933,1,1.0
169,17,3,10,87711305.68099089,1,1.0
169,18,0,0,64220964.303329624,1,1.0
169,18,1,3,74277975.05798084,1,1.0
169,18,2,6,57733130.02306824,1,1.0
169,18,3,10,71141413.30386041,1,1.0
169,19,0,2,82659056.69162384,1,1.0
169,19,1,3,87239116.42378056,1,1.0
169,19,2,8,55819450.0807401,1,1.0
169,19,3,10,75960491.3609346,1,1.0
169,20,0,2,80299336.31120817,1,1.0
169,20,1,4,64355254.64333666,1,1.0
169,20,2,8,85238563.21259771,1,1.0
169,20,3,10,83516993.5855847,1,1.0
169,21,0,2,83373892.21279411,1,1.0
169,21,1,3,61870753.95615932,1,1.0
169,21,2,8,65663027.97720852,1,1.0
169,21,3,10,103221099.66506888,1,1.0
169,22,0,1,71944142.34880355,1,1.0
169,22,1,3,64906265.43337844,1,1.0
169,22,2,7,69844971.02871005,1,1.0
169,22,3,10,63326402.35088234,1,1.0
169,23,0,1,57536781.33761468,1,1.0
169,23,1,4,81566029.63573454,1,1.0
169,23,2,6,65881130.21333457,1,1.0
169,23,3,10,72668599.77925579,1,1.0
170,0,0,2,66159476.18761078,1,1.0
170,0,1,4,79160742.61972648,1,1.0
170,0,2,6,61046478.61562139,1,1.0
170,0,3,10,82980799.55511007,1,1.0
170,1,0,2,67594438.75930755,1,1.0
170,1,1,4,75534810.1283474,1,1.0
170,1,2,8,62650483.62230222,1,1.0
170,1,3,11,70403489.16982841,1,1.0
170,2,0,2,103939368.55318908,1,1.0
170,2,1,4,75825526.83427367,1,1.0
170,2,2,8,55279162.35889673,1,1.0
170,2,3,10,66546130.5634822,1,1.0
170,3,0,0,59518475.123887755,1,1.0
170,3,1,3,80468136.95176023,1,1.0
170,3,2,8,66701501.27002028,1,1.0
170,3,3,10,96824261.70517223,1,1.0
170,4,0,2,66440491.67684626,1,1.0
170,4,1,3,89272646.18722887,1,1.0
170,4,2,8,78990102.87393896,1,1.0
170,4,3,10,78049366.36252162,1,1.0
170,5,0,2,82692393.70766534,1,1.0
170,5,1,3,68496188.81646076,1,1.0
170,5,2,8,61748308.350937724,1,1.0
170,5,3,10,100042644.1142571,1,1.0
170,6,0,2,65629821.58944957,1,1.0
170,6,1,4,63310831.42888859,1,1.0
170,6,2,8,63298153.903286144,1,1.0
170,6,3,10,88233280.20707148,1,1.0
170,7,0,2,68016019.62310968,1,1.0
170,7,1,4,74054940.90314834,1,1.0
170,7,2,8,77925333.2736471,1,1.0
170,7,3,11,106102687.29623076,1,1.0
170,8,0,0,73303838.66953263,1,1.0
170,8,1,3,84767801.51216547,1,1.0
170,8,2,8,57082230.88780732,1,1.0
170,8,3,10,66723655.408363566,1,1.0
170,9,0,2,85316649.29247238,1,1.0
170,9,1,4,64320959.5978535,1,1.0
170,9,2,6,68919204.24307448,1,1.0
170,9,3,10,101425882.6495188,1,1.0
170,10,0,2,63968967.181252874,1,1.0
170,10,1,4,64470151.618048936,1,1.0
170,10,2,8,64288837.809060924,1,1.0
170,10,3,10,85695932.64482653,1,1.0
170,11,0,2,87996147.54391398,1,1.0
170,11,1,4,78327777.3077441,1,1.0
170,11,2,6,59509958.86391448,1,1.0
170,11,3,10,81315426.78710707,1,1.0
170,12,0,2,65761625.26852398,1,1.0
170,12,1,3,71257635.5492259,1,1.0
170,12,2,8,70821607.34459132,1,1.0
170,12,3,10,70055602.66920795,1,1.0
170,13,0,2,56833131.3801921,1,1.0
170,13,1,3,62133883.31768348,1,1.0
170,13,2,8,86152323.47371782,1,1.0
170,13,3,11,85391865.6561632,1,1.0
170,14,0,2,77562871.30457215,1,1.0
170,14,1,4,62330120.79480228,1,1.0
170,14,2,8,75403560.44630572,1,1.0
170,14,3,10,77975770.3630279,1,1.0
170,15,0,2,74653775.99318248,1,1.0
170,15,1,3,78968926.76031764,1,1.0
170,15,2,6,57626660.84366148,1,1.0
170,15,3,10,79924546.25318566,1,1.0
170,16,0,2,75072308.86404602,1,1.0
170,16,1,4,68642391.38583143,1,1.0
170,16,2,7,60659045.518921115,1,1.0
170,16,3,11,64314359.72919774,1,1.0
170,17,0,2,88436312.0091985,1,1.0
170,17,1,4,66252162.38202849,1,1.0
170,17,2,7,95759765.14346097,1,1.0
170,17,3,10,75446566.08662322,1,1.0
170,18,0,2,69706203.22487453,1,1.0
170,18,1,3,83751970.15559417,1,1.0
170,18,2,8,63888415.19916144,1,1.0
170,18,3,10,94395464.96548598,1,1.0
170,19,0,2,73316443.98919533,1,1.0
170,19,1,4,65300287.82324563,1,1.0
170,19,2,8,75308102.81209044,1,1.0
170,19,3,11,62557276.84606033,1,1.0
170,20,0,1,59311981.72749099,1,1.0
170,20,1,3,96766958.33170229,1,1.0
170,20,2,8,73727170.73092137,1,1.0
170,20,3,10,73740302.25464396,1,1.0
170,21,0,2,81066801.15924866,1,1.0
170,21,1,4,69444961.76439181,1,1.0
170,21,2,7,65980554.563930586,1,1.0
170,21,3,10,71463532.20628427,1,1.0
170,22,0,2,88941415.68079081,1,1.0
170,22,1,3,68206256.07657553,1,1.0
170,22,2,8,81261284.7010866,1,1.0
170,22,3,11,75297291.57133862,1,1.0
170,23,0,2,61038856.2221956,1,1.0
170,23,1,4,82872177.91313483,1,1.0
170,23,2,7,65893535.445986934,1,1.0
170,23,3,11,76345473.72983703,1,1.0
171,0,0,0,60716143.134797916,1,1.0
171,0,1,3,78311927.83258134,1,1.0
171,0,2,6,61287139.94434811,1,1.0
171,0,3,10,103319535.00668293,1,1.0
171,1,0,2,78102759.67073345,1,1.0
171,1,1,4,64508985.80402863,1,1.0
171,1,2,7,62372016.48259686,1,1.0
171,1,3,10,104268477.3582116,1,1.0
171,2,0,2,68987710.53017604,1,1.0
171,2,1,3,97729848.83976948,1,1.0
171,2,2,7,74780216.33467786,1,1.0
171,2,3,10,72591189.99100895,1,1.0
171,3,0,1,55739737.56160221,1,1.0
171,3,1,4,81471495.90975295,1,1.0
171,3,2,8,77967272.89673185,1,1.0
171,3,3,10,75026477.98098065,1,1.0
171,4,0,0,69798488.92855415,1,1.0
171,4,1,4,79291970.70055903,1,1.0
171,4,2,6,67242274.88815479,1,1.0
171,4,3,10,80807447.59604236,1,1.0
171,5,0,1,63336538.20800916,1,1.0
171,5,1,3,67500250.21520782,1,1.0
171,5,2,7,57877262.62512781,1,1.0
171,5,3,10,79969776.55270506,1,1.0
171,6,0,2,70206876.8923971,1,1.0
171,6,1,3,75507025.0931048,1,1.0
171,6,2,6,58956603.26045038,1,1.0
171,6,3,10,77882452.46042603,1,1.0
171,7,0,2,82233953.58380942,1,1.0
171,7,1,3,60628752.33851889,1,1.0
171,7,2,8,68284563.63966572,1,1.0
171,7,3,10,89979672.41942346,1,1.0
171,8,0,2,82121859.25706081,1,1.0
171,8,1,3,82161108.01946805,1,1.0
171,8,2,8,68431343.08574434,1,1.0
171,8,3,10,71253130.11653498,1,1.0
171,9,0,2,83824965.1009425,1,1.0
171,9,1,3,73159880.75779496,1,1.0
171,9,2,6,59794259.08863751,1,1.0
171,9,3,10,87885985.23883727,1,1.0
171,10,0,2,75527857.34922539,1,1.0
171,10,1,3,64507795.31756732,1,1.0
171,10,2,6,53999906.07661813,1,1.0
171,10,3,10,84041051.24889266,1,1.0
171,11,0,2,86362979.5381989,1,1.0
171,11,1,3,61432991.84825062,1,1.0
171,11,2,7,59319782.99413591,1,1.0
171,11,3,11,75038500.21535526,1,1.0
171,12,0,2,85985938.3911991,1,1.0
171,12,1,3,114487024.62644336,1,1.0
171,12,2,8,58167173.89665189,1,1.0
171,12,3,10,67686424.54467085,1,1.0
171,13,0,2,83469571.7666864,1,1.0
171,13,1,3,63755151.23446514,1,1.0
171,13,2,7,69707002.20421107,1,1.0
171,13,3,10,89854967.69244015,1,1.0
171,14,0,2,118948228.73716329,1,1.0
171,14,1,3,70045346.45238668,1,1.0
171,14,2,8,75558291.27143624,1,1.0
171,14,3,11,68398891.0799836,1,1.0
171,15,0,0,58846725.127854444,1,1.0
171,15,1,3,66217069.06506183,1,1.0
171,15,2,8,67510822.01737733,1,1.0
171,15,3,11,67709714.94573864,1,1.0
171,16,0,2,65021321.442498885,1,1.0
171,16,1,4,66196373.85884489,1,1.0
171,16,2,7,66147640.79862077,1,1.0
171,16,3,10,64516958.766539395,1,1.0
171,17,0,2,62994036.531244814,1,1.0
171,17,1,3,72873409.56603956,1,1.0
171,17,2,6,71911446.69686617,1,1.0
171,17,3,10,71326276.54406767,1,1.0
171,18,0,2,76073838.47900656,1,1.0
171,18,1,4,56424581.95709602,1,1.0
171,18,2,8,61101409.81975865,1,1.0
171,18,3,10,118803741.60932061,1,1.0
171,19,0,2,96555566.87878115,1,1.0
171,19,1,3,88453892.79457414,1,1.0
171,19,2,6,63759388.290029295,1,1.0
171,19,3,10,85739576.86728404,1,1.0
171,20,0,2,87339914.63420328,1,1.0
171,20,1,3,72024151.5128775,1,1.0
171,20,2,8,75209005.5859998,1,1.0
171,20,3,10,86018258.63737845,1,1.0
171,21,0,2,67274152.62202117,1,1.0
171,21,1,3,88494812.03015345,1,1.0
171,21,2,6,59851507.96740068,1,1.0
171,21,3,10,85385653.50129926,1,1.0
171,22,0,2,57619105.25914193,1,1.0
171,22,1,3,73327646.23072925,1,1.0
171,22,2,8,64034505.75069265,1,1.0
171,22,3,10,75449708.62405682,1,1.0
171,23,0,2,82983804.69608301,1,1.0
171,23,1,3,67897345.79488228,1,1.0
171,23,2,7,71175188.52312878,1,1.0
171,23,3,10,73620760.7088962,1,1.0
172,0,0,0,55150206.09996275,1,1.0
172,0,1,3,74312731.27680792,1,1.0
172,0,2,6,55935143.02813761,1,1.0
172,0,3,10,66547768.374609336,1,1.0
172,1,0,2,83031523.6189678,1,1.0
172,1,1,3,98589218.24952339,1,1.0
172,1,2,8,55207363.111659706,1,1.0
172,1,3,10,65105951.30903782,1,1.0
172,2,0,2,78926978.14554334,1,1.0
172,2,1,3,80873356.25810796,1,1.0
172,2,2,8,87111836.9457798,1,1.0
172,2,3,10,65478321.46013335,1,1.0
172,3,0,2,99354738.38337491,1,1.0
172,3,1,3,75539176.33960535,1,1.0
172,3,2,7,81984055.88619305,1,1.0
172,3,3,10,78932134.31181243,1,1.0
172,4,0,2,64086558.64711019,1,1.0
172,4,1,4,75483224.19200699,1,1.0
172,4,2,6,55960684.44180249,1,1.0
172,4,3,10,101797003.71282323,1,1.0
172,5,0,2,70451425.07611936,1,1.0
172,5,1,4,58907144.990104266,1,1.0
172,5,2,7,68798492.71735783,1,1.0
172,5,3,10,83673638.3558966,1,1.0
172,6,0,2,56543210.23100198,1,1.0
172,6,1,3,88502179.33455446,1,1.0
172,6,2,8,60041920.99671863,1,1.0
172,6,3,10,68689901.90894192,1,1.0
172,7,0,2,104353623.60065612,1,1.0
172,7,1,3,75441835.9188208,1,1.0
172,7,2,8,69014640.6575631,1,1.0
172,7,3,10,98991819.88506389,1,1.0
172,8,0,2,97677010.8554242,1,1.0
172,8,1,4,52808912.34990486,1,1.0
172,8,2,6,71031346.53864098,1,1.0
172,8,3,11,74925511.50203751,1,1.0
172,9,0,2,75300918.9724363,1,1.0
172,9,1,3,62561437.40805655,1,1.0
172,9,2,6,60730788.47038676,1,1.0
172,9,3,10,66449060.515770406,1,1.0
172,10,0,2,74008570.82239793,1,1.0
172,10,1,3,75897092.8657474,1,1.0
172,10,2,6,68466330.41476609,1,1.0
172,10,3,10,74745616.98893477,1,1.0
172,11,0,2,69885000.72173768,1,1.0
172,11,1,4,64909787.762051456,1,1.0
172,11,2,6,56818897.99449563,1,1.0
172,11,3,11,93001780.09655017,1,1.0
172,12,0,2,67586337.41310151,1,1.0
172,12,1,4,62352773.499272056,1,1.0
172,12,2,8,77739633.41949388,1,1.0
172,12,3,10,61506135.301054016,1,1.0
172,13,0,2,85067786.02331355,1,1.0
172,13,1,3,74194606.02695695,1,1.0
172,13,2,8,64039480.97178,1,1.0
172,13,3,10,78488194.7327078,1,1.0
172,14,0,2,60321158.71266906,1,1.0
172,14,1,3,81566245.65118216,1,1.0
172,14,2,7,54899988.57499958,1,1.0
172,14,3,10,95232698.39820059,1,1.0
172,15,0,2,62139340.072849296,1,1.0
172,15,1,3,85144577.27618301,1,1.0
172,15,2,8,75248732.76555236,1,1.0
172,15,3,11,72680034.94067758,1,1.0
172,16,0,2,70139572.51657982,1,1.0
172,16,1,4,73646959.45206012,1,1.0
172,16,2,8,68221899.3840218,1,1.0
172,16,3,10,91358330.60726973,1,1.0
172,17,0,2,75935755.52922638,1,1.0
172,17,1,4,91711696.14102726,1,1.0
172,17,2,7,53791694.9568294,1,1.0
172,17,3,10,98860744.47121932,1,1.0
172,18,0,0,60587814.19315797,1,1.0
172,18,1,3,71099784.52111875,1,1.0
172,18,2,7,63451710.64137565,1,1.0
172,18,3,10,88350436.28574322,1,1.0
172,19,0,2,70190636.98581892,1,1.0
172,19,1,3,73311749.29092814,1,1.0
172,19,2,8,65233429.14263827,1,1.0
172,19,3,10,79779219.08371474,1,1.0
172,20,0,0,65425090.911398605,1,1.0
172,20,1,3,66850271.7116199,1,1.0
172,20,2,7,60156824.95113314,1,1.0
172,20,3,10,70288584.1168872,1,1.0
172,21,0,0,67365463.04095064,1,1.0
172,21,1,3,89103084.14061642,1,1.0
172,21,2,8,61595008.57579584,1,1.0
172,21,3,10,75456684.4268988,1,1.0
172,22,0,2,77263525.6490578,1,1.0
172,22,1,3,73091908.78124341,1,1.0
172,22,2,8,74312678.92229928,1,1.0
172,22,3,10,88957494.45265055,1,1.0
172,23,0,2,62265358.50194878,1,1.0
172,23,1,3,68621614.24395381,1,1.0
172,23,2,8,56389158.442324765,1,1.0
172,23,3,11,79845206.0833778,1,1.0
173,0,0,2,57284795.25055651,1,1.0
173,0,1,4,64635154.742832735,1,1.0
173,0,2,8,58121782.76250475,1,1.0
173,0,3,10,65211523.54233065,1,1.0
173,1,0,2,72786691.68904011,1,1.0
173,1,1,3,79923496.61860912,1,1.0
173,1,2,8,65513062.83781996,1,1.0
173,1,3,10,75795582.58470254,1,1.0
173,2,0,2,68613495.89042744,1,1.0
173,2,1,3,70868474.57672836,1,1.0
173,2,2,7,53706061.401572585,1,1.0
173,2,3,10,99685192.97970915,1,1.0
173,3,0,2,66075793.13784573,1,1.0
173,3,1,4,64134471.956563085,1,1.0
173,3,2,8,73767716.7712311,1,1.0
173,3,3,10,79350322.82024407,1,1.0
173,4,0,2,62144730.78382497,1,1.0
173,4,1,3,66539633.79002561,1,1.0
173,4,2,6,53255614.91308756,1,1.0
173,4,3,10,69365204.7236998,1,1.0
173,5,0,2,77986417.44587705,1,1.0
173,5,1,4,79816384.67323306,1,1.0
173,5,2,6,70407923.72430019,1,1.0
173,5,3,11,66166111.44290465,1,1.0
173,6,0,2,57643236.771905854,1,1.0
173,6,1,3,79015629.92964032,1,1.0
173,6,2,8,73719283.07012478,1,1.0
173,6,3,10,80313949.1710347,1,1.0
173,7,0,2,67208325.08312066,1,1.0
173,7,1,4,66163765.46014426,1,1.0
173,7,2,8,68399083.85288557,1,1.0
173,7,3,10,76519054.67765641,1,1.0
173,8,0,2,71407170.8937162,1,1.0
173,8,1,3,70436793.35464557,1,1.0
173,8,2,7,68542455.12565951,1,1.0
173,8,3,11,73535695.4347649,1,1.0
173,9,0,2,68963589.28669138,1,1.0
173,9,1,3,73776306.41000351,1,1.0
173,9,2,8,57208838.82020251,1,1.0
173,9,3,10,67151621.7400491,1,1.0
173,10,0,2,75865163.09372526,1,1.0
173,10,1,3,85771303.0578574,1,1.0
173,10,2,7,91838315.35267396,1,1.0
173,10,3,10,89134028.07311678,1,1.0
173,11,0,2,59520699.41136427,1,1.0
173,11,1,4,89509629.23531851,1,1.0
173,11,2,6,55389220.41621454,1,1.0
173,11,3,10,82481868.56715201,1,1.0
173,12,0,2,87620739.0626646,1,1.0
173,12,1,3,89057430.57390675,1,1.0
173,12,2,8,63425562.26970108,1,1.0
173,12,3,10,70178206.8990801,1,1.0
173,13,0,0,65916277.866022885,1,1.0
173,13,1,4,68463779.28701587,1,1.0
173,13,2,7,61501209.21828251,1,1.0
173,13,3,10,81113383.28209713,1,1.0
173,14,0,2,86897909.09597902,1,1.0
173,14,1,4,82652888.73547968,1,1.0
173,14,2,8,56444287.412368394,1,1.0
173,14,3,10,103594088.81430042,1,1.0
173,15,0,2,67629085.88414699,1,1.0
173,15,1,3,80193046.36912958,1,1.0
173,15,2,8,61986301.68166653,1,1.0
173,15,3,10,75956375.32073706,1,1.0
173,16,0,0,82089312.8515981,1,1.0
173,16,1,4,72812913.08078934,1,1.0
173,16,2,8,68839174.62883735,1,1.0
173,16,3,10,66742839.04299192,1,1.0
173,17,0,2,81720072.25864863,1,1.0
173,17,1,4,90715779.09424022,1,1.0
173,17,2,8,56717350.20759742,1,1.0
173,17,3,10,85780802.53675407,1,1.0
173,18,0,2,86128290.33253415,1,1.0
173,18,1,3,89420195.7826195,1,1.0
173,18,2,8,70682553.91624728,1,1.0
173,18,3,11,75954100.4185432,1,1.0
173,19,0,2,61676388.81211719,1,1.0
173,19,1,3,70112551.05742535,1,1.0
173,19,2,8,72588959.39367934,1,1.0
173,19,3,10,93276959.60838185,1,1.0
173,20,0,0,63624007.468970515,1,1.0
173,20,1,4,69732509.78385827,1,1.0
173,20,2,8,73180075.37777138,1,1.0
173,20,3,10,66256280.538802534,1,1.0
173,21,0,2,67778537.92211878,1,1.0
173,21,1,3,56621419.30199787,1,1.0
173,21,2,6,63757115.745703384,1,1.0
173,21,3,11,71078279.22847348,1,1.0
173,22,0,2,56838929.14446974,1,1.0
173,22,1,3,85777214.938435,1,1.0
173,22,2,6,52167626.99289476,1,1.0
173,22,3,10,95383403.51938225,1,1.0
173,23,0,1,53099458.61547997,1,1.0
173,23,1,3,75369229.62903665,1,1.0
173,23,2,8,64416351.08738253,1,1.0
173,23,3,10,75844825.51909815,1,1.0
174,0,0,2,63761346.031215504,1,1.0
174,0,1,4,86170056.92774189,1,1.0
174,0,2,8,74917733.7656742,1,1.0
174,0,3,10,72436944.66199195,1,1.0
174,1,0,2,84392051.0391315,1,1.0
174,1,1,3,76650572.93400688,1,1.0
174,1,2,6,68970358.05372176,1,1.0
174,1,3,10,88097551.37377924,1,1.0
174,2,0,2,94252827.20279841,1,1.0
174,2,1,3,73044517.76871133,1,1.0
174,2,2,6,63840411.96549433,1,1.0
174,2,3,10,67846025.77219065,1,1.0
174,3,0,2,83557282.71040158,1,1.0
174,3,1,3,76046402.82698809,1,1.0
174,3,2,8,58599535.883614704,1,1.0
174,3,3,10,75833437.39605491,1,1.0
174,4,0,0,67491030.92281657,1,1.0
174,4,1,3,81954638.21898308,1,1.0
174,4,2,8,70670224.95530927,1,1.0
174,4,3,10,98202038.01861283,1,1.0
174,5,0,2,67531374.210866,1,1.0
174,5,1,4,68639957.1125699,1,1.0
174,5,2,6,54065510.404671945,1,1.0
174,5,3,10,82269067.09911332,1,1.0
174,6,0,2,78350456.51575443,1,1.0
174,6,1,3,81672048.22134528,1,1.0
174,6,2,8,70687413.56351411,1,1.0
174,6,3,10,75561938.11642748,1,1.0
174,7,0,2,82637117.936699,1,1.0
174,7,1,3,61884170.42243213,1,1.0
174,7,2,7,63003147.38082161,1,1.0
174,7,3,11,66510950.51715356,1,1.0
174,8,0,2,54631448.65415494,1,1.0
174,8,1,3,98326504.1141128,1,1.0
174,8,2,8,54629289.04023793,1,1.0
174,8,3,10,79965180.8099559,1,1.0
174,9,0,2,71729395.25415766,1,1.0
174,9,1,3,101851737.08675092,1,1.0
174,9,2,8,56250242.1290838,1,1.0
174,9,3,10,68733100.71544735,1,1.0
174,10,0,2,73273173.76758708,1,1.0
174,10,1,3,66713808.265324995,1,1.0
174,10,2,8,68103974.93186404,1,1.0
174,10,3,10,74797715.84450096,1,1.0
174,11,0,0,72062298.0053137,1,1.0
174,11,1,3,72227396.3722925,1,1.0
174,11,2,8,70659026.3052752,1,1.0
174,11,3,11,66135660.86650496,1,1.0
174,12,0,2,56672163.31807259,1,1.0
174,12,1,4,71960746.63142177,1,1.0
174,12,2,6,67383613.51655856,1,1.0
174,12,3,10,63019672.40970497,1,1.0
174,13,0,2,78404580.23670888,1,1.0
174,13,1,4,60998445.48089912,1,1.0
174,13,2,6,65762585.61241515,1,1.0
174,13,3,10,101336739.36396526,1,1.0
174,14,0,2,57552076.316963196,1,1.0
174,14,1,3,83850874.257577,1,1.0
174,14,2,7,68666379.78620672,1,1.0
174,14,3,10,87754966.43702798,1,1.0
174,15,0,2,80541825.8195792,1,1.0
174,15,1,3,91758107.73256443,1,1.0
174,15,2,8,63210703.06538248,1,1.0
174,15,3,11,77239711.37282495,1,1.0
174,16,0,2,71448211.98598763,1,1.0
174,16,1,3,68855996.0001975,1,1.0
174,16,2,8,56738878.485075675,1,1.0
174,16,3,10,73738104.6214051,1,1.0
174,17,0,0,57815006.90828812,1,1.0
174,17,1,3,78702578.3608132,1,1.0
174,17,2,8,56939116.262689196,1,1.0
174,17,3,10,77300311.03415084,1,1.0
174,18,0,2,71625150.09380044,1,1.0
174,18,1,5,57142759.86246399,1,1.0
174,18,2,8,83535351.05468798,1,1.0
174,18,3,10,72618330.40139087,1,1.0
174,19,0,0,60054134.45010779,1,1.0
174,19,1,3,83329358.93323301,1,1.0
174,19,2,7,72161479.15637383,1,1.0
174,19,3,10,88654345.54265466,1,1.0
174,20,0,2,72004793.61607428,1,1.0
174,20,1,3,63106272.096249655,1,1.0
174,20,2,7,75889925.99762489,1,1.0
174,20,3,10,70224657.25330986,1,1.0
174,21,0,2,90280171.06636731,1,1.0
174,21,1,4,62993131.87648563,1,1.0
174,21,2,7,63039729.065429755,1,1.0
174,21,3,10,70039390.89702226,1,1.0
174,22,0,2,64905393.0885773,1,1.0
174,22,1,3,75589927.9508136,1,1.0
174,22,2,6,64025822.970333025,1,1.0
174,22,3,10,81317042.1560403,1,1.0
174,23,0,2,69562795.20517285,1,1.0
174,23,1,3,74974078.05100283,1,1.0
174,23,2,7,77262748.89389825,1,1.0
174,23,3,10,87602295.8703792,1,1.0
175,0,0,0,71777377.93159708,1,1.0
175,0,1,4,63545786.30351836,1,1.0
175,0,2,8,64927814.56925232,1,1.0
175,0,3,10,89742985.7179997,1,1.0
175,1,0,2,74414782.46039754,1,1.0
175,1,1,3,93438272.87857725,1,1.0
175,1,2,8,63120067.92032938,1,1.0
175,1,3,10,70789458.04075849,1,1.0
175,2,0,2,75190917.79845107,1,1.0
175,2,1,3,71042499.18873715,1,1.0
175,2,2,7,70318155.79522312,1,1.0
175,2,3,10,118365885.45093122,1,1.0
175,3,0,2,68045576.63308354,1,1.0
175,3,1,3,71424433.1281218,1,1.0
175,3,2,8,81197452.96881542,1,1.0
175,3,3,11,72731860.42389166,1,1.0
175,4,0,1,61623313.49519049,1,1.0
175,4,1,3,80116593.05203988,1,1.0
175,4,2,8,67460761.76592258,1,1.0
175,4,3,10,84288810.30354638,1,1.0
175,5,0,2,65318194.58944906,1,1.0
175,5,1,3,76887076.8502033,1,1.0
175,5,2,8,84119051.87885101,1,1.0
175,5,3,11,69668173.72092806,1,1.0
175,6,0,2,71383036.10283445,1,1.0
175,6,1,3,69071395.880971,1,1.0
175,6,2,7,65320474.527055405,1,1.0
175,6,3,10,72836123.3545457,1,1.0
175,7,0,1,55010181.41711117,1,1.0
175,7,1,3,64113162.140247926,1,1.0
175,7,2,8,77161974.81525564,1,1.0
175,7,3,10,75190830.82960504,1,1.0
175,8,0,0,72223937.61399463,1,1.0
175,8,1,3,64823041.96248281,1,1.0
175,8,2,8,57115768.535362855,1,1.0
175,8,3,10,103003745.94610511,1,1.0
175,9,0,0,58337393.438362084,1,1.0
175,9,1,3,70691432.98354608,1,1.0
175,9,2,8,54722822.10290506,1,1.0
175,9,3,10,72608144.41905983,1,1.0
175,10,0,0,73999950.7741277,1,1.0
175,10,1,3,61835178.422731146,1,1.0
175,10,2,8,65372400.04127419,1,1.0
175,10,3,10,72447202.0963393,1,1.0
175,11,0,2,89455472.54742321,1,1.0
175,11,1,4,62736703.563986585,1,1.0
175,11,2,8,74354121.32381658,1,1.0
175,11,3,10,76631361.32225671,1,1.0
175,12,0,0,67943222.81542212,1,1.0
175,12,1,4,118609137.01544328,1,1.0
175,12,2,8,90812834.77301721,1,1.0
175,12,3,11,71540553.59807311,1,1.0
175,13,0,2,70680836.87991132,1,1.0
175,13,1,3,65176549.609285176,1,1.0
175,13,2,8,69225066.75532451,1,1.0
175,13,3,10,74920848.26542823,1,1.0
175,14,0,2,73609998.39418812,1,1.0
175,14,1,4,79847714.75411896,1,1.0
175,14,2,8,54997633.72673137,1,1.0
175,14,3,10,75294686.90166688,1,1.0
175,15,0,2,75771973.90260464,1,1.0
175,15,1,4,73312578.33035305,1,1.0
175,15,2,7,77097634.8810334,1,1.0
175,15,3,10,67404762.79417628,1,1.0
175,16,0,0,60270099.05190299,1,1.0
175,16,1,3,66372062.25879621,1,1.0
175,16,2,8,67272367.4571718,1,1.0
175,16,3,10,88120644.57812907,1,1.0
175,17,0,2,85352399.59178072,1,1.0
175,17,1,3,70038705.50903104,1,1.0
175,17,2,7,66259027.804095395,1,1.0
175,17,3,11,68455596.6759247,1,1.0
175,18,0,1,58611840.35103462,1,1.0
175,18,1,3,93826653.4029189,1,1.0
175,18,2,8,75296831.86773492,1,1.0
175,18,3,10,69368454.359087,1,1.0
175,19,0,2,71984698.13463889,1,1.0
175,19,1,3,68145961.2032352,1,1.0
175,19,2,6,56699234.607558906,1,1.0
175,19,3,11,66063726.635934636,1,1.0
175,20,0,2,58578736.21972608,1,1.0
175,20,1,4,65206895.98455894,1,1.0
175,20,2,8,75649992.94052227,1,1.0
175,20,3,10,64319612.98935445,1,1.0
175,21,0,2,58872939.563752994,1,1.0
175,21,1,4,73047735.73652598,1,1.0
175,21,2,8,73577985.3806609,1,1.0
175,21,3,10,68359689.71561503,1,1.0
175,22,0,2,86683365.20186298,1,1.0
175,22,1,3,70757410.09767757,1,1.0
175,22,2,8,67977703.64804493,1,1.0
175,22,3,10,86004243.56798281,1,1.0
175,23,0,2,71225128.63199821,1,1.0
175,23,1,3,72148432.0708032,1,1.0
175,23,2,8,57789053.10651295,1,1.0
175,23,3,11,77224475.98850794,1,1.0
176,0,0,2,56006557.44612078,1,1.0
176,0,1,3,91117074.53899634,1,1.0
176,0,2,8,59668930.80624108,1,1.0
176,0,3,10,75604709.51567613,1,1.0
176,1,0,2,63202083.28807157,1,1.0
176,1,1,3,66514582.82841079,1,1.0
176,1,2,8,61014514.78745234,1,1.0
176,1,3,10,87550399.73486882,1,1.0
176,2,0,2,76530926.65862596,1,1.0
176,2,1,3,86102411.55975498,1,1.0
176,2,2,8,79190138.6648173,1,1.0
176,2,3,11,71937280.68133985,1,1.0
176,3,0,2,63576515.64351884,1,1.0
176,3,1,3,97170091.22100896,1,1.0
176,3,2,6,63285513.79451394,1,1.0
176,3,3,11,63911786.25761178,1,1.0
176,4,0,2,81033519.0017609,1,1.0
176,4,1,3,82544072.55080223,1,1.0
176,4,2,8,96244707.81905589,1,1.0
176,4,3,10,66187171.30394255,1,1.0
176,5,0,2,75644701.69418116,1,1.0
176,5,1,3,68122371.14531712,1,1.0
176,5,2,8,68304491.6612829,1,1.0
176,5,3,11,66686556.03525935,1,1.0
176,6,0,2,87298661.90976423,1,1.0
176,6,1,3,77063958.44700675,1,1.0
176,6,2,8,101098413.93273537,1,1.0
176,6,3,10,81862993.311916,1,1.0
176,7,0,2,74912833.76875554,1,1.0
176,7,1,3,78256870.7459267,1,1.0
176,7,2,6,61259966.58057374,1,1.0
176,7,3,10,74204449.27770859,1,1.0
176,8,0,2,59648006.37116535,1,1.0
176,8,1,3,57350406.93558871,1,1.0
176,8,2,8,71579137.3832096,1,1.0
176,8,3,10,79409039.27548468,1,1.0
176,9,0,2,73644654.26028214,1,1.0
176,9,1,4,89531176.32065059,1,1.0
176,9,2,7,60276855.626150146,1,1.0
176,9,3,10,85838182.21423638,1,1.0
176,10,0,2,59431297.063566856,1,1.0
176,10,1,3,70797519.05201988,1,1.0
176,10,2,6,54954244.34282346,1,1.0
176,10,3,10,82238899.02034335,1,1.0
176,11,0,2,72723932.9881537,1,1.0
176,11,1,4,71116079.23833743,1,1.0
176,11,2,8,67474418.96825792,1,1.0
176,11,3,10,85396443.77108021,1,1.0
176,12,0,2,79637163.79453006,1,1.0
176,12,1,3,76857451.0766931,1,1.0
176,12,2,8,63082200.34790126,1,1.0
176,12,3,11,64881653.977110356,1,1.0
176,13,0,2,86704201.34929879,1,1.0
176,13,1,3,93474615.57751031,1,1.0
176,13,2,6,64784446.631766416,1,1.0
176,13,3,10,68043625.39722529,1,1.0
176,14,0,2,79687990.020207,1,1.0
176,14,1,3,79165193.21862203,1,1.0
176,14,2,8,75810864.71404056,1,1.0
176,14,3,10,83561103.39208718,1,1.0
176,15,0,0,62016067.81113084,1,1.0
176,15,1,3,76984171.46310523,1,1.0
176,15,2,8,95872056.59875801,1,1.0
176,15,3,10,83206397.67185895,1,1.0
176,16,0,2,59899879.80378803,1,1.0
176,16,1,3,70767466.66527613,1,1.0
176,16,2,7,62788297.19577248,1,1.0
176,16,3,10,70142898.12565349,1,1.0
176,17,0,2,72580777.51737183,1,1.0
176,17,1,4,68679227.84027438,1,1.0
176,17,2,8,72361033.83613983,1,1.0
176,17,3,10,77998301.83909525,1,1.0
176,18,0,2,68043163.01601945,1,1.0
176,18,1,4,63814290.32616521,1,1.0
176,18,2,7,61228140.881087,1,1.0
176,18,3,11,81332112.85462837,1,1.0
176,19,0,2,83153607.78710526,1,1.0
176,19,1,3,91312866.8969914,1,1.0
176,19,2,7,74601387.53757375,1,1.0
176,19,3,10,69330551.12710342,1,1.0
176,20,0,2,79742613.98497787,1,1.0
176,20,1,3,97383092.57434292,1,1.0
176,20,2,7,97854166.96538262,1,1.0
176,20,3,10,72230559.40713106,1,1.0
176,21,0,2,68523509.36788872,1,1.0
176,21,1,4,60667610.48425289,1,1.0
176,21,2,8,58734845.756973445,1,1.0
176,21,3,11,68367686.93616632,1,1.0
176,22,0,2,68076878.03537889,1,1.0
176,22,1,4,65519532.3440325,1,1.0
176,22,2,8,67518213.6427747,1,1.0
176,22,3,10,73978944.31808929,1,1.0
176,23,0,0,59211275.787227914,1,1.0
176,23,1,3,69310799.96845669,1,1.0
176,23,2,8,83022627.34980604,1,1.0
176,23,3,10,74041397.08372408,1,1.0
177,0,0,2,68442390.78729546,1,1.0
177,0,1,4,69606630.88586181,1,1.0
177,0,2,8,56144729.82265688,1,1.0
177,0,3,10,68948144.91990991,1,1.0
177,1,0,2,94312639.6348878,1,1.0
177,1,1,4,69937268.21439551,1,1.0
177,1,2,8,71697379.33992954,1,1.0
177,1,3,10,71752425.31188972,1,1.0
177,2,0,0,59463434.02241377,1,1.0
177,2,1,4,54407238.047524855,1,1.0
177,2,2,6,65330821.87546833,1,1.0
177,2,3,10,93728406.87392847,1,1.0
177,3,0,2,56302817.9754186,1,1.0
177,3,1,3,73110598.0373158,1,1.0
177,3,2,8,65433037.19584941,1,1.0
177,3,3,10,76442470.77041289,1,1.0
177,4,0,1,58028714.90305343,1,1.0
177,4,1,4,70766206.99223305,1,1.0
177,4,2,8,78270160.82306679,1,1.0
177,4,3,11,85826258.98317537,1,1.0
177,5,0,2,70574167.62118977,1,1.0
177,5,1,3,85214995.47158405,1,1.0
177,5,2,7,61325064.28021581,1,1.0
177,5,3,10,70041403.97454424,1,1.0
177,6,0,2,61436003.94895774,1,1.0
177,6,1,4,72156799.21488759,1,1.0
177,6,2,7,59511235.52732233,1,1.0
177,6,3,10,84715623.70453747,1,1.0
177,7,0,2,87096793.63766566,1,1.0
177,7,1,3,93496245.91826664,1,1.0
177,7,2,8,66647789.48711946,1,1.0
177,7,3,10,87013282.42289713,1,1.0
177,8,0,2,83960933.38407485,1,1.0
177,8,1,4,77819743.19018868,1,1.0
177,8,2,8,59729056.44924059,1,1.0
177,8,3,10,86300323.9798944,1,1.0
177,9,0,2,96785471.50526063,1,1.0
177,9,1,3,81470418.0108092,1,1.0
177,9,2,8,61813658.076396756,1,1.0
177,9,3,10,81213372.23315927,1,1.0
177,10,0,2,64285120.646973096,1,1.0
177,10,1,3,68045861.27757275,1,1.0
177,10,2,8,68167957.4662497,1,1.0
177,10,3,10,66140154.198474154,1,1.0
177,11,0,2,57198390.48659959,1,1.0
177,11,1,3,65099897.805235125,1,1.0
177,11,2,8,95663224.3993796,1,1.0
177,11,3,10,82407187.08276962,1,1.0
177,12,0,1,67937130.1724296,1,1.0
177,12,1,4,64967787.0775682,1,1.0
177,12,2,7,56503796.409926616,1,1.0
177,12,3,11,67147520.34365264,1,1.0
177,13,0,2,97603273.3862682,1,1.0
177,13,1,3,76602575.43402417,1,1.0
177,13,2,8,60766727.839420386,1,1.0
177,13,3,10,76638977.92857292,1,1.0
177,14,0,2,69814439.91873333,1,1.0
177,14,1,3,67040975.485344075,1,1.0
177,14,2,8,92585587.47731458,1,1.0
177,14,3,10,82050232.65711658,1,1.0
177,15,0,2,89886412.53086954,1,1.0
177,15,1,3,76397839.71599479,1,1.0
177,15,2,6,54418824.38308094,1,1.0
177,15,3,10,81735818.07683599,1,1.0
177,16,0,2,92622147.66132525,1,1.0
177,16,1,3,89458545.71263862,1,1.0
177,16,2,7,70408793.40866469,1,1.0
177,16,3,10,83651396.61863187,1,1.0
177,17,0,2,76914642.52045108,1,1.0
177,17,1,4,82495657.90184595,1,1.0
177,17,2,8,56046463.12314496,1,1.0
177,17,3,11,85982892.1505543,1,1.0
177,18,0,2,78844847.80407235,1,1.0
177,18,1,3,80157614.57814561,1,1.0
177,18,2,7,65624454.805799946,1,1.0
177,18,3,11,88446750.99282561,1,1.0
177,19,0,2,63279187.45477858,1,1.0
177,19,1,3,81711747.15934733,1,1.0
177,19,2,6,58983043.041246705,1,1.0
177,19,3,10,72964714.54724501,1,1.0
177,20,0,0,59179745.65986379,1,1.0
177,20,1,3,64373032.68121404,1,1.0
177,20,2,6,74670997.4186782,1,1.0
177,20,3,10,91466962.44538091,1,1.0
177,21,0,2,66899558.30210835,1,1.0
177,21,1,3,94778036.63848601,1,1.0
177,21,2,8,76118337.4017254,1,1.0
177,21,3,10,90416789.81125855,1,1.0
177,22,0,0,63794230.25021336,1,1.0
177,22,1,3,66185278.59298718,1,1.0
177,22,2,6,68775236.33724344,1,1.0
177,22,3,11,81736893.81074688,1,1.0
177,23,0,2,80667038.2650775,1,1.0
177,23,1,4,68856433.40902202,1,1.0
177,23,2,8,58349004.87926455,1,1.0
177,23,3,10,95132646.16587692,1,1.0
178,0,0,2,96188369.57770164,1,1.0
178,0,1,3,56614436.80881268,1,1.0
178,0,2,8,83243991.41880533,1,1.0
178,0,3,10,75473898.17977852,1,1.0
178,1,0,2,67177323.06647302,1,1.0
178,1,1,3,71870761.2211908,1,1.0
178,1,2,7,69494078.3676569,1,1.0
178,1,3,10,104578962.58013833,1,1.0
178,2,0,2,76849786.53495191,1,1.0
178,2,1,3,66926098.18837949,1,1.0
178,2,2,8,83180992.6791578,1,1.0
178,2,3,11,66123677.3424795,1,1.0
178,3,0,2,75246369.72264525,1,1.0
178,3,1,3,71316792.68446487,1,1.0
178,3,2,7,67662572.45103483,1,1.0
178,3,3,10,96974101.57445054,1,1.0
178,4,0,2,70356066.84919833,1,1.0
178,4,1,3,73404671.4312827,1,1.0
178,4,2,7,82304766.59253989,1,1.0
178,4,3,10,69084400.82450409,1,1.0
178,5,0,0,60097381.937023886,1,1.0
178,5,1,3,72368596.67565258,1,1.0
178,5,2,7,72095013.82938749,1,1.0
178,5,3,10,112931900.64385206,1,1.0
178,6,0,2,63039012.80456579,1,1.0
178,6,1,3,64550376.8216742,1,1.0
178,6,2,6,53264266.73681848,1,1.0
178,6,3,10,75296714.17710936,1,1.0
178,7,0,1,62838765.083010964,1,1.0
178,7,1,3,102045696.62731314,1,1.0
178,7,2,7,69458755.02014089,1,1.0
178,7,3,10,89123855.10441747,1,1.0
178,8,0,2,67197487.72335891,1,1.0
178,8,1,4,63435569.42184208,1,1.0
178,8,2,8,70887410.13478355,1,1.0
178,8,3,10,78907408.63186008,1,1.0
178,9,0,2,76018819.57247384,1,1.0
178,9,1,4,76118963.37078129,1,1.0
178,9,2,7,60701515.61244844,1,1.0
178,9,3,10,67830051.3160807,1,1.0
178,10,0,2,82408083.95420168,1,1.0
178,10,1,3,89682965.89434007,1,1.0
178,10,2,7,55966231.0263731,1,1.0
178,10,3,10,90561225.44028299,1,1.0
178,11,0,2,57015447.84428161,1,1.0
178,11,1,4,77147368.36002514,1,1.0
178,11,2,8,79916320.52278218,1,1.0
178,11,3,11,68637432.43957941,1,1.0
178,12,0,2,69495973.31853798,1,1.0
178,12,1,3,70627047.44870943,1,1.0
178,12,2,7,63567620.93211973,1,1.0
178,12,3,11,66765555.106786795,1,1.0
178,13,0,1,54907533.72210559,1,1.0
178,13,1,3,73569388.03125052,1,1.0
178,13,2,8,63850683.51685662,1,1.0
178,13,3,10,68030371.65525639,1,1.0
178,14,0,2,69588014.96261646,1,1.0
178,14,1,3,71620111.84379235,1,1.0
178,14,2,8,54119317.63954836,1,1.0
178,14,3,10,83482520.49729723,1,1.0
178,15,0,2,70877057.62818784,1,1.0
178,15,1,3,94572402.61486438,1,1.0
178,15,2,8,68923459.61212994,1,1.0
178,15,3,10,62980611.39103873,1,1.0
178,16,0,2,81897363.48985223,1,1.0
178,16,1,3,84214287.0421303,1,1.0
178,16,2,8,84524604.6787476,1,1.0
178,16,3,11,61107554.14450988,1,1.0
178,17,0,2,83739875.90272012,1,1.0
178,17,1,3,68222601.52945949,1,1.0
178,17,2,7,60270043.49432434,1,1.0
178,17,3,10,59318071.53696093,1,1.0
178,18,0,2,108393219.46407926,1,1.0
178,18,1,3,76273535.35579899,1,1.0
178,18,2,6,63774192.836891614,1,1.0
178,18,3,11,67207048.84587504,1,1.0
178,19,0,0,58702507.37928927,1,1.0
178,19,1,3,63403455.58280877,1,1.0
178,19,2,7,77127880.61661851,1,1.0
178,19,3,10,70082827.24529575,1,1.0
178,20,0,2,71700428.39450932,1,1.0
178,20,1,3,63619475.91997959,1,1.0
178,20,2,8,62069879.375093594,1,1.0
178,20,3,10,71368824.10391366,1,1.0
178,21,0,2,74943950.05775456,1,1.0
178,21,1,3,73962088.09595995,1,1.0
178,21,2,8,65917107.820611805,1,1.0
178,21,3,10,80241177.30534795,1,1.0
178,22,0,2,61212460.8268214,1,1.0
178,22,1,3,79467938.95006993,1,1.0
178,22,2,8,65362591.01000493,1,1.0
178,22,3,10,82108891.85905327,1,1.0
178,23,0,2,61447899.843088984,1,1.0
178,23,1,3,78660823.58646274,1,1.0
178,23,2,6,66453961.280583404,1,1.0
178,23,3,10,67234141.6746107,1,1.0
179,0,0,2,72057226.64197297,1,1.0
179,0,1,3,74772833.14036092,1,1.0
179,0,2,8,68023798.24453445,1,1.0
179,0,3,10,109200189.30236009,1,1.0
179,1,0,2,69030742.678332,1,1.0
179,1,1,4,72843954.64683393,1,1.0
179,1,2,8,81863014.59744938,1,1.0
179,1,3,11,79057179.2303776,1,1.0
179,2,0,2,56536064.798418045,1,1.0
179,2,1,3,78139391.06417055,1,1.0
179,2,2,8,79395624.10532995,1,1.0
179,2,3,10,78311639.2914903,1,1.0
179,3,0,2,58321363.86622616,1,1.0
179,3,1,3,73607187.00283444,1,1.0
179,3,2,8,83872303.28823237,1,1.0
179,3,3,10,69469746.32474855,1,1.0
179,4,0,2,68993827.70763475,1,1.0
179,4,1,3,71078268.29027747,1,1.0
179,4,2,7,59609562.9590565,1,1.0
179,4,3,10,79668092.70236287,1,1.0
179,5,0,2,67368099.01920198,1,1.0
179,5,1,4,65010210.12919182,1,1.0
179,5,2,8,53253968.97133622,1,1.0
179,5,3,10,95356114.56219687,1,1.0
179,6,0,2,65941260.401696056,1,1.0
179,6,1,3,72899728.40128161,1,1.0
179,6,2,8,59841374.245760426,1,1.0
179,6,3,10,67871020.30745043,1,1.0
179,7,0,2,69802551.17105688,1,1.0
179,7,1,3,74759193.37768027,1,1.0
179,7,2,8,68533567.33678977,1,1.0
179,7,3,11,67263733.98107457,1,1.0
179,8,0,2,80882964.0150059,1,1.0
179,8,1,4,75596600.95315365,1,1.0
179,8,2,8,61915086.845745035,1,1.0
179,8,3,10,70775681.15962379,1,1.0
179,9,0,0,80299348.31274283,1,1.0
179,9,1,3,75529668.02562432,1,1.0
179,9,2,7,63320465.87864227,1,1.0
179,9,3,10,66516691.362950996,1,1.0
179,10,0,2,80849104.63346419,1,1.0
179,10,1,3,98254956.04254718,1,1.0
179,10,2,7,72739294.90840058,1,1.0
179,10,3,10,84329085.71725948,1,1.0
179,11,0,2,92745444.42052853,1,1.0
179,11,1,4,62413837.84636335,1,1.0
179,11,2,8,60189518.53119219,1,1.0
179,11,3,10,73149183.2323812,1,1.0
179,12,0,1,63300434.75347657,1,1.0
179,12,1,3,84201839.02745132,1,1.0
179,12,2,8,73010003.43235269,1,1.0
179,12,3,10,72076717.27125965,1,1.0
179,13,0,2,79578121.32526207,1,1.0
179,13,1,3,67284621.03808472,1,1.0
179,13,2,7,57186002.02918003,1,1.0
179,13,3,10,66707719.76407386,1,1.0
179,14,0,2,59584399.430454105,1,1.0
179,14,1,3,69807426.5716502,1,1.0
179,14,2,8,65888370.44893383,1,1.0
179,14,3,10,108341803.46366197,1,1.0
179,15,0,2,73240874.78994451,1,1.0
179,15,1,4,60820727.683264054,1,1.0
179,15,2,8,60315436.848010585,1,1.0
179,15,3,11,73786235.18111607,1,1.0
179,16,0,2,60335552.2939304,1,1.0
179,16,1,4,66214423.64793493,1,1.0
179,16,2,8,76668013.37676732,1,1.0
179,16,3,10,89880892.82837808,1,1.0
179,17,0,2,78680994.92317602,1,1.0
179,17,1,3,81813433.10716382,1,1.0
179,17,2,8,57422698.1532103,1,1.0
179,17,3,11,68704829.89892735,1,1.0
179,18,0,2,64209804.896521986,1,1.0
179,18,1,3,67302570.37348655,1,1.0
179,18,2,7,62422904.41518573,1,1.0
179,18,3,10,103922705.30136897,1,1.0
179,19,0,2,66487789.32389998,1,1.0
179,19,1,3,71873811.73767902,1,1.0
179,19,2,8,74005040.6244469,1,1.0
179,19,3,10,66198724.75317505,1,1.0
179,20,0,2,71625972.25859836,1,1.0
179,20,1,3,76323924.69933137,1,1.0
179,20,2,7,66996282.54796626,1,1.0
179,20,3,10,75210389.24234511,1,1.0
179,21,0,2,73563552.81637317,1,1.0
179,21,1,3,79898684.49637751,1,1.0
179,21,2,8,63971772.83942579,1,1.0
179,21,3,10,74659857.63038847,1,1.0
179,22,0,2,93909938.09652632,1,1.0
179,22,1,3,68989020.2649491,1,1.0
179,22,2,6,58561113.80165694,1,1.0
179,22,3,10,65768054.299883485,1,1.0
179,23,0,2,78097539.24163623,1,1.0
179,23,1,4,67690807.64773634,1,1.0
179,23,2,8,52931151.83851522,1,1.0
179,23,3,11,68771458.51750934,1,1.0
180,0,0,2,78763583.9199281,1,1.0
180,0,1,3,77423649.64953674,1,1.0
180,0,2,8,69650771.12885404,1,1.0
180,0,3,10,78299489.3441141,1,1.0
180,1,0,2,75817149.2315068,1,1.0
180,1,1,3,69430518.40234798,1,1.0
180,1,2,8,69195118.92783044,1,1.0
180,1,3,10,64929033.19423302,1,1.0
180,2,0,2,78159398.83925973,1,1.0
180,2,1,3,64859595.963633135,1,1.0
180,2,2,8,60218339.170923345,1,1.0
180,2,3,11,64580173.60187431,1,1.0
180,3,0,2,99211167.88158211,1,1.0
180,3,1,3,88594156.64522055,1,1.0
180,3,2,6,55593130.589486755,1,1.0
180,3,3,10,90938477.45475355,1,1.0
180,4,0,2,72720291.07217,1,1.0
180,4,1,3,66990525.3868289,1,1.0
180,4,2,8,61205493.05203486,1,1.0
180,4,3,10,56702955.35053104,1,1.0
180,5,0,2,74351511.29774736,1,1.0
180,5,1,3,113106660.55646253,1,1.0
180,5,2,8,68878442.33281992,1,1.0
180,5,3,11,71947391.6138816,1,1.0
180,6,0,2,75761502.29993762,1,1.0
180,6,1,3,90665177.67043792,1,1.0
180,6,2,8,86974235.32512292,1,1.0
180,6,3,10,87841132.65492031,1,1.0
180,7,0,2,78303997.58976644,1,1.0
180,7,1,3,82728531.96859615,1,1.0
180,7,2,8,56159864.39426079,1,1.0
180,7,3,10,78040462.37059908,1,1.0
180,8,0,0,68295842.27526149,1,1.0
180,8,1,4,67279911.37744932,1,1.0
180,8,2,8,60101183.55735745,1,1.0
180,8,3,10,117763607.67018664,1,1.0
180,9,0,1,61425818.10638364,1,1.0
180,9,1,3,65728449.738048196,1,1.0
180,9,2,8,81023082.27821475,1,1.0
180,9,3,11,76208405.49608943,1,1.0
180,10,0,2,55946444.25402183,1,1.0
180,10,1,3,71404356.89569667,1,1.0
180,10,2,8,61748697.77060862,1,1.0
180,10,3,10,79073303.34949173,1,1.0
180,11,0,2,69926463.1088215,1,1.0
180,11,1,3,75989953.53589787,1,1.0
180,11,2,7,63734432.44199899,1,1.0
180,11,3,10,97355983.65852737,1,1.0
180,12,0,2,72228388.64978376,1,1.0
180,12,1,3,85007189.1186331,1,1.0
180,12,2,8,54063685.5940521,1,1.0
180,12,3,10,110290799.48131672,1,1.0
180,13,0,2,61076289.562867254,1,1.0
180,13,1,3,68443500.35202755,1,1.0
180,13,2,8,58752072.10443905,1,1.0
180,13,3,10,86735622.1441747,1,1.0
180,14,0,2,69278927.79074425,1,1.0
180,14,1,3,85785707.03270692,1,1.0
180,14,2,8,66814948.8780169,1,1.0
180,14,3,10,76676550.01810838,1,1.0
180,15,0,2,68861759.02191967,1,1.0
180,15,1,3,62696830.731697775,1,1.0
180,15,2,8,66408816.599555545,1,1.0
180,15,3,10,63842382.43265873,1,1.0
180,16,0,2,58216896.11863634,1,1.0
180,16,1,3,70491711.2754087,1,1.0
180,16,2,7,67599689.8626256,1,1.0
180,16,3,10,93844832.74187824,1,1.0
180,17,0,2,106212205.52954596,1,1.0
180,17,1,3,67565412.08248022,1,1.0
180,17,2,8,97188039.38416637,1,1.0
180,17,3,10,71538433.12863918,1,1.0
180,18,0,2,88256390.65536101,1,1.0
180,18,1,4,65240732.35628317,1,1.0
180,18,2,8,78912883.4602922,1,1.0
180,18,3,10,84467854.3905342,1,1.0
180,19,0,0,60936648.05351986,1,1.0
180,19,1,4,71455637.31831862,1,1.0
180,19,2,6,55010078.462845474,1,1.0
180,19,3,11,70506661.18310872,1,1.0
180,20,0,2,85043263.42840621,1,1.0
180,20,1,3,74970021.87767196,1,1.0
180,20,2,8,73128503.1866682,1,1.0
180,20,3,11,68482975.79903397,1,1.0
180,21,0,2,64731405.97498054,1,1.0
180,21,1,3,81072260.34623319,1,1.0
180,21,2,6,52675454.37627977,1,1.0
180,21,3,10,93111651.91162026,1,1.0
180,22,0,2,92817233.61956878,1,1.0
180,22,1,3,61643281.427468814,1,1.0
180,22,2,6,60056251.71905738,1,1.0
180,22,3,10,68479574.6558944,1,1.0
180,23,0,2,73393592.8953525,1,1.0
180,23,1,4,80299030.0405086,1,1.0
180,23,2,8,73820803.06357788,1,1.0
180,23,3,10,72406144.96359602,1,1.0
181,0,0,2,73148485.69958894,1,1.0
181,0,1,3,73626870.36041142,1,1.0
181,0,2,6,67581508.15720461,1,1.0
181,0,3,11,67357191.16851899,1,1.0
181,1,0,2,87693706.46693577,1,1.0
181,1,1,4,73330737.14764483,1,1.0
181,1,2,8,67970074.26861858,1,1.0
181,1,3,10,71343098.62538749,1,1.0
181,2,0,1,55296615.87692078,1,1.0
181,2,1,3,63300569.7460995,1,1.0
181,2,2,7,57355681.21618941,1,1.0
181,2,3,11,77723297.44212732,1,1.0
181,3,0,2,68031631.58848779,1,1.0
181,3,1,4,68366702.2729207,1,1.0
181,3,2,8,60015694.294125825,1,1.0
181,3,3,11,77624060.6707278,1,1.0
181,4,0,2,62936094.51991878,1,1.0
181,4,1,3,69969415.28476302,1,1.0
181,4,2,8,63664032.74091643,1,1.0
181,4,3,10,72944526.17441997,1,1.0
181,5,0,0,67035162.102691226,1,1.0
181,5,1,3,62814936.039807685,1,1.0
181,5,2,7,63020410.665954106,1,1.0
181,5,3,10,67964501.58167075,1,1.0
181,6,0,2,87075509.30483921,1,1.0
181,6,1,3,61428727.66325503,1,1.0
181,6,2,7,60606546.97829647,1,1.0
181,6,3,10,74642988.17440668,1,1.0
181,7,0,0,78882226.25162673,1,1.0
181,7,1,4,62135053.34858171,1,1.0
181,7,2,8,67584338.95038317,1,1.0
181,7,3,10,90187398.92169172,1,1.0
181,8,0,2,89224961.33562282,1,1.0
181,8,1,3,67365266.4896594,1,1.0
181,8,2,7,73211186.7229598,1,1.0
181,8,3,10,89182894.2752666,1,1.0
181,9,0,2,63854304.433574006,1,1.0
181,9,1,4,57313662.157017335,1,1.0
181,9,2,8,72776625.91091163,1,1.0
181,9,3,10,95099128.93351363,1,1.0
181,10,0,2,75455229.94456747,1,1.0
181,10,1,4,66859117.32043744,1,1.0
181,10,2,8,69756107.04295993,1,1.0
181,10,3,10,94183014.82633086,1,1.0
181,11,0,2,82944868.6466222,1,1.0
181,11,1,3,69578527.3218917,1,1.0
181,11,2,8,69709033.2420049,1,1.0
181,11,3,10,103012490.40127812,1,1.0
181,12,0,2,72132250.97261022,1,1.0
181,12,1,3,63154084.02892523,1,1.0
181,12,2,8,77814870.20003939,1,1.0
181,12,3,10,84247082.12963015,1,1.0
181,13,0,2,76499561.94353761,1,1.0
181,13,1,3,96648510.55525096,1,1.0
181,13,2,7,58975401.650739856,1,1.0
181,13,3,10,74157068.42104936,1,1.0
181,14,0,1,60362970.73095201,1,1.0
181,14,1,4,67763589.82403705,1,1.0
181,14,2,8,59793358.0917119,1,1.0
181,14,3,10,86705129.8957574,1,1.0
181,15,0,2,98114899.93771657,1,1.0
181,15,1,4,60982629.5045348,1,1.0
181,15,2,8,55253230.29264018,1,1.0
181,15,3,11,69768517.75090076,1,1.0
181,16,0,1,72784619.81491569,1,1.0
181,16,1,3,61228271.14505541,1,1.0
181,16,2,8,70210404.02897698,1,1.0
181,16,3,11,70249488.602303,1,1.0
181,17,0,2,63552439.23557646,1,1.0
181,17,1,3,90745410.94593623,1,1.0
181,17,2,8,64212532.21321907,1,1.0
181,17,3,11,70441888.19185887,1,1.0
181,18,0,0,54838054.25909771,1,1.0
181,18,1,3,71109239.50065154,1,1.0
181,18,2,8,59245209.029747985,1,1.0
181,18,3,11,71088398.99999441,1,1.0
181,19,0,2,74060638.75010741,1,1.0
181,19,1,3,81062079.53937595,1,1.0
181,19,2,8,67370470.54267584,1,1.0
181,19,3,10,84843581.10903811,1,1.0
181,20,0,2,72262422.96676748,1,1.0
181,20,1,4,66285796.24888596,1,1.0
181,20,2,8,71728747.1598483,1,1.0
181,20,3,10,66625103.20751816,1,1.0
181,21,0,1,76666096.94147655,1,1.0
181,21,1,3,55691160.15427096,1,1.0
181,21,2,8,54725243.63292545,1,1.0
181,21,3,11,68983499.53541332,1,1.0
181,22,0,2,85732018.02527025,1,1.0
181,22,1,3,68555275.73600444,1,1.0
181,22,2,8,63774335.90863031,1,1.0
181,22,3,10,84337334.29146309,1,1.0
181,23,0,2,75870773.76661877,1,1.0
181,23,1,3,68077761.60800114,1,1.0
181,23,2,6,57489320.65293776,1,1.0
181,23,3,10,83322773.59469153,1,1.0
182,0,0,2,68333724.83276558,1,1.0
182,0,1,3,71775606.86336724,1,1.0
182,0,2,8,58591659.78650682,1,1.0
182,0,3,10,103395085.5277391,1,1.0
182,1,0,2,62727637.48235564,1,1.0
182,1,1,3,99545811.05296838,1,1.0
182,1,2,7,67480897.72214572,1,1.0
182,1,3,10,92486355.82084008,1,1.0
182,2,0,2,93115782.86822866,1,1.0
182,2,1,3,72954345.00751019,1,1.0
182,2,2,8,55773572.59210617,1,1.0
182,2,3,10,66621829.03021901,1,1.0
182,3,0,2,68468206.61834629,1,1.0
182,3,1,4,64549765.998041525,1,1.0
182,3,2,6,58104810.753306955,1,1.0
182,3,3,10,75997157.79901849,1,1.0
182,4,0,1,60198866.28115135,1,1.0
182,4,1,3,82708073.71607932,1,1.0
182,4,2,8,88283930.85330787,1,1.0
182,4,3,10,81385187.66730669,1,1.0
182,5,0,1,60021986.460820764,1,1.0
182,5,1,4,67540867.48716347,1,1.0
182,5,2,8,65184325.706144,1,1.0
182,5,3,11,73077113.54622357,1,1.0
182,6,0,0,60418330.97855979,1,1.0
182,6,1,4,71875618.22791538,1,1.0
182,6,2,8,71170774.38878481,1,1.0
182,6,3,10,70328531.41869617,1,1.0
182,7,0,2,93424759.38721366,1,1.0
182,7,1,3,80375171.07487367,1,1.0
182,7,2,8,72155014.6304466,1,1.0
182,7,3,10,80889516.76707701,1,1.0
182,8,0,2,84344336.01063809,1,1.0
182,8,1,4,68792873.54057115,1,1.0
182,8,2,8,67209710.3248859,1,1.0
182,8,3,10,87858504.15653837,1,1.0
182,9,0,2,71702853.38360752,1,1.0
182,9,1,3,92734672.03451551,1,1.0
182,9,2,6,53916826.50937536,1,1.0
182,9,3,10,68521877.30032006,1,1.0
182,10,0,2,57402595.604784526,1,1.0
182,10,1,4,73653184.27850348,1,1.0
182,10,2,8,57234053.00993604,1,1.0
182,10,3,10,81256846.23068896,1,1.0
182,11,0,2,53508812.94631373,1,1.0
182,11,1,4,79142172.89885038,1,1.0
182,11,2,8,64941600.68668063,1,1.0
182,11,3,10,75493987.38261148,1,1.0
182,12,0,2,82821534.0960806,1,1.0
182,12,1,3,82132486.83235706,1,1.0
182,12,2,8,93576540.02377348,1,1.0
182,12,3,10,84483140.28127873,1,1.0
182,13,0,2,69574310.03509904,1,1.0
182,13,1,3,90887151.55941734,1,1.0
182,13,2,7,56941957.711763754,1,1.0
182,13,3,11,67855750.86785243,1,1.0
182,14,0,0,59379516.16169168,1,1.0
182,14,1,4,53201422.33116166,1,1.0
182,14,2,6,67194400.91029826,1,1.0
182,14,3,10,84444685.1607838,1,1.0
182,15,0,1,54330542.23922872,1,1.0
182,15,1,3,83902219.97110283,1,1.0
182,15,2,7,65545166.94451378,1,1.0
182,15,3,10,84117194.30127949,1,1.0
182,16,0,2,63313946.095950276,1,1.0
182,16,1,3,74593588.32307854,1,1.0
182,16,2,6,101708376.92812021,1,1.0
182,16,3,10,69384115.29488459,1,1.0
182,17,0,0,58264682.46201907,1,1.0
182,17,1,3,83762698.2530453,1,1.0
182,17,2,8,70843574.48089159,1,1.0
182,17,3,10,63357143.96612893,1,1.0
182,18,0,2,77836559.10406141,1,1.0
182,18,1,3,86908089.20014633,1,1.0
182,18,2,8,82195581.54075584,1,1.0
182,18,3,10,99490039.72679025,1,1.0
182,19,0,2,63896879.85528127,1,1.0
182,19,1,4,81073928.5387034,1,1.0
182,19,2,8,58594001.25975774,1,1.0
182,19,3,10,81741728.5208145,1,1.0
182,20,0,2,74238243.89529096,1,1.0
182,20,1,4,58354945.18799124,1,1.0
182,20,2,8,59475490.33839209,1,1.0
182,20,3,11,64588930.570044875,1,1.0
182,21,0,2,95559516.17724563,1,1.0
182,21,1,3,69151849.89435616,1,1.0
182,21,2,8,69275696.01207417,1,1.0
182,21,3,10,95838295.97363208,1,1.0
182,22,0,2,81668064.62672839,1,1.0
182,22,1,4,68510148.51349898,1,1.0
182,22,2,8,74535943.98420407,1,1.0
182,22,3,10,74871914.11844277,1,1.0
182,23,0,2,77845573.18574417,1,1.0
182,23,1,3,77558982.14087038,1,1.0
182,23,2,8,86836966.38412875,1,1.0
182,23,3,11,73938779.20079796,1,1.0
183,0,0,2,75313005.03022954,1,1.0
183,0,1,3,73841158.64028786,1,1.0
183,0,2,8,67873197.1062072,1,1.0
183,0,3,10,89529530.6268049,1,1.0
183,1,0,2,94844171.44897147,1,1.0
183,1,1,4,83515763.56266153,1,1.0
183,1,2,8,61172799.168834254,1,1.0
183,1,3,11,75065251.54176995,1,1.0
183,2,0,2,67189512.7170603,1,1.0
183,2,1,3,82871653.4398874,1,1.0
183,2,2,8,80196218.22467668,1,1.0
183,2,3,11,68160069.88104694,1,1.0
183,3,0,2,73093749.124675,1,1.0
183,3,1,3,89761904.46444678,1,1.0
183,3,2,8,57042904.87554256,1,1.0
183,3,3,10,69080727.20968993,1,1.0
183,4,0,2,70954412.00109155,1,1.0
183,4,1,3,67344826.98867908,1,1.0
183,4,2,8,70497893.37908262,1,1.0
183,4,3,10,72202394.29328258,1,1.0
183,5,0,2,80811191.37036493,1,1.0
183,5,1,3,58381016.324767455,1,1.0
183,5,2,7,68047935.56047972,1,1.0
183,5,3,10,78217307.37531427,1,1.0
183,6,0,2,81699713.25879097,1,1.0
183,6,1,3,73175515.4561301,1,1.0
183,6,2,8,60983736.45644908,1,1.0
183,6,3,10,93167093.78751242,1,1.0
183,7,0,2,77653194.43822199,1,1.0
183,7,1,3,74647987.8325637,1,1.0
183,7,2,7,57859830.158243105,1,1.0
183,7,3,10,68586606.10253315,1,1.0
183,8,0,2,57317976.27136519,1,1.0
183,8,1,4,72651163.79465796,1,1.0
183,8,2,8,67695122.09453052,1,1.0
183,8,3,10,79630040.14053744,1,1.0
183,9,0,0,79784539.50006618,1,1.0
183,9,1,4,62088388.77618923,1,1.0
183,9,2,6,68715788.75339043,1,1.0
183,9,3,10,68946287.86288904,1,1.0
183,10,0,2,88554428.68000706,1,1.0
183,10,1,3,64369004.17678841,1,1.0
183,10,2,7,69413635.40310869,1,1.0
183,10,3,10,61763623.245881334,1,1.0
183,11,0,0,65315049.115645625,1,1.0
183,11,1,4,66826821.068949096,1,1.0
183,11,2,8,69163447.34028932,1,1.0
183,11,3,10,77931454.54217727,1,1.0
183,12,0,2,69506852.48555729,1,1.0
183,12,1,3,79818827.37589575,1,1.0
183,12,2,6,55805561.828832515,1,1.0
183,12,3,10,69289628.96062927,1,1.0
183,13,0,2,60565095.327350914,1,1.0
183,13,1,3,83711915.78285146,1,1.0
183,13,2,8,76688219.28389838,1,1.0
183,13,3,11,69173945.64977658,1,1.0
183,14,0,2,85223999.81307608,1,1.0
183,14,1,3,83591343.32374696,1,1.0
183,14,2,8,75577300.6451115,1,1.0
183,14,3,10,70559827.99500372,1,1.0
183,15,0,2,79959842.09653775,1,1.0
183,15,1,4,79450686.99734312,1,1.0
183,15,2,8,78506127.42303747,1,1.0
183,15,3,10,72258569.4096901,1,1.0
183,16,0,2,54017585.1281142,1,1.0
183,16,1,3,58897711.24983137,1,1.0
183,16,2,8,62386456.49173485,1,1.0
183,16,3,10,65686571.96397482,1,1.0
183,17,0,2,83808409.18520567,1,1.0
183,17,1,3,66316338.640941195,1,1.0
183,17,2,8,69924905.3876216,1,1.0
183,17,3,10,100651476.79772119,1,1.0
183,18,0,2,86897360.11866893,1,1.0
183,18,1,4,60120686.08411892,1,1.0
183,18,2,8,79286057.01116277,1,1.0
183,18,3,11,73859266.06494516,1,1.0
183,19,0,2,71241274.8174805,1,1.0
183,19,1,3,68482687.57439467,1,1.0
183,19,2,7,57978732.306167446,1,1.0
183,19,3,10,80032739.06681533,1,1.0
183,20,0,2,69248826.17346618,1,1.0
183,20,1,3,76911474.43349056,1,1.0
183,20,2,8,66350332.86529546,1,1.0
183,20,3,10,74404774.25380288,1,1.0
183,21,0,2,77029571.11975142,1,1.0
183,21,1,3,72978184.22564507,1,1.0
183,21,2,8,70812332.90651762,1,1.0
183,21,3,10,69672505.01688993,1,1.0
183,22,0,0,65869515.6840376,1,1.0
183,22,1,3,88572541.2096833,1,1.0
183,22,2,8,62063980.52291858,1,1.0
183,22,3,10,72620873.40164371,1,1.0
183,23,0,2,89501002.37961568,1,1.0
183,23,1,4,62625769.84216933,1,1.0
183,23,2,6,79663805.52543907,1,1.0
183,23,3,10,92886177.93122962,1,1.0
184,0,0,2,69043398.74215025,1,1.0
184,0,1,3,73416817.67174257,1,1.0
184,0,2,6,63237123.48224669,1,1.0
184,0,3,10,86887892.60451597,1,1.0
184,1,0,2,60093153.23558203,1,1.0
184,1,1,3,87987642.5272816,1,1.0
184,1,2,7,59340072.299021825,1,1.0
184,1,3,10,67538634.31416728,1,1.0
184,2,0,2,83844177.3581165,1,1.0
184,2,1,3,69369607.6058868,1,1.0
184,2,2,8,70574717.2482567,1,1.0
184,2,3,10,73334666.22705884,1,1.0
184,3,0,2,76230373.79388276,1,1.0
184,3,1,4,61973851.863228045,1,1.0
184,3,2,8,64970363.92653467,1,1.0
184,3,3,11,59605417.3103639,1,1.0
184,4,0,2,92916796.4133024,1,1.0
184,4,1,4,60095462.47492416,1,1.0
184,4,2,8,74234194.4043816,1,1.0
184,4,3,10,84783279.59165864,1,1.0
184,5,0,2,57958779.72511829,1,1.0
184,5,1,3,69365621.2920029,1,1.0
184,5,2,8,64439150.38631747,1,1.0
184,5,3,10,80902974.27163266,1,1.0
184,6,0,0,62805030.20880036,1,1.0
184,6,1,3,72251584.6156695,1,1.0
184,6,2,8,63431933.24329317,1,1.0
184,6,3,11,82425230.27494362,1,1.0
184,7,0,2,63003034.43728375,1,1.0
184,7,1,4,101448940.61133686,1,1.0
184,7,2,7,74522880.37780386,1,1.0
184,7,3,10,85914460.5630469,1,1.0
184,8,0,2,77930002.52975579,1,1.0
184,8,1,3,69658805.76240262,1,1.0
184,8,2,8,81151193.14745821,1,1.0
184,8,3,11,79099045.90834957,1,1.0
184,9,0,2,70024978.49737112,1,1.0
184,9,1,3,86988712.48474653,1,1.0
184,9,2,6,70822854.73991214,1,1.0
184,9,3,10,81812983.82894583,1,1.0
184,10,0,2,59913352.596549496,1,1.0
184,10,1,4,61527469.95493428,1,1.0
184,10,2,8,73860913.7852649,1,1.0
184,10,3,10,92463350.50350079,1,1.0
184,11,0,2,86775007.96634425,1,1.0
184,11,1,3,71235496.4849446,1,1.0
184,11,2,8,56046954.12606019,1,1.0
184,11,3,10,64366010.269671686,1,1.0
184,12,0,2,85055721.70307517,1,1.0
184,12,1,3,87929195.82457037,1,1.0
184,12,2,8,67581849.6010951,1,1.0
184,12,3,10,73934271.95965728,1,1.0
184,13,0,2,61849084.85113347,1,1.0
184,13,1,4,61156714.67627587,1,1.0
184,13,2,7,52753469.81905843,1,1.0
184,13,3,11,64355602.19681558,1,1.0
184,14,0,0,68823132.27518107,1,1.0
184,14,1,4,79786611.0081111,1,1.0
184,14,2,8,86654387.67307487,1,1.0
184,14,3,10,79363012.07963216,1,1.0
184,15,0,2,90299953.54339555,1,1.0
184,15,1,4,62853708.043080635,1,1.0
184,15,2,7,66276491.78288672,1,1.0
184,15,3,11,78357322.2611474,1,1.0
184,16,0,2,86222342.69306247,1,1.0
184,16,1,4,57120871.99714257,1,1.0
184,16,2,8,55258552.108989835,1,1.0
184,16,3,10,70489892.40154397,1,1.0
184,17,0,2,78120794.50947925,1,1.0
184,17,1,3,84267352.18432036,1,1.0
184,17,2,8,64601469.45801211,1,1.0
184,17,3,11,65098202.83437853,1,1.0
184,18,0,2,69083556.7241208,1,1.0
184,18,1,4,66049215.405609846,1,1.0
184,18,2,8,62402913.54655737,1,1.0
184,18,3,11,72595725.25232868,1,1.0
184,19,0,2,83334040.2860175,1,1.0
184,19,1,3,65139468.63828126,1,1.0
184,19,2,7,71550068.72823556,1,1.0
184,19,3,10,94130751.24121922,1,1.0
184,20,0,2,58360300.18032847,1,1.0
184,20,1,4,74968008.35391514,1,1.0
184,20,2,6,70137911.62212329,1,1.0
184,20,3,10,102142554.37842146,1,1.0
184,21,0,2,63820698.570916146,1,1.0
184,21,1,3,82720620.28511436,1,1.0
184,21,2,8,77384002.48259462,1,1.0
184,21,3,10,71025166.08429264,1,1.0
184,22,0,2,69038250.66258746,1,1.0
184,22,1,3,69033355.84867707,1,1.0
184,22,2,7,53460721.24147853,1,1.0
184,22,3,10,83820246.40913965,1,1.0
184,23,0,2,81561703.42277016,1,1.0
184,23,1,3,71972232.4227136,1,1.0
184,23,2,8,66465561.96177257,1,1.0
184,23,3,10,89196992.7919098,1,1.0
185,0,0,2,95602383.05343616,1,1.0
185,0,1,4,74760268.92090406,1,1.0
185,0,2,8,71254726.61684373,1,1.0
185,0,3,10,78046907.79807767,1,1.0
185,1,0,2,101493818.90436895,1,1.0
185,1,1,3,91496401.56388126,1,1.0
185,1,2,8,63662559.509088844,1,1.0
185,1,3,11,75563117.852006,1,1.0
185,2,0,2,107353568.4404715,1,1.0
185,2,1,3,80959732.06631686,1,1.0
185,2,2,8,62146565.84228052,1,1.0
185,2,3,10,76629620.95911594,1,1.0
185,3,0,2,76726814.0660439,1,1.0
185,3,1,4,70318733.5913602,1,1.0
185,3,2,8,77078691.44522657,1,1.0
185,3,3,11,88490015.704084,1,1.0
185,4,0,2,64622476.50612997,1,1.0
185,4,1,3,66322128.86840185,1,1.0
185,4,2,8,74290844.87057202,1,1.0
185,4,3,10,88830516.28201135,1,1.0
185,5,0,2,91542137.9229724,1,1.0
185,5,1,3,78852041.3882607,1,1.0
185,5,2,8,83051624.30920821,1,1.0
185,5,3,10,70635579.5775991,1,1.0
185,6,0,2,62829758.278515145,1,1.0
185,6,1,3,81169078.80901992,1,1.0
185,6,2,8,73839873.52323404,1,1.0
185,6,3,10,71324858.67772922,1,1.0
185,7,0,2,65181089.33541628,1,1.0
185,7,1,3,65760557.33076362,1,1.0
185,7,2,8,68792087.85878725,1,1.0
185,7,3,10,73093463.10630547,1,1.0
185,8,0,2,69814803.76900397,1,1.0
185,8,1,3,66354242.274134696,1,1.0
185,8,2,8,64325378.390266575,1,1.0
185,8,3,10,97618441.62376978,1,1.0
185,9,0,2,65787566.26618181,1,1.0
185,9,1,3,70089358.00121444,1,1.0
185,9,2,8,85429758.15400515,1,1.0
185,9,3,10,94357985.47490223,1,1.0
185,10,0,2,65883204.72969355,1,1.0
185,10,1,3,82725953.8594213,1,1.0
185,10,2,6,66653511.55266336,1,1.0
185,10,3,10,91531871.82805054,1,1.0
185,11,0,2,61606076.790724106,1,1.0
185,11,1,3,73625365.50158699,1,1.0
185,11,2,7,74764693.28826767,1,1.0
185,11,3,10,76354934.72005393,1,1.0
185,12,0,1,58197302.44032869,1,1.0
185,12,1,3,69536072.55668254,1,1.0
185,12,2,8,88142036.14738506,1,1.0
185,12,3,10,95646791.79314797,1,1.0
185,13,0,2,67615325.1369397,1,1.0
185,13,1,3,62518362.41261543,1,1.0
185,13,2,7,57102870.26982848,1,1.0
185,13,3,10,90607625.7128622,1,1.0
185,14,0,2,79695582.16453402,1,1.0
185,14,1,3,57789267.814817,1,1.0
185,14,2,7,61764978.1716235,1,1.0
185,14,3,11,88794539.4693161,1,1.0
185,15,0,2,87911093.48539616,1,1.0
185,15,1,3,76822722.90236129,1,1.0
185,15,2,8,58016746.34552842,1,1.0
185,15,3,10,77159044.8126952,1,1.0
185,16,0,0,67454722.0552201,1,1.0
185,16,1,3,73308956.81643915,1,1.0
185,16,2,6,59184892.132119484,1,1.0
185,16,3,10,73117952.93318552,1,1.0
185,17,0,2,85148066.92142992,1,1.0
185,17,1,3,63468360.02976812,1,1.0
185,17,2,6,55499225.567400664,1,1.0
185,17,3,10,80068093.51759279,1,1.0
185,18,0,2,64813592.948509865,1,1.0
185,18,1,4,67858264.48362881,1,1.0
185,18,2,6,59958992.60960782,1,1.0
185,18,3,10,95630690.95700608,1,1.0
185,19,0,2,63242349.62711123,1,1.0
185,19,1,4,81856909.25814267,1,1.0
185,19,2,8,66850104.79188095,1,1.0
185,19,3,10,72662598.672156,1,1.0
185,20,0,2,60609405.61110398,1,1.0
185,20,1,4,79251606.55806309,1,1.0
185,20,2,7,59617895.629597254,1,1.0
185,20,3,10,100663237.24889298,1,1.0
185,21,0,2,71509576.26218833,1,1.0
185,21,1,3,65375195.57561847,1,1.0
185,21,2,8,88478800.17805831,1,1.0
185,21,3,10,80849107.55288917,1,1.0
185,22,0,2,73692050.3975624,1,1.0
185,22,1,4,60827794.46428212,1,1.0
185,22,2,8,90408584.0943833,1,1.0
185,22,3,10,106132871.84061722,1,1.0
185,23,0,2,73233236.48818304,1,1.0
185,23,1,3,59804629.91580961,1,1.0
185,23,2,7,62335550.501410104,1,1.0
185,23,3,11,68064099.63715525,1,1.0
186,0,0,0,82710584.36684506,1,1.0
186,0,1,3,64509288.391223945,1,1.0
186,0,2,7,75272180.06169008,1,1.0
186,0,3,10,83263163.19044627,1,1.0
186,1,0,2,77238434.18156211,1,1.0
186,1,1,3,72830213.10391742,1,1.0
186,1,2,7,55730848.2362733,1,1.0
186,1,3,10,83371001.40102078,1,1.0
186,2,0,2,89491474.56777997,1,1.0
186,2,1,3,83615616.42550093,1,1.0
186,2,2,7,66815201.75960351,1,1.0
186,2,3,10,86255847.21632007,1,1.0
186,3,0,2,74466810.349668,1,1.0
186,3,1,3,84697902.12570453,1,1.0
186,3,2,7,71743321.53138773,1,1.0
186,3,3,10,93253193.76839654,1,1.0
186,4,0,2,70041541.11047837,1,1.0
186,4,1,3,78674532.23877534,1,1.0
186,4,2,8,60578378.55669705,1,1.0
186,4,3,10,78376886.08979797,1,1.0
186,5,0,2,62873199.668683484,1,1.0
186,5,1,3,66224758.73480997,1,1.0
186,5,2,8,75580752.38099906,1,1.0
186,5,3,10,84140186.40778317,1,1.0
186,6,0,2,57327317.26224211,1,1.0
186,6,1,4,84978592.33544885,1,1.0
186,6,2,8,77581984.86978412,1,1.0
186,6,3,10,90600819.30241914,1,1.0
186,7,0,2,73170405.36676694,1,1.0
186,7,1,4,64950037.84469308,1,1.0
186,7,2,7,62968769.83568947,1,1.0
186,7,3,10,77992501.94288036,1,1.0
186,8,0,2,87296620.80758998,1,1.0
186,8,1,3,63623797.169966854,1,1.0
186,8,2,8,90229872.8827083,1,1.0
186,8,3,10,73665831.9021094,1,1.0
186,9,0,2,63482664.51987024,1,1.0
186,9,1,4,76779168.82903008,1,1.0
186,9,2,7,59470836.84742168,1,1.0
186,9,3,10,82736258.40422904,1,1.0
186,10,0,2,79605458.85438842,1,1.0
186,10,1,4,99936907.11423652,1,1.0
186,10,2,7,62311772.90869595,1,1.0
186,10,3,10,67667344.68314902,1,1.0
186,11,0,2,86876565.39210941,1,1.0
186,11,1,3,78816168.0878415,1,1.0
186,11,2,8,87589742.48913018,1,1.0
186,11,3,10,83679248.05933313,1,1.0
186,12,0,2,94569379.3725394,1,1.0
186,12,1,3,92786862.00805078,1,1.0
186,12,2,8,61422796.30991743,1,1.0
186,12,3,10,68134091.46678965,1,1.0
186,13,0,2,82082394.7751402,1,1.0
186,13,1,4,68649245.9136449,1,1.0
186,13,2,8,66734755.66663476,1,1.0
186,13,3,10,89754012.84179075,1,1.0
186,14,0,2,75381509.6565331,1,1.0
186,14,1,3,68328295.73427302,1,1.0
186,14,2,7,60005412.07418922,1,1.0
186,14,3,10,69393007.52729036,1,1.0
186,15,0,2,82386058.68434526,1,1.0
186,15,1,3,90041918.11382642,1,1.0
186,15,2,8,55671994.01216113,1,1.0
186,15,3,10,77790030.76389606,1,1.0
186,16,0,2,60133869.763222985,1,1.0
186,16,1,3,78440911.4810732,1,1.0
186,16,2,8,70927601.51119547,1,1.0
186,16,3,10,78419984.92383072,1,1.0
186,17,0,0,57432238.77868384,1,1.0
186,17,1,3,73144644.99734189,1,1.0
186,17,2,6,56231419.46378013,1,1.0
186,17,3,11,65812521.81024032,1,1.0
186,18,0,2,73807314.59503613,1,1.0
186,18,1,3,83536477.0410917,1,1.0
186,18,2,8,81461831.98702835,1,1.0
186,18,3,11,66653821.46314089,1,1.0
186,19,0,2,78031406.06718065,1,1.0
186,19,1,3,78982179.74420407,1,1.0
186,19,2,8,69297425.88895118,1,1.0
186,19,3,11,63511588.12404681,1,1.0
186,20,0,2,74929868.05015418,1,1.0
186,20,1,3,78269483.72784632,1,1.0
186,20,2,7,53262311.45084879,1,1.0
186,20,3,10,77995566.6500408,1,1.0
186,21,0,2,59835204.48325692,1,1.0
186,21,1,4,70927828.13604817,1,1.0
186,21,2,7,53451442.205157444,1,1.0
186,21,3,10,70998762.34740569,1,1.0
186,22,0,2,76940095.38590929,1,1.0
186,22,1,3,82215083.88605368,1,1.0
186,22,2,8,65080705.47367799,1,1.0
186,22,3,10,90807312.6405259,1,1.0
186,23,0,2,78797195.28371622,1,1.0
186,23,1,3,67843983.95220533,1,1.0
186,23,2,8,74115006.6480654,1,1.0
186,23,3,10,74564221.12199102,1,1.0
187,0,0,2,55001615.59280623,1,1.0
187,0,1,3,83689905.74166676,1,1.0
187,0,2,7,59899101.47849383,1,1.0
187,0,3,10,74795891.40375139,1,1.0
187,1,0,2,81919309.70077458,1,1.0
187,1,1,3,81416997.976757,1,1.0
187,1,2,8,61173151.49666165,1,1.0
187,1,3,10,60704584.281594865,1,1.0
187,2,0,2,78150165.01798382,1,1.0
187,2,1,3,70118645.83193535,1,1.0
187,2,2,8,80906970.72325766,1,1.0
187,2,3,10,94631066.56735185,1,1.0
187,3,0,0,68537966.8169354,1,1.0
187,3,1,4,71344948.65947056,1,1.0
187,3,2,8,75166649.36525166,1,1.0
187,3,3,10,79382973.28506039,1,1.0
187,4,0,0,62258057.67323449,1,1.0
187,4,1,3,68201795.1940644,1,1.0
187,4,2,8,70838779.05371034,1,1.0
187,4,3,10,70959877.79499471,1,1.0
187,5,0,2,78356529.95974994,1,1.0
187,5,1,3,74117495.16394082,1,1.0
187,5,2,8,82411427.35563491,1,1.0
187,5,3,11,75487078.0599176,1,1.0
187,6,0,2,77072518.33120754,1,1.0
187,6,1,3,87675674.34194368,1,1.0
187,6,2,6,62295329.643928,1,1.0
187,6,3,11,66509809.184888214,1,1.0
187,7,0,0,64444094.88483684,1,1.0
187,7,1,4,74655572.37254637,1,1.0
187,7,2,6,66909949.078101695,1,1.0
187,7,3,10,101431975.43292166,1,1.0
187,8,0,2,82328617.05523443,1,1.0
187,8,1,4,75430771.87271705,1,1.0
187,8,2,8,82029469.72800572,1,1.0
187,8,3,10,83674754.22426847,1,1.0
187,9,0,2,67560352.78662053,1,1.0
187,9,1,3,95207102.52229771,1,1.0
187,9,2,8,57718266.11856969,1,1.0
187,9,3,10,71903757.56143975,1,1.0
187,10,0,2,55290153.76901834,1,1.0
187,10,1,3,81319047.88538148,1,1.0
187,10,2,6,58895129.2034574,1,1.0
187,10,3,10,76984833.75740899,1,1.0
187,11,0,2,86255278.43993844,1,1.0
187,11,1,3,72033355.95472695,1,1.0
187,11,2,8,59870963.805649966,1,1.0
187,11,3,10,119226243.12626536,1,1.0
187,12,0,2,77244394.61094992,1,1.0
187,12,1,3,87441712.33549494,1,1.0
187,12,2,8,67244193.54937631,1,1.0
187,12,3,10,58620481.638573736,1,1.0
187,13,0,0,60321477.152206756,1,1.0
187,13,1,3,73331502.55798225,1,1.0
187,13,2,7,68026825.53618827,1,1.0
187,13,3,10,68844409.71140616,1,1.0
187,14,0,2,82929974.4069242,1,1.0
187,14,1,3,79528540.40655836,1,1.0
187,14,2,8,75438288.57541083,1,1.0
187,14,3,10,80266469.57068208,1,1.0
187,15,0,2,66872417.08160196,1,1.0
187,15,1,3,76707417.9459104,1,1.0
187,15,2,8,74039185.41285533,1,1.0
187,15,3,10,96670746.41345085,1,1.0
187,16,0,1,52719084.11682983,1,1.0
187,16,1,3,86323825.9925427,1,1.0
187,16,2,8,56603749.51844656,1,1.0
187,16,3,10,101746522.45118986,1,1.0
187,17,0,2,63248784.405973755,1,1.0
187,17,1,3,93981125.88532726,1,1.0
187,17,2,8,69288627.22479707,1,1.0
187,17,3,10,90667395.49436247,1,1.0
187,18,0,2,82671925.20041384,1,1.0
187,18,1,4,73444608.10162655,1,1.0
187,18,2,8,65580725.3146252,1,1.0
187,18,3,10,68300518.52722824,1,1.0
187,19,0,2,101733077.07854344,1,1.0
187,19,1,3,66619349.00346348,1,1.0
187,19,2,8,66301670.7544818,1,1.0
187,19,3,10,86014659.2608742,1,1.0
187,20,0,2,63586802.0046348,1,1.0
187,20,1,4,73438666.69557866,1,1.0
187,20,2,7,61890496.02240768,1,1.0
187,20,3,10,66026356.88644691,1,1.0
187,21,0,2,100235370.63894366,1,1.0
187,21,1,3,70148621.52323571,1,1.0
187,21,2,8,60898898.4674482,1,1.0
187,21,3,10,79441909.7457973,1,1.0
187,22,0,2,55365761.26157313,1,1.0
187,22,1,3,66957132.18842537,1,1.0
187,22,2,8,65937424.85856144,1,1.0
187,22,3,10,86049531.56445493,1,1.0
187,23,0,2,85369219.03928,1,1.0
187,23,1,3,94895228.87361948,1,1.0
187,23,2,8,67824042.86559722,1,1.0
187,23,3,10,73253181.41240942,1,1.0
188,0,0,2,116268461.76380771,1,1.0
188,0,1,3,63776977.918337375,1,1.0
188,0,2,8,59228905.62031817,1,1.0
188,0,3,10,79516482.05694173,1,1.0
188,1,0,2,87798754.71483679,1,1.0
188,1,1,3,71608775.37151547,1,1.0
188,1,2,7,58350708.67829247,1,1.0
188,1,3,11,83167536.79139061,1,1.0
188,2,0,2,70226036.08048695,1,1.0
188,2,1,3,69036590.04734445,1,1.0
188,2,2,7,60929021.07567065,1,1.0
188,2,3,10,89239461.61846854,1,1.0
188,3,0,2,69978284.74763113,1,1.0
188,3,1,3,66060402.800731875,1,1.0
188,3,2,8,71236315.89180487,1,1.0
188,3,3,11,93732311.71893364,1,1.0
188,4,0,0,79289691.73935004,1,1.0
188,4,1,4,86512874.87899487,1,1.0
188,4,2,8,66007130.53634246,1,1.0
188,4,3,11,61417801.56458138,1,1.0
188,5,0,2,87379500.5534622,1,1.0
188,5,1,4,83635791.87653486,1,1.0
188,5,2,7,80853739.5888066,1,1.0
188,5,3,10,88592114.05342029,1,1.0
188,6,0,2,94655454.53152217,1,1.0
188,6,1,3,95331966.01339038,1,1.0
188,6,2,6,59879326.548727855,1,1.0
188,6,3,11,79735529.50097458,1,1.0
188,7,0,0,78472054.02359007,1,1.0
188,7,1,3,63287170.05247982,1,1.0
188,7,2,8,65701162.256888315,1,1.0
188,7,3,10,92347933.70839068,1,1.0
188,8,0,2,83599246.65710212,1,1.0
188,8,1,3,70624036.40941422,1,1.0
188,8,2,8,74664765.7499345,1,1.0
188,8,3,10,83193303.51245528,1,1.0
188,9,0,0,62796334.74000507,1,1.0
188,9,1,3,66618744.03089959,1,1.0
188,9,2,8,74336849.18354559,1,1.0
188,9,3,11,68528476.22355552,1,1.0
188,10,0,2,63024564.324001364,1,1.0
188,10,1,3,74209314.067729,1,1.0
188,10,2,8,73610611.36177148,1,1.0
188,10,3,10,89325340.26384959,1,1.0
188,11,0,2,80995702.67515703,1,1.0
188,11,1,4,73423594.50835603,1,1.0
188,11,2,7,58769570.98961688,1,1.0
188,11,3,10,80547358.69181192,1,1.0
188,12,0,0,66646070.70541338,1,1.0
188,12,1,3,65064403.47265758,1,1.0
188,12,2,8,72756559.14541784,1,1.0
188,12,3,10,72854406.82818742,1,1.0
188,13,0,2,72854667.23991719,1,1.0
188,13,1,3,60096282.95094958,1,1.0
188,13,2,8,59270471.76469426,1,1.0
188,13,3,10,76208637.81581603,1,1.0
188,14,0,2,67043350.93641712,1,1.0
188,14,1,4,76613640.37455265,1,1.0
188,14,2,7,63445351.72474867,1,1.0
188,14,3,10,88926039.25835176,1,1.0
188,15,0,0,75797053.51596,1,1.0
188,15,1,3,85543402.23910913,1,1.0
188,15,2,8,55467583.1484576,1,1.0
188,15,3,10,64665672.02065796,1,1.0
188,16,0,2,79724478.98215747,1,1.0
188,16,1,4,62275095.10205937,1,1.0
188,16,2,8,82067596.5778206,1,1.0
188,16,3,10,86073339.15301065,1,1.0
188,17,0,2,63814372.88527149,1,1.0
188,17,1,3,69889541.30418769,1,1.0
188,17,2,8,71849826.77144824,1,1.0
188,17,3,10,90393073.19193043,1,1.0
188,18,0,2,68344743.61960989,1,1.0
188,18,1,3,75022325.38613331,1,1.0
188,18,2,8,65697459.30944116,1,1.0
188,18,3,10,95473179.80295308,1,1.0
188,19,0,2,63770312.4124168,1,1.0
188,19,1,3,91055162.54930261,1,1.0
188,19,2,8,74999364.97062226,1,1.0
188,19,3,10,82932157.48870984,1,1.0
188,20,0,2,78506281.61896515,1,1.0
188,20,1,3,72507140.54476191,1,1.0
188,20,2,8,55858475.50763884,1,1.0
188,20,3,10,118589726.32938576,1,1.0
188,21,0,2,58162671.40670427,1,1.0
188,21,1,4,64245574.73969787,1,1.0
188,21,2,8,63034724.28595624,1,1.0
188,21,3,10,90569477.59155841,1,1.0
188,22,0,2,98625104.43828112,1,1.0
188,22,1,3,82941764.3630285,1,1.0
188,22,2,8,79888890.28406347,1,1.0
188,22,3,10,84219280.976744,1,1.0
188,23,0,2,56473144.2168056,1,1.0
188,23,1,4,73984174.79418255,1,1.0
188,23,2,8,64296699.183477305,1,1.0
188,23,3,10,64665767.80596643,1,1.0
189,0,0,0,107142019.67977677,1,1.0
189,0,1,3,73129112.82162808,1,1.0
189,0,2,8,68880074.2847771,1,1.0
189,0,3,10,73990305.43855067,1,1.0
189,1,0,2,68642790.27614394,1,1.0
189,1,1,3,70686869.34793264,1,1.0
189,1,2,8,74000182.1459009,1,1.0
189,1,3,11,63200499.17873484,1,1.0
189,2,0,0,66454636.70940537,1,1.0
189,2,1,4,62709285.429633915,1,1.0
189,2,2,8,90860634.35144454,1,1.0
189,2,3,10,75719612.80366261,1,1.0
189,3,0,0,66577108.68445802,1,1.0
189,3,1,3,79556092.0671977,1,1.0
189,3,2,8,70913468.36205515,1,1.0
189,3,3,10,93730534.21466757,1,1.0
189,4,0,2,61020754.01761579,1,1.0
189,4,1,4,70883331.91049322,1,1.0
189,4,2,7,60792258.43840546,1,1.0
189,4,3,10,79150530.21860136,1,1.0
189,5,0,2,80911558.61057666,1,1.0
189,5,1,4,68406960.16730393,1,1.0
189,5,2,8,65198786.08776124,1,1.0
189,5,3,10,72858681.7586548,1,1.0
189,6,0,2,63839655.69293439,1,1.0
189,6,1,4,60007656.449984476,1,1.0
189,6,2,7,76731061.06197679,1,1.0
189,6,3,11,73198166.97215788,1,1.0
189,7,0,2,90774760.00343138,1,1.0
189,7,1,3,78464070.24416961,1,1.0
189,7,2,8,60995306.21418769,1,1.0
189,7,3,10,98818255.98311628,1,1.0
189,8,0,2,75765726.7090065,1,1.0
189,8,1,3,62959677.76863123,1,1.0
189,8,2,8,85008268.30857973,1,1.0
189,8,3,10,76079994.1795657,1,1.0
189,9,0,2,89095329.8958889,1,1.0
189,9,1,3,62691026.57272086,1,1.0
189,9,2,8,58185603.662679896,1,1.0
189,9,3,10,73082314.4840246,1,1.0
189,10,0,1,57083844.838085644,1,1.0
189,10,1,3,87386034.46973895,1,1.0
189,10,2,7,61656977.681261025,1,1.0
189,10,3,10,84569308.47779761,1,1.0
189,11,0,2,70450921.62172705,1,1.0
189,11,1,4,64612890.75664237,1,1.0
189,11,2,6,68751013.46346518,1,1.0
189,11,3,10,81477099.02652693,1,1.0
189,12,0,2,82299561.61086546,1,1.0
189,12,1,3,64552290.18101682,1,1.0
189,12,2,8,74011671.57200007,1,1.0
189,12,3,11,87474398.9971641,1,1.0
189,13,0,2,62176577.81117952,1,1.0
189,13,1,4,83703487.23479801,1,1.0
189,13,2,8,69128392.3680555,1,1.0
189,13,3,10,79339819.71842611,1,1.0
189,14,0,0,60847715.97207594,1,1.0
189,14,1,3,82959868.10863194,1,1.0
189,14,2,8,80454048.90691744,1,1.0
189,14,3,10,59482665.10013682,1,1.0
189,15,0,2,65771960.362890214,1,1.0
189,15,1,4,76292783.73264901,1,1.0
189,15,2,7,64856628.296768956,1,1.0
189,15,3,10,76025185.5281046,1,1.0
189,16,0,2,84378015.96089007,1,1.0
189,16,1,3,75564488.68573356,1,1.0
189,16,2,8,58578955.06580108,1,1.0
189,16,3,10,76399238.52134137,1,1.0
189,17,0,1,57501102.859351486,1,1.0
189,17,1,4,67139164.49912198,1,1.0
189,17,2,8,55265766.25620912,1,1.0
189,17,3,10,83569246.01517047,1,1.0
189,18,0,2,55866726.97222912,1,1.0
189,18,1,3,65329367.92665682,1,1.0
189,18,2,7,56107770.22697119,1,1.0
189,18,3,10,89820013.15375781,1,1.0
189,19,0,2,91629408.48628438,1,1.0
189,19,1,3,83076702.2567483,1,1.0
189,19,2,6,63498359.27604652,1,1.0
189,19,3,11,68683088.73252864,1,1.0
189,20,0,0,65129743.94553836,1,1.0
189,20,1,4,65556550.301778115,1,1.0
189,20,2,8,57052936.365133926,1,1.0
189,20,3,10,90216339.2028551,1,1.0
189,21,0,2,81422889.41094224,1,1.0
189,21,1,3,86032381.18680252,1,1.0
189,21,2,8,56917486.21644221,1,1.0
189,21,3,10,73581885.54199728,1,1.0
189,22,0,2,84228168.38999352,1,1.0
189,22,1,3,103734563.704848,1,1.0
189,22,2,8,78381206.17944635,1,1.0
189,22,3,11,66579782.34613343,1,1.0
189,23,0,2,86834953.22090192,1,1.0
189,23,1,3,87755987.1510754,1,1.0
189,23,2,8,93384896.47699817,1,1.0
189,23,3,10,75844942.34041484,1,1.0
190,0,0,0,61631671.50176231,1,1.0
190,0,1,3,58227520.45913267,1,1.0
190,0,2,7,59588460.02643964,1,1.0
190,0,3,10,86177007.2231588,1,1.0
190,1,0,1,54066971.43577713,1,1.0
190,1,1,3,71824460.64104125,1,1.0
190,1,2,8,72465468.14026763,1,1.0
190,1,3,10,93842868.3486085,1,1.0
190,2,0,2,73735564.07878265,1,1.0
190,2,1,3,67743302.32869451,1,1.0
190,2,2,8,77300253.35111533,1,1.0
190,2,3,10,78582924.0094341,1,1.0
190,3,0,2,63866894.18554688,1,1.0
190,3,1,4,67280197.87829176,1,1.0
190,3,2,8,80253822.46902902,1,1.0
190,3,3,10,101330853.42713255,1,1.0
190,4,0,2,65730832.39519597,1,1.0
190,4,1,3,68447101.99627173,1,1.0
190,4,2,8,62508009.66806421,1,1.0
190,4,3,11,73979188.01206872,1,1.0
190,5,0,2,90865547.23081069,1,1.0
190,5,1,3,60215442.68579158,1,1.0
190,5,2,8,98680220.16334082,1,1.0
190,5,3,10,76568556.60576189,1,1.0
190,6,0,2,61866852.71866314,1,1.0
190,6,1,3,77552925.04368787,1,1.0
190,6,2,8,101313284.3081951,1,1.0
190,6,3,10,78587740.45403257,1,1.0
190,7,0,2,68928657.44969822,1,1.0
190,7,1,3,60258194.61432114,1,1.0
190,7,2,6,53303071.803028435,1,1.0
190,7,3,11,79381902.10339427,1,1.0
190,8,0,2,57359917.581606366,1,1.0
190,8,1,3,67294863.81117046,1,1.0
190,8,2,8,66224513.22327048,1,1.0
190,8,3,11,63470195.50074694,1,1.0
190,9,0,2,70380254.91136698,1,1.0
190,9,1,3,54898391.27897798,1,1.0
190,9,2,8,67752966.3686445,1,1.0
190,9,3,11,68374709.77029584,1,1.0
190,10,0,2,77976018.54836082,1,1.0
190,10,1,3,65661431.4530213,1,1.0
190,10,2,8,68768118.83566475,1,1.0
190,10,3,11,66284602.87113071,1,1.0
190,11,0,2,80709724.37947164,1,1.0
190,11,1,3,65131636.245862685,1,1.0
190,11,2,7,63934345.84805798,1,1.0
190,11,3,10,65232390.19227945,1,1.0
190,12,0,0,55522758.790533505,1,1.0
190,12,1,3,89844098.33168143,1,1.0
190,12,2,6,59902859.36829171,1,1.0
190,12,3,10,68726566.07376704,1,1.0
190,13,0,2,69002713.27856344,1,1.0
190,13,1,3,82186898.64972794,1,1.0
190,13,2,8,63370998.802563615,1,1.0
190,13,3,10,85009666.5211699,1,1.0
190,14,0,2,67517667.94374804,1,1.0
190,14,1,3,68886578.93188457,1,1.0
190,14,2,8,75928474.64138319,1,1.0
190,14,3,10,75000886.26589297,1,1.0
190,15,0,2,84325808.91165805,1,1.0
190,15,1,3,94070562.28460278,1,1.0
190,15,2,8,78493251.54655877,1,1.0
190,15,3,10,71390272.62841408,1,1.0
190,16,0,2,80606244.38519086,1,1.0
190,16,1,3,70015358.004341,1,1.0
190,16,2,6,54659539.712627456,1,1.0
190,16,3,10,75773974.92569871,1,1.0
190,17,0,1,58773514.878409006,1,1.0
190,17,1,4,69328098.75389397,1,1.0
190,17,2,8,62332246.972929396,1,1.0
190,17,3,11,64602861.16934169,1,1.0
190,18,0,2,64128853.89186588,1,1.0
190,18,1,4,60964015.249591894,1,1.0
190,18,2,6,56816236.03827577,1,1.0
190,18,3,10,74418180.89062776,1,1.0
190,19,0,2,51742946.40683568,1,1.0
190,19,1,3,91986488.81927006,1,1.0
190,19,2,7,81537349.85655367,1,1.0
190,19,3,10,83742180.90173094,1,1.0
190,20,0,2,68965866.83382289,1,1.0
190,20,1,3,62363861.41503383,1,1.0
190,20,2,8,73351456.29817718,1,1.0
190,20,3,11,67624441.3769144,1,1.0
190,21,0,2,76173395.44831651,1,1.0
190,21,1,3,67576233.78088357,1,1.0
190,21,2,8,63591126.755529925,1,1.0
190,21,3,10,67237164.85767063,1,1.0
190,22,0,2,59518709.65871418,1,1.0
190,22,1,3,76874762.31633994,1,1.0
190,22,2,8,78490857.19254674,1,1.0
190,22,3,10,89303899.72684753,1,1.0
190,23,0,2,72690549.19743685,1,1.0
190,23,1,3,99103988.41982746,1,1.0
190,23,2,8,60790229.41159358,1,1.0
190,23,3,10,85120659.46874863,1,1.0
191,0,0,2,68839024.06962936,1,1.0
191,0,1,3,69321884.4905973,1,1.0
191,0,2,8,61806612.32769566,1,1.0
191,0,3,10,83125974.85086381,1,1.0
191,1,0,1,58488637.07628472,1,1.0
191,1,1,4,71007137.699055,1,1.0
191,1,2,7,58186623.48331627,1,1.0
191,1,3,11,75666804.72553816,1,1.0
191,2,0,2,60245195.05480714,1,1.0
191,2,1,3,70750142.5126578,1,1.0
191,2,2,7,64007803.38292179,1,1.0
191,2,3,10,66858867.00693562,1,1.0
191,3,0,2,67126090.4056349,1,1.0
191,3,1,3,62853875.7018571,1,1.0
191,3,2,7,73266700.49999914,1,1.0
191,3,3,10,80522546.39764854,1,1.0
191,4,0,2,63799928.9415832,1,1.0
191,4,1,3,94749510.39604665,1,1.0
191,4,2,6,61868272.760158546,1,1.0
191,4,3,10,82187350.97244196,1,1.0
191,5,0,2,70932246.18759623,1,1.0
191,5,1,3,77850777.64913161,1,1.0
191,5,2,8,66638913.28551535,1,1.0
191,5,3,10,107684017.19748479,1,1.0
191,6,0,2,74836826.74338655,1,1.0
191,6,1,3,83830951.76363131,1,1.0
191,6,2,8,83345735.29411131,1,1.0
191,6,3,10,91618010.61895213,1,1.0
191,7,0,2,61208417.230611935,1,1.0
191,7,1,4,63709325.51184491,1,1.0
191,7,2,6,55110824.9919584,1,1.0
191,7,3,11,76893795.42676754,1,1.0
191,8,0,2,72170918.51315524,1,1.0
191,8,1,3,65603622.86506504,1,1.0
191,8,2,8,59948840.247220285,1,1.0
191,8,3,10,92787522.5828411,1,1.0
191,9,0,0,63389183.45299424,1,1.0
191,9,1,3,66482098.34510067,1,1.0
191,9,2,8,66046788.17643118,1,1.0
191,9,3,10,67055703.350817464,1,1.0
191,10,0,0,63772937.48526546,1,1.0
191,10,1,3,74279949.17936754,1,1.0
191,10,2,8,64036081.191840254,1,1.0
191,10,3,10,65893450.37568499,1,1.0
191,11,0,2,78850591.9202929,1,1.0
191,11,1,4,95964339.2505797,1,1.0
191,11,2,8,61190771.44291212,1,1.0
191,11,3,10,86730519.36217964,1,1.0
191,12,0,2,81418591.05809017,1,1.0
191,12,1,3,62580773.54999509,1,1.0
191,12,2,8,67122263.70548171,1,1.0
191,12,3,10,63860995.98969123,1,1.0
191,13,0,2,82822914.6418752,1,1.0
191,13,1,3,75641327.09597883,1,1.0
191,13,2,7,77063240.21183443,1,1.0
191,13,3,10,78021709.4090791,1,1.0
191,14,0,2,56846158.99942703,1,1.0
191,14,1,3,68168342.37865864,1,1.0
191,14,2,8,70272871.09529294,1,1.0
191,14,3,11,63147211.24926173,1,1.0
191,15,0,2,79907251.19954745,1,1.0
191,15,1,3,73298057.53649306,1,1.0
191,15,2,8,67920433.15935035,1,1.0
191,15,3,10,69029117.76128095,1,1.0
191,16,0,2,83106440.06118646,1,1.0
191,16,1,3,62620013.869498596,1,1.0
191,16,2,8,62372075.04063711,1,1.0
191,16,3,10,84690690.64820556,1,1.0
191,17,0,2,97059460.28591894,1,1.0
191,17,1,3,88370523.12863055,1,1.0
191,17,2,8,68858372.72306599,1,1.0
191,17,3,10,72499713.03515586,1,1.0
191,18,0,2,55689922.0880331,1,1.0
191,18,1,4,64201692.916294314,1,1.0
191,18,2,8,76453033.23399399,1,1.0
191,18,3,10,99672939.69017991,1,1.0
191,19,0,2,75372607.67180479,1,1.0
191,19,1,3,62497889.80338155,1,1.0
191,19,2,8,66127257.53516618,1,1.0
191,19,3,10,80422252.53376247,1,1.0
191,20,0,2,81119349.38027877,1,1.0
191,20,1,3,60975044.71459352,1,1.0
191,20,2,6,63258187.36111067,1,1.0
191,20,3,10,90719842.33404419,1,1.0
191,21,0,2,77615576.04300044,1,1.0
191,21,1,3,75627642.62469463,1,1.0
191,21,2,8,58306680.872639455,1,1.0
191,21,3,10,75138507.96498565,1,1.0
191,22,0,2,95097287.27704798,1,1.0
191,22,1,3,87716089.70562351,1,1.0
191,22,2,8,84178856.67864384,1,1.0
191,22,3,10,71785329.37631127,1,1.0
191,23,0,0,62205792.959796965,1,1.0
191,23,1,3,70415031.81542449,1,1.0
191,23,2,8,74467508.40559816,1,1.0
191,23,3,10,80885921.56023858,1,1.0
192,0,0,2,63214543.40073846,1,1.0
192,0,1,3,80733270.28831477,1,1.0
192,0,2,8,68085724.61545482,1,1.0
192,0,3,11,73072186.22582214,1,1.0
192,1,0,2,109544570.21469837,1,1.0
192,1,1,3,81740540.10208327,1,1.0
192,1,2,8,66992695.667342566,1,1.0
192,1,3,11,64993810.15269874,1,1.0
192,2,0,2,65773713.95752501,1,1.0
192,2,1,4,62222986.32442675,1,1.0
192,2,2,8,59853057.90755861,1,1.0
192,2,3,10,71733769.35228924,1,1.0
192,3,0,2,81409299.27552071,1,1.0
192,3,1,3,90858684.30107379,1,1.0
192,3,2,7,59146262.497748256,1,1.0
192,3,3,10,62416418.51163145,1,1.0
192,4,0,2,62707298.817831784,1,1.0
192,4,1,4,71266161.29744278,1,1.0
192,4,2,8,65146283.01814304,1,1.0
192,4,3,10,68411785.64406002,1,1.0
192,5,0,0,56732392.288820796,1,1.0
192,5,1,3,81815428.96960323,1,1.0
192,5,2,8,63096985.77959551,1,1.0
192,5,3,10,83352702.61035977,1,1.0
192,6,0,2,77580507.69052999,1,1.0
192,6,1,4,76164932.72763911,1,1.0
192,6,2,8,82934322.74436744,1,1.0
192,6,3,10,87545524.15585631,1,1.0
192,7,0,2,86016896.3647481,1,1.0
192,7,1,3,85844863.25774151,1,1.0
192,7,2,8,58725755.907578215,1,1.0
192,7,3,10,71630064.14503522,1,1.0
192,8,0,0,59671050.34810911,1,1.0
192,8,1,3,67451379.82779415,1,1.0
192,8,2,8,72576765.91921538,1,1.0
192,8,3,10,75197238.95223907,1,1.0
192,9,0,2,88786067.02557534,1,1.0
192,9,1,4,73580710.03821848,1,1.0
192,9,2,8,83873697.4928148,1,1.0
192,9,3,10,70044106.27276818,1,1.0
192,10,0,2,65561988.09847005,1,1.0
192,10,1,3,62523008.69791861,1,1.0
192,10,2,8,64685895.72792208,1,1.0
192,10,3,10,69785686.35050206,1,1.0
192,11,0,2,69036095.98718877,1,1.0
192,11,1,3,80638142.65988447,1,1.0
192,11,2,6,59861859.87589625,1,1.0
192,11,3,10,68069613.83762726,1,1.0
192,12,0,2,62058026.56679841,1,1.0
192,12,1,3,75968969.97097708,1,1.0
192,12,2,8,58988212.920321666,1,1.0
192,12,3,10,85535744.39329562,1,1.0
192,13,0,2,76506073.95701031,1,1.0
192,13,1,4,71731116.33118519,1,1.0
192,13,2,6,60968816.97420096,1,1.0
192,13,3,10,63481646.5803543,1,1.0
192,14,0,2,94242746.5779468,1,1.0
192,14,1,4,75785131.98668723,1,1.0
192,14,2,8,71025974.24015109,1,1.0
192,14,3,11,73555848.84273042,1,1.0
192,15,0,2,84723647.48937286,1,1.0
192,15,1,3,86132593.70030743,1,1.0
192,15,2,7,55813024.27999382,1,1.0
192,15,3,11,69937322.63045555,1,1.0
192,16,0,2,60316124.87366401,1,1.0
192,16,1,3,80555604.43925838,1,1.0
192,16,2,6,60035399.71078323,1,1.0
192,16,3,11,89411208.40973489,1,1.0
192,17,0,2,79564897.22722957,1,1.0
192,17,1,3,79918341.04613015,1,1.0
192,17,2,6,67215336.30190252,1,1.0
192,17,3,10,83663083.16869281,1,1.0
192,18,0,2,70502192.66233599,1,1.0
192,18,1,3,96636141.98184094,1,1.0
192,18,2,8,85382048.27515973,1,1.0
192,18,3,10,80475334.71817462,1,1.0
192,19,0,2,91506420.40978104,1,1.0
192,19,1,4,63606526.2713837,1,1.0
192,19,2,8,61433634.77847526,1,1.0
192,19,3,10,102620217.42655244,1,1.0
192,20,0,1,71628293.36055785,1,1.0
192,20,1,3,62714367.89822483,1,1.0
192,20,2,8,64229313.67046386,1,1.0
192,20,3,11,72754876.08077374,1,1.0
192,21,0,2,65011360.34773744,1,1.0
192,21,1,3,66890394.30712163,1,1.0
192,21,2,8,77956446.68202022,1,1.0
192,21,3,10,74298162.74955708,1,1.0
192,22,0,2,62027101.974404514,1,1.0
192,22,1,4,63766911.761644036,1,1.0
192,22,2,6,57953453.8999954,1,1.0
192,22,3,10,65876152.0431918,1,1.0
192,23,0,2,77245699.69313145,1,1.0
192,23,1,3,108147475.76898573,1,1.0
192,23,2,8,64236617.71492227,1,1.0
192,23,3,10,88895889.95033847,1,1.0
193,0,0,0,61345117.06351963,1,1.0
193,0,1,4,64659220.04517962,1,1.0
193,0,2,7,62439989.55831503,1,1.0
193,0,3,10,96559625.21246302,1,1.0
193,1,0,2,77851175.11210151,1,1.0
193,1,1,3,72765256.84202203,1,1.0
193,1,2,8,67657810.11898687,1,1.0
193,1,3,10,75938166.6624532,1,1.0
193,2,0,2,62680809.97078607,1,1.0
193,2,1,3,76177318.43309128,1,1.0
193,2,2,8,79064394.37364599,1,1.0
193,2,3,10,70161530.57313241,1,1.0
193,3,0,2,59143451.696690336,1,1.0
193,3,1,3,65281254.65352205,1,1.0
193,3,2,8,59272721.451598115,1,1.0
193,3,3,10,70714225.84222682,1,1.0
193,4,0,2,75772621.08901109,1,1.0
193,4,1,3,89138417.67328115,1,1.0
193,4,2,8,72099314.58990215,1,1.0
193,4,3,10,64761034.38638564,1,1.0
193,5,0,2,66456456.044174045,1,1.0
193,5,1,3,61994979.62607091,1,1.0
193,5,2,7,61956759.356568575,1,1.0
193,5,3,10,83305212.85708813,1,1.0
193,6,0,2,71355321.36588277,1,1.0
193,6,1,4,64202190.0171459,1,1.0
193,6,2,8,65506132.4434843,1,1.0
193,6,3,11,56794166.25713207,1,1.0
193,7,0,2,72918710.24064,1,1.0
193,7,1,3,68083089.4618361,1,1.0
193,7,2,8,66997230.2222467,1,1.0
193,7,3,11,76667149.50378065,1,1.0
193,8,0,0,52097145.01305482,1,1.0
193,8,1,3,76859261.95516399,1,1.0
193,8,2,8,57493245.82533182,1,1.0
193,8,3,10,94481898.81659377,1,1.0
193,9,0,2,64693185.36770093,1,1.0
193,9,1,3,71871221.38846542,1,1.0
193,9,2,8,70329285.65486768,1,1.0
193,9,3,10,98436128.0960304,1,1.0
193,10,0,2,72668182.53176627,1,1.0
193,10,1,3,72227048.9870555,1,1.0
193,10,2,7,66911961.39768186,1,1.0
193,10,3,11,68577402.16236612,1,1.0
193,11,0,2,103853148.07253243,1,1.0
193,11,1,3,61363221.835865475,1,1.0
193,11,2,7,68748467.8216256,1,1.0
193,11,3,11,72653399.6424168,1,1.0
193,12,0,2,75792696.60888453,1,1.0
193,12,1,3,83546346.48680589,1,1.0
193,12,2,8,64570665.46052005,1,1.0
193,12,3,10,76161879.97687462,1,1.0
193,13,0,2,76199338.09547848,1,1.0
193,13,1,3,64322351.00228928,1,1.0
193,13,2,8,61555329.322498016,1,1.0
193,13,3,10,71466395.91770178,1,1.0
193,14,0,2,73070117.48789532,1,1.0
193,14,1,3,79545013.69754769,1,1.0
193,14,2,8,63205205.22213872,1,1.0
193,14,3,11,77253474.35681213,1,1.0
193,15,0,2,82082997.15011516,1,1.0
193,15,1,4,69315822.85892424,1,1.0
193,15,2,8,64196185.630570106,1,1.0
193,15,3,11,66505675.07440441,1,1.0
193,16,0,2,64691168.186982565,1,1.0
193,16,1,4,59942992.44987442,1,1.0
193,16,2,7,52751264.732866846,1,1.0
193,16,3,10,81718711.24235165,1,1.0
193,17,0,2,80407536.55698898,1,1.0
193,17,1,4,78984571.92307977,1,1.0
193,17,2,8,62454366.68138319,1,1.0
193,17,3,10,74188151.5422867,1,1.0
193,18,0,0,64291752.38872291,1,1.0
193,18,1,4,58942125.45301652,1,1.0
193,18,2,8,59909384.79221982,1,1.0
193,18,3,10,74576931.17778815,1,1.0
193,19,0,2,64683631.04381041,1,1.0
193,19,1,3,68931330.95031483,1,1.0
193,19,2,7,56919113.917462975,1,1.0
193,19,3,10,87104266.17229703,1,1.0
193,20,0,0,63548444.693941385,1,1.0
193,20,1,3,65809176.46865402,1,1.0
193,20,2,7,62081120.76587324,1,1.0
193,20,3,11,63476467.22505722,1,1.0
193,21,0,2,107561463.57535386,1,1.0
193,21,1,3,70330641.27648775,1,1.0
193,21,2,8,69301126.86561686,1,1.0
193,21,3,10,70977661.31534097,1,1.0
193,22,0,2,62436378.61998953,1,1.0
193,22,1,4,88352356.28761053,1,1.0
193,22,2,8,62164732.82671309,1,1.0
193,22,3,11,68942079.78384867,1,1.0
193,23,0,0,55907737.36391063,1,1.0
193,23,1,3,75572419.49377212,1,1.0
193,23,2,6,65555928.52378803,1,1.0
193,23,3,10,72595821.8646502,1,1.0
194,0,0,2,71193455.93750297,1,1.0
194,0,1,3,83744082.93770368,1,1.0
194,0,2,6,53714126.71762473,1,1.0
194,0,3,10,85660537.7502858,1,1.0
194,1,0,2,67099139.10254652,1,1.0
194,1,1,3,83388166.39721222,1,1.0
194,1,2,7,56294008.9714237,1,1.0
194,1,3,10,85878329.28512558,1,1.0
194,2,0,2,81855891.80563891,1,1.0
194,2,1,3,73371680.31608553,1,1.0
194,2,2,7,58301235.89712604,1,1.0
194,2,3,10,80198942.60090517,1,1.0
194,3,0,2,88842178.31185359,1,1.0
194,3,1,4,74999751.0580205,1,1.0
194,3,2,8,66689357.9449577,1,1.0
194,3,3,10,85981898.90663955,1,1.0
194,4,0,2,71338455.71970059,1,1.0
194,4,1,3,62472129.6290816,1,1.0
194,4,2,8,67538009.42113967,1,1.0
194,4,3,10,90853699.43483186,1,1.0
194,5,0,2,73832930.81035098,1,1.0
194,5,1,3,81534534.90269892,1,1.0
194,5,2,8,80380840.3216116,1,1.0
194,5,3,10,90840794.07559016,1,1.0
194,6,0,2,83882026.79304212,1,1.0
194,6,1,3,69821844.85811011,1,1.0
194,6,2,8,64224491.99872139,1,1.0
194,6,3,10,80200458.71014284,1,1.0
194,7,0,2,74633255.16620883,1,1.0
194,7,1,3,65725999.1637359,1,1.0
194,7,2,8,62332064.967405766,1,1.0
194,7,3,10,93966698.14034481,1,1.0
194,8,0,2,87923099.96376546,1,1.0
194,8,1,3,65028775.95107457,1,1.0
194,8,2,8,60710862.22404055,1,1.0
194,8,3,10,97086325.97322848,1,1.0
194,9,0,2,80273361.81970395,1,1.0
194,9,1,3,97516965.15045911,1,1.0
194,9,2,8,68445007.01807903,1,1.0
194,9,3,10,67088959.82219197,1,1.0
194,10,0,1,58661948.30576607,1,1.0
194,10,1,3,75199115.8249116,1,1.0
194,10,2,8,79009622.51769935,1,1.0
194,10,3,10,87714919.07343753,1,1.0
194,11,0,2,72591790.30699746,1,1.0
194,11,1,3,85250755.53451836,1,1.0
194,11,2,8,69264176.65542874,1,1.0
194,11,3,10,74133718.42964241,1,1.0
194,12,0,2,72847351.73924625,1,1.0
194,12,1,4,68816033.60050656,1,1.0
194,12,2,7,62076558.44932756,1,1.0
194,12,3,10,77834585.12128142,1,1.0
194,13,0,2,73935469.35945717,1,1.0
194,13,1,3,75152456.58583412,1,1.0
194,13,2,6,59022113.195583634,1,1.0
194,13,3,10,80191980.37055482,1,1.0
194,14,0,2,71559496.09580931,1,1.0
194,14,1,3,83866254.1573896,1,1.0
194,14,2,8,52734429.38703761,1,1.0
194,14,3,10,88388125.21062508,1,1.0
194,15,0,2,64802298.80915615,1,1.0
194,15,1,3,104162274.18119088,1,1.0
194,15,2,8,60441903.742782064,1,1.0
194,15,3,11,102360494.82599786,1,1.0
194,16,0,2,59327464.26636563,1,1.0
194,16,1,3,56883528.26145273,1,1.0
194,16,2,8,62825430.93021151,1,1.0
194,16,3,11,67217523.25633438,1,1.0
194,17,0,2,72329404.65368666,1,1.0
194,17,1,4,64469839.04272649,1,1.0
194,17,2,8,61388106.604269475,1,1.0
194,17,3,10,75588034.13593344,1,1.0
194,18,0,2,64204936.58176736,1,1.0
194,18,1,4,64905941.3630931,1,1.0
194,18,2,6,77014844.5526362,1,1.0
194,18,3,11,71800590.28748901,1,1.0
194,19,0,2,83053075.22388506,1,1.0
194,19,1,3,70437405.07975066,1,1.0
194,19,2,8,66097848.067935675,1,1.0
194,19,3,10,81094167.8151231,1,1.0
194,20,0,2,66039118.892196625,1,1.0
194,20,1,3,94293313.70905837,1,1.0
194,20,2,8,64535742.46597991,1,1.0
194,20,3,10,78650380.69503973,1,1.0
194,21,0,2,58070437.66656314,1,1.0
194,21,1,3,72685913.12697145,1,1.0
194,21,2,8,105223534.8291791,1,1.0
194,21,3,10,82121256.22906426,1,1.0
194,22,0,2,94838493.93376233,1,1.0
194,22,1,3,72632722.12259465,1,1.0
194,22,2,8,79921330.43134363,1,1.0
194,22,3,10,66084488.57219405,1,1.0
194,23,0,1,71949387.20803566,1,1.0
194,23,1,3,61497145.2033994,1,1.0
194,23,2,8,72578582.13795926,1,1.0
194,23,3,10,69077799.9896663,1,1.0
195,0,0,2,73356104.70845932,1,1.0
195,0,1,4,72473983.0907124,1,1.0
195,0,2,7,58247882.45819818,1,1.0
195,0,3,10,76901530.31372176,1,1.0
195,1,0,0,60670216.94229477,1,1.0
195,1,1,3,56567033.04978931,1,1.0
195,1,2,6,60426993.8641112,1,1.0
195,1,3,10,93455653.1116771,1,1.0
195,2,0,0,67881224.06159326,1,1.0
195,2,1,3,65771673.369823,1,1.0
195,2,2,8,72453661.31398685,1,1.0
195,2,3,10,85191505.95447779,1,1.0
195,3,0,2,78988636.70007406,1,1.0
195,3,1,3,71738166.3767576,1,1.0
195,3,2,7,56032016.95899527,1,1.0
195,3,3,10,84226493.29976428,1,1.0
195,4,0,2,56625699.463722505,1,1.0
195,4,1,3,80761847.64205892,1,1.0
195,4,2,8,71432289.9112124,1,1.0
195,4,3,11,97263418.10719891,1,1.0
195,5,0,2,66121779.52653695,1,1.0
195,5,1,3,76856876.70097665,1,1.0
195,5,2,8,73418616.24611758,1,1.0
195,5,3,10,97969198.94660595,1,1.0
195,6,0,2,80806088.73864195,1,1.0
195,6,1,3,98075866.71395694,1,1.0
195,6,2,8,65666781.59910817,1,1.0
195,6,3,10,66662207.090304896,1,1.0
195,7,0,2,78085428.16570747,1,1.0
195,7,1,3,86585942.15624721,1,1.0
195,7,2,8,78650827.76880512,1,1.0
195,7,3,10,74668057.49107589,1,1.0
195,8,0,0,54539089.23830707,1,1.0
195,8,1,3,64204852.7712266,1,1.0
195,8,2,8,74791592.28090687,1,1.0
195,8,3,11,67246414.4947978,1,1.0
195,9,0,2,72228148.26608346,1,1.0
195,9,1,3,73852770.75671059,1,1.0
195,9,2,8,56755400.62322611,1,1.0
195,9,3,10,68326868.75933403,1,1.0
195,10,0,2,69661920.06397533,1,1.0
195,10,1,3,83055166.1015646,1,1.0
195,10,2,8,57046802.411851875,1,1.0
195,10,3,10,105921259.19045997,1,1.0
195,11,0,2,100010902.99301358,1,1.0
195,11,1,3,61300764.455620825,1,1.0
195,11,2,8,70739958.55441728,1,1.0
195,11,3,10,78731560.04198179,1,1.0
195,12,0,2,59050822.871145375,1,1.0
195,12,1,3,78040006.81137343,1,1.0
195,12,2,8,71499051.14436784,1,1.0
195,12,3,10,96929676.25774339,1,1.0
195,13,0,2,93140040.62513146,1,1.0
195,13,1,4,64467533.3262245,1,1.0
195,13,2,8,73414839.15686594,1,1.0
195,13,3,10,81990519.79413411,1,1.0
195,14,0,0,60442234.98979155,1,1.0
195,14,1,3,86924347.76878047,1,1.0
195,14,2,6,62568490.99278113,1,1.0
195,14,3,10,66691465.76412395,1,1.0
195,15,0,2,94238867.26889506,1,1.0
195,15,1,4,73214017.37069258,1,1.0
195,15,2,6,62504723.695141196,1,1.0
195,15,3,11,70168546.91161798,1,1.0
195,16,0,2,74059879.23285317,1,1.0
195,16,1,3,79084670.64769475,1,1.0
195,16,2,8,57618256.55558754,1,1.0
195,16,3,10,71833699.45168789,1,1.0
195,17,0,2,81082775.18515015,1,1.0
195,17,1,4,84757124.32743335,1,1.0
195,17,2,8,63726203.54525799,1,1.0
195,17,3,10,119010583.39599033,1,1.0
195,18,0,2,69029360.93372226,1,1.0
195,18,1,3,75828413.7403108,1,1.0
195,18,2,7,69440505.90645021,1,1.0
195,18,3,10,69766616.31602693,1,1.0
195,19,0,2,81601849.69351643,1,1.0
195,19,1,3,83769801.80316773,1,1.0
195,19,2,7,62991233.81773987,1,1.0
195,19,3,10,77498664.42580579,1,1.0
195,20,0,2,69824313.70405331,1,1.0
195,20,1,3,81873653.70647761,1,1.0
195,20,2,8,60791690.138723075,1,1.0
195,20,3,10,83583490.32493164,1,1.0
195,21,0,2,57301005.24777412,1,1.0
195,21,1,3,80945474.49248174,1,1.0
195,21,2,7,68504369.25302294,1,1.0
195,21,3,10,83540339.02606751,1,1.0
195,22,0,2,79447502.66970047,1,1.0
195,22,1,4,63937659.42121352,1,1.0
195,22,2,7,69616670.07136919,1,1.0
195,22,3,10,65861362.160516545,1,1.0
195,23,0,2,87347966.3325657,1,1.0
195,23,1,3,62626363.75915615,1,1.0
195,23,2,8,58278942.87276083,1,1.0
195,23,3,10,88408203.14686826,1,1.0
196,0,0,2,59060632.00037082,1,1.0
196,0,1,3,95088221.93737178,1,1.0
196,0,2,8,65381413.1749168,1,1.0
196,0,3,10,85312424.37660639,1,1.0
196,1,0,2,83523507.4824831,1,1.0
196,1,1,3,77349291.8864807,1,1.0
196,1,2,8,65335562.03426661,1,1.0
196,1,3,10,87809157.93399264,1,1.0
196,2,0,2,72423539.7433102,1,1.0
196,2,1,4,63853039.89580995,1,1.0
196,2,2,8,96339576.2124987,1,1.0
196,2,3,11,70367341.61635451,1,1.0
196,3,0,2,71962415.36901174,1,1.0
196,3,1,4,81330757.57039493,1,1.0
196,3,2,8,60586158.058181114,1,1.0
196,3,3,10,84064394.5496204,1,1.0
196,4,0,2,85801598.87765025,1,1.0
196,4,1,3,76078340.52051914,1,1.0
196,4,2,6,58565506.289794475,1,1.0
196,4,3,10,96597220.46669877,1,1.0
196,5,0,1,66158209.32211968,1,1.0
196,5,1,3,86870535.90201087,1,1.0
196,5,2,8,75269774.70346756,1,1.0
196,5,3,10,121659590.7234659,1,1.0
196,6,0,0,87336997.51494329,1,1.0
196,6,1,4,65903588.84387715,1,1.0
196,6,2,6,62467956.25928852,1,1.0
196,6,3,10,72298537.29574363,1,1.0
196,7,0,2,69045749.57652798,1,1.0
196,7,1,3,60089544.842229694,1,1.0
196,7,2,6,59989335.11246154,1,1.0
196,7,3,10,69010853.9552211,1,1.0
196,8,0,2,88182464.2007608,1,1.0
196,8,1,3,70552387.28249365,1,1.0
196,8,2,8,73250820.9259121,1,1.0
196,8,3,11,71117038.56572399,1,1.0
196,9,0,2,68274955.70008005,1,1.0
196,9,1,3,70882515.22250126,1,1.0
196,9,2,6,66957159.55342463,1,1.0
196,9,3,10,77898999.1512582,1,1.0
196,10,0,2,64792222.56001571,1,1.0
196,10,1,3,90997625.21878982,1,1.0
196,10,2,8,60988910.08831864,1,1.0
196,10,3,11,66358762.29184839,1,1.0
196,11,0,2,87780564.16414961,1,1.0
196,11,1,3,86640947.38321316,1,1.0
196,11,2,8,62022839.63670099,1,1.0
196,11,3,10,90275037.35248762,1,1.0
196,12,0,2,53244259.994526714,1,1.0
196,12,1,5,61032029.26250586,1,1.0
196,12,2,8,65500631.837654606,1,1.0
196,12,3,10,85773894.88101953,1,1.0
196,13,0,2,61707689.0609001,1,1.0
196,13,1,3,88675937.28054973,1,1.0
196,13,2,8,69103175.95090331,1,1.0
196,13,3,11,68146950.38541347,1,1.0
196,14,0,0,62793862.20034505,1,1.0
196,14,1,3,74882651.13467701,1,1.0
196,14,2,8,65438515.81927393,1,1.0
196,14,3,10,78870327.13522546,1,1.0
196,15,0,0,63152437.90916281,1,1.0
196,15,1,3,89375208.48268707,1,1.0
196,15,2,8,65001738.90648889,1,1.0
196,15,3,10,75315640.829845,1,1.0
196,16,0,2,79693196.31077085,1,1.0
196,16,1,4,84969407.39687629,1,1.0
196,16,2,6,73397675.5539188,1,1.0
196,16,3,10,75327595.46357986,1,1.0
196,17,0,1,55264569.612380244,1,1.0
196,17,1,4,63130168.763128504,1,1.0
196,17,2,7,65649504.352003165,1,1.0
196,17,3,10,84186216.92990243,1,1.0
196,18,0,2,65525497.16423319,1,1.0
196,18,1,3,67139040.7829645,1,1.0
196,18,2,8,89476369.35804185,1,1.0
196,18,3,11,72414320.68064338,1,1.0
196,19,0,2,102220147.13274717,1,1.0
196,19,1,3,73144478.27990907,1,1.0
196,19,2,8,58116809.606629424,1,1.0
196,19,3,10,84325708.8990385,1,1.0
196,20,0,2,73021070.753782,1,1.0
196,20,1,3,94244549.2281426,1,1.0
196,20,2,6,56267990.11561207,1,1.0
196,20,3,10,70250203.46326956,1,1.0
196,21,0,1,57916662.91191703,1,1.0
196,21,1,3,68941571.59048408,1,1.0
196,21,2,8,73016897.01378547,1,1.0
196,21,3,11,69925891.93536898,1,1.0
196,22,0,2,62631415.78253593,1,1.0
196,22,1,4,83877759.28051181,1,1.0
196,22,2,7,58108391.95945115,1,1.0
196,22,3,11,66603743.075228155,1,1.0
196,23,0,2,66845740.90971396,1,1.0
196,23,1,3,57366752.72501386,1,1.0
196,23,2,8,73099411.38919891,1,1.0
196,23,3,10,77003760.44284962,1,1.0
197,0,0,2,95480530.87357771,1,1.0
197,0,1,3,84739517.65211149,1,1.0
197,0,2,8,57020406.192842774,1,1.0
197,0,3,10,86265589.06687357,1,1.0
197,1,0,2,102514625.09378399,1,1.0
197,1,1,4,68933540.13732429,1,1.0
197,1,2,8,77122429.36863112,1,1.0
197,1,3,10,84752592.01483056,1,1.0
197,2,0,2,85414451.6812056,1,1.0
197,2,1,3,69198607.37115112,1,1.0
197,2,2,8,62000081.367606215,1,1.0
197,2,3,10,70844511.07229337,1,1.0
197,3,0,2,71466526.89629163,1,1.0
197,3,1,3,65270824.61290331,1,1.0
197,3,2,7,61937811.01069565,1,1.0
197,3,3,10,75682161.67575659,1,1.0
197,4,0,2,77463416.20557712,1,1.0
197,4,1,3,73615027.19389738,1,1.0
197,4,2,7,80007215.65727328,1,1.0
197,4,3,10,100221254.46440503,1,1.0
197,5,0,2,81374924.92952044,1,1.0
197,5,1,3,74822417.453854,1,1.0
197,5,2,8,63726510.99301666,1,1.0
197,5,3,10,67622203.05032511,1,1.0
197,6,0,2,98790810.2107533,1,1.0
197,6,1,3,95577844.02817768,1,1.0
197,6,2,6,70300089.54820874,1,1.0
197,6,3,10,82893742.63169557,1,1.0
197,7,0,2,61713553.399761885,1,1.0
197,7,1,4,82872009.79178868,1,1.0
197,7,2,7,69443860.9249608,1,1.0
197,7,3,10,82747832.25311866,1,1.0
197,8,0,2,105226608.12103179,1,1.0
197,8,1,3,70527485.05117193,1,1.0
197,8,2,8,70351945.26900555,1,1.0
197,8,3,10,69591859.25855772,1,1.0
197,9,0,0,62009974.01754426,1,1.0
197,9,1,3,97044698.69819516,1,1.0
197,9,2,8,60180595.72502698,1,1.0
197,9,3,10,68447284.44070587,1,1.0
197,10,0,1,84649217.31870857,1,1.0
197,10,1,3,83586806.80577767,1,1.0
197,10,2,8,75928439.86974363,1,1.0
197,10,3,10,68815820.55145381,1,1.0
197,11,0,2,68894238.17953458,1,1.0
197,11,1,3,65043766.78980263,1,1.0
197,11,2,8,66931379.63279629,1,1.0
197,11,3,11,65739398.265297234,1,1.0
197,12,0,2,86853211.47805686,1,1.0
197,12,1,3,82707350.62486641,1,1.0
197,12,2,7,67930665.11245547,1,1.0
197,12,3,11,66619115.1450425,1,1.0
197,13,0,2,58746166.309059374,1,1.0
197,13,1,4,64350206.01688084,1,1.0
197,13,2,8,74407414.96970433,1,1.0
197,13,3,10,74919290.86321148,1,1.0
197,14,0,2,91039460.88112752,1,1.0
197,14,1,3,79360140.44886917,1,1.0
197,14,2,7,60446273.124289066,1,1.0
197,14,3,11,85790878.06133336,1,1.0
197,15,0,2,91402670.53854331,1,1.0
197,15,1,3,76236814.20895587,1,1.0
197,15,2,8,69144531.0270449,1,1.0
197,15,3,11,66820921.35558596,1,1.0
197,16,0,2,63558096.97036764,1,1.0
197,16,1,3,56738982.33765913,1,1.0
197,16,2,8,61830986.35951067,1,1.0
197,16,3,10,70890321.16932252,1,1.0
197,17,0,2,71403018.7289874,1,1.0
197,17,1,3,78613637.8772379,1,1.0
197,17,2,8,65839130.68985072,1,1.0
197,17,3,10,81669951.04764831,1,1.0
197,18,0,2,60999551.76518659,1,1.0
197,18,1,4,74018182.06764834,1,1.0
197,18,2,8,56090988.9310968,1,1.0
197,18,3,10,72897312.82660882,1,1.0
197,19,0,2,73775309.95091864,1,1.0
197,19,1,4,63183573.077762984,1,1.0
197,19,2,6,67059422.17325278,1,1.0
197,19,3,11,66737882.242590114,1,1.0
197,20,0,2,94893536.82052746,1,1.0
197,20,1,3,83929746.05106387,1,1.0
197,20,2,6,72075287.72672719,1,1.0
197,20,3,10,91908084.23186354,1,1.0
197,21,0,2,67338810.60372455,1,1.0
197,21,1,4,62608953.13561927,1,1.0
197,21,2,8,84863299.48093584,1,1.0
197,21,3,10,92030092.47334622,1,1.0
197,22,0,2,76903419.34418222,1,1.0
197,22,1,3,72819569.18890613,1,1.0
197,22,2,8,62239977.33519284,1,1.0
197,22,3,10,91691405.65151691,1,1.0
197,23,0,2,76717471.48343538,1,1.0
197,23,1,3,78778474.5711401,1,1.0
197,23,2,6,62587752.43378736,1,1.0
197,23,3,11,66697209.201454565,1,1.0
198,0,0,0,63382831.73426715,1,1.0
198,0,1,3,83752504.94939598,1,1.0
198,0,2,6,59944901.01444935,1,1.0
198,0,3,11,72835878.0445154,1,1.0
198,1,0,2,70033989.72813329,1,1.0
198,1,1,3,100716946.14870271,1,1.0
198,1,2,8,64730758.95185302,1,1.0
198,1,3,10,69473193.87579796,1,1.0
198,2,0,2,72323576.86414126,1,1.0
198,2,1,3,77112590.25668207,1,1.0
198,2,2,8,68025888.55465634,1,1.0
198,2,3,10,66192283.36722843,1,1.0
198,3,0,0,66160899.471179895,1,1.0
198,3,1,3,82921745.41376202,1,1.0
198,3,2,6,60321686.05465925,1,1.0
198,3,3,10,100289843.86634244,1,1.0
198,4,0,2,85947469.96951547,1,1.0
198,4,1,4,71567569.0721344,1,1.0
198,4,2,6,57029906.47795157,1,1.0
198,4,3,10,78807084.5236119,1,1.0
198,5,0,1,57552694.83627598,1,1.0
198,5,1,3,58241553.21149439,1,1.0
198,5,2,7,67996729.17426467,1,1.0
198,5,3,10,101749118.13984235,1,1.0
198,6,0,2,76068660.084006,1,1.0
198,6,1,3,65993243.04708116,1,1.0
198,6,2,7,54057993.8602535,1,1.0
198,6,3,10,72752563.61786692,1,1.0
198,7,0,1,67038453.118411034,1,1.0
198,7,1,3,87539241.51350649,1,1.0
198,7,2,6,66043625.8269165,1,1.0
198,7,3,11,72611275.06074043,1,1.0
198,8,0,2,79631838.59614919,1,1.0
198,8,1,3,82365787.20817389,1,1.0
198,8,2,8,63562707.68310754,1,1.0
198,8,3,10,94797196.88193333,1,1.0
198,9,0,2,91139654.07922444,1,1.0
198,9,1,4,67778496.34178026,1,1.0
198,9,2,7,69464857.18998751,1,1.0
198,9,3,10,84199139.95815757,1,1.0
198,10,0,2,95186191.48074181,1,1.0
198,10,1,3,64280949.4822267,1,1.0
198,10,2,8,75591530.69600834,1,1.0
198,10,3,10,61381181.21736968,1,1.0
198,11,0,2,91911879.13787338,1,1.0
198,11,1,3,66170585.09354369,1,1.0
198,11,2,7,79129159.61834657,1,1.0
198,11,3,10,84656745.44936644,1,1.0
198,12,0,2,70402702.6767962,1,1.0
198,12,1,3,85954070.4101651,1,1.0
198,12,2,7,66443279.43771589,1,1.0
198,12,3,11,81465185.83640918,1,1.0
198,13,0,2,104004269.48797305,1,1.0
198,13,1,4,67797926.42477739,1,1.0
198,13,2,8,63341552.409298055,1,1.0
198,13,3,10,88011243.4517047,1,1.0
198,14,0,2,70351219.73847952,1,1.0
198,14,1,3,85305849.40112713,1,1.0
198,14,2,8,68758667.56698152,1,1.0
198,14,3,10,75540058.93143813,1,1.0
198,15,0,2,66831300.881631464,1,1.0
198,15,1,3,65672330.78920005,1,1.0
198,15,2,6,66514537.58690144,1,1.0
198,15,3,10,92030889.45107184,1,1.0
198,16,0,2,85368080.92139965,1,1.0
198,16,1,3,63226384.6856086,1,1.0
198,16,2,8,64966647.12977853,1,1.0
198,16,3,11,67742471.50218831,1,1.0
198,17,0,2,72847582.74658893,1,1.0
198,17,1,3,72558433.35004322,1,1.0
198,17,2,8,58898245.36581412,1,1.0
198,17,3,10,79922031.3668023,1,1.0
198,18,0,2,58339806.174974754,1,1.0
198,18,1,3,86551297.00849956,1,1.0
198,18,2,7,57100575.901677825,1,1.0
198,18,3,11,78127299.60991831,1,1.0
198,19,0,2,72979833.69821315,1,1.0
198,19,1,4,67438284.72392093,1,1.0
198,19,2,8,71604745.21632007,1,1.0
198,19,3,10,106280029.78804702,1,1.0
198,20,0,2,70581110.98272483,1,1.0
198,20,1,3,63780529.4667535,1,1.0
198,20,2,8,66071620.49057939,1,1.0
198,20,3,10,77778780.10211878,1,1.0
198,21,0,0,66728399.78487854,1,1.0
198,21,1,4,66651589.054088205,1,1.0
198,21,2,8,61111260.731831945,1,1.0
198,21,3,10,89729141.87028475,1,1.0
198,22,0,2,70868963.51032323,1,1.0
198,22,1,3,72439265.53066283,1,1.0
198,22,2,7,65281744.69755139,1,1.0
198,22,3,10,78904417.423619,1,1.0
198,23,0,0,57404796.66377134,1,1.0
198,23,1,4,63313256.780782305,1,1.0
198,23,2,8,80372988.03843436,1,1.0
198,23,3,10,74239436.97788751,1,1.0
199,0,0,2,63432890.78730259,1,1.0
199,0,1,4,61881103.47642738,1,1.0
199,0,2,7,66627902.863652274,1,1.0
199,0,3,11,87697482.49223989,1,1.0
199,1,0,0,74217141.59280261,1,1.0
199,1,1,3,83491294.9335083,1,1.0
199,1,2,8,58654498.43972411,1,1.0
199,1,3,10,92369657.1328645,1,1.0
199,2,0,2,80389474.0712672,1,1.0
199,2,1,4,73772248.4250837,1,1.0
199,2,2,7,65358500.75723385,1,1.0
199,2,3,10,93132036.86364523,1,1.0
199,3,0,0,59551258.94349356,1,1.0
199,3,1,4,61839834.77093258,1,1.0
199,3,2,8,77608704.12860271,1,1.0
199,3,3,10,84869639.98359019,1,1.0
199,4,0,2,76584632.99276413,1,1.0
199,4,1,3,73451643.4223246,1,1.0
199,4,2,8,82796343.24682909,1,1.0
199,4,3,11,67413280.55890505,1,1.0
199,5,0,2,78742131.80849278,1,1.0
199,5,1,3,77592698.57254301,1,1.0
199,5,2,6,67165725.83737177,1,1.0
199,5,3,11,88813506.05296296,1,1.0
199,6,0,2,66194777.97661724,1,1.0
199,6,1,3,77936377.68225491,1,1.0
199,6,2,7,62171405.47584949,1,1.0
199,6,3,11,67702640.74968153,1,1.0
199,7,0,2,69426074.15118861,1,1.0
199,7,1,3,92042377.63299508,1,1.0
199,7,2,8,76323436.73006795,1,1.0
199,7,3,11,66127038.10198382,1,1.0
199,8,0,0,66447408.34435813,1,1.0
199,8,1,3,71099163.38015786,1,1.0
199,8,2,6,59664759.87825673,1,1.0
199,8,3,10,88900276.67653331,1,1.0
199,9,0,2,70904546.7124714,1,1.0
199,9,1,3,75737035.95483078,1,1.0
199,9,2,6,60289198.993857026,1,1.0
199,9,3,10,86984201.73879649,1,1.0
199,10,0,2,76722370.33781548,1,1.0
199,10,1,3,65232677.985573694,1,1.0
199,10,2,8,80184056.96408105,1,1.0
199,10,3,11,74217416.09285522,1,1.0
199,11,0,2,68947317.9379064,1,1.0
199,11,1,3,74839611.23913567,1,1.0
199,11,2,8,63524619.09942067,1,1.0
199,11,3,10,59324444.46675657,1,1.0
199,12,0,2,60023674.76961644,1,1.0
199,12,1,4,72501598.74597329,1,1.0
199,12,2,6,69982846.79686552,1,1.0
199,12,3,10,80766209.73158115,1,1.0
199,13,0,0,65587177.9772284,1,1.0
199,13,1,3,68942955.53707296,1,1.0
199,13,2,8,62807339.57651818,1,1.0
199,13,3,10,87905209.36786689,1,1.0
199,14,0,2,93638631.41312645,1,1.0
199,14,1,3,67005602.69410587,1,1.0
199,14,2,7,64056786.863695085,1,1.0
199,14,3,10,73727092.44029589,1,1.0
199,15,0,2,68905349.94141613,1,1.0
199,15,1,3,79670322.25713122,1,1.0
199,15,2,8,59916689.51550918,1,1.0
199,15,3,10,77124816.9076275,1,1.0
199,16,0,2,57489132.774425104,1,1.0
199,16,1,4,64726911.534290455,1,1.0
199,16,2,7,58380418.431648746,1,1.0
199,16,3,11,63217673.237212025,1,1.0
199,17,0,1,72389784.14351109,1,1.0
199,17,1,3,70728838.34052187,1,1.0
199,17,2,8,56734165.11861306,1,1.0
199,17,3,11,95042003.06941527,1,1.0
199,18,0,2,74552794.80886976,1,1.0
199,18,1,4,75362671.11422555,1,1.0
199,18,2,8,73156590.52946575,1,1.0
199,18,3,10,83625977.17133136,1,1.0
199,19,0,2,76387597.6517105,1,1.0
199,19,1,3,80248736.77322023,1,1.0
199,19,2,8,56946959.53374621,1,1.0
199,19,3,10,74890064.34336877,1,1.0
199,20,0,2,78744608.27062464,1,1.0
199,20,1,3,89369424.45476672,1,1.0
199,20,2,7,67740513.11645295,1,1.0
199,20,3,10,73436931.49207121,1,1.0
199,21,0,2,66708705.786319345,1,1.0
199,21,1,3,70505383.23585972,1,1.0
199,21,2,8,61217124.41724949,1,1.0
199,21,3,11,78660933.4528453,1,1.0
199,22,0,2,67828233.4716633,1,1.0
199,22,1,3,80092615.8316349,1,1.0
199,22,2,7,61100286.28184813,1,1.0
199,22,3,10,79037895.80760434,1,1.0
199,23,0,2,73659114.28825428,1,1.0
199,23,1,3,72608145.25773719,1,1.0
199,23,2,8,64874954.27165604,1,1.0
199,23,3,10,92240812.3132977,1,1.0
200,0,0,1,54462814.12678826,1,1.0
200,0,1,3,65461315.08709853,1,1.0
200,0,2,8,78175138.443374,1,1.0
200,0,3,10,83299373.42423794,1,1.0
200,1,0,2,60458026.97357039,1,1.0
200,1,1,4,67916460.06679231,1,1.0
200,1,2,8,66376187.267260246,1,1.0
200,1,3,10,93555612.33217217,1,1.0
200,2,0,2,108508557.95471354,1,1.0
200,2,1,4,69758560.1193963,1,1.0
200,2,2,8,80939176.71870919,1,1.0
200,2,3,11,69104640.34546159,1,1.0
200,3,0,2,61726088.21278043,1,1.0
200,3,1,4,94150667.75743456,1,1.0
200,3,2,7,58530960.618790984,1,1.0
200,3,3,10,85559723.55098116,1,1.0
200,4,0,2,60237492.54262031,1,1.0
200,4,1,4,78465764.40960462,1,1.0
200,4,2,7,67981293.95931257,1,1.0
200,4,3,11,87013146.54954937,1,1.0
200,5,0,2,66847147.303789385,1,1.0
200,5,1,4,62734605.07333718,1,1.0
200,5,2,8,71692629.34374797,1,1.0
200,5,3,11,67874729.87577283,1,1.0
200,6,0,2,86726667.04738249,1,1.0
200,6,1,4,73041912.25789098,1,1.0
200,6,2,8,83741895.27784249,1,1.0
200,6,3,10,99343893.99212903,1,1.0
200,7,0,2,107133267.70416026,1,1.0
200,7,1,3,61875719.39762689,1,1.0
200,7,2,7,59166107.350873396,1,1.0
200,7,3,10,96145558.91076922,1,1.0
200,8,0,2,64540007.11297278,1,1.0
200,8,1,3,71162628.57249002,1,1.0
200,8,2,8,79360706.8748772,1,1.0
200,8,3,10,98743818.91079064,1,1.0
200,9,0,2,62781256.380561836,1,1.0
200,9,1,4,79210384.28138149,1,1.0
200,9,2,8,80663832.304833,1,1.0
200,9,3,10,68448359.15536189,1,1.0
200,10,0,2,71010085.46117827,1,1.0
200,10,1,3,62570191.28078236,1,1.0
200,10,2,8,56813473.66633993,1,1.0
200,10,3,10,73699974.85260399,1,1.0
200,11,0,1,63918989.185124725,1,1.0
200,11,1,3,75126105.80506158,1,1.0
200,11,2,8,69075232.20820557,1,1.0
200,11,3,10,71269959.83234711,1,1.0
200,12,0,2,76488868.34283128,1,1.0
200,12,1,3,90062382.76180935,1,1.0
200,12,2,8,82243274.23997681,1,1.0
200,12,3,11,75567044.51110074,1,1.0
200,13,0,2,96733981.98858483,1,1.0
200,13,1,3,68870169.27517377,1,1.0
200,13,2,7,60693254.57370766,1,1.0
200,13,3,10,97102632.36027667,1,1.0
200,14,0,2,60514657.56241494,1,1.0
200,14,1,4,79457024.56779405,1,1.0
200,14,2,8,61134939.676011585,1,1.0
200,14,3,10,84056591.61068964,1,1.0
200,15,0,2,82798951.01154108,1,1.0
200,15,1,3,74498818.88744937,1,1.0
200,15,2,8,86139385.89186741,1,1.0
200,15,3,10,97377313.5054145,1,1.0
200,16,0,2,84271917.64147992,1,1.0
200,16,1,4,54073091.44888348,1,1.0
200,16,2,8,64368425.6099239,1,1.0
200,16,3,10,82428850.66031651,1,1.0
200,17,0,2,91682865.31218736,1,1.0
200,17,1,4,57862674.13383037,1,1.0
200,17,2,8,73535675.93323474,1,1.0
200,17,3,10,83756282.38628864,1,1.0
200,18,0,2,68154594.45359135,1,1.0
200,18,1,4,70068418.5415621,1,1.0
200,18,2,8,68258766.29005088,1,1.0
200,18,3,10,80419973.91547869,1,1.0
200,19,0,2,72631197.97298083,1,1.0
200,19,1,3,81163226.8023113,1,1.0
200,19,2,6,60214487.95221891,1,1.0
200,19,3,10,78920090.23743467,1,1.0
200,20,0,2,79425011.12668213,1,1.0
200,20,1,3,70248383.27206734,1,1.0
200,20,2,8,64968782.01188583,1,1.0
200,20,3,10,71873460.24949645,1,1.0
200,21,0,2,55389575.0093709,1,1.0
200,21,1,3,93009887.48659144,1,1.0
200,21,2,6,64427548.695564575,1,1.0
200,21,3,10,70099737.39482152,1,1.0
200,22,0,2,99207325.81923996,1,1.0
200,22,1,3,80836784.97766356,1,1.0
200,22,2,8,64704403.58729175,1,1.0
200,22,3,10,86825382.03213573,1,1.0
200,23,0,2,96346358.05036195,1,1.0
200,23,1,3,78008963.05233283,1,1.0
200,23,2,8,74950699.90272863,1,1.0
200,23,3,10,74538108.86718139,1,1.0
201,0,0,1,63263741.077553846,1,1.0
201,0,1,3,112694654.57664794,1,1.0
201,0,2,7,62445845.418506354,1,1.0
201,0,3,11,69103628.82765746,1,1.0
201,1,0,2,64333892.15878513,1,1.0
201,1,1,4,77882782.8197861,1,1.0
201,1,2,7,72994131.9214018,1,1.0
201,1,3,11,68738407.14760713,1,1.0
201,2,0,0,85850465.3620807,1,1.0
201,2,1,3,66700543.60766386,1,1.0
201,2,2,8,70291004.9964455,1,1.0
201,2,3,11,66509739.6422491,1,1.0
201,3,0,2,83072709.22776161,1,1.0
201,3,1,3,83316768.03567435,1,1.0
201,3,2,8,58181587.605259515,1,1.0
201,3,3,10,88255976.24545448,1,1.0
201,4,0,2,65676583.64495352,1,1.0
201,4,1,3,75310853.14559174,1,1.0
201,4,2,8,74555819.47788386,1,1.0
201,4,3,10,108580270.53633249,1,1.0
201,5,0,1,66965477.10201634,1,1.0
201,5,1,3,66024865.122025356,1,1.0
201,5,2,7,59758651.265719004,1,1.0
201,5,3,10,106268791.98757185,1,1.0
201,6,0,1,60762468.71001931,1,1.0
201,6,1,3,65122723.96102209,1,1.0
201,6,2,7,73186036.34748799,1,1.0
201,6,3,11,77542525.01164038,1,1.0
201,7,0,2,69329914.23632786,1,1.0
201,7,1,4,64203155.49321068,1,1.0
201,7,2,7,56841860.11253281,1,1.0
201,7,3,11,77127434.10094827,1,1.0
201,8,0,2,71813792.25986563,1,1.0
201,8,1,3,83092185.38809407,1,1.0
201,8,2,6,52888674.45588556,1,1.0
201,8,3,10,81546494.80513908,1,1.0
201,9,0,0,67324977.12398255,1,1.0
201,9,1,3,75031362.40958934,1,1.0
201,9,2,8,62178823.48261581,1,1.0
201,9,3,10,93186435.5781523,1,1.0
201,10,0,2,103527163.81602557,1,1.0
201,10,1,3,81792504.58230339,1,1.0
201,10,2,7,53246704.48301694,1,1.0
201,10,3,10,79272103.07531908,1,1.0
201,11,0,2,71853455.25231443,1,1.0
201,11,1,4,85929554.54960711,1,1.0
201,11,2,7,56489836.85926074,1,1.0
201,11,3,10,88925761.52352248,1,1.0
201,12,0,2,59574672.35357044,1,1.0
201,12,1,4,62548403.08376778,1,1.0
201,12,2,7,64143740.54487253,1,1.0
201,12,3,11,61850885.1897497,1,1.0
201,13,0,2,79152326.96373816,1,1.0
201,13,1,3,75380394.23886411,1,1.0
201,13,2,8,86693829.3082583,1,1.0
201,13,3,10,89107731.61336492,1,1.0
201,14,0,2,88806040.80763705,1,1.0
201,14,1,3,75822412.83843023,1,1.0
201,14,2,8,61690102.79935894,1,1.0
201,14,3,10,73402023.28829788,1,1.0
201,15,0,2,67844899.2218731,1,1.0
201,15,1,3,73273225.95183645,1,1.0
201,15,2,8,72173681.55080226,1,1.0
201,15,3,10,80238006.81126922,1,1.0
201,16,0,2,55441162.82814313,1,1.0
201,16,1,4,70131935.55470254,1,1.0
201,16,2,8,60819117.83716739,1,1.0
201,16,3,11,69050677.56826212,1,1.0
201,17,0,1,62621002.798281685,1,1.0
201,17,1,3,75069164.51312362,1,1.0
201,17,2,6,62110592.443509035,1,1.0
201,17,3,11,73991296.85878658,1,1.0
201,18,0,2,79393796.90358473,1,1.0
201,18,1,3,78968987.78820221,1,1.0
201,18,2,8,77796764.3647491,1,1.0
201,18,3,10,90940225.39403477,1,1.0
201,19,0,2,91746078.81033428,1,1.0
201,19,1,3,71682689.48025037,1,1.0
201,19,2,8,65777360.937825926,1,1.0
201,19,3,10,93953278.17092107,1,1.0
201,20,0,2,104953354.55296889,1,1.0
201,20,1,4,67456684.76174341,1,1.0
201,20,2,8,72450982.77105452,1,1.0
201,20,3,10,97572174.86232314,1,1.0
201,21,0,2,63653771.648721986,1,1.0
201,21,1,3,67765974.69170596,1,1.0
201,21,2,8,78980015.85531236,1,1.0
201,21,3,10,103688565.85642758,1,1.0
201,22,0,2,76627647.2864773,1,1.0
201,22,1,3,79567763.78695585,1,1.0
201,22,2,6,58573066.29580747,1,1.0
201,22,3,10,83569998.37012145,1,1.0
201,23,0,0,71840996.3563941,1,1.0
201,23,1,3,95829843.76018427,1,1.0
201,23,2,8,63160862.553030804,1,1.0
201,23,3,10,109655311.35770527,1,1.0
202,0,0,2,64040980.518389836,1,1.0
202,0,1,3,60065881.38882858,1,1.0
202,0,2,7,66186600.787082374,1,1.0
202,0,3,10,85661351.18821862,1,1.0
202,1,0,2,77569606.56251247,1,1.0
202,1,1,3,80843142.90309699,1,1.0
202,1,2,7,79407799.88960867,1,1.0
202,1,3,10,81205866.12757276,1,1.0
202,2,0,2,72303152.6039421,1,1.0
202,2,1,4,66831673.67822066,1,1.0
202,2,2,8,60388826.629265636,1,1.0
202,2,3,11,78362064.15791377,1,1.0
202,3,0,2,80244040.89686555,1,1.0
202,3,1,4,70082795.66738972,1,1.0
202,3,2,8,76639121.80506518,1,1.0
202,3,3,10,64276911.0128382,1,1.0
202,4,0,2,75687549.80997348,1,1.0
202,4,1,4,69083039.53083178,1,1.0
202,4,2,8,58164281.62841481,1,1.0
202,4,3,10,96421176.61096783,1,1.0
202,5,0,0,58758045.269517235,1,1.0
202,5,1,3,88518912.73476323,1,1.0
202,5,2,7,61359182.469181865,1,1.0
202,5,3,10,69534778.82171844,1,1.0
202,6,0,2,74170807.8857835,1,1.0
202,6,1,4,80256145.55728596,1,1.0
202,6,2,8,62695818.68138671,1,1.0
202,6,3,10,80160230.34085937,1,1.0
202,7,0,2,82984103.99070978,1,1.0
202,7,1,3,62848154.28907869,1,1.0
202,7,2,8,77236803.39147045,1,1.0
202,7,3,10,83191843.61496352,1,1.0
202,8,0,2,95892245.0605237,1,1.0
202,8,1,3,76877514.13796426,1,1.0
202,8,2,8,59663455.84982987,1,1.0
202,8,3,11,64566649.39457276,1,1.0
202,9,0,2,89507980.18303026,1,1.0
202,9,1,3,60787742.12252857,1,1.0
202,9,2,8,72539238.27563173,1,1.0
202,9,3,10,70450733.262701,1,1.0
202,10,0,2,86247295.22756182,1,1.0
202,10,1,4,83325581.62773211,1,1.0
202,10,2,8,81703699.24388969,1,1.0
202,10,3,10,63614592.50211889,1,1.0
202,11,0,2,80505739.32973179,1,1.0
202,11,1,3,87846821.34692514,1,1.0
202,11,2,8,63549007.70487645,1,1.0
202,11,3,10,75218958.95204699,1,1.0
202,12,0,2,83927189.19950634,1,1.0
202,12,1,3,69666334.08151047,1,1.0
202,12,2,7,58504169.90876917,1,1.0
202,12,3,10,96330140.80043721,1,1.0
202,13,0,0,57091632.33968988,1,1.0
202,13,1,4,67703392.20192681,1,1.0
202,13,2,8,63499313.61207104,1,1.0
202,13,3,11,66679592.43885189,1,1.0
202,14,0,1,57762190.92725726,1,1.0
202,14,1,3,77072606.29722913,1,1.0
202,14,2,6,54708176.87816096,1,1.0
202,14,3,10,74711994.74145782,1,1.0
202,15,0,2,84058389.42192698,1,1.0
202,15,1,3,78623088.80422324,1,1.0
202,15,2,7,71731368.01002987,1,1.0
202,15,3,10,63945347.233959794,1,1.0
202,16,0,2,72063949.23442023,1,1.0
202,16,1,3,106533339.02769479,1,1.0
202,16,2,8,57920132.30231705,1,1.0
202,16,3,10,69991764.36476147,1,1.0
202,17,0,2,83638419.29617961,1,1.0
202,17,1,3,64568228.59700551,1,1.0
202,17,2,7,68693850.10523345,1,1.0
202,17,3,11,129124503.3262307,1,1.0
202,18,0,2,76267834.3912172,1,1.0
202,18,1,3,98244587.76647937,1,1.0
202,18,2,8,83252356.54379983,1,1.0
202,18,3,11,66017101.0206643,1,1.0
202,19,0,2,86148032.78076498,1,1.0
202,19,1,3,91306381.3672684,1,1.0
202,19,2,8,68841939.69834864,1,1.0
202,19,3,10,91911811.44372381,1,1.0
202,20,0,2,106338215.53836723,1,1.0
202,20,1,3,83047368.0906326,1,1.0
202,20,2,7,79423196.00569513,1,1.0
202,20,3,10,73184017.33136038,1,1.0
202,21,0,2,80869328.59934784,1,1.0
202,21,1,3,67221071.36352065,1,1.0
202,21,2,7,71723410.61781254,1,1.0
202,21,3,10,80670707.97195658,1,1.0
202,22,0,2,97210408.34881517,1,1.0
202,22,1,3,74358204.30388115,1,1.0
202,22,2,8,66492809.81529137,1,1.0
202,22,3,10,67684876.90105362,1,1.0
202,23,0,2,92616486.12182656,1,1.0
202,23,1,3,74067819.66539697,1,1.0
202,23,2,8,77183429.69424246,1,1.0
202,23,3,10,82119820.25654304,1,1.0
203,0,0,2,88894509.09431788,1,1.0
203,0,1,4,61221323.79609927,1,1.0
203,0,2,8,66043488.95191315,1,1.0
203,0,3,11,75197350.57419357,1,1.0
203,1,0,2,78444583.14674471,1,1.0
203,1,1,4,57467211.19103964,1,1.0
203,1,2,8,61268129.27755933,1,1.0
203,1,3,10,104008000.73708887,1,1.0
203,2,0,2,73385310.61465693,1,1.0
203,2,1,3,68662545.17933328,1,1.0
203,2,2,8,102434812.69714062,1,1.0
203,2,3,10,87676934.67967732,1,1.0
203,3,0,2,67747085.2062916,1,1.0
203,3,1,3,72996530.96865442,1,1.0
203,3,2,7,67710233.36607589,1,1.0
203,3,3,10,73897783.41161324,1,1.0
203,4,0,2,77776984.00507018,1,1.0
203,4,1,3,75805880.64443563,1,1.0
203,4,2,8,68995836.52097374,1,1.0
203,4,3,10,93485760.82756169,1,1.0
203,5,0,0,58592494.92727321,1,1.0
203,5,1,3,86686729.50965887,1,1.0
203,5,2,8,59514305.530144334,1,1.0
203,5,3,10,99508898.74507813,1,1.0
203,6,0,0,68297553.26595029,1,1.0
203,6,1,4,54162358.8367594,1,1.0
203,6,2,6,64842474.68159647,1,1.0
203,6,3,10,99569428.50812206,1,1.0
203,7,0,0,65819644.391819976,1,1.0
203,7,1,4,74905371.9838683,1,1.0
203,7,2,6,60991442.021367215,1,1.0
203,7,3,11,75358037.53471823,1,1.0
203,8,0,2,81429040.01959947,1,1.0
203,8,1,3,65359315.54949378,1,1.0
203,8,2,8,59184060.63058267,1,1.0
203,8,3,10,73366506.01647054,1,1.0
203,9,0,0,58228788.08322319,1,1.0
203,9,1,3,71464212.94660762,1,1.0
203,9,2,8,62183535.00966405,1,1.0
203,9,3,11,67519535.28728776,1,1.0
203,10,0,2,91185896.08753946,1,1.0
203,10,1,4,80270006.91316503,1,1.0
203,10,2,8,57928948.99019686,1,1.0
203,10,3,11,72734437.59657316,1,1.0
203,11,0,2,72593823.44652732,1,1.0
203,11,1,3,63044145.24731571,1,1.0
203,11,2,8,60656393.2089397,1,1.0
203,11,3,10,62317758.13861033,1,1.0
203,12,0,2,80465086.96536268,1,1.0
203,12,1,3,64921470.39187655,1,1.0
203,12,2,7,67631548.22383374,1,1.0
203,12,3,11,67149532.32548606,1,1.0
203,13,0,2,82467533.75145616,1,1.0
203,13,1,3,106664578.59390627,1,1.0
203,13,2,8,67672271.33012491,1,1.0
203,13,3,11,77463625.33541335,1,1.0
203,14,0,2,95895374.60769069,1,1.0
203,14,1,3,66851271.32975668,1,1.0
203,14,2,8,62338216.00977665,1,1.0
203,14,3,10,79445912.88376829,1,1.0
203,15,0,2,60654339.09504508,1,1.0
203,15,1,3,70743802.75376771,1,1.0
203,15,2,8,79072316.58549714,1,1.0
203,15,3,10,81996268.93114915,1,1.0
203,16,0,2,75203443.93395215,1,1.0
203,16,1,3,69939794.39548624,1,1.0
203,16,2,8,60517616.151341826,1,1.0
203,16,3,10,70656280.32291274,1,1.0
203,17,0,2,63414446.74889544,1,1.0
203,17,1,3,88023558.49927904,1,1.0
203,17,2,7,64838640.55357346,1,1.0
203,17,3,10,81940776.8251413,1,1.0
203,18,0,2,101896855.94959961,1,1.0
203,18,1,4,66251192.241708964,1,1.0
203,18,2,7,59948901.38764455,1,1.0
203,18,3,10,87012002.23350543,1,1.0
203,19,0,2,71322625.04792291,1,1.0
203,19,1,3,66462899.16360117,1,1.0
203,19,2,6,56229427.91403395,1,1.0
203,19,3,10,73778590.55722925,1,1.0
203,20,0,2,92824679.4945927,1,1.0
203,20,1,3,60481128.20434457,1,1.0
203,20,2,7,64144608.27566037,1,1.0
203,20,3,10,74217458.68840578,1,1.0
203,21,0,2,73211905.08194059,1,1.0
203,21,1,4,69600566.64166038,1,1.0
203,21,2,8,61639059.26616682,1,1.0
203,21,3,10,68293313.84311432,1,1.0
203,22,0,2,68602867.28386961,1,1.0
203,22,1,3,85063508.43470283,1,1.0
203,22,2,8,83029578.12504971,1,1.0
203,22,3,10,74650756.35821122,1,1.0
203,23,0,2,74933461.78408577,1,1.0
203,23,1,3,65169295.340906754,1,1.0
203,23,2,8,67432361.45533006,1,1.0
203,23,3,10,94019179.95926455,1,1.0
204,0,0,2,88848903.78512198,1,1.0
204,0,1,3,87007649.96824723,1,1.0
204,0,2,6,58458772.4423924,1,1.0
204,0,3,10,68811536.2990357,1,1.0
204,1,0,2,58587696.5913634,1,1.0
204,1,1,4,65418366.742826715,1,1.0
204,1,2,8,79309885.14090107,1,1.0
204,1,3,10,89018321.54409473,1,1.0
204,2,0,2,74050596.26547173,1,1.0
204,2,1,4,71362783.88059263,1,1.0
204,2,2,8,73907676.02118269,1,1.0
204,2,3,10,91987873.6709755,1,1.0
204,3,0,2,76173841.51470697,1,1.0
204,3,1,3,71357657.71827841,1,1.0
204,3,2,8,78925444.96427491,1,1.0
204,3,3,11,69544521.58713013,1,1.0
204,4,0,2,95928201.95311145,1,1.0
204,4,1,4,70944896.12867966,1,1.0
204,4,2,8,82564096.09978439,1,1.0
204,4,3,10,91122302.3263975,1,1.0
204,5,0,2,80658705.4560878,1,1.0
204,5,1,3,62387514.1803279,1,1.0
204,5,2,6,63972168.73773492,1,1.0
204,5,3,10,82953369.59199439,1,1.0
204,6,0,2,72662755.44631672,1,1.0
204,6,1,3,76363310.06797804,1,1.0
204,6,2,7,63786133.34800398,1,1.0
204,6,3,10,73055721.03838974,1,1.0
204,7,0,2,71660234.76737963,1,1.0
204,7,1,4,64402910.16277839,1,1.0
204,7,2,8,63314931.65589974,1,1.0
204,7,3,10,81189642.3467086,1,1.0
204,8,0,2,76614480.40566406,1,1.0
204,8,1,3,68254764.32906204,1,1.0
204,8,2,7,67683338.73481676,1,1.0
204,8,3,10,101127564.46333307,1,1.0
204,9,0,2,87207696.40407628,1,1.0
204,9,1,3,67289304.10108595,1,1.0
204,9,2,7,83570177.28120373,1,1.0
204,9,3,10,67742518.49695644,1,1.0
204,10,0,2,73520364.24064063,1,1.0
204,10,1,3,67801399.5351043,1,1.0
204,10,2,7,57450909.954884864,1,1.0
204,10,3,10,91705469.26934832,1,1.0
204,11,0,2,75940897.21101475,1,1.0
204,11,1,3,72049154.88867396,1,1.0
204,11,2,8,64328865.89825841,1,1.0
204,11,3,10,67658247.24401957,1,1.0
204,12,0,2,78322576.72666776,1,1.0
204,12,1,3,89793749.32143262,1,1.0
204,12,2,7,72010293.44464871,1,1.0
204,12,3,10,81763869.53591968,1,1.0
204,13,0,0,58215810.60246202,1,1.0
204,13,1,4,67692854.44340883,1,1.0
204,13,2,8,71651481.47995132,1,1.0
204,13,3,10,76428921.05754192,1,1.0
204,14,0,2,72714461.76603791,1,1.0
204,14,1,3,79549016.90801096,1,1.0
204,14,2,6,71902846.6614138,1,1.0
204,14,3,10,75930872.29943116,1,1.0
204,15,0,2,60749856.87748934,1,1.0
204,15,1,4,86117639.77646203,1,1.0
204,15,2,8,78167205.68387276,1,1.0
204,15,3,10,103289511.03855541,1,1.0
204,16,0,0,60550910.26413731,1,1.0
204,16,1,3,92904321.2187627,1,1.0
204,16,2,7,57286783.97037969,1,1.0
204,16,3,10,84238945.60878146,1,1.0
204,17,0,1,53896519.1221802,1,1.0
204,17,1,3,82165641.46060099,1,1.0
204,17,2,6,52819871.92625787,1,1.0
204,17,3,10,96144803.13804054,1,1.0
204,18,0,2,64570971.79011651,1,1.0
204,18,1,5,66254939.14538168,1,1.0
204,18,2,7,84293878.40136443,1,1.0
204,18,3,10,63294108.37063753,1,1.0
204,19,0,2,95970226.65633737,1,1.0
204,19,1,3,74612063.58638635,1,1.0
204,19,2,8,68647468.84704968,1,1.0
204,19,3,10,80722325.03309149,1,1.0
204,20,0,2,68146740.9666605,1,1.0
204,20,1,3,72767627.3666147,1,1.0
204,20,2,8,68684642.7783518,1,1.0
204,20,3,10,70240784.43194818,1,1.0
204,21,0,2,72122444.91559938,1,1.0
204,21,1,3,79540333.17706755,1,1.0
204,21,2,8,102445974.71518928,1,1.0
204,21,3,10,84773006.61916906,1,1.0
204,22,0,0,65207599.61990222,1,1.0
204,22,1,3,84809795.09612665,1,1.0
204,22,2,8,77996652.26392455,1,1.0
204,22,3,11,78169215.69202109,1,1.0
204,23,0,2,57561271.253456436,1,1.0
204,23,1,4,70379445.52401467,1,1.0
204,23,2,8,84293918.47860602,1,1.0
204,23,3,10,105230655.94614796,1,1.0
205,0,0,2,57873341.55487492,1,1.0
205,0,1,3,67581639.23689888,1,1.0
205,0,2,8,67855889.88664615,1,1.0
205,0,3,10,72020631.54725246,1,1.0
205,1,0,0,60487955.08793374,1,1.0
205,1,1,3,92401906.7130145,1,1.0
205,1,2,8,65311832.49472802,1,1.0
205,1,3,10,91883061.97070287,1,1.0
205,2,0,2,73829519.3833889,1,1.0
205,2,1,3,74558737.57920673,1,1.0
205,2,2,8,81479006.4821932,1,1.0
205,2,3,10,79965385.09523061,1,1.0
205,3,0,2,72917819.03872968,1,1.0
205,3,1,3,95936171.25616239,1,1.0
205,3,2,7,61921900.00391609,1,1.0
205,3,3,10,81431602.85810933,1,1.0
205,4,0,2,75785412.73460178,1,1.0
205,4,1,3,73163362.33443476,1,1.0
205,4,2,8,60398887.680416785,1,1.0
205,4,3,10,98648428.54735304,1,1.0
205,5,0,2,83091537.72629185,1,1.0
205,5,1,4,76814464.99073648,1,1.0
205,5,2,8,77117793.55920763,1,1.0
205,5,3,10,99013802.38658725,1,1.0
205,6,0,2,83087011.64207096,1,1.0
205,6,1,3,85515814.52302337,1,1.0
205,6,2,8,57983910.25857298,1,1.0
205,6,3,10,68929926.04536915,1,1.0
205,7,0,2,85799156.39224021,1,1.0
205,7,1,3,69408368.2024223,1,1.0
205,7,2,7,76103605.91959426,1,1.0
205,7,3,10,97959342.03939463,1,1.0
205,8,0,2,77605658.66755214,1,1.0
205,8,1,4,62238930.64731822,1,1.0
205,8,2,7,55137242.10054749,1,1.0
205,8,3,10,79393678.81447683,1,1.0
205,9,0,0,60743782.54291748,1,1.0
205,9,1,3,85119907.67779322,1,1.0
205,9,2,8,63634081.91693346,1,1.0
205,9,3,11,75327515.11322257,1,1.0
205,10,0,2,83238827.02677266,1,1.0
205,10,1,3,61152775.4507249,1,1.0
205,10,2,8,100642484.9845153,1,1.0
205,10,3,11,72716199.13016379,1,1.0
205,11,0,0,64610455.90703892,1,1.0
205,11,1,3,86412462.8628536,1,1.0
205,11,2,6,70662333.45437431,1,1.0
205,11,3,10,86431808.08513485,1,1.0
205,12,0,2,94373976.91227712,1,1.0
205,12,1,3,77477419.2971038,1,1.0
205,12,2,6,70700394.35762781,1,1.0
205,12,3,11,69832883.48997332,1,1.0
205,13,0,2,71870673.21411662,1,1.0
205,13,1,3,67192178.0370743,1,1.0
205,13,2,7,59978433.23030044,1,1.0
205,13,3,11,64359531.32125348,1,1.0
205,14,0,0,57797690.28254331,1,1.0
205,14,1,4,66848211.070864305,1,1.0
205,14,2,7,77160194.89486237,1,1.0
205,14,3,11,79900867.50779957,1,1.0
205,15,0,2,85747244.60488294,1,1.0
205,15,1,3,85808532.21381709,1,1.0
205,15,2,8,74512489.31342511,1,1.0
205,15,3,10,81999985.3278872,1,1.0
205,16,0,2,84548020.07246925,1,1.0
205,16,1,3,104994962.74153443,1,1.0
205,16,2,8,70257422.13090947,1,1.0
205,16,3,10,85189642.19209449,1,1.0
205,17,0,0,58923210.28639924,1,1.0
205,17,1,3,79383398.30184461,1,1.0
205,17,2,6,68120220.3158198,1,1.0
205,17,3,10,90898666.47135891,1,1.0
205,18,0,2,63145934.32435827,1,1.0
205,18,1,3,65069182.476538084,1,1.0
205,18,2,8,73172084.40009446,1,1.0
205,18,3,10,77473774.2094612,1,1.0
205,19,0,2,78598583.23273058,1,1.0
205,19,1,3,77091837.3847961,1,1.0
205,19,2,8,73039355.09772208,1,1.0
205,19,3,10,73710285.43443945,1,1.0
205,20,0,2,70059376.75786069,1,1.0
205,20,1,3,100426237.20254478,1,1.0
205,20,2,8,79538161.30851337,1,1.0
205,20,3,10,106891595.99211173,1,1.0
205,21,0,2,89259294.62725629,1,1.0
205,21,1,3,67094640.15714895,1,1.0
205,21,2,8,83892936.68575849,1,1.0
205,21,3,11,71686714.66816539,1,1.0
205,22,0,0,54923820.80069244,1,1.0
205,22,1,3,97849202.64885713,1,1.0
205,22,2,7,57797608.393201,1,1.0
205,22,3,11,97858539.04991516,1,1.0
205,23,0,2,57398413.650419846,1,1.0
205,23,1,3,72389117.03644781,1,1.0
205,23,2,8,61053064.573622465,1,1.0
205,23,3,10,67198360.1635001,1,1.0
206,0,0,2,92856720.34151927,1,1.0
206,0,1,3,72947004.1979337,1,1.0
206,0,2,8,64307858.971569724,1,1.0
206,0,3,10,81863794.94561692,1,1.0
206,1,0,2,83498907.48632695,1,1.0
206,1,1,3,97598049.58644217,1,1.0
206,1,2,8,74933971.32911935,1,1.0
206,1,3,10,77744640.79782349,1,1.0
206,2,0,2,59695225.90168617,1,1.0
206,2,1,3,66671967.59752811,1,1.0
206,2,2,8,72774556.51296632,1,1.0
206,2,3,10,84578740.44380578,1,1.0
206,3,0,2,60930605.01237167,1,1.0
206,3,1,3,73925920.33329216,1,1.0
206,3,2,8,57780292.22897437,1,1.0
206,3,3,10,96160685.43809679,1,1.0
206,4,0,2,82763787.8926138,1,1.0
206,4,1,4,61207571.025106244,1,1.0
206,4,2,6,60399690.839506164,1,1.0
206,4,3,11,73854029.06253023,1,1.0
206,5,0,0,73426245.34639716,1,1.0
206,5,1,4,71723196.22063753,1,1.0
206,5,2,8,59376512.252591655,1,1.0
206,5,3,10,95225794.22232397,1,1.0
206,6,0,0,65830403.81089981,1,1.0
206,6,1,3,95715155.71106076,1,1.0
206,6,2,8,65139910.96983833,1,1.0
206,6,3,10,68549830.86515157,1,1.0
206,7,0,2,72413905.13764869,1,1.0
206,7,1,4,64688966.04754972,1,1.0
206,7,2,7,76227606.24489969,1,1.0
206,7,3,11,76783421.21212961,1,1.0
206,8,0,2,68308117.65268238,1,1.0
206,8,1,3,78588400.76091869,1,1.0
206,8,2,8,63005382.06778037,1,1.0
206,8,3,10,66927709.055424035,1,1.0
206,9,0,2,86512544.75974622,1,1.0
206,9,1,3,74980136.42565839,1,1.0
206,9,2,8,78036902.75661585,1,1.0
206,9,3,11,70098387.96460567,1,1.0
206,10,0,0,64839559.940389104,1,1.0
206,10,1,3,79930111.16821039,1,1.0
206,10,2,7,71004798.88482626,1,1.0
206,10,3,10,66142382.661998264,1,1.0
206,11,0,2,74213846.66933502,1,1.0
206,11,1,3,66621540.934902094,1,1.0
206,11,2,7,64012569.33059853,1,1.0
206,11,3,11,80365556.40919995,1,1.0
206,12,0,2,78607666.22740139,1,1.0
206,12,1,3,66924591.18309675,1,1.0
206,12,2,8,63044257.72665144,1,1.0
206,12,3,10,86481180.81886007,1,1.0
206,13,0,2,73123660.99505422,1,1.0
206,13,1,3,72219688.37988642,1,1.0
206,13,2,8,77259801.86417778,1,1.0
206,13,3,10,79935215.86242035,1,1.0
206,14,0,2,65824758.46738188,1,1.0
206,14,1,3,76123939.71035133,1,1.0
206,14,2,7,55020348.09013155,1,1.0
206,14,3,10,79238751.59223649,1,1.0
206,15,0,2,78571658.36532989,1,1.0
206,15,1,3,93828148.06719881,1,1.0
206,15,2,8,68075512.36695345,1,1.0
206,15,3,10,76335531.65139692,1,1.0
206,16,0,0,75533674.98500215,1,1.0
206,16,1,4,60209496.747244,1,1.0
206,16,2,6,63049668.81758716,1,1.0
206,16,3,11,60885534.75011505,1,1.0
206,17,0,2,60808908.29922855,1,1.0
206,17,1,3,92158883.89299354,1,1.0
206,17,2,8,58920660.75563029,1,1.0
206,17,3,11,67302202.92150854,1,1.0
206,18,0,2,106721599.63448131,1,1.0
206,18,1,3,82320438.92573318,1,1.0
206,18,2,7,66179459.65795863,1,1.0
206,18,3,10,68024213.26022469,1,1.0
206,19,0,2,75946285.23081546,1,1.0
206,19,1,4,68874703.7324504,1,1.0
206,19,2,7,62405869.62595069,1,1.0
206,19,3,11,74370719.56814289,1,1.0
206,20,0,2,71629040.61397721,1,1.0
206,20,1,3,84977507.8337522,1,1.0
206,20,2,8,55597481.667890884,1,1.0
206,20,3,10,80412670.57114497,1,1.0
206,21,0,2,90030375.47866142,1,1.0
206,21,1,4,65171539.87379329,1,1.0
206,21,2,8,78766670.54313743,1,1.0
206,21,3,10,78473721.91275486,1,1.0
206,22,0,2,73833812.79255322,1,1.0
206,22,1,3,103832461.34510586,1,1.0
206,22,2,6,66421013.89875173,1,1.0
206,22,3,11,74159789.1494099,1,1.0
206,23,0,2,87824895.94137813,1,1.0
206,23,1,3,65887280.541544,1,1.0
206,23,2,8,70742350.65698159,1,1.0
206,23,3,10,64128328.52157251,1,1.0
207,0,0,2,70666274.75337364,1,1.0
207,0,1,3,76943412.55621809,1,1.0
207,0,2,8,75332542.68124467,1,1.0
207,0,3,10,70518843.98544843,1,1.0
207,1,0,2,80487708.56145447,1,1.0
207,1,1,3,74575494.64502795,1,1.0
207,1,2,8,63621508.24765047,1,1.0
207,1,3,10,102053663.25873347,1,1.0
207,2,0,2,87505050.77884136,1,1.0
207,2,1,3,80689638.50343776,1,1.0
207,2,2,8,60103040.778906554,1,1.0
207,2,3,11,93103362.05133225,1,1.0
207,3,0,2,70954211.94173118,1,1.0
207,3,1,3,59512109.59214754,1,1.0
207,3,2,8,58568095.31243876,1,1.0
207,3,3,10,73450317.39315191,1,1.0
207,4,0,0,62834075.72795689,1,1.0
207,4,1,3,67690689.36464962,1,1.0
207,4,2,7,58313941.824045345,1,1.0
207,4,3,10,84076194.05333632,1,1.0
207,5,0,2,82211912.73226571,1,1.0
207,5,1,3,66304068.8052969,1,1.0
207,5,2,7,71691456.47798549,1,1.0
207,5,3,10,68299329.02206075,1,1.0
207,6,0,2,68707667.66946381,1,1.0
207,6,1,4,66532467.29996624,1,1.0
207,6,2,7,53002345.586414665,1,1.0
207,6,3,10,72331860.37179254,1,1.0
207,7,0,2,77949810.83654746,1,1.0
207,7,1,3,77148796.95689337,1,1.0
207,7,2,8,77268426.50705074,1,1.0
207,7,3,11,69294378.26393974,1,1.0
207,8,0,2,72677316.28256157,1,1.0
207,8,1,3,74682439.46155973,1,1.0
207,8,2,8,66066271.457858905,1,1.0
207,8,3,10,88555416.85151343,1,1.0
207,9,0,2,58998916.36688792,1,1.0
207,9,1,3,79415374.31945544,1,1.0
207,9,2,8,72185378.41268271,1,1.0
207,9,3,10,76636248.71036586,1,1.0
207,10,0,2,64016772.796151645,1,1.0
207,10,1,3,87394763.66218169,1,1.0
207,10,2,8,79916193.54547064,1,1.0
207,10,3,10,66386287.700632095,1,1.0
207,11,0,2,64927984.09022925,1,1.0
207,11,1,3,76222646.29241763,1,1.0
207,11,2,8,98021814.36419912,1,1.0
207,11,3,10,61706494.39766421,1,1.0
207,12,0,2,98675367.32128787,1,1.0
207,12,1,3,67207016.93931144,1,1.0
207,12,2,8,63244120.30395504,1,1.0
207,12,3,10,72149454.47110763,1,1.0
207,13,0,1,56217490.4314625,1,1.0
207,13,1,3,68381404.28265312,1,1.0
207,13,2,6,62897964.48325307,1,1.0
207,13,3,10,73667375.55678795,1,1.0
207,14,0,2,82189246.32900359,1,1.0
207,14,1,3,70980609.51869328,1,1.0
207,14,2,7,76140563.82005787,1,1.0
207,14,3,10,87386574.6974792,1,1.0
207,15,0,2,67563332.35568261,1,1.0
207,15,1,4,84946748.30813633,1,1.0
207,15,2,6,59300469.5924044,1,1.0
207,15,3,10,105942908.81034006,1,1.0
207,16,0,2,83800032.48025702,1,1.0
207,16,1,3,64352429.15074704,1,1.0
207,16,2,8,57165860.846067056,1,1.0
207,16,3,10,78165165.5039177,1,1.0
207,17,0,2,81209143.46002522,1,1.0
207,17,1,3,67686224.36681837,1,1.0
207,17,2,8,84561726.40964717,1,1.0
207,17,3,11,67114285.9702238,1,1.0
207,18,0,2,64329403.15175034,1,1.0
207,18,1,3,85372282.55727808,1,1.0
207,18,2,8,57046490.22629489,1,1.0
207,18,3,11,76486845.56713264,1,1.0
207,19,0,2,66178153.19521711,1,1.0
207,19,1,3,74808704.5935765,1,1.0
207,19,2,8,80406530.53685482,1,1.0
207,19,3,10,65052398.39509009,1,1.0
207,20,0,1,54627521.54554368,1,1.0
207,20,1,3,67603267.86271207,1,1.0
207,20,2,8,82723946.15330671,1,1.0
207,20,3,10,87396325.6032891,1,1.0
207,21,0,2,78775559.91998336,1,1.0
207,21,1,3,59224410.17822702,1,1.0
207,21,2,6,54809007.79047835,1,1.0
207,21,3,11,70974472.6102033,1,1.0
207,22,0,2,74701962.57906169,1,1.0
207,22,1,4,68679827.33792996,1,1.0
207,22,2,7,64392351.71414406,1,1.0
207,22,3,10,87899598.06531997,1,1.0
207,23,0,2,66808395.86914251,1,1.0
207,23,1,3,86957610.72785458,1,1.0
207,23,2,8,70104876.99796543,1,1.0
207,23,3,10,85522343.1770086,1,1.0
208,0,0,2,86864451.69468088,1,1.0
208,0,1,4,66058749.40709852,1,1.0
208,0,2,6,64310500.72099521,1,1.0
208,0,3,10,69757445.49535358,1,1.0
208,1,0,2,77574756.65078925,1,1.0
208,1,1,3,83390746.14810872,1,1.0
208,1,2,8,53812513.02550019,1,1.0
208,1,3,10,80603873.37306654,1,1.0
208,2,0,2,76767933.74904352,1,1.0
208,2,1,3,83833261.89812586,1,1.0
208,2,2,8,56368277.301022805,1,1.0
208,2,3,11,80347579.33670509,1,1.0
208,3,0,2,74896248.69691496,1,1.0
208,3,1,4,64231815.91980401,1,1.0
208,3,2,7,60240414.17718702,1,1.0
208,3,3,10,83235878.85370623,1,1.0
208,4,0,1,72597735.47177786,1,1.0
208,4,1,3,72861383.41790757,1,1.0
208,4,2,8,74578534.47677581,1,1.0
208,4,3,10,83936398.39754361,1,1.0
208,5,0,2,62601079.63123388,1,1.0
208,5,1,4,63796228.7121814,1,1.0
208,5,2,8,63625013.77678242,1,1.0
208,5,3,11,69870418.94406207,1,1.0
208,6,0,2,86102828.9923678,1,1.0
208,6,1,3,101757133.90886039,1,1.0
208,6,2,8,79767796.52368993,1,1.0
208,6,3,10,76681747.99121985,1,1.0
208,7,0,2,72338454.02199948,1,1.0
208,7,1,4,66961278.50715242,1,1.0
208,7,2,8,99539150.33652109,1,1.0
208,7,3,10,67258336.44776417,1,1.0
208,8,0,2,70359042.68106309,1,1.0
208,8,1,4,83102338.47866625,1,1.0
208,8,2,6,67562508.86360715,1,1.0
208,8,3,10,74725842.74575546,1,1.0
208,9,0,2,74049805.76486945,1,1.0
208,9,1,3,57211576.59715576,1,1.0
208,9,2,8,60290651.88163493,1,1.0
208,9,3,10,114054357.19951805,1,1.0
208,10,0,2,84557872.95440081,1,1.0
208,10,1,3,63561906.14612262,1,1.0
208,10,2,8,62656596.58998151,1,1.0
208,10,3,10,63204819.224958315,1,1.0
208,11,0,2,66533798.11232649,1,1.0
208,11,1,3,61399439.527650036,1,1.0
208,11,2,8,58588212.076482095,1,1.0
208,11,3,10,80569617.27126041,1,1.0
208,12,0,2,71780597.15670817,1,1.0
208,12,1,3,63300291.79504224,1,1.0
208,12,2,8,63840921.99553632,1,1.0
208,12,3,10,89873104.20305169,1,1.0
208,13,0,0,53220546.660448276,1,1.0
208,13,1,4,60691366.938484676,1,1.0
208,13,2,8,77659279.90149638,1,1.0
208,13,3,10,78635018.08782257,1,1.0
208,14,0,2,77888775.6157772,1,1.0
208,14,1,3,67340762.80185546,1,1.0
208,14,2,8,76582969.14169371,1,1.0
208,14,3,10,65419544.206129454,1,1.0
208,15,0,2,62399843.40267108,1,1.0
208,15,1,3,63653126.153766505,1,1.0
208,15,2,7,75964483.46903114,1,1.0
208,15,3,10,70908098.895802,1,1.0
208,16,0,2,82227663.11034034,1,1.0
208,16,1,4,66322325.38073622,1,1.0
208,16,2,8,81125573.01519695,1,1.0
208,16,3,11,69962585.01308246,1,1.0
208,17,0,2,63566255.33205928,1,1.0
208,17,1,3,79872195.05283788,1,1.0
208,17,2,8,53105642.817622766,1,1.0
208,17,3,11,83476240.30219908,1,1.0
208,18,0,2,79768920.20044287,1,1.0
208,18,1,3,78334178.89923476,1,1.0
208,18,2,8,80269312.97879988,1,1.0
208,18,3,11,80300230.14639679,1,1.0
208,19,0,2,52966591.41453649,1,1.0
208,19,1,4,63843260.453916445,1,1.0
208,19,2,8,66219332.36581755,1,1.0
208,19,3,10,83483656.9655478,1,1.0
208,20,0,2,70421181.40313143,1,1.0
208,20,1,3,65060059.65042658,1,1.0
208,20,2,8,70316978.5270175,1,1.0
208,20,3,10,69766147.40244476,1,1.0
208,21,0,0,82247372.05906393,1,1.0
208,21,1,4,67947985.8421476,1,1.0
208,21,2,8,77243245.87090473,1,1.0
208,21,3,10,92180760.9115663,1,1.0
208,22,0,2,67104401.500999406,1,1.0
208,22,1,3,71022059.7551709,1,1.0
208,22,2,7,70663436.98914483,1,1.0
208,22,3,10,75932325.91275834,1,1.0
208,23,0,2,76061349.38123481,1,1.0
208,23,1,3,63209115.73442414,1,1.0
208,23,2,8,58776396.004419394,1,1.0
208,23,3,10,70336604.7851826,1,1.0
209,0,0,2,79598578.68154162,1,1.0
209,0,1,3,75868353.08068804,1,1.0
209,0,2,8,74469484.00746101,1,1.0
209,0,3,10,74973328.64890265,1,1.0
209,1,0,2,66547833.19122237,1,1.0
209,1,1,3,84399747.18868361,1,1.0
209,1,2,7,64038088.02052982,1,1.0
209,1,3,11,69588458.24452293,1,1.0
209,2,0,2,65982216.88750008,1,1.0
209,2,1,3,71048598.73681933,1,1.0
209,2,2,6,69873415.44017129,1,1.0
209,2,3,10,77223979.48548499,1,1.0
209,3,0,2,67513841.13121481,1,1.0
209,3,1,3,76104103.52928863,1,1.0
209,3,2,8,101331263.40586898,1,1.0
209,3,3,10,65312159.526686706,1,1.0
209,4,0,2,93086933.1995854,1,1.0
209,4,1,4,64303276.156006284,1,1.0
209,4,2,8,72211847.17717738,1,1.0
209,4,3,10,80732313.77984454,1,1.0
209,5,0,2,61731662.8957352,1,1.0
209,5,1,4,62632419.15612426,1,1.0
209,5,2,8,78214201.63823491,1,1.0
209,5,3,10,68956796.77056608,1,1.0
209,6,0,2,71450134.86016454,1,1.0
209,6,1,4,71252180.22517607,1,1.0
209,6,2,8,69272490.03507115,1,1.0
209,6,3,10,76473181.29668851,1,1.0
209,7,0,2,73253831.31615008,1,1.0
209,7,1,3,70118668.03737117,1,1.0
209,7,2,8,69884460.78881378,1,1.0
209,7,3,10,74742163.1387935,1,1.0
209,8,0,1,72262552.14408687,1,1.0
209,8,1,4,76746235.27187663,1,1.0
209,8,2,8,73483720.00427975,1,1.0
209,8,3,11,83102560.2696972,1,1.0
209,9,0,0,74568374.0282182,1,1.0
209,9,1,3,59965835.30132238,1,1.0
209,9,2,8,69740216.302504,1,1.0
209,9,3,10,72377112.1143695,1,1.0
209,10,0,2,70638192.00311086,1,1.0
209,10,1,3,93507529.79303622,1,1.0
209,10,2,7,68007337.5409257,1,1.0
209,10,3,10,86131583.12839615,1,1.0
209,11,0,0,58698238.651035644,1,1.0
209,11,1,3,58454016.92690811,1,1.0
209,11,2,8,66490789.03676854,1,1.0
209,11,3,10,69272914.97439186,1,1.0
209,12,0,2,66083142.95928732,1,1.0
209,12,1,3,75573711.20447056,1,1.0
209,12,2,8,63406289.05857276,1,1.0
209,12,3,11,72959009.18353026,1,1.0
209,13,0,2,80333930.00003143,1,1.0
209,13,1,3,70619558.45454767,1,1.0
209,13,2,7,65466734.27099941,1,1.0
209,13,3,11,66283080.621969536,1,1.0
209,14,0,2,92673900.48100807,1,1.0
209,14,1,3,75075428.07522729,1,1.0
209,14,2,8,79501219.05472781,1,1.0
209,14,3,11,70996421.86491302,1,1.0
209,15,0,2,64440015.84610256,1,1.0
209,15,1,3,81159128.01884325,1,1.0
209,15,2,8,67850288.9387289,1,1.0
209,15,3,11,79953012.2110186,1,1.0
209,16,0,0,64099914.69075601,1,1.0
209,16,1,3,83397397.82498594,1,1.0
209,16,2,7,55397839.28781219,1,1.0
209,16,3,10,81294103.9385107,1,1.0
209,17,0,2,91290692.74605878,1,1.0
209,17,1,3,76488227.73069131,1,1.0
209,17,2,8,75630578.33581412,1,1.0
209,17,3,10,107683927.80739835,1,1.0
209,18,0,2,96848007.70175372,1,1.0
209,18,1,3,89516795.6736261,1,1.0
209,18,2,8,90228276.65621208,1,1.0
209,18,3,10,67609853.42605032,1,1.0
209,19,0,2,79929711.16086009,1,1.0
209,19,1,3,63607591.684111066,1,1.0
209,19,2,6,57434172.89207088,1,1.0
209,19,3,11,106772501.2775856,1,1.0
209,20,0,2,65991445.34851917,1,1.0
209,20,1,3,85013840.20257251,1,1.0
209,20,2,8,82449747.33333813,1,1.0
209,20,3,10,60449203.42141803,1,1.0
209,21,0,2,64083464.54555865,1,1.0
209,21,1,3,80273913.3883379,1,1.0
209,21,2,6,64967526.89377157,1,1.0
209,21,3,10,67480399.49731599,1,1.0
209,22,0,1,60239371.25248053,1,1.0
209,22,1,4,73710239.31068784,1,1.0
209,22,2,7,54266089.102139175,1,1.0
209,22,3,10,70877232.92481855,1,1.0
209,23,0,2,109769266.88621329,1,1.0
209,23,1,3,64903329.48201648,1,1.0
209,23,2,7,58994252.026499845,1,1.0
209,23,3,11,74077638.09846386,1,1.0
210,0,0,2,72472378.15886804,1,1.0
210,0,1,3,83798787.75132357,1,1.0
210,0,2,8,82419045.9110707,1,1.0
210,0,3,10,101930347.63394631,1,1.0
210,1,0,2,69223143.8916455,1,1.0
210,1,1,3,84392493.38232802,1,1.0
210,1,2,8,78007953.60352112,1,1.0
210,1,3,10,78671158.77539708,1,1.0
210,2,0,2,87128416.12578706,1,1.0
210,2,1,3,67649563.96005735,1,1.0
210,2,2,8,64716378.00970057,1,1.0
210,2,3,10,89091866.99371749,1,1.0
210,3,0,2,55624254.703940116,1,1.0
210,3,1,3,82085376.25282349,1,1.0
210,3,2,8,65788513.518660314,1,1.0
210,3,3,10,70061225.71986593,1,1.0
210,4,0,2,75627554.08876385,1,1.0
210,4,1,3,74222130.01485552,1,1.0
210,4,2,7,63841561.27233097,1,1.0
210,4,3,10,90540898.18757272,1,1.0
210,5,0,0,58979943.79233233,1,1.0
210,5,1,3,87220471.21052945,1,1.0
210,5,2,8,75395811.94578142,1,1.0
210,5,3,10,64704355.01452716,1,1.0
210,6,0,2,91991572.47173905,1,1.0
210,6,1,3,70234987.71425742,1,1.0
210,6,2,8,70660340.59557803,1,1.0
210,6,3,10,67139474.47803362,1,1.0
210,7,0,2,62149062.36242071,1,1.0
210,7,1,4,68449030.95712028,1,1.0
210,7,2,8,76090351.88993293,1,1.0
210,7,3,11,68143719.08949636,1,1.0
210,8,0,2,96848289.92117912,1,1.0
210,8,1,3,84778736.20078887,1,1.0
210,8,2,8,92170376.64623788,1,1.0
210,8,3,10,88871866.43358721,1,1.0
210,9,0,2,69984280.10799173,1,1.0
210,9,1,3,64708863.768828966,1,1.0
210,9,2,8,56329233.22520126,1,1.0
210,9,3,10,75770073.73838852,1,1.0
210,10,0,2,92965085.46574563,1,1.0
210,10,1,3,93505214.96642636,1,1.0
210,10,2,8,54762273.97316063,1,1.0
210,10,3,10,89902133.72204995,1,1.0
210,11,0,2,95520967.91403499,1,1.0
210,11,1,3,79232645.65817529,1,1.0
210,11,2,8,70320452.69497631,1,1.0
210,11,3,10,83292841.26636362,1,1.0
210,12,0,2,66877827.62621187,1,1.0
210,12,1,4,72184882.6424604,1,1.0
210,12,2,8,64504811.44951123,1,1.0
210,12,3,10,73212218.82884702,1,1.0
210,13,0,2,60088325.3902941,1,1.0
210,13,1,3,64322590.195799865,1,1.0
210,13,2,7,63753914.08520128,1,1.0
210,13,3,10,77628282.66313607,1,1.0
210,14,0,2,59838080.46337729,1,1.0
210,14,1,3,71547314.70742981,1,1.0
210,14,2,8,63031220.10872095,1,1.0
210,14,3,10,88338003.28243138,1,1.0
210,15,0,2,66782805.75439539,1,1.0
210,15,1,3,75543191.99310572,1,1.0
210,15,2,7,62726689.717269264,1,1.0
210,15,3,10,100512795.18743764,1,1.0
210,16,0,2,97231366.444025,1,1.0
210,16,1,3,70547055.33981065,1,1.0
210,16,2,8,71110760.84003997,1,1.0
210,16,3,10,86162830.45733893,1,1.0
210,17,0,2,58082316.617987745,1,1.0
210,17,1,4,67996136.34442964,1,1.0
210,17,2,8,87628557.31921268,1,1.0
210,17,3,10,70835708.12741828,1,1.0
210,18,0,0,62542709.65338433,1,1.0
210,18,1,3,67692026.93079296,1,1.0
210,18,2,6,56272939.79499155,1,1.0
210,18,3,10,81650092.49863732,1,1.0
210,19,0,0,64877274.23563686,1,1.0
210,19,1,3,87946882.01509973,1,1.0
210,19,2,8,84340885.51637101,1,1.0
210,19,3,10,78723403.19996068,1,1.0
210,20,0,2,81713273.7073273,1,1.0
210,20,1,3,103197753.84037396,1,1.0
210,20,2,8,81443889.10122252,1,1.0
210,20,3,10,73026292.1554696,1,1.0
210,21,0,2,72415777.1704412,1,1.0
210,21,1,4,66432682.201600015,1,1.0
210,21,2,6,57836572.522168815,1,1.0
210,21,3,10,88993277.26612078,1,1.0
210,22,0,2,75673331.57976687,1,1.0
210,22,1,4,73708723.52650438,1,1.0
210,22,2,6,60164064.57830791,1,1.0
210,22,3,10,65463582.55476181,1,1.0
210,23,0,2,86315670.12609304,1,1.0
210,23,1,4,67051803.80742577,1,1.0
210,23,2,8,65425795.65567577,1,1.0
210,23,3,10,103984689.23115665,1,1.0
211,0,0,2,63314949.11223793,1,1.0
211,0,1,4,97620922.39775229,1,1.0
211,0,2,8,67224663.36787432,1,1.0
211,0,3,11,69520323.52999271,1,1.0
211,1,0,2,73444845.42382322,1,1.0
211,1,1,3,70401838.69840634,1,1.0
211,1,2,8,68916478.48956963,1,1.0
211,1,3,10,88808274.1017245,1,1.0
211,2,0,2,94645540.48458607,1,1.0
211,2,1,4,56651046.17841665,1,1.0
211,2,2,8,79212057.91602993,1,1.0
211,2,3,11,71621874.25514494,1,1.0
211,3,0,2,68871403.74718717,1,1.0
211,3,1,3,85239819.9782458,1,1.0
211,3,2,7,64470634.538605645,1,1.0
211,3,3,11,72799627.3010493,1,1.0
211,4,0,2,79644854.64218822,1,1.0
211,4,1,3,66486961.17287365,1,1.0
211,4,2,8,77075904.68156146,1,1.0
211,4,3,11,82653259.05092055,1,1.0
211,5,0,2,59760026.310237706,1,1.0
211,5,1,3,69721721.22251949,1,1.0
211,5,2,8,70980046.76061274,1,1.0
211,5,3,11,74520786.54394864,1,1.0
211,6,0,1,66656502.9536792,1,1.0
211,6,1,3,71220823.70156407,1,1.0
211,6,2,7,67437485.29374382,1,1.0
211,6,3,10,80975779.87562802,1,1.0
211,7,0,2,82787930.99381505,1,1.0
211,7,1,4,56006073.70245188,1,1.0
211,7,2,7,66326178.14015445,1,1.0
211,7,3,10,99142744.47973517,1,1.0
211,8,0,2,77686053.86143622,1,1.0
211,8,1,4,81200749.3203683,1,1.0
211,8,2,8,58233417.95139064,1,1.0
211,8,3,10,86722130.53861772,1,1.0
211,9,0,2,70861364.09056789,1,1.0
211,9,1,3,62036243.20110638,1,1.0
211,9,2,8,86827382.83871354,1,1.0
211,9,3,10,70546767.78313746,1,1.0
211,10,0,2,92634130.81003301,1,1.0
211,10,1,4,61274759.90905286,1,1.0
211,10,2,8,64978526.56940979,1,1.0
211,10,3,10,79584125.33504355,1,1.0
211,11,0,2,90433647.37198977,1,1.0
211,11,1,3,77967501.01000546,1,1.0
211,11,2,8,68217039.57028277,1,1.0
211,11,3,10,66450659.250889994,1,1.0
211,12,0,2,66543582.17981614,1,1.0
211,12,1,3,67738338.48665412,1,1.0
211,12,2,8,83326241.75461572,1,1.0
211,12,3,10,71127965.07569417,1,1.0
211,13,0,2,89881639.00536926,1,1.0
211,13,1,4,66743974.431264766,1,1.0
211,13,2,6,61497886.4147122,1,1.0
211,13,3,11,72878010.65229997,1,1.0
211,14,0,2,59176118.408774815,1,1.0
211,14,1,3,56348736.124605484,1,1.0
211,14,2,8,79656940.25271459,1,1.0
211,14,3,11,70924689.89998718,1,1.0
211,15,0,2,68114942.6515798,1,1.0
211,15,1,3,81535751.90175863,1,1.0
211,15,2,8,57892015.73801536,1,1.0
211,15,3,10,77771659.14138697,1,1.0
211,16,0,2,71511491.50651585,1,1.0
211,16,1,3,64615351.766580455,1,1.0
211,16,2,8,55313277.032274656,1,1.0
211,16,3,10,93638183.44255568,1,1.0
211,17,0,2,81195236.72015718,1,1.0
211,17,1,4,69841358.67746216,1,1.0
211,17,2,8,78792807.85244547,1,1.0
211,17,3,11,69362881.31817009,1,1.0
211,18,0,2,85204827.74257906,1,1.0
211,18,1,3,96528089.04047965,1,1.0
211,18,2,7,61738601.37684554,1,1.0
211,18,3,10,66620949.305387385,1,1.0
211,19,0,2,74233742.44561844,1,1.0
211,19,1,4,80347767.65609887,1,1.0
211,19,2,8,72802370.18202001,1,1.0
211,19,3,10,75321521.04277939,1,1.0
211,20,0,2,87439421.64944622,1,1.0
211,20,1,3,68925828.98502094,1,1.0
211,20,2,7,57156125.18370903,1,1.0
211,20,3,10,88651547.61589599,1,1.0
211,21,0,2,60030475.30996453,1,1.0
211,21,1,3,72697328.37821503,1,1.0
211,21,2,8,75501012.46867098,1,1.0
211,21,3,10,82224090.8037938,1,1.0
211,22,0,2,62979727.97778121,1,1.0
211,22,1,4,69447550.43393996,1,1.0
211,22,2,8,61349986.07058531,1,1.0
211,22,3,10,69802191.00138094,1,1.0
211,23,0,2,58834773.50206549,1,1.0
211,23,1,4,89370424.80687729,1,1.0
211,23,2,8,77868435.38415788,1,1.0
211,23,3,10,83751273.79016247,1,1.0
212,0,0,2,88448971.67540155,1,1.0
212,0,1,3,69210262.31630579,1,1.0
212,0,2,8,65376886.667779595,1,1.0
212,0,3,10,79609424.30429646,1,1.0
212,1,0,2,97780411.45952308,1,1.0
212,1,1,3,83219640.18246159,1,1.0
212,1,2,8,65894206.204308964,1,1.0
212,1,3,10,69372774.5560725,1,1.0
212,2,0,2,74133205.48195688,1,1.0
212,2,1,3,66106258.14712211,1,1.0
212,2,2,8,76877177.32082914,1,1.0
212,2,3,10,62205436.6841152,1,1.0
212,3,0,2,79453710.67472324,1,1.0
212,3,1,3,79906030.03372619,1,1.0
212,3,2,8,68723393.30548084,1,1.0
212,3,3,10,82020576.33020991,1,1.0
212,4,0,2,102144534.06865822,1,1.0
212,4,1,3,87981292.47480007,1,1.0
212,4,2,8,67144610.90954933,1,1.0
212,4,3,11,91963367.2257685,1,1.0
212,5,0,1,59873160.76833686,1,1.0
212,5,1,3,77344961.03078918,1,1.0
212,5,2,8,64159343.41141371,1,1.0
212,5,3,10,77569850.51664178,1,1.0
212,6,0,2,82867814.15950242,1,1.0
212,6,1,3,62181285.36023381,1,1.0
212,6,2,8,58527441.06078416,1,1.0
212,6,3,10,74164134.76769446,1,1.0
212,7,0,2,73182987.39526352,1,1.0
212,7,1,4,65703263.83377397,1,1.0
212,7,2,8,56142605.36790523,1,1.0
212,7,3,10,68834198.83014183,1,1.0
212,8,0,2,68912902.26364335,1,1.0
212,8,1,3,72352020.41110222,1,1.0
212,8,2,8,60759141.15031239,1,1.0
212,8,3,10,73888404.44404113,1,1.0
212,9,0,2,97945813.28615704,1,1.0
212,9,1,4,64575783.94042334,1,1.0
212,9,2,6,63724709.79574372,1,1.0
212,9,3,10,75710849.8514099,1,1.0
212,10,0,0,78303905.51699466,1,1.0
212,10,1,4,70585597.68465537,1,1.0
212,10,2,6,66576217.2106007,1,1.0
212,10,3,10,76160545.69883433,1,1.0
212,11,0,2,74097108.97506477,1,1.0
212,11,1,3,66133723.624071404,1,1.0
212,11,2,6,62512656.958243296,1,1.0
212,11,3,10,95774778.41756804,1,1.0
212,12,0,2,64062271.689118944,1,1.0
212,12,1,3,76768966.66393133,1,1.0
212,12,2,8,74909924.3914124,1,1.0
212,12,3,10,71909071.83004057,1,1.0
212,13,0,2,74929463.06940289,1,1.0
212,13,1,3,73474251.3583145,1,1.0
212,13,2,7,64424986.38516275,1,1.0
212,13,3,11,66299109.46036907,1,1.0
212,14,0,2,67714521.58171597,1,1.0
212,14,1,3,77182219.90617248,1,1.0
212,14,2,8,69933455.40180132,1,1.0
212,14,3,10,81418565.34649731,1,1.0
212,15,0,2,81802183.47874828,1,1.0
212,15,1,3,75946483.77682608,1,1.0
212,15,2,8,61982513.698254675,1,1.0
212,15,3,10,103026579.07946451,1,1.0
212,16,0,2,66144594.56751879,1,1.0
212,16,1,4,65672973.109317,1,1.0
212,16,2,8,68971276.22573668,1,1.0
212,16,3,10,72418502.92470849,1,1.0
212,17,0,2,70414231.35335575,1,1.0
212,17,1,4,67230899.1033983,1,1.0
212,17,2,6,61906498.40398506,1,1.0
212,17,3,11,74420563.7736354,1,1.0
212,18,0,0,62811596.64971007,1,1.0
212,18,1,4,72182803.55656095,1,1.0
212,18,2,8,66396006.876437955,1,1.0
212,18,3,10,79272692.2037053,1,1.0
212,19,0,2,77672721.45796771,1,1.0
212,19,1,4,69277746.36779122,1,1.0
212,19,2,8,65564192.608373575,1,1.0
212,19,3,11,69147734.23978192,1,1.0
212,20,0,2,73023394.705908,1,1.0
212,20,1,4,67980144.34584552,1,1.0
212,20,2,8,63026199.854563415,1,1.0
212,20,3,10,69226431.96411347,1,1.0
212,21,0,2,68213200.77353288,1,1.0
212,21,1,3,70080998.75403285,1,1.0
212,21,2,8,93442106.87120064,1,1.0
212,21,3,10,82383908.04352322,1,1.0
212,22,0,2,64366281.965087034,1,1.0
212,22,1,3,68455107.32740922,1,1.0
212,22,2,8,68541272.7210689,1,1.0
212,22,3,10,87188025.16811669,1,1.0
212,23,0,2,77064961.81121701,1,1.0
212,23,1,3,80218246.16736613,1,1.0
212,23,2,7,73435847.65206726,1,1.0
212,23,3,10,68532778.11835495,1,1.0
213,0,0,2,59220148.108944125,1,1.0
213,0,1,3,64181845.87131001,1,1.0
213,0,2,8,53493635.54260163,1,1.0
213,0,3,10,91027685.31399812,1,1.0
213,1,0,0,68267822.53766513,1,1.0
213,1,1,4,78054403.54836562,1,1.0
213,1,2,6,61527279.55462628,1,1.0
213,1,3,10,73616676.49849287,1,1.0
213,2,0,2,64919030.06146107,1,1.0
213,2,1,3,81261009.86995481,1,1.0
213,2,2,8,128612448.3407603,1,1.0
213,2,3,10,64973509.86580346,1,1.0
213,3,0,2,103547475.3364088,1,1.0
213,3,1,3,84062469.3960773,1,1.0
213,3,2,8,76863799.11722623,1,1.0
213,3,3,10,68098803.71355996,1,1.0
213,4,0,2,62193893.934971556,1,1.0
213,4,1,3,66536291.45627899,1,1.0
213,4,2,8,87134284.03826089,1,1.0
213,4,3,11,66048058.645875774,1,1.0
213,5,0,2,64295215.98169361,1,1.0
213,5,1,4,62285624.33459371,1,1.0
213,5,2,8,79238232.64584629,1,1.0
213,5,3,10,65956113.361417495,1,1.0
213,6,0,2,80503407.46794449,1,1.0
213,6,1,4,72573141.17883094,1,1.0
213,6,2,8,54275626.20079877,1,1.0
213,6,3,10,94780845.05374949,1,1.0
213,7,0,0,62862258.54236192,1,1.0
213,7,1,3,82105099.05116704,1,1.0
213,7,2,8,92295531.75031686,1,1.0
213,7,3,10,67434853.60461147,1,1.0
213,8,0,2,68161008.99435897,1,1.0
213,8,1,4,69531727.25783789,1,1.0
213,8,2,8,94866627.68935572,1,1.0
213,8,3,10,101808382.88249415,1,1.0
213,9,0,2,87118599.60399084,1,1.0
213,9,1,4,73869451.39085059,1,1.0
213,9,2,8,56606374.840883836,1,1.0
213,9,3,11,81351582.2658141,1,1.0
213,10,0,2,94791799.03343417,1,1.0
213,10,1,3,62615787.56476569,1,1.0
213,10,2,7,55032610.07829966,1,1.0
213,10,3,10,90132234.7345629,1,1.0
213,11,0,2,61935209.845291086,1,1.0
213,11,1,3,75856092.46949592,1,1.0
213,11,2,8,75903341.43009229,1,1.0
213,11,3,11,64083862.13537194,1,1.0
213,12,0,0,71647694.23926648,1,1.0
213,12,1,3,77626470.80065542,1,1.0
213,12,2,8,95791064.30582958,1,1.0
213,12,3,11,68647507.11658268,1,1.0
213,13,0,2,54292470.49967746,1,1.0
213,13,1,4,69899880.80757375,1,1.0
213,13,2,8,70496428.593642,1,1.0
213,13,3,10,79357954.9758154,1,1.0
213,14,0,2,64393125.85434492,1,1.0
213,14,1,3,69670143.29597881,1,1.0
213,14,2,8,66659447.293116644,1,1.0
213,14,3,10,68505135.2832608,1,1.0
213,15,0,2,54800327.92432409,1,1.0
213,15,1,3,68830339.89353105,1,1.0
213,15,2,6,56917315.55015268,1,1.0
213,15,3,10,89725813.86431396,1,1.0
213,16,0,0,64840486.73983516,1,1.0
213,16,1,3,75804889.20501406,1,1.0
213,16,2,8,59461560.51646917,1,1.0
213,16,3,11,70262862.07978287,1,1.0
213,17,0,2,77703763.70241933,1,1.0
213,17,1,3,90220326.70935312,1,1.0
213,17,2,8,66518359.930891596,1,1.0
213,17,3,10,67648103.20562626,1,1.0
213,18,0,2,71317067.73989975,1,1.0
213,18,1,3,69647968.78023669,1,1.0
213,18,2,7,66074712.72324693,1,1.0
213,18,3,10,64667178.28846573,1,1.0
213,19,0,0,59123074.79455916,1,1.0
213,19,1,4,61747675.418072015,1,1.0
213,19,2,8,57970704.07066165,1,1.0
213,19,3,10,74511564.1419558,1,1.0
213,20,0,2,67725556.77331904,1,1.0
213,20,1,3,75133279.60616606,1,1.0
213,20,2,8,88839052.35664193,1,1.0
213,20,3,10,83227832.5223097,1,1.0
213,21,0,2,70919857.79126897,1,1.0
213,21,1,3,81438245.02967021,1,1.0
213,21,2,6,65433608.14771496,1,1.0
213,21,3,10,81719390.72674775,1,1.0
213,22,0,2,64732150.06335251,1,1.0
213,22,1,4,71351911.19860399,1,1.0
213,22,2,8,60842026.917823754,1,1.0
213,22,3,10,67144623.22085786,1,1.0
213,23,0,2,72803247.17016016,1,1.0
213,23,1,4,68933423.2398662,1,1.0
213,23,2,7,60266364.35803679,1,1.0
213,23,3,11,71769945.69051354,1,1.0
214,0,0,2,78800899.7211649,1,1.0
214,0,1,3,73154564.97693673,1,1.0
214,0,2,8,61901759.77919241,1,1.0
214,0,3,11,92733583.16859427,1,1.0
214,1,0,2,76225841.98083943,1,1.0
214,1,1,3,74667923.91313091,1,1.0
214,1,2,8,83526780.75798625,1,1.0
214,1,3,10,90625249.33999424,1,1.0
214,2,0,2,71301632.49261507,1,1.0
214,2,1,3,94781559.83535431,1,1.0
214,2,2,8,85205349.65753761,1,1.0
214,2,3,10,104283695.92133868,1,1.0
214,3,0,2,87813686.97681744,1,1.0
214,3,1,3,75706997.95541379,1,1.0
214,3,2,6,57861449.12694113,1,1.0
214,3,3,11,82593085.9373796,1,1.0
214,4,0,2,72627447.89187299,1,1.0
214,4,1,3,69444448.9610058,1,1.0
214,4,2,7,68225238.47531365,1,1.0
214,4,3,10,111343068.13607727,1,1.0
214,5,0,2,84799290.79096484,1,1.0
214,5,1,3,70645687.53140189,1,1.0
214,5,2,8,93759497.7028183,1,1.0
214,5,3,10,74423169.93980739,1,1.0
214,6,0,2,95254920.8621552,1,1.0
214,6,1,3,75053203.49183716,1,1.0
214,6,2,7,75422062.91900742,1,1.0
214,6,3,10,74071743.75844562,1,1.0
214,7,0,2,85720888.86254744,1,1.0
214,7,1,3,92751441.6774916,1,1.0
214,7,2,8,69953454.14347723,1,1.0
214,7,3,10,89159812.64710319,1,1.0
214,8,0,2,87628347.26003931,1,1.0
214,8,1,3,76559844.54465908,1,1.0
214,8,2,8,67897180.19830142,1,1.0
214,8,3,10,76053682.39371356,1,1.0
214,9,0,2,70488614.8800082,1,1.0
214,9,1,3,65718069.607468486,1,1.0
214,9,2,8,68116857.91947739,1,1.0
214,9,3,10,62350109.19261353,1,1.0
214,10,0,2,60596590.68220496,1,1.0
214,10,1,4,64924967.2602779,1,1.0
214,10,2,8,74919376.09002602,1,1.0
214,10,3,10,89767975.04499131,1,1.0
214,11,0,0,54829860.931518406,1,1.0
214,11,1,3,84981828.43494737,1,1.0
214,11,2,8,69709876.49096678,1,1.0
214,11,3,11,79051913.87162727,1,1.0
214,12,0,0,60543043.363615565,1,1.0
214,12,1,3,98319614.3300752,1,1.0
214,12,2,6,61124441.404546574,1,1.0
214,12,3,10,72689949.9942684,1,1.0
214,13,0,2,67911999.44715786,1,1.0
214,13,1,3,64531986.70898986,1,1.0
214,13,2,8,74333610.10882732,1,1.0
214,13,3,11,71064056.413057,1,1.0
214,14,0,2,76324389.5030833,1,1.0
214,14,1,3,61739434.251866564,1,1.0
214,14,2,8,78776431.94589315,1,1.0
214,14,3,10,86334938.25881672,1,1.0
214,15,0,2,68540551.38049488,1,1.0
214,15,1,3,74824192.25061752,1,1.0
214,15,2,8,75178123.79505102,1,1.0
214,15,3,10,77320700.08447766,1,1.0
214,16,0,2,75289971.69140553,1,1.0
214,16,1,4,74721518.21953614,1,1.0
214,16,2,8,80480524.15884808,1,1.0
214,16,3,10,75564959.03040446,1,1.0
214,17,0,2,79432274.80529477,1,1.0
214,17,1,3,64529213.62933376,1,1.0
214,17,2,7,56420056.72561798,1,1.0
214,17,3,11,73801375.3808398,1,1.0
214,18,0,2,67189532.82211336,1,1.0
214,18,1,3,99801406.74826424,1,1.0
214,18,2,7,69764914.13875939,1,1.0
214,18,3,10,98987844.78782284,1,1.0
214,19,0,0,63785283.94240055,1,1.0
214,19,1,4,69091050.090904,1,1.0
214,19,2,8,62650245.092865616,1,1.0
214,19,3,10,99519029.65421301,1,1.0
214,20,0,2,80395045.20753092,1,1.0
214,20,1,4,71624743.91861048,1,1.0
214,20,2,6,58294002.33388464,1,1.0
214,20,3,10,78319546.90546149,1,1.0
214,21,0,2,80187866.74669746,1,1.0
214,21,1,3,84412143.43331517,1,1.0
214,21,2,7,61248326.886777155,1,1.0
214,21,3,10,88514725.62358707,1,1.0
214,22,0,2,92058033.45388855,1,1.0
214,22,1,4,76536207.87440969,1,1.0
214,22,2,8,79948733.02782007,1,1.0
214,22,3,10,81426297.51249604,1,1.0
214,23,0,2,71908727.302178,1,1.0
214,23,1,4,66334564.35486279,1,1.0
214,23,2,8,94671203.43242916,1,1.0
214,23,3,10,79584538.26371458,1,1.0
215,0,0,2,78393281.06469733,1,1.0
215,0,1,3,71844718.90139551,1,1.0
215,0,2,7,65408992.79468425,1,1.0
215,0,3,11,67080871.20116899,1,1.0
215,1,0,2,87672713.84351836,1,1.0
215,1,1,3,84774340.97128798,1,1.0
215,1,2,8,68845211.61604117,1,1.0
215,1,3,10,88869455.40684995,1,1.0
215,2,0,2,73530313.43556443,1,1.0
215,2,1,3,71124868.06028874,1,1.0
215,2,2,6,61673930.45229971,1,1.0
215,2,3,10,87807821.13401285,1,1.0
215,3,0,0,63262658.25478208,1,1.0
215,3,1,3,70850606.54220225,1,1.0
215,3,2,6,62894543.58649223,1,1.0
215,3,3,10,101787587.67286271,1,1.0
215,4,0,2,77646723.07845001,1,1.0
215,4,1,3,82443134.86324531,1,1.0
215,4,2,8,82749010.93279117,1,1.0
215,4,3,11,70043121.01063317,1,1.0
215,5,0,0,55402775.64735953,1,1.0
215,5,1,4,60441016.597057566,1,1.0
215,5,2,8,82041717.84884949,1,1.0
215,5,3,10,70726459.60319531,1,1.0
215,6,0,2,81951053.39258972,1,1.0
215,6,1,3,61419406.47859587,1,1.0
215,6,2,8,75385137.66596441,1,1.0
215,6,3,10,93899121.37479103,1,1.0
215,7,0,2,76474550.06762427,1,1.0
215,7,1,3,68699300.75154227,1,1.0
215,7,2,8,96675448.25575043,1,1.0
215,7,3,11,75590070.9223816,1,1.0
215,8,0,1,57752893.09669253,1,1.0
215,8,1,4,63668019.59512534,1,1.0
215,8,2,8,84606975.34555246,1,1.0
215,8,3,10,78542148.20624413,1,1.0
215,9,0,2,96129772.38047571,1,1.0
215,9,1,3,72704748.32782127,1,1.0
215,9,2,7,57807904.35936917,1,1.0
215,9,3,10,75068425.70748319,1,1.0
215,10,0,2,74813296.50330341,1,1.0
215,10,1,3,64775091.16584639,1,1.0
215,10,2,7,62647410.03291497,1,1.0
215,10,3,10,91848552.56274325,1,1.0
215,11,0,2,57500048.603669815,1,1.0
215,11,1,3,63207208.42420854,1,1.0
215,11,2,7,52958968.60916042,1,1.0
215,11,3,10,70336297.79748571,1,1.0
215,12,0,2,66800482.1088925,1,1.0
215,12,1,3,63068256.30342276,1,1.0
215,12,2,8,73298499.26245697,1,1.0
215,12,3,11,65625922.85713823,1,1.0
215,13,0,2,71912334.44473031,1,1.0
215,13,1,4,60118044.958241865,1,1.0
215,13,2,8,73007378.90850477,1,1.0
215,13,3,10,116427408.48489991,1,1.0
215,14,0,2,91029929.11316073,1,1.0
215,14,1,4,64445889.5616814,1,1.0
215,14,2,8,59579912.54906089,1,1.0
215,14,3,11,67164373.0320097,1,1.0
215,15,0,1,74676312.31788278,1,1.0
215,15,1,3,71163884.50616777,1,1.0
215,15,2,8,77004622.72378393,1,1.0
215,15,3,11,66604136.02579763,1,1.0
215,16,0,2,80645927.6599382,1,1.0
215,16,1,3,88428776.78779572,1,1.0
215,16,2,8,68213390.09961018,1,1.0
215,16,3,11,69457050.9666801,1,1.0
215,17,0,0,56074097.83973817,1,1.0
215,17,1,4,58065879.04089558,1,1.0
215,17,2,8,72606341.27764256,1,1.0
215,17,3,10,67681194.43919948,1,1.0
215,18,0,2,73552959.45597643,1,1.0
215,18,1,4,67631261.30318321,1,1.0
215,18,2,8,67592244.6963435,1,1.0
215,18,3,11,75563610.78381239,1,1.0
215,19,0,2,88272511.21039672,1,1.0
215,19,1,3,92126382.98597707,1,1.0
215,19,2,8,60440540.2682933,1,1.0
215,19,3,10,92800976.1456247,1,1.0
215,20,0,2,64735266.72725887,1,1.0
215,20,1,4,70827695.04783499,1,1.0
215,20,2,6,54137627.04723163,1,1.0
215,20,3,11,75394908.56760895,1,1.0
215,21,0,2,78694855.6215587,1,1.0
215,21,1,4,64976549.20234068,1,1.0
215,21,2,8,73194085.90134212,1,1.0
215,21,3,10,80890427.44716595,1,1.0
215,22,0,2,69012048.48700693,1,1.0
215,22,1,4,68806123.51205629,1,1.0
215,22,2,7,83809140.10250069,1,1.0
215,22,3,10,62469411.03803571,1,1.0
215,23,0,2,72155588.82880794,1,1.0
215,23,1,4,66388763.83601182,1,1.0
215,23,2,6,58599275.3401418,1,1.0
215,23,3,11,73022581.13675158,1,1.0
216,0,0,2,67526492.33500797,1,1.0
216,0,1,3,77343767.97713234,1,1.0
216,0,2,8,69814131.58942622,1,1.0
216,0,3,10,70352450.25256878,1,1.0
216,1,0,1,62111968.451085016,1,1.0
216,1,1,4,52986499.246612504,1,1.0
216,1,2,8,58221388.54802975,1,1.0
216,1,3,10,88665532.393651,1,1.0
216,2,0,0,59131998.13885616,1,1.0
216,2,1,3,73131475.75482275,1,1.0
216,2,2,8,82249753.44206095,1,1.0
216,2,3,10,66582596.75056743,1,1.0
216,3,0,2,83314429.7521403,1,1.0
216,3,1,3,89104847.68051395,1,1.0
216,3,2,8,69223112.57075153,1,1.0
216,3,3,10,84736339.89424948,1,1.0
216,4,0,2,70387352.9487826,1,1.0
216,4,1,4,63218107.978019916,1,1.0
216,4,2,8,70182072.80042641,1,1.0
216,4,3,11,75900590.0771729,1,1.0
216,5,0,2,61268918.757003576,1,1.0
216,5,1,3,63165466.157269135,1,1.0
216,5,2,8,69704547.80728807,1,1.0
216,5,3,10,61640318.02173155,1,1.0
216,6,0,0,76642476.34666431,1,1.0
216,6,1,3,84711879.89924403,1,1.0
216,6,2,8,86925026.79254422,1,1.0
216,6,3,10,76432194.95337099,1,1.0
216,7,0,2,90084376.23634784,1,1.0
216,7,1,4,64287264.82776878,1,1.0
216,7,2,8,70970104.67540757,1,1.0
216,7,3,10,72346245.85550971,1,1.0
216,8,0,2,82318157.40803963,1,1.0
216,8,1,3,83421435.41395503,1,1.0
216,8,2,8,55395060.43887672,1,1.0
216,8,3,10,80394834.2082864,1,1.0
216,9,0,1,67249503.40373364,1,1.0
216,9,1,4,75855260.16869517,1,1.0
216,9,2,6,60120248.27615367,1,1.0
216,9,3,10,86375975.69383682,1,1.0
216,10,0,2,62355150.64454538,1,1.0
216,10,1,4,71816754.92239814,1,1.0
216,10,2,8,58938720.83014697,1,1.0
216,10,3,10,72298959.74129465,1,1.0
216,11,0,2,71319500.20145863,1,1.0
216,11,1,4,78862423.74987313,1,1.0
216,11,2,8,68151773.7184802,1,1.0
216,11,3,11,70648962.27487022,1,1.0
216,12,0,2,82033206.32884875,1,1.0
216,12,1,4,68673161.00573055,1,1.0
216,12,2,8,73386967.21808103,1,1.0
216,12,3,10,105288317.44786175,1,1.0
216,13,0,2,84319895.5943491,1,1.0
216,13,1,3,76690528.6022649,1,1.0
216,13,2,8,66782977.71952974,1,1.0
216,13,3,10,79226117.68430422,1,1.0
216,14,0,2,67965866.20317903,1,1.0
216,14,1,3,79486539.54042369,1,1.0
216,14,2,7,59427006.498639345,1,1.0
216,14,3,10,68478175.41107903,1,1.0
216,15,0,2,83562680.49193826,1,1.0
216,15,1,3,71844733.45807038,1,1.0
216,15,2,8,67925552.68454522,1,1.0
216,15,3,10,81258266.869395,1,1.0
216,16,0,2,71115362.7919569,1,1.0
216,16,1,3,66471036.69113407,1,1.0
216,16,2,8,57702394.112084754,1,1.0
216,16,3,10,65759841.571780905,1,1.0
216,17,0,2,96787324.62976031,1,1.0
216,17,1,4,77267879.93663643,1,1.0
216,17,2,8,64135340.56667115,1,1.0
216,17,3,10,101610435.6437027,1,1.0
216,18,0,2,68332985.89353468,1,1.0
216,18,1,4,70895375.6824836,1,1.0
216,18,2,8,56287801.1131837,1,1.0
216,18,3,10,84254151.62543039,1,1.0
216,19,0,2,79201063.01492566,1,1.0
216,19,1,4,65201117.25064117,1,1.0
216,19,2,8,71670796.9765377,1,1.0
216,19,3,10,68891865.04131334,1,1.0
216,20,0,2,62009467.178707555,1,1.0
216,20,1,4,67629376.47027664,1,1.0
216,20,2,7,66279350.39658454,1,1.0
216,20,3,10,103793584.64960916,1,1.0
216,21,0,2,77698436.8378255,1,1.0
216,21,1,3,105070139.90964875,1,1.0
216,21,2,8,73828633.58805475,1,1.0
216,21,3,10,82768938.21863483,1,1.0
216,22,0,2,75232712.71324824,1,1.0
216,22,1,3,74573596.37899353,1,1.0
216,22,2,8,82265890.69498639,1,1.0
216,22,3,10,76139759.96108851,1,1.0
216,23,0,2,76570193.14822462,1,1.0
216,23,1,3,64031218.736437894,1,1.0
216,23,2,6,57099868.07245044,1,1.0
216,23,3,11,83281691.24214551,1,1.0
217,0,0,2,65945947.88880152,1,1.0
217,0,1,3,71298551.37620145,1,1.0
217,0,2,7,66398402.63342471,1,1.0
217,0,3,11,73100277.80328692,1,1.0
217,1,0,2,59396317.69682878,1,1.0
217,1,1,3,76527415.85097122,1,1.0
217,1,2,8,59669786.58630694,1,1.0
217,1,3,11,75810130.43082419,1,1.0
217,2,0,2,66676369.95800747,1,1.0
217,2,1,4,63495102.932616554,1,1.0
217,2,2,8,76470665.94677539,1,1.0
217,2,3,10,72419761.38830824,1,1.0
217,3,0,2,95234148.59864505,1,1.0
217,3,1,3,61512975.82817122,1,1.0
217,3,2,8,68563805.73757654,1,1.0
217,3,3,10,81387277.05297184,1,1.0
217,4,0,1,72365601.45723188,1,1.0
217,4,1,4,65158590.753282845,1,1.0
217,4,2,6,63192449.05884172,1,1.0
217,4,3,11,101263947.47891828,1,1.0
217,5,0,2,74475135.55549376,1,1.0
217,5,1,4,74149286.40566184,1,1.0
217,5,2,8,63245235.86382499,1,1.0
217,5,3,10,81469454.58994012,1,1.0
217,6,0,2,77895430.59162815,1,1.0
217,6,1,3,67003819.02097574,1,1.0
217,6,2,8,64346962.573191196,1,1.0
217,6,3,10,91249672.29685952,1,1.0
217,7,0,2,57190841.931226715,1,1.0
217,7,1,3,76756902.39652818,1,1.0
217,7,2,8,73007324.60531224,1,1.0
217,7,3,10,74923516.55106415,1,1.0
217,8,0,2,68397985.54614125,1,1.0
217,8,1,3,80793642.12462296,1,1.0
217,8,2,7,63462767.075789,1,1.0
217,8,3,10,79926066.09133689,1,1.0
217,9,0,2,80785581.56646243,1,1.0
217,9,1,3,84209847.13931963,1,1.0
217,9,2,7,56771287.359023966,1,1.0
217,9,3,11,71028828.03451332,1,1.0
217,10,0,2,72461490.84802735,1,1.0
217,10,1,4,87409436.30788864,1,1.0
217,10,2,8,68565541.08480069,1,1.0
217,10,3,10,82462969.83435033,1,1.0
217,11,0,2,89313609.18726689,1,1.0
217,11,1,4,71109604.4700025,1,1.0
217,11,2,7,67157915.23612256,1,1.0
217,11,3,10,66939849.31617404,1,1.0
217,12,0,2,70191543.61304711,1,1.0
217,12,1,4,61854306.9184226,1,1.0
217,12,2,8,70952351.9044963,1,1.0
217,12,3,10,74783131.6589603,1,1.0
217,13,0,2,83101590.1543994,1,1.0
217,13,1,3,71523961.93736121,1,1.0
217,13,2,8,73464324.45693213,1,1.0
217,13,3,10,70883785.16784911,1,1.0
217,14,0,2,70961940.19865945,1,1.0
217,14,1,4,64429965.71245304,1,1.0
217,14,2,7,81499093.42228505,1,1.0
217,14,3,10,103620704.0061392,1,1.0
217,15,0,2,72804937.24674107,1,1.0
217,15,1,4,66399342.30573274,1,1.0
217,15,2,8,80487785.13191453,1,1.0
217,15,3,10,81742339.8992902,1,1.0
217,16,0,2,61222515.232983075,1,1.0
217,16,1,3,69241227.1812146,1,1.0
217,16,2,7,68314487.46650839,1,1.0
217,16,3,10,79351746.87978652,1,1.0
217,17,0,2,68510448.32517968,1,1.0
217,17,1,3,91686935.84342024,1,1.0
217,17,2,7,64216521.67223907,1,1.0
217,17,3,10,91337001.96193561,1,1.0
217,18,0,2,74720025.9568692,1,1.0
217,18,1,4,63070962.07617986,1,1.0
217,18,2,8,85650296.36435206,1,1.0
217,18,3,10,76322127.66562368,1,1.0
217,19,0,2,67889848.08769052,1,1.0
217,19,1,4,56209805.47137856,1,1.0
217,19,2,6,56322734.10725597,1,1.0
217,19,3,10,76847492.09659003,1,1.0
217,20,0,2,69918597.34339267,1,1.0
217,20,1,4,86907886.1579416,1,1.0
217,20,2,6,54741449.68118906,1,1.0
217,20,3,11,77415068.95001489,1,1.0
217,21,0,2,57853390.55892838,1,1.0
217,21,1,3,67184520.599629,1,1.0
217,21,2,8,64356327.82773777,1,1.0
217,21,3,11,61129751.865271255,1,1.0
217,22,0,1,55655772.85678282,1,1.0
217,22,1,3,102620914.44602408,1,1.0
217,22,2,6,60731205.52087676,1,1.0
217,22,3,10,86220063.22902057,1,1.0
217,23,0,2,61600328.803566284,1,1.0
217,23,1,3,56704465.05725062,1,1.0
217,23,2,8,70469873.86367247,1,1.0
217,23,3,11,76420273.26649405,1,1.0
218,0,0,2,82936545.43418238,1,1.0
218,0,1,3,80616563.27775817,1,1.0
218,0,2,8,75389108.25057784,1,1.0
218,0,3,10,74064185.56746885,1,1.0
218,1,0,0,65708929.40139874,1,1.0
218,1,1,3,95844948.69129792,1,1.0
218,1,2,8,67185212.80648784,1,1.0
218,1,3,10,85988672.79826593,1,1.0
218,2,0,2,73788454.29412998,1,1.0
218,2,1,3,67837224.12750715,1,1.0
218,2,2,8,75290972.07970698,1,1.0
218,2,3,10,71619062.75384748,1,1.0
218,3,0,0,59691419.285463884,1,1.0
218,3,1,4,69699909.51546103,1,1.0
218,3,2,8,64699027.786403865,1,1.0
218,3,3,10,86210431.35697193,1,1.0
218,4,0,2,73275461.04025736,1,1.0
218,4,1,4,62026536.00145035,1,1.0
218,4,2,6,60451088.83645909,1,1.0
218,4,3,10,89550008.6564484,1,1.0
218,5,0,2,80148316.61111003,1,1.0
218,5,1,3,69418188.257384,1,1.0
218,5,2,8,64330584.9247345,1,1.0
218,5,3,11,64847344.55913895,1,1.0
218,6,0,2,82594814.6212062,1,1.0
218,6,1,3,66750282.52753681,1,1.0
218,6,2,8,66783714.56667417,1,1.0
218,6,3,11,65859504.299762815,1,1.0
218,7,0,2,68437499.47483574,1,1.0
218,7,1,4,68043710.16756473,1,1.0
218,7,2,8,57226678.29504542,1,1.0
218,7,3,11,64099472.59900443,1,1.0
218,8,0,2,79160990.19386256,1,1.0
218,8,1,3,71741467.05506943,1,1.0
218,8,2,7,74943712.5666199,1,1.0
218,8,3,10,66515467.009548165,1,1.0
218,9,0,2,68068024.47225687,1,1.0
218,9,1,3,75823312.65800287,1,1.0
218,9,2,8,56189940.527609386,1,1.0
218,9,3,11,74301889.34006153,1,1.0
218,10,0,1,69846365.54285933,1,1.0
218,10,1,3,73843715.89872886,1,1.0
218,10,2,8,62350763.0964371,1,1.0
218,10,3,10,61339980.59251444,1,1.0
218,11,0,2,73620137.01841757,1,1.0
218,11,1,3,70746324.0918274,1,1.0
218,11,2,8,67669502.88988426,1,1.0
218,11,3,10,89108535.45420563,1,1.0
218,12,0,2,66318762.40643046,1,1.0
218,12,1,3,83164646.89831738,1,1.0
218,12,2,6,67706120.59164026,1,1.0
218,12,3,11,75642098.03776637,1,1.0
218,13,0,2,73503926.82420513,1,1.0
218,13,1,3,66953636.52882418,1,1.0
218,13,2,8,63151135.41541858,1,1.0
218,13,3,10,79963016.28050734,1,1.0
218,14,0,2,64546090.37123936,1,1.0
218,14,1,3,66438697.77312372,1,1.0
218,14,2,7,77938601.15469727,1,1.0
218,14,3,10,75673795.69963728,1,1.0
218,15,0,2,76664463.04883593,1,1.0
218,15,1,3,92287246.74549659,1,1.0
218,15,2,6,71264807.49127352,1,1.0
218,15,3,10,75815229.6413727,1,1.0
218,16,0,2,77331621.62861359,1,1.0
218,16,1,3,81694893.301952,1,1.0
218,16,2,8,65638527.2794824,1,1.0
218,16,3,10,81445005.54479805,1,1.0
218,17,0,2,82540438.90517111,1,1.0
218,17,1,3,61785877.05938556,1,1.0
218,17,2,6,56292120.777766585,1,1.0
218,17,3,11,70705280.12557714,1,1.0
218,18,0,2,92864699.39921905,1,1.0
218,18,1,3,81636586.23929368,1,1.0
218,18,2,8,67033226.949603245,1,1.0
218,18,3,10,80941423.53969152,1,1.0
218,19,0,2,79893414.35947014,1,1.0
218,19,1,3,72218278.17205344,1,1.0
218,19,2,7,72170371.32421759,1,1.0
218,19,3,11,65509261.67244713,1,1.0
218,20,0,1,67107537.76078256,1,1.0
218,20,1,4,74443849.38355406,1,1.0
218,20,2,8,93827558.45507103,1,1.0
218,20,3,10,69512663.38292281,1,1.0
218,21,0,2,62172700.25454863,1,1.0
218,21,1,4,70958630.3239047,1,1.0
218,21,2,8,64568184.17074922,1,1.0
218,21,3,10,88279880.9703748,1,1.0
218,22,0,0,71388527.86065522,1,1.0
218,22,1,4,58133155.57327567,1,1.0
218,22,2,7,55756357.17926994,1,1.0
218,22,3,10,79910487.75524884,1,1.0
218,23,0,2,75030862.34720077,1,1.0
218,23,1,4,69868367.07424894,1,1.0
218,23,2,6,62568379.861619994,1,1.0
218,23,3,10,61286725.28287422,1,1.0
219,0,0,0,65598302.7200963,1,1.0
219,0,1,3,65772068.4880446,1,1.0
219,0,2,8,58891859.95915442,1,1.0
219,0,3,11,84609049.1112075,1,1.0
219,1,0,2,81162778.54044348,1,1.0
219,1,1,3,70753146.56844231,1,1.0
219,1,2,8,59338840.30489966,1,1.0
219,1,3,11,67529169.7186978,1,1.0
219,2,0,2,68461184.05712973,1,1.0
219,2,1,4,69290541.02888273,1,1.0
219,2,2,6,65092084.16351685,1,1.0
219,2,3,10,67154845.12745652,1,1.0
219,3,0,2,57631655.91001352,1,1.0
219,3,1,4,67879274.0801225,1,1.0
219,3,2,8,73947185.69767979,1,1.0
219,3,3,10,109825548.48937272,1,1.0
219,4,0,2,72560034.48044159,1,1.0
219,4,1,3,82611204.0388772,1,1.0
219,4,2,8,83655096.70704313,1,1.0
219,4,3,11,98932968.20557728,1,1.0
219,5,0,2,64328196.92265026,1,1.0
219,5,1,3,65181866.33860413,1,1.0
219,5,2,8,89905965.75368741,1,1.0
219,5,3,10,98903387.54744683,1,1.0
219,6,0,2,71675912.05364588,1,1.0
219,6,1,3,74897867.40051796,1,1.0
219,6,2,8,64105201.679499365,1,1.0
219,6,3,10,113837080.42137152,1,1.0
219,7,0,2,84244041.45370579,1,1.0
219,7,1,3,85068977.41234763,1,1.0
219,7,2,8,71651550.91412064,1,1.0
219,7,3,10,65605073.85572789,1,1.0
219,8,0,2,73809822.23137143,1,1.0
219,8,1,3,76382712.48600467,1,1.0
219,8,2,7,67556786.55021836,1,1.0
219,8,3,10,84971845.97456726,1,1.0
219,9,0,2,66542647.48548245,1,1.0
219,9,1,3,70620757.50410038,1,1.0
219,9,2,8,83427675.38498744,1,1.0
219,9,3,10,74180554.98536758,1,1.0
219,10,0,2,86379773.64620252,1,1.0
219,10,1,3,78816223.92446257,1,1.0
219,10,2,8,61649200.683497526,1,1.0
219,10,3,10,66120228.706079416,1,1.0
219,11,0,2,56395309.268898696,1,1.0
219,11,1,3,94895868.79173976,1,1.0
219,11,2,7,62632507.71864618,1,1.0
219,11,3,10,73886281.08607188,1,1.0
219,12,0,2,84800786.0285609,1,1.0
219,12,1,3,83333191.02509512,1,1.0
219,12,2,6,69190760.4473351,1,1.0
219,12,3,10,98496115.2817309,1,1.0
219,13,0,0,59580681.37611244,1,1.0
219,13,1,5,55295026.28829477,1,1.0
219,13,2,8,54836183.95605143,1,1.0
219,13,3,10,89941523.30374159,1,1.0
219,14,0,2,73947066.62752306,1,1.0
219,14,1,3,71554568.2556576,1,1.0
219,14,2,8,61920909.01604481,1,1.0
219,14,3,10,98132606.18777639,1,1.0
219,15,0,2,69145817.25073309,1,1.0
219,15,1,3,71984708.44197066,1,1.0
219,15,2,8,56294170.566949055,1,1.0
219,15,3,10,126694842.32262029,1,1.0
219,16,0,2,79962348.5683836,1,1.0
219,16,1,3,75549987.51016653,1,1.0
219,16,2,8,64418320.442404315,1,1.0
219,16,3,10,83864219.08472285,1,1.0
219,17,0,2,67323185.11429028,1,1.0
219,17,1,3,81121245.18544218,1,1.0
219,17,2,8,64604192.00882447,1,1.0
219,17,3,11,76255452.7672759,1,1.0
219,18,0,2,101289907.82268982,1,1.0
219,18,1,4,73669167.85497078,1,1.0
219,18,2,8,70316226.7699112,1,1.0
219,18,3,11,71912600.41126479,1,1.0
219,19,0,2,75786734.82468723,1,1.0
219,19,1,4,72735423.87770814,1,1.0
219,19,2,6,63490254.852752104,1,1.0
219,19,3,10,85116697.8499263,1,1.0
219,20,0,2,59892203.3727607,1,1.0
219,20,1,4,66371983.194858655,1,1.0
219,20,2,7,53005963.20995951,1,1.0
219,20,3,10,77615617.42472187,1,1.0
219,21,0,2,79945887.78648685,1,1.0
219,21,1,3,64677005.39628831,1,1.0
219,21,2,8,74732508.82585666,1,1.0
219,21,3,10,78666676.43910731,1,1.0
219,22,0,2,70929204.73738837,1,1.0
219,22,1,4,69047229.72384818,1,1.0
219,22,2,8,71453514.61944036,1,1.0
219,22,3,10,80720824.29017787,1,1.0
219,23,0,2,81482378.95831971,1,1.0
219,23,1,3,63789071.88117485,1,1.0
219,23,2,6,58050145.85077572,1,1.0
219,23,3,10,75709803.47250561,1,1.0
220,0,0,2,58692258.945798516,1,1.0
220,0,1,4,66815578.10366766,1,1.0
220,0,2,8,77563876.07924536,1,1.0
220,0,3,10,86156609.05455458,1,1.0
220,1,0,0,61502597.986994095,1,1.0
220,1,1,3,74738096.35425389,1,1.0
220,1,2,7,67083457.61679201,1,1.0
220,1,3,10,67357531.1711222,1,1.0
220,2,0,0,92243968.78729042,1,1.0
220,2,1,3,67042237.05945359,1,1.0
220,2,2,7,66179195.84225372,1,1.0
220,2,3,11,70288116.58017638,1,1.0
220,3,0,2,62324066.61420296,1,1.0
220,3,1,3,75805994.5885141,1,1.0
220,3,2,8,86896853.50298513,1,1.0
220,3,3,11,85579352.49353677,1,1.0
220,4,0,1,67146150.84758873,1,1.0
220,4,1,3,71775508.92873822,1,1.0
220,4,2,7,72104254.34628358,1,1.0
220,4,3,10,76164630.08964585,1,1.0
220,5,0,2,73279955.05958952,1,1.0
220,5,1,4,58660465.3639907,1,1.0
220,5,2,7,69342561.65701859,1,1.0
220,5,3,11,68386612.4776643,1,1.0
220,6,0,2,74156509.84487556,1,1.0
220,6,1,3,70952634.17267679,1,1.0
220,6,2,8,95392799.18541995,1,1.0
220,6,3,10,82587898.24759313,1,1.0
220,7,0,2,76418450.1116345,1,1.0
220,7,1,3,75840065.8094564,1,1.0
220,7,2,8,83910495.05823794,1,1.0
220,7,3,11,67834042.76593345,1,1.0
220,8,0,2,84441758.45355485,1,1.0
220,8,1,3,70981214.02686794,1,1.0
220,8,2,8,59757572.15801579,1,1.0
220,8,3,10,87974574.12989122,1,1.0
220,9,0,2,85641150.42809951,1,1.0
220,9,1,3,62994235.27312896,1,1.0
220,9,2,8,68982800.49702673,1,1.0
220,9,3,10,86070413.20827404,1,1.0
220,10,0,2,76241602.9714331,1,1.0
220,10,1,3,91755143.53243886,1,1.0
220,10,2,8,64437465.106201105,1,1.0
220,10,3,10,69712069.949481,1,1.0
220,11,0,2,71923729.16786388,1,1.0
220,11,1,4,70109560.04388665,1,1.0
220,11,2,8,74470691.53608128,1,1.0
220,11,3,10,80387297.8363053,1,1.0
220,12,0,0,68626801.34662096,1,1.0
220,12,1,4,59190170.892254055,1,1.0
220,12,2,8,66852079.41058372,1,1.0
220,12,3,10,101353707.32737482,1,1.0
220,13,0,2,76114693.90981013,1,1.0
220,13,1,4,84616981.85364486,1,1.0
220,13,2,8,80260905.92448871,1,1.0
220,13,3,10,81393222.19000514,1,1.0
220,14,0,2,72829648.60715744,1,1.0
220,14,1,4,60600166.9914668,1,1.0
220,14,2,6,63155349.43502439,1,1.0
220,14,3,10,109779319.50657715,1,1.0
220,15,0,2,63698119.177331716,1,1.0
220,15,1,3,73663571.45331317,1,1.0
220,15,2,8,72908918.47257085,1,1.0
220,15,3,10,57327051.13116426,1,1.0
220,16,0,2,71124388.33165845,1,1.0
220,16,1,4,78873843.87091298,1,1.0
220,16,2,7,63090687.58070749,1,1.0
220,16,3,10,104546587.60994545,1,1.0
220,17,0,2,75423176.41969474,1,1.0
220,17,1,3,64839109.07123106,1,1.0
220,17,2,7,61770629.507628754,1,1.0
220,17,3,10,75652525.44282427,1,1.0
220,18,0,2,65778856.58496023,1,1.0
220,18,1,3,85737769.76111047,1,1.0
220,18,2,7,63282159.29244926,1,1.0
220,18,3,10,70277317.80334702,1,1.0
220,19,0,2,87324361.01948275,1,1.0
220,19,1,3,68004516.886713,1,1.0
220,19,2,8,71614601.75104812,1,1.0
220,19,3,10,99935738.61754632,1,1.0
220,20,0,1,64225715.53467757,1,1.0
220,20,1,3,91101528.88997589,1,1.0
220,20,2,7,76035510.81738375,1,1.0
220,20,3,11,66640546.77409621,1,1.0
220,21,0,2,80038429.58516231,1,1.0
220,21,1,3,72730180.12627858,1,1.0
220,21,2,8,64594316.92416582,1,1.0
220,21,3,10,70075540.46664529,1,1.0
220,22,0,2,77146625.10764164,1,1.0
220,22,1,4,68104854.91566797,1,1.0
220,22,2,6,54984039.68235105,1,1.0
220,22,3,10,71607378.18913169,1,1.0
220,23,0,0,66478213.665739,1,1.0
220,23,1,3,59894726.6425408,1,1.0
220,23,2,8,68293412.28903109,1,1.0
220,23,3,10,88588222.5380022,1,1.0
221,0,0,2,99484323.50972685,1,1.0
221,0,1,3,80131501.66389787,1,1.0
221,0,2,8,63264793.11262848,1,1.0
221,0,3,10,60444812.643306285,1,1.0
221,1,0,2,72009186.75219536,1,1.0
221,1,1,4,85123814.80720983,1,1.0
221,1,2,8,89901428.06666867,1,1.0
221,1,3,10,69725474.16300194,1,1.0
221,2,0,2,94015077.62182263,1,1.0
221,2,1,3,83859607.35771671,1,1.0
221,2,2,6,83955765.51076306,1,1.0
221,2,3,10,64956836.76563348,1,1.0
221,3,0,2,60012833.461780526,1,1.0
221,3,1,3,69257139.11203323,1,1.0
221,3,2,8,63036556.04479644,1,1.0
221,3,3,10,85634933.28249693,1,1.0
221,4,0,2,57585553.9524088,1,1.0
221,4,1,4,67585063.54435988,1,1.0
221,4,2,8,65967151.42133691,1,1.0
221,4,3,11,64299183.70933889,1,1.0
221,5,0,2,66031562.8534352,1,1.0
221,5,1,4,58116514.08618283,1,1.0
221,5,2,7,70387467.44055414,1,1.0
221,5,3,11,67795457.8495417,1,1.0
221,6,0,1,63591244.12356595,1,1.0
221,6,1,4,83931231.34024575,1,1.0
221,6,2,6,55281471.805205576,1,1.0
221,6,3,10,62962964.13907096,1,1.0
221,7,0,2,82882934.29187582,1,1.0
221,7,1,3,66138918.379696816,1,1.0
221,7,2,7,62937164.8095087,1,1.0
221,7,3,10,101103714.01721905,1,1.0
221,8,0,0,64469667.443889104,1,1.0
221,8,1,4,63378596.04545023,1,1.0
221,8,2,8,77877878.6077418,1,1.0
221,8,3,10,93109997.59882708,1,1.0
221,9,0,0,63931246.62321304,1,1.0
221,9,1,4,56219777.477715075,1,1.0
221,9,2,7,60243377.30329137,1,1.0
221,9,3,10,68907590.3196559,1,1.0
221,10,0,0,72209479.10924357,1,1.0
221,10,1,3,57216964.67519646,1,1.0
221,10,2,8,71209469.97793278,1,1.0
221,10,3,10,84208235.54225305,1,1.0
221,11,0,2,84253821.29658484,1,1.0
221,11,1,3,75353767.66339277,1,1.0
221,11,2,8,58316524.362791196,1,1.0
221,11,3,10,97390435.76308326,1,1.0
221,12,0,2,72247043.8257666,1,1.0
221,12,1,4,74481667.02286644,1,1.0
221,12,2,8,67518400.77537161,1,1.0
221,12,3,10,74340126.25090766,1,1.0
221,13,0,1,80532747.56624189,1,1.0
221,13,1,3,106100657.820993,1,1.0
221,13,2,8,55124671.24149646,1,1.0
221,13,3,10,91994414.62720333,1,1.0
221,14,0,2,61000413.78048981,1,1.0
221,14,1,4,59654654.31301257,1,1.0
221,14,2,8,65538068.93735283,1,1.0
221,14,3,11,73051962.93542571,1,1.0
221,15,0,2,97645302.6476159,1,1.0
221,15,1,3,80421138.84373057,1,1.0
221,15,2,8,75770629.41100821,1,1.0
221,15,3,10,67495331.35345207,1,1.0
221,16,0,2,67639160.60419784,1,1.0
221,16,1,3,81165877.29619555,1,1.0
221,16,2,8,66081042.051115595,1,1.0
221,16,3,10,68155180.88633972,1,1.0
221,17,0,2,65429644.78960833,1,1.0
221,17,1,4,67327231.9444114,1,1.0
221,17,2,8,67678468.89949134,1,1.0
221,17,3,10,111365295.97257474,1,1.0
221,18,0,2,56524678.76556918,1,1.0
221,18,1,3,80492984.90787393,1,1.0
221,18,2,8,59916159.66942269,1,1.0
221,18,3,10,82823653.49529831,1,1.0
221,19,0,2,99709245.6755757,1,1.0
221,19,1,3,71129181.6958626,1,1.0
221,19,2,8,86422753.87029502,1,1.0
221,19,3,10,72550220.18769191,1,1.0
221,20,0,0,60170801.79909746,1,1.0
221,20,1,3,74618353.53390324,1,1.0
221,20,2,8,66952915.940985516,1,1.0
221,20,3,11,68759221.43217972,1,1.0
221,21,0,2,82571300.23665792,1,1.0
221,21,1,3,74261124.18775664,1,1.0
221,21,2,8,69535945.96867913,1,1.0
221,21,3,10,110003538.3991966,1,1.0
221,22,0,2,67750291.47855149,1,1.0
221,22,1,4,70256856.92074922,1,1.0
221,22,2,7,53781229.57642336,1,1.0
221,22,3,10,92837706.15743779,1,1.0
221,23,0,0,70408913.38388036,1,1.0
221,23,1,3,61196762.754733324,1,1.0
221,23,2,6,59855352.162427105,1,1.0
221,23,3,10,76919763.81909093,1,1.0
222,0,0,2,97447385.44927926,1,1.0
222,0,1,3,79430719.76419781,1,1.0
222,0,2,8,66681264.37371798,1,1.0
222,0,3,10,78010652.1519925,1,1.0
222,1,0,2,59295366.38445263,1,1.0
222,1,1,3,73469328.91742137,1,1.0
222,1,2,8,62593102.923170894,1,1.0
222,1,3,11,73661637.48697917,1,1.0
222,2,0,2,73528640.83366318,1,1.0
222,2,1,3,73425608.84846558,1,1.0
222,2,2,7,64734274.81431181,1,1.0
222,2,3,10,73806772.34435949,1,1.0
222,3,0,2,82000782.82893556,1,1.0
222,3,1,4,71073068.78097396,1,1.0
222,3,2,8,57511072.067330554,1,1.0
222,3,3,10,61448652.26354156,1,1.0
222,4,0,2,87063581.18201135,1,1.0
222,4,1,3,71670486.27013399,1,1.0
222,4,2,8,85464168.62165894,1,1.0
222,4,3,10,65896930.55805263,1,1.0
222,5,0,2,104164467.54107651,1,1.0
222,5,1,4,62405643.350778945,1,1.0
222,5,2,8,80838279.17366326,1,1.0
222,5,3,10,90761974.96823123,1,1.0
222,6,0,2,80097715.8181805,1,1.0
222,6,1,3,84075390.00756975,1,1.0
222,6,2,8,64036495.46535995,1,1.0
222,6,3,11,68636605.0549348,1,1.0
222,7,0,2,77555134.75527158,1,1.0
222,7,1,4,67992327.41875961,1,1.0
222,7,2,8,62773197.43896588,1,1.0
222,7,3,10,78724543.32149993,1,1.0
222,8,0,2,76698460.34172441,1,1.0
222,8,1,3,66955555.21609269,1,1.0
222,8,2,8,64375187.67287825,1,1.0
222,8,3,10,78108743.83308378,1,1.0
222,9,0,2,60885934.78745576,1,1.0
222,9,1,3,71021305.16751601,1,1.0
222,9,2,8,55458514.25778993,1,1.0
222,9,3,10,74844415.83898346,1,1.0
222,10,0,0,66212281.04440994,1,1.0
222,10,1,3,67068532.80529168,1,1.0
222,10,2,6,63679581.57186683,1,1.0
222,10,3,11,77637546.61761014,1,1.0
222,11,0,2,102116764.07066554,1,1.0
222,11,1,3,67689737.12389852,1,1.0
222,11,2,6,54382282.75186957,1,1.0
222,11,3,11,68861414.87362918,1,1.0
222,12,0,2,66624309.549839176,1,1.0
222,12,1,3,73293487.24705501,1,1.0
222,12,2,7,56885372.90774991,1,1.0
222,12,3,10,84379187.16446818,1,1.0
222,13,0,2,80282841.52953963,1,1.0
222,13,1,3,78322740.41023296,1,1.0
222,13,2,8,62475442.493658096,1,1.0
222,13,3,10,74370756.00542338,1,1.0
222,14,0,2,71573248.84323362,1,1.0
222,14,1,3,84505625.46288233,1,1.0
222,14,2,8,53606184.16541328,1,1.0
222,14,3,10,95827339.27525224,1,1.0
222,15,0,2,68153761.151124,1,1.0
222,15,1,4,68527806.28875636,1,1.0
222,15,2,8,79662211.08999357,1,1.0
222,15,3,10,81091536.26989587,1,1.0
222,16,0,2,83423456.53892702,1,1.0
222,16,1,4,60480792.590139106,1,1.0
222,16,2,6,66810408.180005364,1,1.0
222,16,3,10,66972475.05411671,1,1.0
222,17,0,1,64950435.508059874,1,1.0
222,17,1,3,70543228.29464407,1,1.0
222,17,2,8,64926893.610031545,1,1.0
222,17,3,10,79551606.32695611,1,1.0
222,18,0,2,60026254.797873355,1,1.0
222,18,1,3,64540198.706855044,1,1.0
222,18,2,8,61724272.879180275,1,1.0
222,18,3,10,81596382.6190671,1,1.0
222,19,0,2,81762416.32684667,1,1.0
222,19,1,3,76699536.7868557,1,1.0
222,19,2,8,73034317.52271639,1,1.0
222,19,3,10,68046097.18076408,1,1.0
222,20,0,2,85919241.1318371,1,1.0
222,20,1,3,69618639.31134841,1,1.0
222,20,2,8,59067454.077814065,1,1.0
222,20,3,10,85532274.26399247,1,1.0
222,21,0,2,67343063.57358973,1,1.0
222,21,1,3,85850797.08356111,1,1.0
222,21,2,8,64259876.83283796,1,1.0
222,21,3,10,100135203.48519751,1,1.0
222,22,0,2,64154251.828596815,1,1.0
222,22,1,4,64717527.38275469,1,1.0
222,22,2,8,90481351.269794,1,1.0
222,22,3,10,80337929.69264892,1,1.0
222,23,0,2,68306954.41069484,1,1.0
222,23,1,3,72015681.35203063,1,1.0
222,23,2,8,82646128.65663545,1,1.0
222,23,3,10,76400196.07561114,1,1.0
223,0,0,2,59562561.27401347,1,1.0
223,0,1,3,77891571.23759088,1,1.0
223,0,2,8,67838396.65481807,1,1.0
223,0,3,10,78166323.00411455,1,1.0
223,1,0,2,78604712.59040505,1,1.0
223,1,1,3,65985279.35643621,1,1.0
223,1,2,8,61397911.479929656,1,1.0
223,1,3,10,65556124.791014336,1,1.0
223,2,0,2,65362165.91944259,1,1.0
223,2,1,3,93974382.6825581,1,1.0
223,2,2,7,77315070.21446823,1,1.0
223,2,3,11,69555229.97695935,1,1.0
223,3,0,2,93652619.3599585,1,1.0
223,3,1,4,69571412.611581,1,1.0
223,3,2,8,72151742.35022315,1,1.0
223,3,3,10,98496129.93076849,1,1.0
223,4,0,2,61324593.733292155,1,1.0
223,4,1,3,83570824.0882559,1,1.0
223,4,2,7,58691198.923752025,1,1.0
223,4,3,10,82954900.64900385,1,1.0
223,5,0,2,66604330.78001739,1,1.0
223,5,1,3,85941750.1325856,1,1.0
223,5,2,8,74381587.44167256,1,1.0
223,5,3,11,78739848.52608886,1,1.0
223,6,0,2,63859859.53886594,1,1.0
223,6,1,4,82411754.17730714,1,1.0
223,6,2,8,62631930.16941908,1,1.0
223,6,3,11,73760462.7420163,1,1.0
223,7,0,2,69385294.19225481,1,1.0
223,7,1,3,73790943.24234878,1,1.0
223,7,2,8,66504546.33585686,1,1.0
223,7,3,10,92297724.28171445,1,1.0
223,8,0,2,54541979.91278413,1,1.0
223,8,1,3,72074796.41656896,1,1.0
223,8,2,8,75769763.19331269,1,1.0
223,8,3,10,70428710.86221981,1,1.0
223,9,0,2,71061025.62176935,1,1.0
223,9,1,3,93647971.9727691,1,1.0
223,9,2,8,67883278.99744992,1,1.0
223,9,3,10,71172869.47173755,1,1.0
223,10,0,2,76010928.61740781,1,1.0
223,10,1,4,63208771.4182141,1,1.0
223,10,2,8,68591427.12222794,1,1.0
223,10,3,10,79570686.4996946,1,1.0
223,11,0,2,83359079.79507758,1,1.0
223,11,1,4,72284217.07487626,1,1.0
223,11,2,8,78231332.1099587,1,1.0
223,11,3,10,75878595.32175565,1,1.0
223,12,0,2,81071243.82752702,1,1.0
223,12,1,4,67454310.29267853,1,1.0
223,12,2,8,72641898.46992679,1,1.0
223,12,3,10,87414100.22614425,1,1.0
223,13,0,2,66334791.10330581,1,1.0
223,13,1,4,70457141.72015525,1,1.0
223,13,2,8,57941536.0741506,1,1.0
223,13,3,10,75165354.54100592,1,1.0
223,14,0,2,82527969.82950205,1,1.0
223,14,1,3,75834612.3703403,1,1.0
223,14,2,8,65298310.29790936,1,1.0
223,14,3,10,102420478.54702179,1,1.0
223,15,0,2,66201212.439146996,1,1.0
223,15,1,4,78264372.86665067,1,1.0
223,15,2,8,70178023.36012067,1,1.0
223,15,3,10,84900929.38447176,1,1.0
223,16,0,2,77065355.61330411,1,1.0
223,16,1,3,59787697.74098124,1,1.0
223,16,2,6,76053964.89145859,1,1.0
223,16,3,11,69327997.60984023,1,1.0
223,17,0,2,72043018.10662098,1,1.0
223,17,1,3,79131777.5317854,1,1.0
223,17,2,6,69243280.19456227,1,1.0
223,17,3,10,91731147.1545001,1,1.0
223,18,0,2,71304760.67629437,1,1.0
223,18,1,4,65491668.02419165,1,1.0
223,18,2,8,86197428.73272589,1,1.0
223,18,3,10,91317200.96549359,1,1.0
223,19,0,2,71300512.72821112,1,1.0
223,19,1,4,70620176.33367565,1,1.0
223,19,2,8,81479106.90796132,1,1.0
223,19,3,11,62221439.96912392,1,1.0
223,20,0,2,63205392.12400942,1,1.0
223,20,1,3,88942601.7437303,1,1.0
223,20,2,8,56104070.23100363,1,1.0
223,20,3,10,95522130.8428993,1,1.0
223,21,0,0,58657585.91345277,1,1.0
223,21,1,3,82039431.5234795,1,1.0
223,21,2,8,62901893.87422586,1,1.0
223,21,3,10,86481972.48984408,1,1.0
223,22,0,2,66964051.79139215,1,1.0
223,22,1,3,92845032.40590355,1,1.0
223,22,2,8,66097627.96172833,1,1.0
223,22,3,10,68599290.51551956,1,1.0
223,23,0,0,69988583.38455027,1,1.0
223,23,1,4,67189778.46905807,1,1.0
223,23,2,7,69873691.57995225,1,1.0
223,23,3,11,73449906.4580217,1,1.0
224,0,0,2,71689244.05456573,1,1.0
224,0,1,3,85102835.41252367,1,1.0
224,0,2,8,57627828.18654244,1,1.0
224,0,3,10,70453395.34499915,1,1.0
224,1,0,2,94398370.4745451,1,1.0
224,1,1,4,78970106.50979248,1,1.0
224,1,2,8,61030425.78420188,1,1.0
224,1,3,10,56290094.99261263,1,1.0
224,2,0,2,60566542.352757104,1,1.0
224,2,1,3,84167663.77883834,1,1.0
224,2,2,8,57139482.45477198,1,1.0
224,2,3,10,87935457.31550974,1,1.0
224,3,0,2,61981087.76001102,1,1.0
224,3,1,3,85935414.16677208,1,1.0
224,3,2,8,66384076.54383519,1,1.0
224,3,3,11,61626154.43917117,1,1.0
224,4,0,2,62827878.88077615,1,1.0
224,4,1,3,66789143.632238336,1,1.0
224,4,2,8,96515458.50665951,1,1.0
224,4,3,11,79290315.9034137,1,1.0
224,5,0,2,82711160.81636268,1,1.0
224,5,1,3,68011309.2680307,1,1.0
224,5,2,6,56496989.87233156,1,1.0
224,5,3,10,82948548.90727146,1,1.0
224,6,0,2,55686586.35507697,1,1.0
224,6,1,3,68327894.96841535,1,1.0
224,6,2,8,77286626.08447312,1,1.0
224,6,3,10,65377854.80131464,1,1.0
224,7,0,2,94841300.05152796,1,1.0
224,7,1,3,65451398.455247104,1,1.0
224,7,2,6,69309421.42929634,1,1.0
224,7,3,10,78612459.08750021,1,1.0
224,8,0,2,95114444.99717318,1,1.0
224,8,1,4,74230119.94883215,1,1.0
224,8,2,8,64914714.514123216,1,1.0
224,8,3,10,81915958.92268182,1,1.0
224,9,0,2,100947587.35080269,1,1.0
224,9,1,3,77844258.72467794,1,1.0
224,9,2,7,63756005.29868674,1,1.0
224,9,3,10,85129564.0355759,1,1.0
224,10,0,2,72022618.60885032,1,1.0
224,10,1,3,64902755.18362883,1,1.0
224,10,2,8,60241469.384895444,1,1.0
224,10,3,10,77194676.30297711,1,1.0
224,11,0,1,53493675.82259579,1,1.0
224,11,1,3,67736016.83160052,1,1.0
224,11,2,7,55848308.34541074,1,1.0
224,11,3,11,74632122.77125396,1,1.0
224,12,0,2,67123452.47864482,1,1.0
224,12,1,4,77103795.31157282,1,1.0
224,12,2,8,66760442.54728432,1,1.0
224,12,3,10,67831508.42184252,1,1.0
224,13,0,2,66237101.68361362,1,1.0
224,13,1,3,75335870.4496463,1,1.0
224,13,2,8,99865536.73388201,1,1.0
224,13,3,10,62614299.92871764,1,1.0
224,14,0,2,61844168.59137745,1,1.0
224,14,1,3,80804581.47762413,1,1.0
224,14,2,8,68801712.85867378,1,1.0
224,14,3,10,69690064.88613965,1,1.0
224,15,0,2,64925385.145666,1,1.0
224,15,1,3,76250496.00273867,1,1.0
224,15,2,8,56790124.78346342,1,1.0
224,15,3,10,78077308.38204777,1,1.0
224,16,0,0,63413005.16118967,1,1.0
224,16,1,3,81257131.99021633,1,1.0
224,16,2,8,68588931.1453303,1,1.0
224,16,3,11,64741189.67463013,1,1.0
224,17,0,2,92600742.42113829,1,1.0
224,17,1,3,67218078.26438317,1,1.0
224,17,2,8,60778920.47273533,1,1.0
224,17,3,10,89403616.17311323,1,1.0
224,18,0,2,71725497.19038768,1,1.0
224,18,1,3,85389619.851926,1,1.0
224,18,2,8,77809419.59112562,1,1.0
224,18,3,10,71586177.1593832,1,1.0
224,19,0,2,101120091.60463436,1,1.0
224,19,1,4,58226394.27341512,1,1.0
224,19,2,8,70930392.12546016,1,1.0
224,19,3,11,75789573.65845343,1,1.0
224,20,0,2,62659550.29805912,1,1.0
224,20,1,3,75526643.86067979,1,1.0
224,20,2,8,83218440.32071865,1,1.0
224,20,3,10,80664426.24975139,1,1.0
224,21,0,2,72781031.67084222,1,1.0
224,21,1,4,69593194.48176399,1,1.0
224,21,2,8,99960452.90559827,1,1.0
224,21,3,10,75618914.39781459,1,1.0
224,22,0,2,53089548.72735922,1,1.0
224,22,1,3,75790815.23712409,1,1.0
224,22,2,6,58258224.27257547,1,1.0
224,22,3,11,82932514.46351257,1,1.0
224,23,0,0,57399835.58410261,1,1.0
224,23,1,3,73073775.19976701,1,1.0
224,23,2,6,55569616.5929934,1,1.0
224,23,3,11,68000540.2842862,1,1.0
225,0,0,2,67447266.6060239,1,1.0
225,0,1,3,56811020.40938809,1,1.0
225,0,2,7,67848811.3008826,1,1.0
225,0,3,10,91736114.51034531,1,1.0
225,1,0,2,95763186.83385046,1,1.0
225,1,1,3,110045215.65672539,1,1.0
225,1,2,8,56835882.89674922,1,1.0
225,1,3,10,85182122.01176235,1,1.0
225,2,0,2,66150616.010793634,1,1.0
225,2,1,3,67352741.08911158,1,1.0
225,2,2,8,68163945.84591636,1,1.0
225,2,3,10,68161306.16742125,1,1.0
225,3,0,2,81537813.6781046,1,1.0
225,3,1,3,80088200.73770572,1,1.0
225,3,2,8,65495758.30627956,1,1.0
225,3,3,10,67530775.9420138,1,1.0
225,4,0,2,61756898.19391585,1,1.0
225,4,1,3,68940282.39532706,1,1.0
225,4,2,8,59199011.38938554,1,1.0
225,4,3,10,84834607.7496467,1,1.0
225,5,0,2,119669785.22798413,1,1.0
225,5,1,3,59158023.24227608,1,1.0
225,5,2,6,62793929.17608958,1,1.0
225,5,3,10,75333971.66352019,1,1.0
225,6,0,2,61852889.02927231,1,1.0
225,6,1,3,94070124.2405809,1,1.0
225,6,2,8,73245154.43928696,1,1.0
225,6,3,11,73038939.01996115,1,1.0
225,7,0,2,83124674.1393666,1,1.0
225,7,1,4,68355211.94267958,1,1.0
225,7,2,8,86801037.4659772,1,1.0
225,7,3,11,76495193.45454033,1,1.0
225,8,0,2,77944984.70991687,1,1.0
225,8,1,3,71112798.87436174,1,1.0
225,8,2,6,64356153.57916685,1,1.0
225,8,3,11,64640992.362002864,1,1.0
225,9,0,2,71614138.90981264,1,1.0
225,9,1,4,82826098.93229955,1,1.0
225,9,2,8,95108568.12655702,1,1.0
225,9,3,11,82948004.12035869,1,1.0
225,10,0,2,66192240.15401988,1,1.0
225,10,1,3,59909876.28016553,1,1.0
225,10,2,8,71489828.53842062,1,1.0
225,10,3,10,80471693.30580334,1,1.0
225,11,0,1,60291070.25477908,1,1.0
225,11,1,3,69852525.51386309,1,1.0
225,11,2,8,67043948.34302484,1,1.0
225,11,3,10,66510382.56957376,1,1.0
225,12,0,2,71815718.57633127,1,1.0
225,12,1,3,58222317.23929921,1,1.0
225,12,2,6,65389867.66246699,1,1.0
225,12,3,11,70602057.39791487,1,1.0
225,13,0,2,67958253.67368388,1,1.0
225,13,1,4,63388052.608655974,1,1.0
225,13,2,8,69083081.39092122,1,1.0
225,13,3,10,65021848.39832053,1,1.0
225,14,0,2,85249668.78623559,1,1.0
225,14,1,3,69408212.69898063,1,1.0
225,14,2,8,79512161.22571672,1,1.0
225,14,3,10,88343692.60791275,1,1.0
225,15,0,2,67294090.40019043,1,1.0
225,15,1,4,63078759.25571192,1,1.0
225,15,2,6,63258881.36418032,1,1.0
225,15,3,10,107319977.66822305,1,1.0
225,16,0,2,69065850.18871598,1,1.0
225,16,1,3,84814766.53385425,1,1.0
225,16,2,8,54675413.964400016,1,1.0
225,16,3,10,66576749.077637725,1,1.0
225,17,0,2,67067334.951116696,1,1.0
225,17,1,3,86745121.25455412,1,1.0
225,17,2,8,77962293.21892814,1,1.0
225,17,3,10,64317564.47780077,1,1.0
225,18,0,1,54307720.8541874,1,1.0
225,18,1,3,66811541.51310686,1,1.0
225,18,2,8,80229192.93212892,1,1.0
225,18,3,10,67019872.55418514,1,1.0
225,19,0,2,84851597.39082593,1,1.0
225,19,1,4,66296885.340826124,1,1.0
225,19,2,8,68861859.78134221,1,1.0
225,19,3,10,66553815.35597141,1,1.0
225,20,0,2,75267270.79000853,1,1.0
225,20,1,3,68550060.90353756,1,1.0
225,20,2,8,59333328.80102659,1,1.0
225,20,3,11,77514394.47881974,1,1.0
225,21,0,2,76794219.08766425,1,1.0
225,21,1,3,74668997.05047984,1,1.0
225,21,2,8,71858727.17780006,1,1.0
225,21,3,10,103664810.02611437,1,1.0
225,22,0,1,58037930.00638526,1,1.0
225,22,1,4,75523174.45375788,1,1.0
225,22,2,7,62014026.27961557,1,1.0
225,22,3,11,62913427.94939054,1,1.0
225,23,0,2,75609557.6658348,1,1.0
225,23,1,4,81672717.991216,1,1.0
225,23,2,8,68344471.66756918,1,1.0
225,23,3,11,73203222.61680867,1,1.0
226,0,0,2,65402736.72688409,1,1.0
226,0,1,3,86806960.88823617,1,1.0
226,0,2,8,87755043.88113663,1,1.0
226,0,3,10,90066439.25500719,1,1.0
226,1,0,2,63357888.37496093,1,1.0
226,1,1,3,76966707.29448707,1,1.0
226,1,2,8,62198313.1425778,1,1.0
226,1,3,10,82167406.86173335,1,1.0
226,2,0,2,63685411.976509996,1,1.0
226,2,1,3,74480294.87758914,1,1.0
226,2,2,7,55163110.87970705,1,1.0
226,2,3,10,75737862.12819763,1,1.0
226,3,0,2,60760939.99153889,1,1.0
226,3,1,3,82574804.30651008,1,1.0
226,3,2,8,62706271.11727126,1,1.0
226,3,3,10,82748767.82119645,1,1.0
226,4,0,2,75887066.93100595,1,1.0
226,4,1,3,81716553.26444611,1,1.0
226,4,2,8,74082756.48267601,1,1.0
226,4,3,10,71421186.79699194,1,1.0
226,5,0,2,81069424.20902324,1,1.0
226,5,1,4,70031663.13562894,1,1.0
226,5,2,7,77911075.49699408,1,1.0
226,5,3,10,79306415.63389055,1,1.0
226,6,0,2,81890637.94133013,1,1.0
226,6,1,4,61905692.31867478,1,1.0
226,6,2,8,76840988.49657156,1,1.0
226,6,3,10,71157605.86401823,1,1.0
226,7,0,2,86102575.91553506,1,1.0
226,7,1,3,69682129.59397438,1,1.0
226,7,2,8,72199121.67410459,1,1.0
226,7,3,11,72336808.16531168,1,1.0
226,8,0,2,65224794.0453939,1,1.0
226,8,1,4,67399095.24456261,1,1.0
226,8,2,8,73162888.92373279,1,1.0
226,8,3,10,84000736.39829312,1,1.0
226,9,0,2,86357132.59492877,1,1.0
226,9,1,3,64848876.80965313,1,1.0
226,9,2,8,86128959.65151706,1,1.0
226,9,3,10,92540723.99489744,1,1.0
226,10,0,2,68090492.48683654,1,1.0
226,10,1,3,67008573.41195849,1,1.0
226,10,2,6,52657353.511707485,1,1.0
226,10,3,10,82072469.34412427,1,1.0
226,11,0,2,89495073.54403134,1,1.0
226,11,1,3,79453051.66049008,1,1.0
226,11,2,8,66069738.96658172,1,1.0
226,11,3,11,61798637.10021824,1,1.0
226,12,0,2,70469686.95889246,1,1.0
226,12,1,3,90266567.97893733,1,1.0
226,12,2,7,61432822.88552453,1,1.0
226,12,3,11,63938356.21710768,1,1.0
226,13,0,2,78535952.46150498,1,1.0
226,13,1,3,68840003.49956718,1,1.0
226,13,2,7,72340240.0806585,1,1.0
226,13,3,10,86835203.62235448,1,1.0
226,14,0,2,66821881.28654465,1,1.0
226,14,1,3,76232936.10417792,1,1.0
226,14,2,7,66030238.828015715,1,1.0
226,14,3,10,70290423.3384304,1,1.0
226,15,0,0,75484249.14191468,1,1.0
226,15,1,3,72512786.68724562,1,1.0
226,15,2,7,69016745.11116062,1,1.0
226,15,3,11,92738662.4749306,1,1.0
226,16,0,2,64456687.23150848,1,1.0
226,16,1,4,86431101.97719805,1,1.0
226,16,2,8,69132943.41687109,1,1.0
226,16,3,10,82328723.70932432,1,1.0
226,17,0,2,73775984.42062874,1,1.0
226,17,1,3,100280901.15611255,1,1.0
226,17,2,7,59656537.24823741,1,1.0
226,17,3,10,70570488.39557992,1,1.0
226,18,0,2,94822665.46192801,1,1.0
226,18,1,3,76589529.33261736,1,1.0
226,18,2,8,80133866.78586254,1,1.0
226,18,3,11,68052705.67919007,1,1.0
226,19,0,2,72095397.51773067,1,1.0
226,19,1,3,79092251.93870734,1,1.0
226,19,2,7,66850759.114251964,1,1.0
226,19,3,11,74984924.25390849,1,1.0
226,20,0,2,100864569.63801593,1,1.0
226,20,1,3,91553329.78993326,1,1.0
226,20,2,8,77454634.05687004,1,1.0
226,20,3,11,65077148.15970663,1,1.0
226,21,0,2,86758076.7835876,1,1.0
226,21,1,3,72709797.56519663,1,1.0
226,21,2,8,64848905.51907372,1,1.0
226,21,3,11,66325557.32693015,1,1.0
226,22,0,2,72902685.70384678,1,1.0
226,22,1,3,62090441.891000524,1,1.0
226,22,2,7,71514865.99242225,1,1.0
226,22,3,11,81119219.47084591,1,1.0
226,23,0,2,66560048.035837,1,1.0
226,23,1,3,107265884.48648751,1,1.0
226,23,2,8,84131688.24395163,1,1.0
226,23,3,10,70546450.95038605,1,1.0
227,0,0,2,83820186.4429314,1,1.0
227,0,1,3,80976967.6540596,1,1.0
227,0,2,8,84074696.11542867,1,1.0
227,0,3,10,96784662.32425767,1,1.0
227,1,0,2,82812548.73923066,1,1.0
227,1,1,3,87470204.01990996,1,1.0
227,1,2,8,55546519.5602713,1,1.0
227,1,3,11,64322902.606386885,1,1.0
227,2,0,2,71710587.56891115,1,1.0
227,2,1,3,61770901.372078136,1,1.0
227,2,2,8,69430370.20457332,1,1.0
227,2,3,10,100484691.6357087,1,1.0
227,3,0,0,65217515.83376328,1,1.0
227,3,1,3,59738295.988472864,1,1.0
227,3,2,8,93708072.78176163,1,1.0
227,3,3,10,84621620.52774888,1,1.0
227,4,0,2,69670339.84073082,1,1.0
227,4,1,4,110714164.78862444,1,1.0
227,4,2,6,64108806.45700181,1,1.0
227,4,3,10,78333555.60129848,1,1.0
227,5,0,2,83189205.00968386,1,1.0
227,5,1,4,73408429.19487381,1,1.0
227,5,2,8,79383839.82989019,1,1.0
227,5,3,11,64647736.87280598,1,1.0
227,6,0,1,61200546.707604416,1,1.0
227,6,1,4,66358467.751449466,1,1.0
227,6,2,7,66824554.69161741,1,1.0
227,6,3,10,74329697.65993638,1,1.0
227,7,0,2,70500895.23651667,1,1.0
227,7,1,3,64953996.966263205,1,1.0
227,7,2,6,58279106.59790216,1,1.0
227,7,3,10,81988121.25030133,1,1.0
227,8,0,1,70413109.37140344,1,1.0
227,8,1,3,73851081.12658761,1,1.0
227,8,2,8,75684307.4396204,1,1.0
227,8,3,10,89407869.48253107,1,1.0
227,9,0,2,86266315.46529366,1,1.0
227,9,1,4,64379917.93167172,1,1.0
227,9,2,6,60393086.2681492,1,1.0
227,9,3,10,93928320.22066633,1,1.0
227,10,0,2,66582029.245232835,1,1.0
227,10,1,3,60681970.312578365,1,1.0
227,10,2,8,90969845.24649604,1,1.0
227,10,3,10,91810323.91244854,1,1.0
227,11,0,2,79771549.18084775,1,1.0
227,11,1,3,70786617.06601323,1,1.0
227,11,2,8,78415287.80299886,1,1.0
227,11,3,10,83083233.216081,1,1.0
227,12,0,2,73117554.66359578,1,1.0
227,12,1,3,71196809.54551475,1,1.0
227,12,2,7,58014652.61013594,1,1.0
227,12,3,11,79197959.40943852,1,1.0
227,13,0,2,60862779.428386584,1,1.0
227,13,1,3,99675007.90834104,1,1.0
227,13,2,8,56622562.390290454,1,1.0
227,13,3,10,71176183.86879455,1,1.0
227,14,0,2,82555082.14942326,1,1.0
227,14,1,4,99635142.75764638,1,1.0
227,14,2,7,88106571.87244481,1,1.0
227,14,3,11,69732021.46487097,1,1.0
227,15,0,2,80305939.58115701,1,1.0
227,15,1,4,63278833.88845054,1,1.0
227,15,2,7,68006709.22753778,1,1.0
227,15,3,10,94202999.64072804,1,1.0
227,16,0,2,65800331.05887893,1,1.0
227,16,1,4,63561563.11442428,1,1.0
227,16,2,8,76063766.53421871,1,1.0
227,16,3,10,90168047.21007659,1,1.0
227,17,0,2,66427054.38442839,1,1.0
227,17,1,3,63294221.046664156,1,1.0
227,17,2,8,64337946.01105036,1,1.0
227,17,3,10,83672887.20171677,1,1.0
227,18,0,2,82986446.42065854,1,1.0
227,18,1,3,86067670.27376609,1,1.0
227,18,2,8,63700774.57999351,1,1.0
227,18,3,10,70697812.45989403,1,1.0
227,19,0,2,72615135.7541032,1,1.0
227,19,1,3,69240225.38869376,1,1.0
227,19,2,7,58061779.680489905,1,1.0
227,19,3,10,68873198.77500255,1,1.0
227,20,0,1,64136927.45448246,1,1.0
227,20,1,3,71186031.13362938,1,1.0
227,20,2,7,60646400.699623756,1,1.0
227,20,3,10,77699004.72345838,1,1.0
227,21,0,2,76341937.43376726,1,1.0
227,21,1,4,70175416.87355842,1,1.0
227,21,2,8,61737956.60428484,1,1.0
227,21,3,10,89190513.57484171,1,1.0
227,22,0,2,70874413.31243944,1,1.0
227,22,1,3,77831542.80243316,1,1.0
227,22,2,8,94891515.68048038,1,1.0
227,22,3,10,110816779.41955702,1,1.0
227,23,0,2,91296041.92601596,1,1.0
227,23,1,3,61688497.00184779,1,1.0
227,23,2,6,62196099.55844809,1,1.0
227,23,3,10,74549921.37242955,1,1.0
228,0,0,2,74501707.82404032,1,1.0
228,0,1,3,91719983.06470329,1,1.0
228,0,2,7,61449470.605381645,1,1.0
228,0,3,10,81851978.65478411,1,1.0
228,1,0,2,74509431.58008896,1,1.0
228,1,1,4,59456850.29953754,1,1.0
228,1,2,7,63130466.50634442,1,1.0
228,1,3,10,88557111.64725164,1,1.0
228,2,0,2,70445268.5860398,1,1.0
228,2,1,3,60596662.859637275,1,1.0
228,2,2,7,64056563.164480194,1,1.0
228,2,3,10,70275482.29398045,1,1.0
228,3,0,2,72532978.81614403,1,1.0
228,3,1,4,64080008.074726634,1,1.0
228,3,2,8,72292405.04856357,1,1.0
228,3,3,11,64147511.17993619,1,1.0
228,4,0,2,67160131.56599523,1,1.0
228,4,1,4,71841236.14865986,1,1.0
228,4,2,7,57241049.461375825,1,1.0
228,4,3,10,86820109.21373992,1,1.0
228,5,0,2,67504724.95446672,1,1.0
228,5,1,3,80565829.80306315,1,1.0
228,5,2,8,99466301.25824612,1,1.0
228,5,3,10,80944406.6128325,1,1.0
228,6,0,2,55750107.098588824,1,1.0
228,6,1,4,68397924.33146554,1,1.0
228,6,2,6,62826126.754819505,1,1.0
228,6,3,10,71867792.62952086,1,1.0
228,7,0,2,69592852.3598552,1,1.0
228,7,1,3,79002055.8802355,1,1.0
228,7,2,8,61045500.302983634,1,1.0
228,7,3,10,71205211.84655605,1,1.0
228,8,0,2,79708240.37088172,1,1.0
228,8,1,4,75528901.05826232,1,1.0
228,8,2,7,73048646.08522893,1,1.0
228,8,3,10,69279359.97321771,1,1.0
228,9,0,0,54983938.55799877,1,1.0
228,9,1,4,65028197.9029637,1,1.0
228,9,2,6,60369331.72194581,1,1.0
228,9,3,11,71886615.4131269,1,1.0
228,10,0,2,83068284.99860649,1,1.0
228,10,1,3,75390668.1860085,1,1.0
228,10,2,7,63664360.77839707,1,1.0
228,10,3,10,74723107.61269076,1,1.0
228,11,0,0,68375833.64350152,1,1.0
228,11,1,3,61612621.29557404,1,1.0
228,11,2,7,59340157.674065314,1,1.0
228,11,3,10,94095307.43740201,1,1.0
228,12,0,2,91386071.20272787,1,1.0
228,12,1,4,87300841.97590232,1,1.0
228,12,2,8,75042660.5733885,1,1.0
228,12,3,11,69553441.19530566,1,1.0
228,13,0,2,61748227.00172971,1,1.0
228,13,1,3,78014908.46014993,1,1.0
228,13,2,8,64037999.92478648,1,1.0
228,13,3,10,86448234.68456307,1,1.0
228,14,0,2,75935888.1606883,1,1.0
228,14,1,3,67037140.7796926,1,1.0
228,14,2,7,51638160.50058967,1,1.0
228,14,3,10,75430248.94844177,1,1.0
228,15,0,2,66695128.99127349,1,1.0
228,15,1,4,89101926.38691704,1,1.0
228,15,2,8,61379173.40462427,1,1.0
228,15,3,10,88831592.8354931,1,1.0
228,16,0,2,64169468.39238812,1,1.0
228,16,1,3,90925465.20909168,1,1.0
228,16,2,7,54742387.18686587,1,1.0
228,16,3,10,66321521.82145996,1,1.0
228,17,0,2,70346915.805884,1,1.0
228,17,1,3,71456253.70580426,1,1.0
228,17,2,6,62322152.747330755,1,1.0
228,17,3,11,71436346.0295228,1,1.0
228,18,0,0,63345291.22941136,1,1.0
228,18,1,3,67659783.44387032,1,1.0
228,18,2,7,59297963.621326834,1,1.0
228,18,3,10,93959413.09269512,1,1.0
228,19,0,2,62761913.04407409,1,1.0
228,19,1,3,68193844.04861821,1,1.0
228,19,2,8,71304894.7073084,1,1.0
228,19,3,10,103870529.49335729,1,1.0
228,20,0,0,72031103.22197895,1,1.0
228,20,1,4,73114829.65046059,1,1.0
228,20,2,8,76662983.91110794,1,1.0
228,20,3,10,87140303.16038923,1,1.0
228,21,0,2,81983779.51876436,1,1.0
228,21,1,3,77472391.32695514,1,1.0
228,21,2,8,66335647.78974601,1,1.0
228,21,3,10,85271689.62168413,1,1.0
228,22,0,2,60988891.8674775,1,1.0
228,22,1,4,70261178.58216539,1,1.0
228,22,2,8,95294001.32034697,1,1.0
228,22,3,10,81331411.469291,1,1.0
228,23,0,2,69542518.41054954,1,1.0
228,23,1,3,79719793.99867414,1,1.0
228,23,2,8,57030152.51975196,1,1.0
228,23,3,10,105161885.8009723,1,1.0
229,0,0,2,94249922.36443143,1,1.0
229,0,1,3,69177907.65832926,1,1.0
229,0,2,7,58180526.814450316,1,1.0
229,0,3,10,72497024.28788616,1,1.0
229,1,0,1,61987691.2973517,1,1.0
229,1,1,3,68073855.61976591,1,1.0
229,1,2,7,59841726.28013975,1,1.0
229,1,3,10,82367933.31197466,1,1.0
229,2,0,2,82035042.39966841,1,1.0
229,2,1,4,68233362.32676804,1,1.0
229,2,2,8,75626934.45061105,1,1.0
229,2,3,11,68238864.45607953,1,1.0
229,3,0,2,73256689.82445218,1,1.0
229,3,1,4,75963702.49018823,1,1.0
229,3,2,8,65130391.73359366,1,1.0
229,3,3,10,70073239.95416363,1,1.0
229,4,0,2,86649659.0588517,1,1.0
229,4,1,4,75152190.70174935,1,1.0
229,4,2,6,54738914.08290926,1,1.0
229,4,3,10,91428604.65139292,1,1.0
229,5,0,2,85172377.47325307,1,1.0
229,5,1,3,72318384.87322536,1,1.0
229,5,2,8,64185513.67513361,1,1.0
229,5,3,10,80198719.6076996,1,1.0
229,6,0,2,91602381.39917195,1,1.0
229,6,1,3,69702196.5481043,1,1.0
229,6,2,8,76592957.93613917,1,1.0
229,6,3,11,83641125.20253047,1,1.0
229,7,0,2,102791600.00810003,1,1.0
229,7,1,3,82251490.87017556,1,1.0
229,7,2,8,76802424.15023957,1,1.0
229,7,3,10,84458591.89938557,1,1.0
229,8,0,2,58279825.503839634,1,1.0
229,8,1,3,91578197.86285232,1,1.0
229,8,2,8,79452213.88533448,1,1.0
229,8,3,10,93959877.0906123,1,1.0
229,9,0,2,78209088.0890328,1,1.0
229,9,1,4,73174247.64996184,1,1.0
229,9,2,8,71109145.10936579,1,1.0
229,9,3,10,65837876.42592739,1,1.0
229,10,0,2,64338476.42190238,1,1.0
229,10,1,4,63334021.74287432,1,1.0
229,10,2,6,63940799.415268734,1,1.0
229,10,3,10,80456908.82443121,1,1.0
229,11,0,2,85750918.95951056,1,1.0
229,11,1,3,73781262.772999,1,1.0
229,11,2,8,72584082.6513594,1,1.0
229,11,3,10,78674431.79363698,1,1.0
229,12,0,2,74970357.64440545,1,1.0
229,12,1,3,86231411.55305998,1,1.0
229,12,2,8,61683272.647898026,1,1.0
229,12,3,11,67715613.02796549,1,1.0
229,13,0,0,68163380.74611554,1,1.0
229,13,1,4,96621142.17279619,1,1.0
229,13,2,8,68523413.89928262,1,1.0
229,13,3,11,73024361.08147152,1,1.0
229,14,0,2,55178446.9501027,1,1.0
229,14,1,4,64977032.26493599,1,1.0
229,14,2,8,65686993.701259986,1,1.0
229,14,3,10,72245111.48715454,1,1.0
229,15,0,2,61080873.485167116,1,1.0
229,15,1,4,68052674.24658892,1,1.0
229,15,2,7,78672391.55144735,1,1.0
229,15,3,10,82843243.83122154,1,1.0
229,16,0,2,82165514.61326732,1,1.0
229,16,1,4,64361516.34256607,1,1.0
229,16,2,7,53325817.61812363,1,1.0
229,16,3,10,101799660.29935402,1,1.0
229,17,0,2,97044538.92119123,1,1.0
229,17,1,3,57929458.20955682,1,1.0
229,17,2,8,60518082.3671493,1,1.0
229,17,3,10,97521235.42909467,1,1.0
229,18,0,2,71861634.87114607,1,1.0
229,18,1,3,85204132.38941482,1,1.0
229,18,2,7,79520435.00813548,1,1.0
229,18,3,10,74954050.46568288,1,1.0
229,19,0,2,73867956.81204231,1,1.0
229,19,1,3,67362393.76435839,1,1.0
229,19,2,8,62268916.3100495,1,1.0
229,19,3,10,97271508.8187801,1,1.0
229,20,0,1,63323599.9464771,1,1.0
229,20,1,4,68584339.59301825,1,1.0
229,20,2,7,64805035.76675371,1,1.0
229,20,3,10,84073198.59379031,1,1.0
229,21,0,0,53813892.62304931,1,1.0
229,21,1,3,86909539.60318847,1,1.0
229,21,2,8,70102093.93556006,1,1.0
229,21,3,10,112903524.58813375,1,1.0
229,22,0,2,78754044.67217606,1,1.0
229,22,1,3,62959335.74341326,1,1.0
229,22,2,7,59794713.83255895,1,1.0
229,22,3,11,74427838.70427601,1,1.0
229,23,0,2,62484705.493325554,1,1.0
229,23,1,4,83723784.50913082,1,1.0
229,23,2,8,81143327.40750578,1,1.0
229,23,3,11,89302621.59112445,1,1.0
230,0,0,0,60619322.454301216,1,1.0
230,0,1,3,70055559.07112794,1,1.0
230,0,2,8,77703785.93224399,1,1.0
230,0,3,10,79621255.40919246,1,1.0
230,1,0,2,89909178.62794751,1,1.0
230,1,1,4,72156358.06180692,1,1.0
230,1,2,8,61397443.05383023,1,1.0
230,1,3,10,84662901.65923949,1,1.0
230,2,0,0,69723032.13055775,1,1.0
230,2,1,3,67816247.20201626,1,1.0
230,2,2,8,72460146.4541533,1,1.0
230,2,3,10,81029866.01737507,1,1.0
230,3,0,1,58154787.90703799,1,1.0
230,3,1,4,70049444.00623396,1,1.0
230,3,2,8,69073492.20243311,1,1.0
230,3,3,10,106755804.2329838,1,1.0
230,4,0,2,68955368.87789346,1,1.0
230,4,1,3,75196111.45737167,1,1.0
230,4,2,8,85664863.52903508,1,1.0
230,4,3,10,84528016.0244799,1,1.0
230,5,0,0,72138919.97730705,1,1.0
230,5,1,3,68699961.02828403,1,1.0
230,5,2,8,64196888.98027932,1,1.0
230,5,3,10,78069604.25670423,1,1.0
230,6,0,2,80313525.8294366,1,1.0
230,6,1,4,87782010.92033325,1,1.0
230,6,2,8,78457180.79126137,1,1.0
230,6,3,10,67005284.829455644,1,1.0
230,7,0,2,57309156.60443143,1,1.0
230,7,1,3,82195529.56761347,1,1.0
230,7,2,8,68905097.85203683,1,1.0
230,7,3,11,76205093.65164983,1,1.0
230,8,0,2,66854115.25651717,1,1.0
230,8,1,4,79325166.54631446,1,1.0
230,8,2,7,56657398.787162356,1,1.0
230,8,3,10,71222102.61242692,1,1.0
230,9,0,2,79021795.07353112,1,1.0
230,9,1,4,68665410.84576507,1,1.0
230,9,2,8,66449022.95732408,1,1.0
230,9,3,10,80130732.48606573,1,1.0
230,10,0,2,79315926.4771222,1,1.0
230,10,1,4,65082497.885250494,1,1.0
230,10,2,8,75928477.27846247,1,1.0
230,10,3,11,67293032.01457435,1,1.0
230,11,0,2,62921236.335938096,1,1.0
230,11,1,4,67904093.56018266,1,1.0
230,11,2,8,61112928.08772166,1,1.0
230,11,3,10,72742252.68325034,1,1.0
230,12,0,2,84029879.16683948,1,1.0
230,12,1,4,70060075.22607154,1,1.0
230,12,2,8,65510980.85010813,1,1.0
230,12,3,10,67133858.51806715,1,1.0
230,13,0,2,82540990.70438412,1,1.0
230,13,1,3,102877442.53678584,1,1.0
230,13,2,7,59816441.40750932,1,1.0
230,13,3,10,59839638.41210797,1,1.0
230,14,0,2,96340760.3938868,1,1.0
230,14,1,4,71388389.1825693,1,1.0
230,14,2,8,71740094.83150528,1,1.0
230,14,3,10,78287319.3885785,1,1.0
230,15,0,2,76370018.11214331,1,1.0
230,15,1,3,68413911.09420818,1,1.0
230,15,2,8,66740069.79825287,1,1.0
230,15,3,11,82605952.05141507,1,1.0
230,16,0,2,67852951.51765887,1,1.0
230,16,1,3,63213922.237413086,1,1.0
230,16,2,8,64203828.60683957,1,1.0
230,16,3,10,75530673.85629638,1,1.0
230,17,0,1,71860097.21339111,1,1.0
230,17,1,3,69562503.93809529,1,1.0
230,17,2,7,69784345.49954125,1,1.0
230,17,3,11,69348002.05757634,1,1.0
230,18,0,2,69284559.59884463,1,1.0
230,18,1,3,75457868.82944278,1,1.0
230,18,2,8,70059493.56919108,1,1.0
230,18,3,10,64433168.53845589,1,1.0
230,19,0,0,62684816.99798751,1,1.0
230,19,1,3,90482184.07411876,1,1.0
230,19,2,8,89361979.08395362,1,1.0
230,19,3,10,119155440.91886708,1,1.0
230,20,0,2,89293518.4134095,1,1.0
230,20,1,4,76649620.9672966,1,1.0
230,20,2,7,61945991.47715214,1,1.0
230,20,3,10,76489907.15994404,1,1.0
230,21,0,2,76830003.82350132,1,1.0
230,21,1,4,73895150.99411511,1,1.0
230,21,2,6,78511524.9363625,1,1.0
230,21,3,10,104476313.36233903,1,1.0
230,22,0,2,69070224.82802145,1,1.0
230,22,1,3,86339763.7498697,1,1.0
230,22,2,7,63068883.1937585,1,1.0
230,22,3,11,70223596.94511947,1,1.0
230,23,0,2,91960673.97914279,1,1.0
230,23,1,4,68282544.86445324,1,1.0
230,23,2,7,77228521.47174348,1,1.0
230,23,3,10,111260198.23376252,1,1.0
231,0,0,2,92813049.9459188,1,1.0
231,0,1,3,83073173.42969361,1,1.0
231,0,2,8,75262231.46333665,1,1.0
231,0,3,10,70906425.82133062,1,1.0
231,1,0,2,69458848.55062386,1,1.0
231,1,1,3,80185422.3244343,1,1.0
231,1,2,8,62261356.80789365,1,1.0
231,1,3,10,85963225.65704228,1,1.0
231,2,0,2,85942687.38922544,1,1.0
231,2,1,4,78340078.87672289,1,1.0
231,2,2,8,69060831.01792124,1,1.0
231,2,3,10,75677271.20431061,1,1.0
231,3,0,2,78854671.64729702,1,1.0
231,3,1,4,71612020.63330713,1,1.0
231,3,2,8,95501108.94191463,1,1.0
231,3,3,10,68413911.43963759,1,1.0
231,4,0,2,81168856.71487235,1,1.0
231,4,1,4,62146971.09900228,1,1.0
231,4,2,8,74156894.04632933,1,1.0
231,4,3,10,70104619.55374102,1,1.0
231,5,0,2,94016679.78104714,1,1.0
231,5,1,3,79336139.1207998,1,1.0
231,5,2,7,58453618.79921955,1,1.0
231,5,3,11,63805473.978692375,1,1.0
231,6,0,2,74272173.20647715,1,1.0
231,6,1,3,72113077.0843694,1,1.0
231,6,2,8,66454726.404505074,1,1.0
231,6,3,11,68437131.68137355,1,1.0
231,7,0,2,66998714.0177155,1,1.0
231,7,1,4,78199483.25146326,1,1.0
231,7,2,7,53981784.47481589,1,1.0
231,7,3,10,64704494.427418225,1,1.0
231,8,0,1,72285567.8730813,1,1.0
231,8,1,4,64865761.631040305,1,1.0
231,8,2,8,56261295.47178553,1,1.0
231,8,3,10,76150067.41967827,1,1.0
231,9,0,2,82530436.2593726,1,1.0
231,9,1,5,61658037.10182197,1,1.0
231,9,2,8,75274002.26172125,1,1.0
231,9,3,11,67829749.21978456,1,1.0
231,10,0,2,72171315.16869847,1,1.0
231,10,1,3,73504456.66330035,1,1.0
231,10,2,8,58133651.09538328,1,1.0
231,10,3,10,84355781.8800694,1,1.0
231,11,0,0,60974817.91886708,1,1.0
231,11,1,4,73375933.17448175,1,1.0
231,11,2,8,66446469.17395294,1,1.0
231,11,3,10,73049051.42439614,1,1.0
231,12,0,1,66202513.05546101,1,1.0
231,12,1,4,65154583.899968706,1,1.0
231,12,2,8,84000836.8714913,1,1.0
231,12,3,11,73430040.33240938,1,1.0
231,13,0,2,59558263.298210256,1,1.0
231,13,1,3,83953468.5502704,1,1.0
231,13,2,8,66597594.045790166,1,1.0
231,13,3,11,67006144.64724619,1,1.0
231,14,0,2,82621008.26879597,1,1.0
231,14,1,3,92353531.59635727,1,1.0
231,14,2,6,76171777.28977327,1,1.0
231,14,3,11,70873750.01625122,1,1.0
231,15,0,2,82345869.93552803,1,1.0
231,15,1,3,76560055.89433855,1,1.0
231,15,2,6,53145938.176243186,1,1.0
231,15,3,10,85292560.91681892,1,1.0
231,16,0,2,76247381.44573897,1,1.0
231,16,1,3,86869689.36492318,1,1.0
231,16,2,6,71258257.59657127,1,1.0
231,16,3,10,69113001.80715096,1,1.0
231,17,0,2,61409811.7169833,1,1.0
231,17,1,3,70482649.30311726,1,1.0
231,17,2,8,78074121.52539164,1,1.0
231,17,3,10,88976338.3006496,1,1.0
231,18,0,2,59351231.54639085,1,1.0
231,18,1,3,63328213.53558354,1,1.0
231,18,2,7,74511083.3917514,1,1.0
231,18,3,10,76517371.85831447,1,1.0
231,19,0,2,79069104.33943854,1,1.0
231,19,1,3,69651397.42549847,1,1.0
231,19,2,8,71634013.39069724,1,1.0
231,19,3,10,91804562.36701132,1,1.0
231,20,0,2,73085748.85550904,1,1.0
231,20,1,3,99230461.08085889,1,1.0
231,20,2,8,77150789.73405024,1,1.0
231,20,3,10,72178857.22201256,1,1.0
231,21,0,2,100364691.39554575,1,1.0
231,21,1,3,58537550.98148575,1,1.0
231,21,2,7,70937170.40455548,1,1.0
231,21,3,10,77013639.97710912,1,1.0
231,22,0,2,97166294.2082261,1,1.0
231,22,1,3,69492658.68190752,1,1.0
231,22,2,6,61955922.321527936,1,1.0
231,22,3,10,85654530.82821988,1,1.0
231,23,0,2,70003667.17866762,1,1.0
231,23,1,3,59994449.67798563,1,1.0
231,23,2,7,63560728.26404229,1,1.0
231,23,3,11,66158364.77373998,1,1.0
232,0,0,2,64882885.03661259,1,1.0
232,0,1,3,78421831.7759399,1,1.0
232,0,2,6,66032426.8288986,1,1.0
232,0,3,10,71269801.75498554,1,1.0
232,1,0,2,65654655.51411753,1,1.0
232,1,1,3,70951353.58068913,1,1.0
232,1,2,8,60394735.967188224,1,1.0
232,1,3,10,91315215.4771074,1,1.0
232,2,0,0,66502652.278088495,1,1.0
232,2,1,3,111884002.50105958,1,1.0
232,2,2,8,76081310.73677944,1,1.0
232,2,3,10,110237037.63319929,1,1.0
232,3,0,2,74273096.20132501,1,1.0
232,3,1,3,86175722.84100333,1,1.0
232,3,2,8,64297036.32117085,1,1.0
232,3,3,11,96406645.91281782,1,1.0
232,4,0,2,77312373.06619187,1,1.0
232,4,1,4,64278128.4247793,1,1.0
232,4,2,7,64397570.22435035,1,1.0
232,4,3,10,83415997.10731934,1,1.0
232,5,0,2,64574045.67233661,1,1.0
232,5,1,4,69210924.85024631,1,1.0
232,5,2,8,60954807.29230793,1,1.0
232,5,3,10,72121119.78631176,1,1.0
232,6,0,1,57036274.79837113,1,1.0
232,6,1,3,86509777.69642475,1,1.0
232,6,2,6,66364833.379743926,1,1.0
232,6,3,10,80713362.99295798,1,1.0
232,7,0,1,58551797.27805942,1,1.0
232,7,1,3,71723439.59687339,1,1.0
232,7,2,6,78316492.83469483,1,1.0
232,7,3,10,89059742.97203375,1,1.0
232,8,0,2,70252401.8746771,1,1.0
232,8,1,4,70567314.37657727,1,1.0
232,8,2,8,75273610.71329063,1,1.0
232,8,3,10,70702107.56385969,1,1.0
232,9,0,2,78237724.41793862,1,1.0
232,9,1,3,67652324.32904062,1,1.0
232,9,2,6,63175549.91108965,1,1.0
232,9,3,10,63079849.893844016,1,1.0
232,10,0,2,55895244.74929413,1,1.0
232,10,1,3,89372416.1777055,1,1.0
232,10,2,8,97446116.13286616,1,1.0
232,10,3,10,77627042.37925436,1,1.0
232,11,0,2,77627065.77032751,1,1.0
232,11,1,4,72998051.21276167,1,1.0
232,11,2,8,66323147.48482229,1,1.0
232,11,3,11,68778892.55034423,1,1.0
232,12,0,0,68007005.82329549,1,1.0
232,12,1,4,61305315.119661264,1,1.0
232,12,2,6,58282519.34921707,1,1.0
232,12,3,11,88089807.23440662,1,1.0
232,13,0,1,57916550.44881815,1,1.0
232,13,1,3,71042577.54824883,1,1.0
232,13,2,8,64553459.79295609,1,1.0
232,13,3,11,70626800.79093611,1,1.0
232,14,0,2,83498514.95561309,1,1.0
232,14,1,3,58695537.006901376,1,1.0
232,14,2,8,54047455.943985544,1,1.0
232,14,3,10,89826567.72286308,1,1.0
232,15,0,2,78384608.70121206,1,1.0
232,15,1,3,86719788.6680402,1,1.0
232,15,2,8,71835068.7582479,1,1.0
232,15,3,10,87961108.96338819,1,1.0
232,16,0,2,79804495.02542375,1,1.0
232,16,1,3,80011828.96529676,1,1.0
232,16,2,8,71898053.28102954,1,1.0
232,16,3,11,78222543.03234263,1,1.0
232,17,0,1,73387229.13439532,1,1.0
232,17,1,3,70918463.0549608,1,1.0
232,17,2,8,55854395.76200937,1,1.0
232,17,3,10,63905584.96027767,1,1.0
232,18,0,2,83220379.25948925,1,1.0
232,18,1,4,62351696.2600965,1,1.0
232,18,2,8,74857129.53338827,1,1.0
232,18,3,10,112758677.83177437,1,1.0
232,19,0,2,105485310.1369062,1,1.0
232,19,1,3,63622951.72814837,1,1.0
232,19,2,7,59650692.79337553,1,1.0
232,19,3,11,71037615.50870927,1,1.0
232,20,0,2,80369161.24671279,1,1.0
232,20,1,4,57958772.06430796,1,1.0
232,20,2,8,64358944.74137614,1,1.0
232,20,3,11,69212947.68175402,1,1.0
232,21,0,2,77929331.74892274,1,1.0
232,21,1,4,69766564.44558865,1,1.0
232,21,2,6,63390371.47388464,1,1.0
232,21,3,10,69117664.46925078,1,1.0
232,22,0,2,72845813.17326532,1,1.0
232,22,1,4,72480512.52320927,1,1.0
232,22,2,8,59997985.8393547,1,1.0
232,22,3,10,72850962.41244529,1,1.0
232,23,0,2,66291882.4276831,1,1.0
232,23,1,3,69069530.90985882,1,1.0
232,23,2,8,76315284.11520426,1,1.0
232,23,3,11,67198653.91558906,1,1.0
233,0,0,2,91022411.36872672,1,1.0
233,0,1,4,77246600.95211545,1,1.0
233,0,2,8,59068313.7758496,1,1.0
233,0,3,10,90921676.06165996,1,1.0
233,1,0,0,75283305.32421426,1,1.0
233,1,1,3,75276529.50497155,1,1.0
233,1,2,7,63523425.63419384,1,1.0
233,1,3,10,87925226.5485589,1,1.0
233,2,0,2,83599434.62052462,1,1.0
233,2,1,3,71757903.98704672,1,1.0
233,2,2,7,59678578.10074378,1,1.0
233,2,3,10,83704554.58969447,1,1.0
233,3,0,2,70243361.40335648,1,1.0
233,3,1,3,62844264.92858665,1,1.0
233,3,2,6,62488973.21416876,1,1.0
233,3,3,10,77518534.37437595,1,1.0
233,4,0,2,64300976.68821987,1,1.0
233,4,1,3,76496731.11153418,1,1.0
233,4,2,7,63982259.402344614,1,1.0
233,4,3,10,92265184.47268943,1,1.0
233,5,0,2,80153514.25490674,1,1.0
233,5,1,3,71165283.96467164,1,1.0
233,5,2,8,65723962.033962406,1,1.0
233,5,3,10,70135268.69632761,1,1.0
233,6,0,2,73076113.4121645,1,1.0
233,6,1,4,65876915.26004664,1,1.0
233,6,2,8,64916458.72539581,1,1.0
233,6,3,10,98274872.99804193,1,1.0
233,7,0,2,93542830.87835345,1,1.0
233,7,1,3,66168517.800220214,1,1.0
233,7,2,8,65500679.24005561,1,1.0
233,7,3,10,77493525.21910977,1,1.0
233,8,0,0,53795317.57494316,1,1.0
233,8,1,3,71166172.78821498,1,1.0
233,8,2,8,63505188.86845209,1,1.0
233,8,3,10,67461364.81213671,1,1.0
233,9,0,2,61350333.61277149,1,1.0
233,9,1,4,66773378.95857884,1,1.0
233,9,2,8,67706573.78953531,1,1.0
233,9,3,11,70090276.31862816,1,1.0
233,10,0,2,73735982.9715047,1,1.0
233,10,1,3,88352553.98909673,1,1.0
233,10,2,8,85711800.77844238,1,1.0
233,10,3,10,77102256.27528697,1,1.0
233,11,0,2,71869357.94468534,1,1.0
233,11,1,3,76411739.36916684,1,1.0
233,11,2,8,71922380.09665443,1,1.0
233,11,3,10,91827991.33120677,1,1.0
233,12,0,2,86276303.85404216,1,1.0
233,12,1,3,77042673.34977937,1,1.0
233,12,2,8,52979009.47431154,1,1.0
233,12,3,10,83647005.88783027,1,1.0
233,13,0,0,56497484.09616377,1,1.0
233,13,1,3,79521194.11190553,1,1.0
233,13,2,8,77458669.85264045,1,1.0
233,13,3,10,69232119.01361175,1,1.0
233,14,0,2,109644432.7170454,1,1.0
233,14,1,4,76359988.4916309,1,1.0
233,14,2,7,55041760.33594304,1,1.0
233,14,3,10,77627183.43558443,1,1.0
233,15,0,2,83861984.40493782,1,1.0
233,15,1,3,95892836.8293776,1,1.0
233,15,2,8,60118812.80940232,1,1.0
233,15,3,11,68973894.47188406,1,1.0
233,16,0,0,65229704.13413272,1,1.0
233,16,1,3,66397779.95816924,1,1.0
233,16,2,8,66545009.180359155,1,1.0
233,16,3,10,84587260.8440072,1,1.0
233,17,0,2,73496690.60868806,1,1.0
233,17,1,3,71738744.12402421,1,1.0
233,17,2,7,57257635.67400483,1,1.0
233,17,3,11,78601161.81034647,1,1.0
233,18,0,2,63591337.05499829,1,1.0
233,18,1,4,78886669.28173895,1,1.0
233,18,2,8,72183732.25536582,1,1.0
233,18,3,10,73403949.70846798,1,1.0
233,19,0,0,66808082.78428193,1,1.0
233,19,1,3,89568074.83688764,1,1.0
233,19,2,7,62874317.59897734,1,1.0
233,19,3,11,67557679.37333676,1,1.0
233,20,0,2,73651613.22667369,1,1.0
233,20,1,3,67493385.70285687,1,1.0
233,20,2,8,77249757.99399045,1,1.0
233,20,3,10,102167738.34007913,1,1.0
233,21,0,2,66999327.2621752,1,1.0
233,21,1,4,75031428.47306107,1,1.0
233,21,2,7,72921324.86551607,1,1.0
233,21,3,11,71932477.6068619,1,1.0
233,22,0,2,66442264.52373654,1,1.0
233,22,1,3,74801953.05470346,1,1.0
233,22,2,6,61668631.09431726,1,1.0
233,22,3,10,90426275.74840792,1,1.0
233,23,0,2,57676575.431122005,1,1.0
233,23,1,4,58954912.27483381,1,1.0
233,23,2,8,66949503.283987366,1,1.0
233,23,3,10,83378006.71334013,1,1.0
234,0,0,2,82623423.10972919,1,1.0
234,0,1,3,74194474.0406442,1,1.0
234,0,2,7,69452645.932553,1,1.0
234,0,3,10,74257140.3146643,1,1.0
234,1,0,2,67437293.89607956,1,1.0
234,1,1,3,62640292.819051325,1,1.0
234,1,2,8,84635550.30967382,1,1.0
234,1,3,10,85052794.57468997,1,1.0
234,2,0,0,58025332.39657323,1,1.0
234,2,1,3,73749933.25711213,1,1.0
234,2,2,8,57909651.12661717,1,1.0
234,2,3,11,62369539.85113214,1,1.0
234,3,0,2,72014167.03322735,1,1.0
234,3,1,4,68701837.6061859,1,1.0
234,3,2,8,76189832.52114917,1,1.0
234,3,3,10,79185798.7281855,1,1.0
234,4,0,0,60556779.94280855,1,1.0
234,4,1,3,75233497.33371821,1,1.0
234,4,2,6,57339791.364243284,1,1.0
234,4,3,10,66061026.1411561,1,1.0
234,5,0,2,72350275.17216526,1,1.0
234,5,1,4,60366744.7429198,1,1.0
234,5,2,7,63315051.891804196,1,1.0
234,5,3,11,65409806.04323383,1,1.0
234,6,0,2,71191137.21516316,1,1.0
234,6,1,4,60625347.15413203,1,1.0
234,6,2,6,60438437.04511396,1,1.0
234,6,3,10,84997113.0923995,1,1.0
234,7,0,2,73236056.54361859,1,1.0
234,7,1,3,90441781.93629171,1,1.0
234,7,2,8,57631105.38478934,1,1.0
234,7,3,10,85505379.96975681,1,1.0
234,8,0,2,56479491.907194056,1,1.0
234,8,1,3,67159436.75964154,1,1.0
234,8,2,8,64518631.85715663,1,1.0
234,8,3,11,66423600.73589965,1,1.0
234,9,0,1,60627907.1648051,1,1.0
234,9,1,3,90169817.81574726,1,1.0
234,9,2,8,72087755.2648846,1,1.0
234,9,3,10,71031613.65174705,1,1.0
234,10,0,0,62803193.97735017,1,1.0
234,10,1,3,68100076.18146318,1,1.0
234,10,2,8,71145826.02066447,1,1.0
234,10,3,10,68696057.66607292,1,1.0
234,11,0,2,91372353.89755931,1,1.0
234,11,1,3,79508449.11100945,1,1.0
234,11,2,8,73151710.18013547,1,1.0
234,11,3,10,69828137.61209185,1,1.0
234,12,0,2,72197229.53016827,1,1.0
234,12,1,3,78703389.21227951,1,1.0
234,12,2,8,71348049.23160146,1,1.0
234,12,3,10,95413978.6145478,1,1.0
234,13,0,2,75821470.54976767,1,1.0
234,13,1,4,71698934.60800879,1,1.0
234,13,2,6,54881232.518128924,1,1.0
234,13,3,10,97364134.38204236,1,1.0
234,14,0,2,72294014.96283926,1,1.0
234,14,1,3,87458784.39785945,1,1.0
234,14,2,8,64363987.17638743,1,1.0
234,14,3,10,78629187.97095856,1,1.0
234,15,0,2,68388195.51063228,1,1.0
234,15,1,3,73739686.34589198,1,1.0
234,15,2,8,65728624.58471214,1,1.0
234,15,3,10,95226445.96869615,1,1.0
234,16,0,2,63647544.58929471,1,1.0
234,16,1,3,66883753.298336774,1,1.0
234,16,2,7,75237428.81624547,1,1.0
234,16,3,10,79996647.66368964,1,1.0
234,17,0,2,69681066.10001855,1,1.0
234,17,1,3,83573864.49523409,1,1.0
234,17,2,8,76663351.02382964,1,1.0
234,17,3,10,86778486.96414332,1,1.0
234,18,0,0,56334169.454525836,1,1.0
234,18,1,3,87714799.86937182,1,1.0
234,18,2,8,61225580.2362215,1,1.0
234,18,3,10,93917128.13143258,1,1.0
234,19,0,2,83215724.26220453,1,1.0
234,19,1,4,69555835.4899759,1,1.0
234,19,2,8,67903791.16814819,1,1.0
234,19,3,11,84527022.5019358,1,1.0
234,20,0,2,83235538.96651784,1,1.0
234,20,1,3,65724827.44637152,1,1.0
234,20,2,6,61178939.021117784,1,1.0
234,20,3,10,66957960.03349708,1,1.0
234,21,0,0,88267686.4457888,1,1.0
234,21,1,3,66730756.45219201,1,1.0
234,21,2,6,64281666.73343822,1,1.0
234,21,3,10,70891485.91831595,1,1.0
234,22,0,0,64598027.73900498,1,1.0
234,22,1,3,77325609.16606116,1,1.0
234,22,2,8,60024352.15990848,1,1.0
234,22,3,10,95117936.3727081,1,1.0
234,23,0,2,108978079.13480535,1,1.0
234,23,1,4,66401798.24049513,1,1.0
234,23,2,8,62876526.53562824,1,1.0
234,23,3,10,71065791.59912367,1,1.0
235,0,0,2,87441789.56280933,1,1.0
235,0,1,4,84223521.29000056,1,1.0
235,0,2,8,73781342.23914482,1,1.0
235,0,3,10,89911926.20981137,1,1.0
235,1,0,2,89984804.44442779,1,1.0
235,1,1,3,60927663.623480104,1,1.0
235,1,2,8,76919980.7104966,1,1.0
235,1,3,11,69365839.66309458,1,1.0
235,2,0,2,67067087.514921315,1,1.0
235,2,1,4,66865396.97265058,1,1.0
235,2,2,6,65932191.94492258,1,1.0
235,2,3,10,101456112.15339993,1,1.0
235,3,0,1,61060498.278773345,1,1.0
235,3,1,3,67805840.48422725,1,1.0
235,3,2,8,64502284.83857207,1,1.0
235,3,3,10,67054877.83534052,1,1.0
235,4,0,2,78203277.96350256,1,1.0
235,4,1,4,67051330.41360763,1,1.0
235,4,2,8,71162305.64822634,1,1.0
235,4,3,10,92576817.42791003,1,1.0
235,5,0,1,65128360.272309154,1,1.0
235,5,1,3,81573726.17386551,1,1.0
235,5,2,6,71893284.76831464,1,1.0
235,5,3,10,85950324.74885473,1,1.0
235,6,0,0,61328915.15141673,1,1.0
235,6,1,3,54815867.7530794,1,1.0
235,6,2,7,70899257.57133052,1,1.0
235,6,3,10,76093709.88141547,1,1.0
235,7,0,2,90106042.5818462,1,1.0
235,7,1,4,77652790.86353591,1,1.0
235,7,2,7,74761467.90204512,1,1.0
235,7,3,11,60721792.490009665,1,1.0
235,8,0,2,75146813.53474584,1,1.0
235,8,1,3,86341720.45642847,1,1.0
235,8,2,8,63581906.68158629,1,1.0
235,8,3,10,67321532.6883292,1,1.0
235,9,0,2,64720775.160742186,1,1.0
235,9,1,3,75502290.38448091,1,1.0
235,9,2,7,75138078.35446383,1,1.0
235,9,3,11,73969165.61728466,1,1.0
235,10,0,2,66754995.84059906,1,1.0
235,10,1,4,58708334.887879536,1,1.0
235,10,2,7,86694891.25745863,1,1.0
235,10,3,10,69281546.5950066,1,1.0
235,11,0,2,65166131.57658373,1,1.0
235,11,1,4,73402315.27990673,1,1.0
235,11,2,8,61536935.71347038,1,1.0
235,11,3,11,73300867.57802595,1,1.0
235,12,0,2,84036260.46397094,1,1.0
235,12,1,3,73819980.1836875,1,1.0
235,12,2,8,57210755.05499023,1,1.0
235,12,3,10,70798509.66354798,1,1.0
235,13,0,2,76361544.59876496,1,1.0
235,13,1,4,60498285.16218658,1,1.0
235,13,2,8,64644640.39253068,1,1.0
235,13,3,10,89754253.35379848,1,1.0
235,14,0,2,88332566.58022425,1,1.0
235,14,1,3,56995509.75172929,1,1.0
235,14,2,6,66423939.35162014,1,1.0
235,14,3,10,97762923.02522396,1,1.0
235,15,0,2,85332079.80308487,1,1.0
235,15,1,3,71811341.29461332,1,1.0
235,15,2,8,61163046.53878774,1,1.0
235,15,3,10,69100984.02315314,1,1.0
235,16,0,2,72534836.25499721,1,1.0
235,16,1,4,73884104.2337205,1,1.0
235,16,2,8,68520584.83142506,1,1.0
235,16,3,11,57858270.6333837,1,1.0
235,17,0,2,77758361.20738855,1,1.0
235,17,1,3,73157763.13467945,1,1.0
235,17,2,8,72721697.39410768,1,1.0
235,17,3,11,87444178.49504542,1,1.0
235,18,0,2,73484755.66754796,1,1.0
235,18,1,4,74382129.6317022,1,1.0
235,18,2,8,70429745.98771696,1,1.0
235,18,3,10,76791566.73315728,1,1.0
235,19,0,2,63215410.87238696,1,1.0
235,19,1,3,67631004.87999085,1,1.0
235,19,2,7,62358337.42759995,1,1.0
235,19,3,10,86488047.36809897,1,1.0
235,20,0,2,84374605.09482113,1,1.0
235,20,1,3,89137657.11927928,1,1.0
235,20,2,6,64204162.71150722,1,1.0
235,20,3,10,80164047.51910518,1,1.0
235,21,0,0,60901969.79513055,1,1.0
235,21,1,3,69177497.8553714,1,1.0
235,21,2,8,55861470.13259111,1,1.0
235,21,3,10,89990597.72044611,1,1.0
235,22,0,2,64526977.75714624,1,1.0
235,22,1,3,82810986.88625686,1,1.0
235,22,2,8,69964477.34807487,1,1.0
235,22,3,10,74733294.70634192,1,1.0
235,23,0,2,75838353.64067213,1,1.0
235,23,1,4,71346094.85454458,1,1.0
235,23,2,8,94151154.1402253,1,1.0
235,23,3,10,102654351.72210889,1,1.0
236,0,0,2,82963288.9745088,1,1.0
236,0,1,3,93728098.05510986,1,1.0
236,0,2,7,62763996.29397763,1,1.0
236,0,3,10,77838611.05302216,1,1.0
236,1,0,2,96450065.06203341,1,1.0
236,1,1,3,69476071.78596619,1,1.0
236,1,2,6,64601396.31691957,1,1.0
236,1,3,10,100548839.99235146,1,1.0
236,2,0,1,52360064.35099195,1,1.0
236,2,1,3,69568029.6564853,1,1.0
236,2,2,8,67805625.53211577,1,1.0
236,2,3,11,71868251.87832807,1,1.0
236,3,0,0,57952431.28771944,1,1.0
236,3,1,4,77790883.67291293,1,1.0
236,3,2,7,58133065.01054953,1,1.0
236,3,3,10,107489411.76312116,1,1.0
236,4,0,2,102103495.19332376,1,1.0
236,4,1,3,88012526.20679963,1,1.0
236,4,2,7,67837841.53142183,1,1.0
236,4,3,10,79675156.2750764,1,1.0
236,5,0,1,60708734.633602075,1,1.0
236,5,1,4,78887712.11123836,1,1.0
236,5,2,8,75603492.54261708,1,1.0
236,5,3,10,62592402.22543177,1,1.0
236,6,0,2,82219031.06823128,1,1.0
236,6,1,3,80242740.39166726,1,1.0
236,6,2,8,77678135.64670616,1,1.0
236,6,3,10,93853121.29271899,1,1.0
236,7,0,2,67119632.06716745,1,1.0
236,7,1,4,72483638.49267696,1,1.0
236,7,2,7,68473876.60392226,1,1.0
236,7,3,10,67677381.49447647,1,1.0
236,8,0,2,75779810.44712532,1,1.0
236,8,1,3,63708166.56926985,1,1.0
236,8,2,8,72429472.04261045,1,1.0
236,8,3,10,68056329.31256269,1,1.0
236,9,0,2,76769224.74621749,1,1.0
236,9,1,3,70410822.45830962,1,1.0
236,9,2,8,68063955.20150901,1,1.0
236,9,3,10,74993334.73590803,1,1.0
236,10,0,2,80766474.84226276,1,1.0
236,10,1,4,62512404.1780193,1,1.0
236,10,2,8,81623928.80006132,1,1.0
236,10,3,10,103435016.90109591,1,1.0
236,11,0,2,65509573.34548404,1,1.0
236,11,1,3,60601421.770462625,1,1.0
236,11,2,8,72692981.25935939,1,1.0
236,11,3,10,91985015.57116866,1,1.0
236,12,0,2,84330765.69616497,1,1.0
236,12,1,3,66919744.48647355,1,1.0
236,12,2,6,53349811.9120293,1,1.0
236,12,3,10,108929376.44487278,1,1.0
236,13,0,2,93557035.04422343,1,1.0
236,13,1,3,72444257.8823719,1,1.0
236,13,2,8,68180302.84588847,1,1.0
236,13,3,10,94922118.93872014,1,1.0
236,14,0,2,72327022.74394324,1,1.0
236,14,1,4,70848507.69683722,1,1.0
236,14,2,8,65653496.56053258,1,1.0
236,14,3,11,70260804.84020297,1,1.0
236,15,0,2,84452979.96473934,1,1.0
236,15,1,3,67853269.97229297,1,1.0
236,15,2,7,66618791.29560813,1,1.0
236,15,3,11,71420672.0254368,1,1.0
236,16,0,2,79641315.3543276,1,1.0
236,16,1,3,87420457.05209129,1,1.0
236,16,2,6,60061130.886786185,1,1.0
236,16,3,11,98454362.68966697,1,1.0
236,17,0,2,83462157.25134487,1,1.0
236,17,1,3,70330181.3043007,1,1.0
236,17,2,8,69324763.02014726,1,1.0
236,17,3,10,94016023.82784379,1,1.0
236,18,0,2,67547335.18430297,1,1.0
236,18,1,4,72373171.48958321,1,1.0
236,18,2,7,68682807.57019262,1,1.0
236,18,3,10,77905053.81054203,1,1.0
236,19,0,2,78904319.97775565,1,1.0
236,19,1,4,87914988.97860463,1,1.0
236,19,2,8,59675240.539817356,1,1.0
236,19,3,11,63402902.226434305,1,1.0
236,20,0,2,90040128.72674264,1,1.0
236,20,1,3,68291000.47377294,1,1.0
236,20,2,8,53844232.13787345,1,1.0
236,20,3,10,74993166.1386047,1,1.0
236,21,0,2,82105282.19468752,1,1.0
236,21,1,4,68242254.67852764,1,1.0
236,21,2,8,59436312.87599757,1,1.0
236,21,3,10,64480150.378667876,1,1.0
236,22,0,1,65627248.51547528,1,1.0
236,22,1,4,75948322.9312774,1,1.0
236,22,2,7,61242717.79463482,1,1.0
236,22,3,10,77405794.40530251,1,1.0
236,23,0,2,62678856.786528975,1,1.0
236,23,1,3,89556745.88816212,1,1.0
236,23,2,8,70009941.8726013,1,1.0
236,23,3,10,77734611.13830829,1,1.0
237,0,0,2,70195650.06421138,1,1.0
237,0,1,3,84811586.24818127,1,1.0
237,0,2,8,56707872.68952924,1,1.0
237,0,3,10,78378954.02503043,1,1.0
237,1,0,1,71997951.54039118,1,1.0
237,1,1,3,103066885.82295074,1,1.0
237,1,2,6,62249845.71443888,1,1.0
237,1,3,10,98503143.6788084,1,1.0
237,2,0,2,63447831.539461814,1,1.0
237,2,1,3,59939174.51911338,1,1.0
237,2,2,8,57918651.61169941,1,1.0
237,2,3,10,111278108.92162484,1,1.0
237,3,0,2,58769094.72759307,1,1.0
237,3,1,3,75852787.78019206,1,1.0
237,3,2,6,71844434.95155881,1,1.0
237,3,3,10,84895946.59441516,1,1.0
237,4,0,1,54091901.25896251,1,1.0
237,4,1,3,77415042.6219961,1,1.0
237,4,2,8,67327509.78828424,1,1.0
237,4,3,10,79124698.52786574,1,1.0
237,5,0,2,70255285.819837,1,1.0
237,5,1,3,87182992.49775068,1,1.0
237,5,2,6,55697193.0371442,1,1.0
237,5,3,10,75263083.93122126,1,1.0
237,6,0,2,62874492.49727039,1,1.0
237,6,1,3,86195796.68213029,1,1.0
237,6,2,8,70682084.73780578,1,1.0
237,6,3,10,110039303.3740305,1,1.0
237,7,0,2,73661776.52754998,1,1.0
237,7,1,4,68362149.87876762,1,1.0
237,7,2,8,71226044.46651073,1,1.0
237,7,3,10,93170758.28263901,1,1.0
237,8,0,1,72784208.14764336,1,1.0
237,8,1,3,61042631.39914376,1,1.0
237,8,2,8,73579262.56063546,1,1.0
237,8,3,10,79641939.07247211,1,1.0
237,9,0,1,74833815.4491534,1,1.0
237,9,1,3,68342569.9514169,1,1.0
237,9,2,8,68616629.06607284,1,1.0
237,9,3,11,83870837.78179792,1,1.0
237,10,0,0,65130441.51550728,1,1.0
237,10,1,3,78076499.37602675,1,1.0
237,10,2,8,74505253.01719645,1,1.0
237,10,3,10,90367291.9528866,1,1.0
237,11,0,2,93218446.34042366,1,1.0
237,11,1,4,67635313.0973374,1,1.0
237,11,2,8,74559965.62369852,1,1.0
237,11,3,11,66542083.98576594,1,1.0
237,12,0,1,61015441.451319724,1,1.0
237,12,1,3,86032348.21748027,1,1.0
237,12,2,7,70637565.25874744,1,1.0
237,12,3,10,84142686.7013198,1,1.0
237,13,0,2,79990540.68913896,1,1.0
237,13,1,3,71597896.35002105,1,1.0
237,13,2,8,64127810.80367206,1,1.0
237,13,3,10,90324513.90168408,1,1.0
237,14,0,2,65153898.91260025,1,1.0
237,14,1,3,70841658.75968824,1,1.0
237,14,2,8,70969667.25221585,1,1.0
237,14,3,11,64368970.78727417,1,1.0
237,15,0,0,68608859.05675076,1,1.0
237,15,1,3,74826889.07806475,1,1.0
237,15,2,8,69458862.10112533,1,1.0
237,15,3,10,82905637.52710927,1,1.0
237,16,0,2,96182798.90730348,1,1.0
237,16,1,3,84783364.70526336,1,1.0
237,16,2,8,69226560.60926619,1,1.0
237,16,3,11,65334609.00487967,1,1.0
237,17,0,2,61091667.26546303,1,1.0
237,17,1,3,69058216.81307642,1,1.0
237,17,2,8,74109073.25416838,1,1.0
237,17,3,10,105660043.10608819,1,1.0
237,18,0,2,82180826.70033711,1,1.0
237,18,1,3,92461718.09868453,1,1.0
237,18,2,8,72204814.25472373,1,1.0
237,18,3,10,68532755.87952842,1,1.0
237,19,0,2,71882999.29072475,1,1.0
237,19,1,4,69393560.84738319,1,1.0
237,19,2,8,90832414.56815086,1,1.0
237,19,3,11,76128842.66463937,1,1.0
237,20,0,0,63210804.83160506,1,1.0
237,20,1,4,67879085.05334394,1,1.0
237,20,2,7,93125170.1915752,1,1.0
237,20,3,10,72062071.60389523,1,1.0
237,21,0,2,85127734.5622769,1,1.0
237,21,1,4,70750236.84478815,1,1.0
237,21,2,8,60925843.06677406,1,1.0
237,21,3,10,78732924.96798027,1,1.0
237,22,0,2,67517686.84642848,1,1.0
237,22,1,4,57798786.52145724,1,1.0
237,22,2,7,54850370.81664177,1,1.0
237,22,3,10,67725765.62393257,1,1.0
237,23,0,2,64298021.529011205,1,1.0
237,23,1,3,66535750.63096543,1,1.0
237,23,2,6,70315932.30762343,1,1.0
237,23,3,10,86026079.96008646,1,1.0
238,0,0,0,72315193.5502777,1,1.0
238,0,1,4,80122080.56324416,1,1.0
238,0,2,8,60903477.76056526,1,1.0
238,0,3,10,87106617.01246276,1,1.0
238,1,0,2,73421688.4055864,1,1.0
238,1,1,4,68857630.21382672,1,1.0
238,1,2,7,54779868.16365092,1,1.0
238,1,3,10,74794378.30494985,1,1.0
238,2,0,2,67288547.36498412,1,1.0
238,2,1,3,71380545.12208985,1,1.0
238,2,2,8,65831444.06885335,1,1.0
238,2,3,10,87454375.36275662,1,1.0
238,3,0,2,71447652.86666845,1,1.0
238,3,1,4,69101372.01441692,1,1.0
238,3,2,7,57583768.320977695,1,1.0
238,3,3,10,81304139.77436319,1,1.0
238,4,0,2,83633845.73372029,1,1.0
238,4,1,3,61393300.57420042,1,1.0
238,4,2,8,68164716.7636572,1,1.0
238,4,3,11,86740431.83294278,1,1.0
238,5,0,2,71082262.46221898,1,1.0
238,5,1,3,68984127.85849401,1,1.0
238,5,2,8,58139374.81278756,1,1.0
238,5,3,11,76111693.79534897,1,1.0
238,6,0,2,80985483.31335363,1,1.0
238,6,1,3,66140635.08966275,1,1.0
238,6,2,7,58447478.34260119,1,1.0
238,6,3,10,68761063.91666202,1,1.0
238,7,0,2,66004866.2334304,1,1.0
238,7,1,4,70875934.22477035,1,1.0
238,7,2,6,71721911.57752995,1,1.0
238,7,3,10,94580121.7578968,1,1.0
238,8,0,2,76151269.79015909,1,1.0
238,8,1,3,92972071.52026573,1,1.0
238,8,2,8,56665164.149890535,1,1.0
238,8,3,10,72495166.33489959,1,1.0
238,9,0,2,88455327.40657403,1,1.0
238,9,1,3,63890788.435402036,1,1.0
238,9,2,8,77539027.42083196,1,1.0
238,9,3,10,114009127.02072018,1,1.0
238,10,0,2,72344304.22712424,1,1.0
238,10,1,3,80492300.6032919,1,1.0
238,10,2,6,53041268.97398786,1,1.0
238,10,3,10,100816358.24501391,1,1.0
238,11,0,1,63079926.53394855,1,1.0
238,11,1,3,67143515.18628094,1,1.0
238,11,2,7,74597084.80893235,1,1.0
238,11,3,11,69714271.61155687,1,1.0
238,12,0,2,65016543.438209385,1,1.0
238,12,1,3,79060425.78763169,1,1.0
238,12,2,8,61906340.225672685,1,1.0
238,12,3,11,68970532.17082383,1,1.0
238,13,0,2,76138502.2521065,1,1.0
238,13,1,4,65004224.636061914,1,1.0
238,13,2,8,102887544.52167153,1,1.0
238,13,3,10,72249498.14525606,1,1.0
238,14,0,2,76781077.26029845,1,1.0
238,14,1,4,84718431.43180132,1,1.0
238,14,2,8,73832472.00348665,1,1.0
238,14,3,10,86879081.89130564,1,1.0
238,15,0,2,70240032.07543215,1,1.0
238,15,1,3,74157743.35837796,1,1.0
238,15,2,8,77828607.2353744,1,1.0
238,15,3,10,90661281.92451699,1,1.0
238,16,0,2,70869940.26602416,1,1.0
238,16,1,3,73110232.43376556,1,1.0
238,16,2,8,76333654.42726868,1,1.0
238,16,3,11,78335064.01769607,1,1.0
238,17,0,2,72084543.67475265,1,1.0
238,17,1,3,88327140.44843763,1,1.0
238,17,2,8,76743168.49806972,1,1.0
238,17,3,10,75806311.24818267,1,1.0
238,18,0,2,77310776.83183384,1,1.0
238,18,1,3,62697842.149194255,1,1.0
238,18,2,7,58982944.61293768,1,1.0
238,18,3,10,65162719.559450805,1,1.0
238,19,0,2,70759744.45834212,1,1.0
238,19,1,3,100338939.74035358,1,1.0
238,19,2,6,61157680.6703096,1,1.0
238,19,3,11,79232099.89177161,1,1.0
238,20,0,2,66345295.000737324,1,1.0
238,20,1,3,74511346.79200487,1,1.0
238,20,2,8,65558253.52873702,1,1.0
238,20,3,10,68201500.36914946,1,1.0
238,21,0,0,57516047.62610626,1,1.0
238,21,1,3,77913501.65818436,1,1.0
238,21,2,8,58646870.108843505,1,1.0
238,21,3,10,73588508.46769461,1,1.0
238,22,0,1,57873514.19834296,1,1.0
238,22,1,3,73524237.08271408,1,1.0
238,22,2,8,77221663.03665665,1,1.0
238,22,3,11,60253252.44588736,1,1.0
238,23,0,2,62129274.247174494,1,1.0
238,23,1,3,78484313.56374215,1,1.0
238,23,2,7,54673513.94138289,1,1.0
238,23,3,11,80092597.12611492,1,1.0
239,0,0,0,52063902.84139664,1,1.0
239,0,1,4,64358969.08074075,1,1.0
239,0,2,6,55591851.11322664,1,1.0
239,0,3,10,83864147.4956795,1,1.0
239,1,0,2,80507374.19791874,1,1.0
239,1,1,4,56936229.80584826,1,1.0
239,1,2,8,66621611.738363594,1,1.0
239,1,3,10,82254112.67272855,1,1.0
239,2,0,2,61687843.130157515,1,1.0
239,2,1,3,89204205.34895448,1,1.0
239,2,2,6,71754644.32340005,1,1.0
239,2,3,10,74922345.80953111,1,1.0
239,3,0,2,76165185.59822184,1,1.0
239,3,1,5,56474011.930982105,1,1.0
239,3,2,7,63854422.70242247,1,1.0
239,3,3,10,72517691.72166777,1,1.0
239,4,0,2,76213663.27319983,1,1.0
239,4,1,3,61149518.512845345,1,1.0
239,4,2,8,68510582.31366995,1,1.0
239,4,3,10,69312941.10404035,1,1.0
239,5,0,2,84504274.57900497,1,1.0
239,5,1,3,71741148.04385534,1,1.0
239,5,2,8,81862363.91039741,1,1.0
239,5,3,11,102793159.11264282,1,1.0
239,6,0,2,78840371.40790513,1,1.0
239,6,1,4,64325120.970588796,1,1.0
239,6,2,8,68610604.57332207,1,1.0
239,6,3,10,76267943.06683235,1,1.0
239,7,0,2,85967969.96705161,1,1.0
239,7,1,3,81880570.81072423,1,1.0
239,7,2,7,86447611.60486372,1,1.0
239,7,3,10,77652517.30512363,1,1.0
239,8,0,2,72960422.35332347,1,1.0
239,8,1,3,82597498.50102569,1,1.0
239,8,2,8,82584868.51336882,1,1.0
239,8,3,11,57104004.5107132,1,1.0
239,9,0,0,78475631.9091562,1,1.0
239,9,1,3,73243674.026603,1,1.0
239,9,2,8,66605947.69751427,1,1.0
239,9,3,11,74081792.34704532,1,1.0
239,10,0,2,70648821.79882318,1,1.0
239,10,1,4,73153107.15513742,1,1.0
239,10,2,8,64351217.36217416,1,1.0
239,10,3,11,73430850.04276729,1,1.0
239,11,0,2,82512323.46999048,1,1.0
239,11,1,4,68916911.95535932,1,1.0
239,11,2,7,54080962.62957249,1,1.0
239,11,3,10,76561091.3713206,1,1.0
239,12,0,2,76146033.23007119,1,1.0
239,12,1,3,87047096.21753561,1,1.0
239,12,2,8,67259103.02052678,1,1.0
239,12,3,10,72711675.25134876,1,1.0
239,13,0,2,87594144.96200228,1,1.0
239,13,1,3,70299137.60890043,1,1.0
239,13,2,8,88251348.47090803,1,1.0
239,13,3,11,74957615.538545,1,1.0
239,14,0,2,75609423.04152428,1,1.0
239,14,1,3,82773347.09681651,1,1.0
239,14,2,8,52795765.96816118,1,1.0
239,14,3,11,61145114.39320626,1,1.0
239,15,0,2,86592919.70417017,1,1.0
239,15,1,3,97299074.12469307,1,1.0
239,15,2,6,62324458.0964529,1,1.0
239,15,3,11,77862803.00112773,1,1.0
239,16,0,1,61289183.78556392,1,1.0
239,16,1,3,68396503.42605498,1,1.0
239,16,2,8,79752315.14913924,1,1.0
239,16,3,11,74974682.3766282,1,1.0
239,17,0,2,60521413.737718455,1,1.0
239,17,1,4,61500867.00114133,1,1.0
239,17,2,8,60102959.54819449,1,1.0
239,17,3,11,65387339.976102844,1,1.0
239,18,0,2,64491146.67353956,1,1.0
239,18,1,3,99034468.99742268,1,1.0
239,18,2,8,68231460.76686604,1,1.0
239,18,3,10,68969233.00077555,1,1.0
239,19,0,2,63456160.31791023,1,1.0
239,19,1,3,95232068.69973761,1,1.0
239,19,2,6,59225976.717226714,1,1.0
239,19,3,10,82845899.38898842,1,1.0
239,20,0,0,61449706.43969422,1,1.0
239,20,1,3,68926956.8248634,1,1.0
239,20,2,7,82639922.95495656,1,1.0
239,20,3,10,84361396.78242292,1,1.0
239,21,0,2,65032806.19947165,1,1.0
239,21,1,3,71447431.54998939,1,1.0
239,21,2,7,70200647.39961085,1,1.0
239,21,3,10,73923663.95959729,1,1.0
239,22,0,1,58513176.59934494,1,1.0
239,22,1,4,78257587.57318483,1,1.0
239,22,2,8,58459094.080810376,1,1.0
239,22,3,10,113184464.10305321,1,1.0
239,23,0,2,60782558.407517426,1,1.0
239,23,1,4,57570957.95492195,1,1.0
239,23,2,8,71130203.02962133,1,1.0
239,23,3,10,119356251.82518916,1,1.0
240,0,0,2,71585738.2779539,1,1.0
240,0,1,4,59816284.5394097,1,1.0
240,0,2,7,61693734.95955833,1,1.0
240,0,3,10,75586665.93711688,1,1.0
240,1,0,2,87352064.52788171,1,1.0
240,1,1,4,62441415.155324034,1,1.0
240,1,2,8,101511192.2587913,1,1.0
240,1,3,10,85742579.1484815,1,1.0
240,2,0,2,53440733.893511035,1,1.0
240,2,1,3,69804158.57520728,1,1.0
240,2,2,7,68532144.46574497,1,1.0
240,2,3,10,65512800.50977533,1,1.0
240,3,0,2,76401081.8697764,1,1.0
240,3,1,3,80907316.47613809,1,1.0
240,3,2,8,70811579.91985704,1,1.0
240,3,3,10,93760212.99922931,1,1.0
240,4,0,0,78389392.57163902,1,1.0
240,4,1,3,67092186.81630077,1,1.0
240,4,2,8,68578682.70169555,1,1.0
240,4,3,10,90654553.12275195,1,1.0
240,5,0,2,66546348.964314446,1,1.0
240,5,1,3,69171462.12967993,1,1.0
240,5,2,8,66163094.60223558,1,1.0
240,5,3,10,65393415.63344892,1,1.0
240,6,0,2,107730216.51019442,1,1.0
240,6,1,3,65131840.82277685,1,1.0
240,6,2,7,66723248.780755445,1,1.0
240,6,3,10,71216640.25942579,1,1.0
240,7,0,2,69233119.56888005,1,1.0
240,7,1,3,73378094.76410815,1,1.0
240,7,2,8,69773528.08268501,1,1.0
240,7,3,10,68816439.76863138,1,1.0
240,8,0,0,63835016.80171298,1,1.0
240,8,1,3,86944103.40495463,1,1.0
240,8,2,8,63604612.240658246,1,1.0
240,8,3,10,69332772.94519407,1,1.0
240,9,0,2,78271524.84165606,1,1.0
240,9,1,3,57363553.71515861,1,1.0
240,9,2,6,57112159.85910573,1,1.0
240,9,3,10,75205774.94746713,1,1.0
240,10,0,2,94551741.55617185,1,1.0
240,10,1,4,63198932.8710756,1,1.0
240,10,2,7,71022179.41164653,1,1.0
240,10,3,10,72854013.2814211,1,1.0
240,11,0,2,62830632.55577419,1,1.0
240,11,1,3,68238474.72090407,1,1.0
240,11,2,6,57128284.105348,1,1.0
240,11,3,10,72386761.30774906,1,1.0
240,12,0,2,75166001.09412956,1,1.0
240,12,1,4,81795281.10719836,1,1.0
240,12,2,8,60798492.65547895,1,1.0
240,12,3,10,98127287.06555332,1,1.0
240,13,0,2,77245691.11055234,1,1.0
240,13,1,4,70635549.69416384,1,1.0
240,13,2,6,65421405.36570612,1,1.0
240,13,3,11,61220430.871889,1,1.0
240,14,0,2,65786244.50611413,1,1.0
240,14,1,4,64888348.264088385,1,1.0
240,14,2,7,65332226.0067119,1,1.0
240,14,3,11,65556736.06355319,1,1.0
240,15,0,2,73400526.4316488,1,1.0
240,15,1,3,84033279.65023284,1,1.0
240,15,2,8,64702450.6201203,1,1.0
240,15,3,10,71977735.91174091,1,1.0
240,16,0,2,67946325.11768618,1,1.0
240,16,1,3,73969796.27866402,1,1.0
240,16,2,8,65742913.320062734,1,1.0
240,16,3,10,73133974.08213276,1,1.0
240,17,0,2,68677199.3164827,1,1.0
240,17,1,4,83596827.14685686,1,1.0
240,17,2,7,80321433.16605115,1,1.0
240,17,3,10,72272536.84516211,1,1.0
240,18,0,0,55863351.60510719,1,1.0
240,18,1,3,62790356.06872,1,1.0
240,18,2,7,53991436.49495054,1,1.0
240,18,3,10,104020708.063421,1,1.0
240,19,0,2,97066544.23820157,1,1.0
240,19,1,3,87474201.79862441,1,1.0
240,19,2,8,97248547.13740604,1,1.0
240,19,3,10,72854429.93840799,1,1.0
240,20,0,2,66135458.44277083,1,1.0
240,20,1,3,92378115.84790006,1,1.0
240,20,2,8,61766311.78488227,1,1.0
240,20,3,11,70683126.06492206,1,1.0
240,21,0,2,72723927.70988412,1,1.0
240,21,1,4,69891843.19647643,1,1.0
240,21,2,8,56422750.0678508,1,1.0
240,21,3,10,85493091.39696617,1,1.0
240,22,0,2,96413646.69649033,1,1.0
240,22,1,3,82852156.5273661,1,1.0
240,22,2,6,56652466.40085271,1,1.0
240,22,3,11,63704496.58954439,1,1.0
240,23,0,0,69507226.93694976,1,1.0
240,23,1,3,61357996.06051357,1,1.0
240,23,2,8,79166182.97984667,1,1.0
240,23,3,10,78252771.75972955,1,1.0
241,0,0,2,73898189.63298304,1,1.0
241,0,1,3,87357069.81105772,1,1.0
241,0,2,8,56976641.50716724,1,1.0
241,0,3,10,69080607.9054198,1,1.0
241,1,0,2,75590510.39186256,1,1.0
241,1,1,4,66498036.26496409,1,1.0
241,1,2,7,61025742.18102848,1,1.0
241,1,3,11,64714708.26725417,1,1.0
241,2,0,2,93835827.61153893,1,1.0
241,2,1,4,70066098.15983453,1,1.0
241,2,2,8,70423351.11488843,1,1.0
241,2,3,10,69348699.1618785,1,1.0
241,3,0,2,64645813.866267316,1,1.0
241,3,1,3,71302777.33425371,1,1.0
241,3,2,8,87345690.77841736,1,1.0
241,3,3,10,75327787.21791586,1,1.0
241,4,0,2,58067439.08921818,1,1.0
241,4,1,4,72476361.99414058,1,1.0
241,4,2,8,68325544.28535394,1,1.0
241,4,3,11,89454588.88750607,1,1.0
241,5,0,2,79663069.73662129,1,1.0
241,5,1,3,72140885.01531102,1,1.0
241,5,2,8,71242827.85443556,1,1.0
241,5,3,10,89831567.64192353,1,1.0
241,6,0,2,72510566.6197277,1,1.0
241,6,1,3,68101435.4963256,1,1.0
241,6,2,6,64580051.785953976,1,1.0
241,6,3,11,71845039.2420415,1,1.0
241,7,0,2,90426404.17387207,1,1.0
241,7,1,3,72384744.30357818,1,1.0
241,7,2,8,66404876.63395047,1,1.0
241,7,3,10,78540308.72189604,1,1.0
241,8,0,2,71599408.2259911,1,1.0
241,8,1,3,64745645.71646748,1,1.0
241,8,2,8,76824513.36004181,1,1.0
241,8,3,10,64823203.34836989,1,1.0
241,9,0,2,57648615.86988101,1,1.0
241,9,1,4,73583469.95088296,1,1.0
241,9,2,8,65200315.23006159,1,1.0
241,9,3,10,78369971.2941725,1,1.0
241,10,0,2,58710601.991817884,1,1.0
241,10,1,4,60049978.52954015,1,1.0
241,10,2,7,67615755.74592972,1,1.0
241,10,3,11,80833834.28292109,1,1.0
241,11,0,2,73871546.10681593,1,1.0
241,11,1,3,105102326.43684837,1,1.0
241,11,2,8,89900496.09233074,1,1.0
241,11,3,10,61425137.472176224,1,1.0
241,12,0,0,59285412.77560691,1,1.0
241,12,1,3,77693001.11010142,1,1.0
241,12,2,8,75180795.86191939,1,1.0
241,12,3,10,77486912.36157405,1,1.0
241,13,0,0,77961819.9037528,1,1.0
241,13,1,3,72569411.03853376,1,1.0
241,13,2,8,61726930.630806975,1,1.0
241,13,3,10,84567539.20359279,1,1.0
241,14,0,2,96437811.88381147,1,1.0
241,14,1,3,88789049.85812625,1,1.0
241,14,2,8,96113966.8726442,1,1.0
241,14,3,10,64624929.78085856,1,1.0
241,15,0,2,61382970.349719375,1,1.0
241,15,1,3,84023628.51382269,1,1.0
241,15,2,7,60010588.298320085,1,1.0
241,15,3,10,78843507.3958315,1,1.0
241,16,0,2,62714639.65170178,1,1.0
241,16,1,4,63456565.53214279,1,1.0
241,16,2,7,65714417.129739515,1,1.0
241,16,3,11,64232857.09933562,1,1.0
241,17,0,2,68667764.97803438,1,1.0
241,17,1,3,57944831.302407384,1,1.0
241,17,2,8,58492517.58213933,1,1.0
241,17,3,11,64370638.46806574,1,1.0
241,18,0,1,61883468.90383886,1,1.0
241,18,1,3,57923229.66218125,1,1.0
241,18,2,7,59836417.5147453,1,1.0
241,18,3,10,71153055.18499856,1,1.0
241,19,0,0,61500681.69973138,1,1.0
241,19,1,3,78495413.5586105,1,1.0
241,19,2,8,74128365.01562406,1,1.0
241,19,3,10,108315631.77970529,1,1.0
241,20,0,2,71825403.4517771,1,1.0
241,20,1,4,75752889.28830795,1,1.0
241,20,2,8,77678843.72343548,1,1.0
241,20,3,10,78046866.28387715,1,1.0
241,21,0,2,81031409.20355432,1,1.0
241,21,1,4,61881447.6709711,1,1.0
241,21,2,7,69442593.36447054,1,1.0
241,21,3,10,121999197.02285431,1,1.0
241,22,0,2,92651095.3422729,1,1.0
241,22,1,3,74970087.8567702,1,1.0
241,22,2,7,56164977.87668194,1,1.0
241,22,3,10,71593050.21672168,1,1.0
241,23,0,2,71810346.43710333,1,1.0
241,23,1,4,63191304.71372932,1,1.0
241,23,2,8,58892090.34016335,1,1.0
241,23,3,10,73382476.16294532,1,1.0
242,0,0,2,67683824.63695619,1,1.0
242,0,1,3,65362431.89399347,1,1.0
242,0,2,8,61288005.96259902,1,1.0
242,0,3,10,62782265.17269059,1,1.0
242,1,0,2,83330251.32327253,1,1.0
242,1,1,3,62928050.20548463,1,1.0
242,1,2,8,62351457.751545474,1,1.0
242,1,3,11,107524281.04860194,1,1.0
242,2,0,2,86008276.2886467,1,1.0
242,2,1,3,98979002.91908708,1,1.0
242,2,2,8,60526322.79629884,1,1.0
242,2,3,10,76544594.45168024,1,1.0
242,3,0,2,63265699.15801118,1,1.0
242,3,1,3,82925712.8841991,1,1.0
242,3,2,6,53561203.98154622,1,1.0
242,3,3,11,86830856.05960715,1,1.0
242,4,0,2,100467229.04466958,1,1.0
242,4,1,4,79748648.27935158,1,1.0
242,4,2,8,70852678.45136645,1,1.0
242,4,3,10,71565430.44916187,1,1.0
242,5,0,0,55002064.46048019,1,1.0
242,5,1,3,82241875.1216449,1,1.0
242,5,2,8,82005672.8979577,1,1.0
242,5,3,10,88762354.62165703,1,1.0
242,6,0,2,76834616.08739801,1,1.0
242,6,1,4,60264875.0534172,1,1.0
242,6,2,7,58110841.97445844,1,1.0
242,6,3,10,78156442.61603999,1,1.0
242,7,0,2,100066697.94463557,1,1.0
242,7,1,4,75930996.92459956,1,1.0
242,7,2,8,77124769.5255418,1,1.0
242,7,3,11,67711142.23457511,1,1.0
242,8,0,2,92949506.14668377,1,1.0
242,8,1,3,76500276.21716766,1,1.0
242,8,2,7,58875530.62031859,1,1.0
242,8,3,10,76386224.76627457,1,1.0
242,9,0,2,59853485.72475131,1,1.0
242,9,1,3,77741199.87551227,1,1.0
242,9,2,8,67999872.13424155,1,1.0
242,9,3,10,90164475.99625835,1,1.0
242,10,0,2,76323680.74319617,1,1.0
242,10,1,3,69504145.70047282,1,1.0
242,10,2,8,76040957.9975688,1,1.0
242,10,3,11,86463866.91288759,1,1.0
242,11,0,2,65692728.49550105,1,1.0
242,11,1,3,59395122.65071656,1,1.0
242,11,2,7,58007903.392762974,1,1.0
242,11,3,10,88995391.36110637,1,1.0
242,12,0,0,59303874.352636814,1,1.0
242,12,1,4,77980493.87648903,1,1.0
242,12,2,8,87049972.03393373,1,1.0
242,12,3,10,105489175.18408616,1,1.0
242,13,0,2,91114925.64231786,1,1.0
242,13,1,4,60911793.407737456,1,1.0
242,13,2,8,71655057.87012883,1,1.0
242,13,3,10,66850817.54427475,1,1.0
242,14,0,0,70030913.06440301,1,1.0
242,14,1,4,73611764.54625857,1,1.0
242,14,2,8,67047645.10246196,1,1.0
242,14,3,10,71884025.35102862,1,1.0
242,15,0,2,63569264.295003384,1,1.0
242,15,1,4,76200216.82348683,1,1.0
242,15,2,8,89396398.82384439,1,1.0
242,15,3,10,96174578.04182082,1,1.0
242,16,0,2,67886339.59914646,1,1.0
242,16,1,4,69225755.91506717,1,1.0
242,16,2,8,76119056.67257333,1,1.0
242,16,3,10,79337019.31754978,1,1.0
242,17,0,2,61777399.35106164,1,1.0
242,17,1,3,82720762.670066,1,1.0
242,17,2,8,67900392.83340566,1,1.0
242,17,3,10,73548179.63904068,1,1.0
242,18,0,2,66472115.96834463,1,1.0
242,18,1,4,72438847.7149158,1,1.0
242,18,2,8,61676468.60943382,1,1.0
242,18,3,10,84931083.33227265,1,1.0
242,19,0,1,59628789.80250449,1,1.0
242,19,1,3,75766716.25095776,1,1.0
242,19,2,8,93976357.47444603,1,1.0
242,19,3,10,59992998.79593636,1,1.0
242,20,0,2,97524636.77291915,1,1.0
242,20,1,3,80658333.1172147,1,1.0
242,20,2,8,69794811.16379018,1,1.0
242,20,3,11,98930169.03696571,1,1.0
242,21,0,1,65123458.32130421,1,1.0
242,21,1,3,66782696.6310812,1,1.0
242,21,2,8,63510722.33516051,1,1.0
242,21,3,10,94924958.48563817,1,1.0
242,22,0,2,97537131.47726086,1,1.0
242,22,1,3,75178052.66353554,1,1.0
242,22,2,8,86567499.22853634,1,1.0
242,22,3,10,68000682.08011477,1,1.0
242,23,0,2,73948374.71116602,1,1.0
242,23,1,4,65383978.10100886,1,1.0
242,23,2,8,72253009.15829718,1,1.0
242,23,3,10,75871829.96646853,1,1.0
243,0,0,2,82158814.09153926,1,1.0
243,0,1,4,74061206.39032136,1,1.0
243,0,2,8,84848799.59086765,1,1.0
243,0,3,10,98250487.94113252,1,1.0
243,1,0,2,68433704.90049958,1,1.0
243,1,1,3,65704675.90017303,1,1.0
243,1,2,8,55738811.65220286,1,1.0
243,1,3,11,72396415.73625886,1,1.0
243,2,0,2,87140786.75724994,1,1.0
243,2,1,4,62691353.862009585,1,1.0
243,2,2,8,92411651.89372617,1,1.0
243,2,3,10,67080370.05916768,1,1.0
243,3,0,1,56027517.28228087,1,1.0
243,3,1,4,70121252.76565535,1,1.0
243,3,2,6,58924342.54528692,1,1.0
243,3,3,10,77110746.74910434,1,1.0
243,4,0,2,68629883.27326462,1,1.0
243,4,1,3,64114546.6373462,1,1.0
243,4,2,8,80876515.94079378,1,1.0
243,4,3,10,103902310.92397834,1,1.0
243,5,0,2,72932198.99405113,1,1.0
243,5,1,3,78394136.27641203,1,1.0
243,5,2,6,83588256.0653888,1,1.0
243,5,3,10,78939782.28217159,1,1.0
243,6,0,2,63951468.942616485,1,1.0
243,6,1,3,69722304.02152492,1,1.0
243,6,2,7,68301104.62357382,1,1.0
243,6,3,10,88170956.18453565,1,1.0
243,7,0,1,69699442.63955227,1,1.0
243,7,1,4,59683053.502716,1,1.0
243,7,2,7,66594215.01092016,1,1.0
243,7,3,10,91966042.46039322,1,1.0
243,8,0,2,52180407.34811692,1,1.0
243,8,1,3,75232430.1231009,1,1.0
243,8,2,8,76495820.35067567,1,1.0
243,8,3,10,73232908.32430904,1,1.0
243,9,0,0,57356974.82638902,1,1.0
243,9,1,4,59599268.02440721,1,1.0
243,9,2,6,55386785.61396431,1,1.0
243,9,3,10,84805362.75418657,1,1.0
243,10,0,2,71181613.33964665,1,1.0
243,10,1,4,81154923.81053297,1,1.0
243,10,2,8,57858827.311988674,1,1.0
243,10,3,11,66467000.002698824,1,1.0
243,11,0,0,60709881.73348883,1,1.0
243,11,1,3,61589568.549927674,1,1.0
243,11,2,8,66472862.55351029,1,1.0
243,11,3,10,89909028.5465606,1,1.0
243,12,0,0,71218006.98457316,1,1.0
243,12,1,3,74705291.94352706,1,1.0
243,12,2,8,55305502.81843208,1,1.0
243,12,3,10,74547523.42866375,1,1.0
243,13,0,2,60404175.46411501,1,1.0
243,13,1,3,70970420.98023535,1,1.0
243,13,2,8,77990620.54031965,1,1.0
243,13,3,10,64174692.28797559,1,1.0
243,14,0,2,54596267.58204932,1,1.0
243,14,1,4,62097620.30567287,1,1.0
243,14,2,8,60172647.50582938,1,1.0
243,14,3,10,66938789.53492963,1,1.0
243,15,0,2,59498117.87093677,1,1.0
243,15,1,4,62722955.99045763,1,1.0
243,15,2,6,58072334.60827768,1,1.0
243,15,3,11,63648862.60429992,1,1.0
243,16,0,2,89574841.52788489,1,1.0
243,16,1,3,75662883.37803316,1,1.0
243,16,2,6,63384069.55767379,1,1.0
243,16,3,10,67211699.46008517,1,1.0
243,17,0,2,102307796.94630243,1,1.0
243,17,1,3,67804093.92577352,1,1.0
243,17,2,8,89648545.2058371,1,1.0
243,17,3,10,78161458.0005729,1,1.0
243,18,0,2,86389187.62087679,1,1.0
243,18,1,3,73260413.90976708,1,1.0
243,18,2,7,53077875.6399055,1,1.0
243,18,3,11,74031301.54957587,1,1.0
243,19,0,2,71532277.8685423,1,1.0
243,19,1,3,77172887.53445202,1,1.0
243,19,2,8,67723648.21815759,1,1.0
243,19,3,10,80288407.945248,1,1.0
243,20,0,0,74644642.33823723,1,1.0
243,20,1,3,76837465.60653514,1,1.0
243,20,2,8,69717676.63717899,1,1.0
243,20,3,10,96214534.28224698,1,1.0
243,21,0,2,77614635.2483237,1,1.0
243,21,1,3,82249307.68236971,1,1.0
243,21,2,8,61591718.68416267,1,1.0
243,21,3,10,75322446.45034085,1,1.0
243,22,0,1,59518431.463696554,1,1.0
243,22,1,4,62129380.3148657,1,1.0
243,22,2,7,60661098.97636468,1,1.0
243,22,3,10,76684947.71115275,1,1.0
243,23,0,2,85952947.84100328,1,1.0
243,23,1,3,75260773.33999561,1,1.0
243,23,2,6,68152618.95017646,1,1.0
243,23,3,11,57947564.50953511,1,1.0
244,0,0,1,66281030.750610664,1,1.0
244,0,1,3,72584285.07423632,1,1.0
244,0,2,8,66701451.71501863,1,1.0
244,0,3,11,88253410.82591173,1,1.0
244,1,0,2,87563447.73028705,1,1.0
244,1,1,3,82636788.488423,1,1.0
244,1,2,7,62972479.109451875,1,1.0
244,1,3,10,75344091.05461062,1,1.0
244,2,0,0,61571350.535479724,1,1.0
244,2,1,3,102521358.45076261,1,1.0
244,2,2,8,69645557.3470293,1,1.0
244,2,3,10,85633002.8847417,1,1.0
244,3,0,2,82296910.4753705,1,1.0
244,3,1,4,72391164.66048114,1,1.0
244,3,2,8,68370603.1355515,1,1.0
244,3,3,10,65014444.06925738,1,1.0
244,4,0,2,97438321.91390029,1,1.0
244,4,1,4,71223594.61894043,1,1.0
244,4,2,8,71739393.04216072,1,1.0
244,4,3,10,99931935.62287827,1,1.0
244,5,0,2,72183133.31112404,1,1.0
244,5,1,4,69502218.65508698,1,1.0
244,5,2,7,59204274.03580075,1,1.0
244,5,3,10,83796180.88912567,1,1.0
244,6,0,1,58286189.84870045,1,1.0
244,6,1,4,62314719.72108167,1,1.0
244,6,2,7,58364507.62745369,1,1.0
244,6,3,10,89588766.40870816,1,1.0
244,7,0,2,69211262.50439006,1,1.0
244,7,1,3,60477925.66961465,1,1.0
244,7,2,8,69355923.39886992,1,1.0
244,7,3,11,72255239.7283545,1,1.0
244,8,0,2,84624383.57949698,1,1.0
244,8,1,3,66635715.987584956,1,1.0
244,8,2,8,61979811.60755737,1,1.0
244,8,3,10,78781773.77777739,1,1.0
244,9,0,2,65276435.20412764,1,1.0
244,9,1,3,74407814.10309917,1,1.0
244,9,2,7,67778989.57285346,1,1.0
244,9,3,10,70756902.0701086,1,1.0
244,10,0,2,86612856.38924412,1,1.0
244,10,1,3,81015486.16282661,1,1.0
244,10,2,8,83014575.43234427,1,1.0
244,10,3,11,72534907.98221934,1,1.0
244,11,0,2,66437501.69217891,1,1.0
244,11,1,5,58480953.0419595,1,1.0
244,11,2,8,65395064.335366026,1,1.0
244,11,3,11,75684215.74677816,1,1.0
244,12,0,0,68202248.9180304,1,1.0
244,12,1,3,65374476.56009487,1,1.0
244,12,2,8,96066663.06261127,1,1.0
244,12,3,11,72029842.48219095,1,1.0
244,13,0,2,65158231.35300309,1,1.0
244,13,1,3,80440893.30450013,1,1.0
244,13,2,8,65069999.94022044,1,1.0
244,13,3,10,65497038.33389888,1,1.0
244,14,0,2,62898697.07803103,1,1.0
244,14,1,4,76735977.6999276,1,1.0
244,14,2,8,73314699.48706602,1,1.0
244,14,3,11,72627627.21691465,1,1.0
244,15,0,2,68214751.96485229,1,1.0
244,15,1,3,62042633.03236955,1,1.0
244,15,2,8,64847637.78247025,1,1.0
244,15,3,10,74480997.9443193,1,1.0
244,16,0,2,72177488.74529602,1,1.0
244,16,1,3,83432080.38132805,1,1.0
244,16,2,6,54066295.955121554,1,1.0
244,16,3,10,85048120.06552224,1,1.0
244,17,0,2,81441784.01604682,1,1.0
244,17,1,4,65531882.030386165,1,1.0
244,17,2,8,81598134.38484572,1,1.0
244,17,3,10,83577874.61117569,1,1.0
244,18,0,2,79662528.53852816,1,1.0
244,18,1,3,78334266.07637769,1,1.0
244,18,2,7,54940938.162637055,1,1.0
244,18,3,10,73817558.48639165,1,1.0
244,19,0,2,57337595.66725313,1,1.0
244,19,1,3,65471911.424248956,1,1.0
244,19,2,6,64052245.25890503,1,1.0
244,19,3,11,59658828.20563137,1,1.0
244,20,0,2,61097099.4177256,1,1.0
244,20,1,3,90350585.7662395,1,1.0
244,20,2,8,71542821.30755016,1,1.0
244,20,3,10,79714070.19381356,1,1.0
244,21,0,2,65242603.22578348,1,1.0
244,21,1,4,73400503.68699609,1,1.0
244,21,2,8,71777940.00421974,1,1.0
244,21,3,10,82206210.43417633,1,1.0
244,22,0,2,79076389.7060174,1,1.0
244,22,1,3,83350813.23401129,1,1.0
244,22,2,8,65752948.56719667,1,1.0
244,22,3,10,95882484.37597118,1,1.0
244,23,0,2,84212204.32587321,1,1.0
244,23,1,3,74578397.71855742,1,1.0
244,23,2,8,69407951.02636299,1,1.0
244,23,3,10,73264757.41255645,1,1.0
245,0,0,2,68911706.44203378,1,1.0
245,0,1,4,63974854.00091581,1,1.0
245,0,2,8,61807175.36907903,1,1.0
245,0,3,10,90604978.2505985,1,1.0
245,1,0,1,65416004.69521011,1,1.0
245,1,1,3,68872300.54309866,1,1.0
245,1,2,8,61480984.89488491,1,1.0
245,1,3,10,65606236.13807018,1,1.0
245,2,0,2,67387817.27694578,1,1.0
245,2,1,3,87287176.5426693,1,1.0
245,2,2,8,54566459.95132902,1,1.0
245,2,3,10,73445800.62680545,1,1.0
245,3,0,2,64696210.34309669,1,1.0
245,3,1,3,101959913.76080658,1,1.0
245,3,2,8,73111604.39210837,1,1.0
245,3,3,10,99305511.82674778,1,1.0
245,4,0,2,90749485.6088116,1,1.0
245,4,1,3,66716546.835449316,1,1.0
245,4,2,8,66625782.83972153,1,1.0
245,4,3,10,79420111.42995274,1,1.0
245,5,0,2,73063313.05223292,1,1.0
245,5,1,3,68069153.76192936,1,1.0
245,5,2,7,55785170.72108358,1,1.0
245,5,3,10,87159598.40241595,1,1.0
245,6,0,2,58387250.06577704,1,1.0
245,6,1,3,96152869.53449544,1,1.0
245,6,2,6,61191147.72309908,1,1.0
245,6,3,10,69082412.56819098,1,1.0
245,7,0,2,72939044.01806577,1,1.0
245,7,1,4,77039453.57346429,1,1.0
245,7,2,7,62304702.34803381,1,1.0
245,7,3,10,72443576.34364894,1,1.0
245,8,0,2,77687137.10514924,1,1.0
245,8,1,3,76844439.99909143,1,1.0
245,8,2,8,62636380.892513245,1,1.0
245,8,3,10,64991293.91858584,1,1.0
245,9,0,2,69746555.25485398,1,1.0
245,9,1,3,72208066.76029657,1,1.0
245,9,2,8,92575455.27793609,1,1.0
245,9,3,11,64443808.03967434,1,1.0
245,10,0,2,71407231.69558012,1,1.0
245,10,1,3,97460276.94676037,1,1.0
245,10,2,8,74042818.9132506,1,1.0
245,10,3,10,93140871.38923126,1,1.0
245,11,0,2,57313932.46238308,1,1.0
245,11,1,3,84034973.3253362,1,1.0
245,11,2,7,57380933.83995754,1,1.0
245,11,3,10,82599381.57635053,1,1.0
245,12,0,2,90773664.90474886,1,1.0
245,12,1,4,60044570.12062991,1,1.0
245,12,2,8,53558880.459433824,1,1.0
245,12,3,11,79018536.81347874,1,1.0
245,13,0,2,65461338.319707796,1,1.0
245,13,1,3,59974521.2016311,1,1.0
245,13,2,6,71862101.27662858,1,1.0
245,13,3,10,99761575.9006265,1,1.0
245,14,0,2,98322410.8450357,1,1.0
245,14,1,3,63567310.72192225,1,1.0
245,14,2,7,63729286.08193332,1,1.0
245,14,3,11,83248212.51160282,1,1.0
245,15,0,0,65877795.7697966,1,1.0
245,15,1,3,64744302.239901245,1,1.0
245,15,2,8,58447044.71447055,1,1.0
245,15,3,10,101185575.80108461,1,1.0
245,16,0,2,68659488.6736982,1,1.0
245,16,1,3,79915081.20680235,1,1.0
245,16,2,8,56642453.94289632,1,1.0
245,16,3,10,83708034.52695523,1,1.0
245,17,0,2,58102171.52313008,1,1.0
245,17,1,3,61562569.04741457,1,1.0
245,17,2,8,71131734.70420481,1,1.0
245,17,3,11,85815303.49208614,1,1.0
245,18,0,2,61979775.77801723,1,1.0
245,18,1,3,69380970.76923724,1,1.0
245,18,2,8,69620030.92130269,1,1.0
245,18,3,10,93732186.76481424,1,1.0
245,19,0,2,81274944.46587434,1,1.0
245,19,1,4,59241081.45249756,1,1.0
245,19,2,6,54585826.555728294,1,1.0
245,19,3,10,76520465.0084035,1,1.0
245,20,0,2,88456055.2934512,1,1.0
245,20,1,4,78264819.45756958,1,1.0
245,20,2,8,68872946.4184447,1,1.0
245,20,3,10,113655676.54870264,1,1.0
245,21,0,2,73888246.59867838,1,1.0
245,21,1,3,71921769.26136935,1,1.0
245,21,2,8,60425574.02623856,1,1.0
245,21,3,10,87778027.15147974,1,1.0
245,22,0,2,76160081.13972025,1,1.0
245,22,1,3,83597985.44493511,1,1.0
245,22,2,8,76823705.78082167,1,1.0
245,22,3,10,86550672.9098544,1,1.0
245,23,0,2,64967986.882869914,1,1.0
245,23,1,3,69491098.76555376,1,1.0
245,23,2,8,84821684.44815215,1,1.0
245,23,3,10,100834611.74762672,1,1.0
246,0,0,1,58045826.984374255,1,1.0
246,0,1,3,69558248.99093652,1,1.0
246,0,2,8,61088183.030063376,1,1.0
246,0,3,10,92138461.12655024,1,1.0
246,1,0,1,55601496.58173301,1,1.0
246,1,1,4,66077325.91694359,1,1.0
246,1,2,8,68844506.80718574,1,1.0
246,1,3,10,69628025.23438866,1,1.0
246,2,0,2,90115719.9966518,1,1.0
246,2,1,4,71486044.97215891,1,1.0
246,2,2,8,67516440.50193109,1,1.0
246,2,3,11,75117662.4247204,1,1.0
246,3,0,2,102133139.06310862,1,1.0
246,3,1,3,89366147.92497443,1,1.0
246,3,2,7,66350558.65753405,1,1.0
246,3,3,11,65698730.613108955,1,1.0
246,4,0,2,72249031.97987388,1,1.0
246,4,1,3,86822254.77163272,1,1.0
246,4,2,8,55859100.67933235,1,1.0
246,4,3,10,89584371.28650385,1,1.0
246,5,0,2,96463936.79304692,1,1.0
246,5,1,3,74993446.59124646,1,1.0
246,5,2,8,75758401.92089091,1,1.0
246,5,3,10,90494645.86220503,1,1.0
246,6,0,2,67959871.97654282,1,1.0
246,6,1,3,74410432.72192262,1,1.0
246,6,2,8,62225181.41509722,1,1.0
246,6,3,10,86328941.23112267,1,1.0
246,7,0,0,58848817.90982044,1,1.0
246,7,1,3,64601204.78291965,1,1.0
246,7,2,8,64459873.754708365,1,1.0
246,7,3,11,68839426.32911445,1,1.0
246,8,0,2,71460421.85018864,1,1.0
246,8,1,3,74872451.02344595,1,1.0
246,8,2,8,67900947.22516969,1,1.0
246,8,3,10,68201853.0653579,1,1.0
246,9,0,0,67541941.08575934,1,1.0
246,9,1,3,69425883.76644503,1,1.0
246,9,2,8,54101792.823650576,1,1.0
246,9,3,10,78175878.19913489,1,1.0
246,10,0,2,65398582.29040314,1,1.0
246,10,1,3,92516591.8356386,1,1.0
246,10,2,8,70577273.72894536,1,1.0
246,10,3,10,77523989.16174401,1,1.0
246,11,0,1,56090179.609586924,1,1.0
246,11,1,4,95688955.5027144,1,1.0
246,11,2,8,64578159.71828576,1,1.0
246,11,3,10,87641789.45337927,1,1.0
246,12,0,2,76193920.86112441,1,1.0
246,12,1,3,69433965.20930791,1,1.0
246,12,2,8,78694750.16826892,1,1.0
246,12,3,11,68301287.76394653,1,1.0
246,13,0,2,70769827.85471211,1,1.0
246,13,1,4,66077696.516509086,1,1.0
246,13,2,8,63951877.40627018,1,1.0
246,13,3,10,70257103.48081356,1,1.0
246,14,0,1,54234718.85471318,1,1.0
246,14,1,4,77661709.87716998,1,1.0
246,14,2,8,70009697.61893448,1,1.0
246,14,3,10,86221519.52159348,1,1.0
246,15,0,2,69069017.16753718,1,1.0
246,15,1,4,62991058.84982439,1,1.0
246,15,2,6,55452408.37453805,1,1.0
246,15,3,11,68462537.00878611,1,1.0
246,16,0,0,61617385.78863403,1,1.0
246,16,1,4,69520027.47089309,1,1.0
246,16,2,8,80991247.01060115,1,1.0
246,16,3,10,90974557.8494577,1,1.0
246,17,0,2,70186175.62362477,1,1.0
246,17,1,3,68879715.53212084,1,1.0
246,17,2,8,84882494.39449735,1,1.0
246,17,3,10,67912131.34036104,1,1.0
246,18,0,2,59476592.68546969,1,1.0
246,18,1,3,84722259.62083803,1,1.0
246,18,2,7,62171598.420990504,1,1.0
246,18,3,10,79768237.27959101,1,1.0
246,19,0,2,75630384.91637558,1,1.0
246,19,1,3,82983392.78074671,1,1.0
246,19,2,8,84357567.34322391,1,1.0
246,19,3,10,94597353.51030655,1,1.0
246,20,0,0,62322504.28587392,1,1.0
246,20,1,4,65070124.653951555,1,1.0
246,20,2,8,69088731.02783717,1,1.0
246,20,3,10,75308276.834051,1,1.0
246,21,0,2,70733933.85175742,1,1.0
246,21,1,4,66822166.767308965,1,1.0
246,21,2,8,53145425.05178325,1,1.0
246,21,3,10,80697596.96721649,1,1.0
246,22,0,2,77868558.96987659,1,1.0
246,22,1,3,69012584.79967368,1,1.0
246,22,2,8,72503663.37670404,1,1.0
246,22,3,11,65317513.16464664,1,1.0
246,23,0,2,59466505.15257343,1,1.0
246,23,1,3,66737288.267798595,1,1.0
246,23,2,7,58125367.883898444,1,1.0
246,23,3,11,82318464.03457229,1,1.0
247,0,0,2,64745245.62516491,1,1.0
247,0,1,3,72932956.92856975,1,1.0
247,0,2,8,63289590.21129556,1,1.0
247,0,3,10,82961812.28555095,1,1.0
247,1,0,2,89634589.28141156,1,1.0
247,1,1,3,73638896.19684516,1,1.0
247,1,2,8,77063280.65687609,1,1.0
247,1,3,10,85985391.23627858,1,1.0
247,2,0,2,62625558.776969045,1,1.0
247,2,1,3,68522981.38153258,1,1.0
247,2,2,8,63835542.704621926,1,1.0
247,2,3,10,88287819.86225384,1,1.0
247,3,0,2,67599533.32020983,1,1.0
247,3,1,3,63601863.42676926,1,1.0
247,3,2,6,61165957.09034341,1,1.0
247,3,3,11,67088842.18306993,1,1.0
247,4,0,2,72409395.91664886,1,1.0
247,4,1,3,102328370.43868957,1,1.0
247,4,2,7,57133621.2647999,1,1.0
247,4,3,10,79946620.01717977,1,1.0
247,5,0,2,88188148.90381156,1,1.0
247,5,1,3,75102910.51413836,1,1.0
247,5,2,7,63767422.662954725,1,1.0
247,5,3,10,74455885.91335487,1,1.0
247,6,0,2,83464412.33973482,1,1.0
247,6,1,4,79251651.04637948,1,1.0
247,6,2,8,71646803.79884349,1,1.0
247,6,3,10,65055160.14601762,1,1.0
247,7,0,2,68041453.16356121,1,1.0
247,7,1,3,81068619.59510262,1,1.0
247,7,2,6,58962088.82575368,1,1.0
247,7,3,10,98852124.54674698,1,1.0
247,8,0,2,92243980.45817526,1,1.0
247,8,1,4,63032315.50231297,1,1.0
247,8,2,8,69358204.99562056,1,1.0
247,8,3,11,81375060.67088708,1,1.0
247,9,0,2,64786098.615167126,1,1.0
247,9,1,3,67510254.4797448,1,1.0
247,9,2,8,65494206.81431695,1,1.0
247,9,3,10,111580542.30532725,1,1.0
247,10,0,2,85406948.61489026,1,1.0
247,10,1,4,73009648.70023277,1,1.0
247,10,2,8,72270215.69097577,1,1.0
247,10,3,11,82136383.00713588,1,1.0
247,11,0,2,92793783.11906378,1,1.0
247,11,1,5,56600279.286805905,1,1.0
247,11,2,8,83442529.7859371,1,1.0
247,11,3,10,59022273.18680482,1,1.0
247,12,0,2,65715422.57194947,1,1.0
247,12,1,3,74649332.5696485,1,1.0
247,12,2,8,91219032.56944467,1,1.0
247,12,3,11,65868836.731726736,1,1.0
247,13,0,2,76224206.75650412,1,1.0
247,13,1,3,64585748.77436762,1,1.0
247,13,2,8,56827639.75917765,1,1.0
247,13,3,11,87723049.94204344,1,1.0
247,14,0,0,58362355.08384668,1,1.0
247,14,1,3,67479655.91912863,1,1.0
247,14,2,7,63691180.88842839,1,1.0
247,14,3,11,70555694.68211901,1,1.0
247,15,0,0,55222807.280267216,1,1.0
247,15,1,4,72397862.33262515,1,1.0
247,15,2,7,69814771.0189653,1,1.0
247,15,3,10,95066295.43300362,1,1.0
247,16,0,2,72172261.12769969,1,1.0
247,16,1,3,106550103.54242335,1,1.0
247,16,2,7,62123400.038631104,1,1.0
247,16,3,10,66648805.401154324,1,1.0
247,17,0,2,76559158.73683442,1,1.0
247,17,1,3,85417330.8090514,1,1.0
247,17,2,7,59030684.28627972,1,1.0
247,17,3,10,65294601.76654406,1,1.0
247,18,0,2,67405772.84283811,1,1.0
247,18,1,3,87077155.41934302,1,1.0
247,18,2,8,66536945.211716235,1,1.0
247,18,3,10,75822819.4632883,1,1.0
247,19,0,2,100280461.53742401,1,1.0
247,19,1,3,78294850.7723241,1,1.0
247,19,2,8,66893277.22360939,1,1.0
247,19,3,10,91383526.89114854,1,1.0
247,20,0,2,90269366.3368842,1,1.0
247,20,1,3,65318304.47504886,1,1.0
247,20,2,8,71312115.88764283,1,1.0
247,20,3,10,66551577.175521426,1,1.0
247,21,0,2,79337936.21640053,1,1.0
247,21,1,3,63189839.19595447,1,1.0
247,21,2,8,72679315.98868676,1,1.0
247,21,3,11,56722627.624698885,1,1.0
247,22,0,2,82310037.76589333,1,1.0
247,22,1,4,80059644.91530816,1,1.0
247,22,2,8,72903426.20771381,1,1.0
247,22,3,10,88328991.95681754,1,1.0
247,23,0,2,82832645.0833151,1,1.0
247,23,1,4,63912823.62272163,1,1.0
247,23,2,7,61716424.94608839,1,1.0
247,23,3,10,80070161.18939637,1,1.0
248,0,0,2,71363256.99192746,1,1.0
248,0,1,4,62718173.99097694,1,1.0
248,0,2,8,66960710.43653432,1,1.0
248,0,3,10,94252699.31372666,1,1.0
248,1,0,2,67217511.18017484,1,1.0
248,1,1,3,70077138.95948803,1,1.0
248,1,2,8,53758839.03966075,1,1.0
248,1,3,11,76869457.87127379,1,1.0
248,2,0,2,69005428.262677,1,1.0
248,2,1,3,69403682.21342239,1,1.0
248,2,2,7,75895819.93168929,1,1.0
248,2,3,10,71197042.7208699,1,1.0
248,3,0,2,105830195.51526412,1,1.0
248,3,1,4,102170369.275436,1,1.0
248,3,2,8,56736924.01205423,1,1.0
248,3,3,11,68219859.61278795,1,1.0
248,4,0,2,58932525.29103485,1,1.0
248,4,1,4,76914629.64244945,1,1.0
248,4,2,8,75370150.22920932,1,1.0
248,4,3,10,74813197.1892766,1,1.0
248,5,0,2,126979450.82042617,1,1.0
248,5,1,3,78771107.94600858,1,1.0
248,5,2,8,76815207.00137962,1,1.0
248,5,3,10,67409085.21200079,1,1.0
248,6,0,0,55132383.20209391,1,1.0
248,6,1,4,77539278.9607273,1,1.0
248,6,2,8,80865534.47474763,1,1.0
248,6,3,11,78773684.60479595,1,1.0
248,7,0,2,60756847.57029004,1,1.0
248,7,1,3,75923333.43111697,1,1.0
248,7,2,8,76336692.22146524,1,1.0
248,7,3,11,66147625.471648805,1,1.0
248,8,0,2,96630697.2879107,1,1.0
248,8,1,3,74973677.04173443,1,1.0
248,8,2,8,76076044.19659396,1,1.0
248,8,3,10,58214403.066888504,1,1.0
248,9,0,2,67872286.34852518,1,1.0
248,9,1,3,84522291.83776465,1,1.0
248,9,2,8,56470140.92390188,1,1.0
248,9,3,10,66560509.54458615,1,1.0
248,10,0,2,65812232.6956164,1,1.0
248,10,1,3,68384513.73130316,1,1.0
248,10,2,8,69352780.5598206,1,1.0
248,10,3,11,63980649.22247728,1,1.0
248,11,0,2,79174034.21248637,1,1.0
248,11,1,3,66687026.93081272,1,1.0
248,11,2,8,66680941.3382232,1,1.0
248,11,3,10,66759425.5319037,1,1.0
248,12,0,0,64961774.13144095,1,1.0
248,12,1,3,80136602.34115809,1,1.0
248,12,2,8,62241863.763515145,1,1.0
248,12,3,11,83880423.53586224,1,1.0
248,13,0,2,72221215.53938547,1,1.0
248,13,1,4,64709948.68257568,1,1.0
248,13,2,7,71812068.68311554,1,1.0
248,13,3,10,90994396.20421667,1,1.0
248,14,0,0,72331878.76092438,1,1.0
248,14,1,3,76470145.61707987,1,1.0
248,14,2,7,73046556.4116158,1,1.0
248,14,3,10,67370007.48559241,1,1.0
248,15,0,2,66962711.98051986,1,1.0
248,15,1,3,74036608.53181082,1,1.0
248,15,2,8,66268470.08499451,1,1.0
248,15,3,10,71346101.82643493,1,1.0
248,16,0,0,67000412.28907962,1,1.0
248,16,1,3,58847354.70063203,1,1.0
248,16,2,6,67156163.64268188,1,1.0
248,16,3,10,79066636.12336633,1,1.0
248,17,0,2,72224676.12360068,1,1.0
248,17,1,4,82761465.9556346,1,1.0
248,17,2,6,56251653.08114579,1,1.0
248,17,3,10,82435095.43678048,1,1.0
248,18,0,2,85724769.42414542,1,1.0
248,18,1,4,66959762.04066237,1,1.0
248,18,2,6,54594016.54582256,1,1.0
248,18,3,10,106793556.00889309,1,1.0
248,19,0,2,71554623.05746575,1,1.0
248,19,1,4,59408882.22610642,1,1.0
248,19,2,7,78503009.8170429,1,1.0
248,19,3,10,98065733.36107522,1,1.0
248,20,0,2,62991010.574661784,1,1.0
248,20,1,3,89571439.81260903,1,1.0
248,20,2,7,63228674.87530817,1,1.0
248,20,3,10,91156393.78870115,1,1.0
248,21,0,2,77350936.9845489,1,1.0
248,21,1,3,82355135.04539527,1,1.0
248,21,2,7,65507186.62383917,1,1.0
248,21,3,11,76454442.95137633,1,1.0
248,22,0,2,57395275.722878024,1,1.0
248,22,1,4,67359282.44267344,1,1.0
248,22,2,8,67410779.49259467,1,1.0
248,22,3,10,74830091.41278125,1,1.0
248,23,0,2,58677256.72303377,1,1.0
248,23,1,4,66470846.215202965,1,1.0
248,23,2,7,59874031.61952129,1,1.0
248,23,3,11,70457276.00395435,1,1.0
249,0,0,2,72622015.71605445,1,1.0
249,0,1,3,76197557.66766565,1,1.0
249,0,2,8,75627739.82935752,1,1.0
249,0,3,10,59067367.78566184,1,1.0
249,1,0,2,78156425.97740014,1,1.0
249,1,1,3,86742966.42958824,1,1.0
249,1,2,8,77143925.16557279,1,1.0
249,1,3,11,68678219.66998668,1,1.0
249,2,0,2,91942541.10806097,1,1.0
249,2,1,3,73918967.90230551,1,1.0
249,2,2,8,78668512.82709771,1,1.0
249,2,3,10,84437523.38507375,1,1.0
249,3,0,2,80283875.54498777,1,1.0
249,3,1,3,80779621.53297898,1,1.0
249,3,2,8,74749905.90730192,1,1.0
249,3,3,10,70152167.77944984,1,1.0
249,4,0,2,63836811.285113834,1,1.0
249,4,1,3,68032356.2797879,1,1.0
249,4,2,8,88160439.26419838,1,1.0
249,4,3,10,86872648.81635395,1,1.0
249,5,0,2,92915785.15448599,1,1.0
249,5,1,4,81017472.8255199,1,1.0
249,5,2,8,63802115.611215845,1,1.0
249,5,3,10,76352394.99316834,1,1.0
249,6,0,2,95161864.75805925,1,1.0
249,6,1,3,77612527.20952035,1,1.0
249,6,2,7,63960883.64062196,1,1.0
249,6,3,10,94163678.07918368,1,1.0
249,7,0,2,67762365.12446849,1,1.0
249,7,1,4,65674774.50456924,1,1.0
249,7,2,8,81053939.54002945,1,1.0
249,7,3,10,58156440.202359125,1,1.0
249,8,0,2,66434140.96385219,1,1.0
249,8,1,3,85530394.20891906,1,1.0
249,8,2,7,55865561.82036122,1,1.0
249,8,3,10,64996506.03065492,1,1.0
249,9,0,2,82963722.01619539,1,1.0
249,9,1,3,57146484.131714985,1,1.0
249,9,2,8,66276077.14696267,1,1.0
249,9,3,11,65958342.65571423,1,1.0
249,10,0,2,69093127.95035972,1,1.0
249,10,1,3,66824312.57325163,1,1.0
249,10,2,7,56675205.84044932,1,1.0
249,10,3,10,74309941.38171005,1,1.0
249,11,0,2,56429650.23815349,1,1.0
249,11,1,3,68173647.20473635,1,1.0
249,11,2,8,61869435.71722894,1,1.0
249,11,3,10,69608494.53218389,1,1.0
249,12,0,2,77470019.03661492,1,1.0
249,12,1,3,65431468.13676379,1,1.0
249,12,2,8,68750038.56245902,1,1.0
249,12,3,10,70134631.41866747,1,1.0
249,13,0,2,69015823.10133536,1,1.0
249,13,1,3,73670035.47387633,1,1.0
249,13,2,7,70874107.28624995,1,1.0
249,13,3,10,66746031.186304644,1,1.0
249,14,0,2,78769528.37259819,1,1.0
249,14,1,3,68570553.6470567,1,1.0
249,14,2,6,61577265.914140634,1,1.0
249,14,3,11,72868023.44324225,1,1.0
249,15,0,2,57560389.89216875,1,1.0
249,15,1,3,78748283.08436438,1,1.0
249,15,2,8,67591509.33591707,1,1.0
249,15,3,10,67093919.77162686,1,1.0
249,16,0,2,77694018.8514193,1,1.0
249,16,1,4,66832082.72502553,1,1.0
249,16,2,7,62396847.7972126,1,1.0
249,16,3,11,73825311.2859915,1,1.0
249,17,0,2,93021564.32589144,1,1.0
249,17,1,3,82359542.17360254,1,1.0
249,17,2,7,56508325.18303834,1,1.0
249,17,3,11,86226910.69552861,1,1.0
249,18,0,2,74694334.53364481,1,1.0
249,18,1,4,66950392.20238191,1,1.0
249,18,2,8,87463822.15177171,1,1.0
249,18,3,10,97000436.42064948,1,1.0
249,19,0,1,67145780.25331682,1,1.0
249,19,1,3,76628051.74430259,1,1.0
249,19,2,6,68884680.28753325,1,1.0
249,19,3,10,71168253.68478024,1,1.0
249,20,0,1,63933270.65921363,1,1.0
249,20,1,3,83968178.14482002,1,1.0
249,20,2,8,67802774.428004,1,1.0
249,20,3,11,66016692.41086441,1,1.0
249,21,0,2,87551314.9618227,1,1.0
249,21,1,3,61492778.93687028,1,1.0
249,21,2,8,66408867.54266217,1,1.0
249,21,3,10,88643028.81129487,1,1.0
249,22,0,0,66333778.444848485,1,1.0
249,22,1,3,72129323.61092295,1,1.0
249,22,2,8,65882030.59782378,1,1.0
249,22,3,10,99124140.54660437,1,1.0
249,23,0,2,66400056.128483206,1,1.0
249,23,1,4,74970917.24494112,1,1.0
249,23,2,8,85746507.57431215,1,1.0
249,23,3,10,86017179.83783093,1,1.0
