episode,step,veh_id,selected_path,selected_latency_ms,classical_best_latency_ms,match,success_probability
0,0,5,Direct,0.04012358394115344,0.04012358394115344,1,1.0
0,1,2,Direct,0.024720245029348387,0.024720245029348387,1,1.0
0,1,4,Direct,0.043258651310396655,0.043258651310396655,1,1.0
0,2,5,Direct,0.017998126215905047,0.017998126215905047,1,1.0
0,2,6,Direct,0.008718575600899293,0.008718575600899293,1,1.0
0,3,15,Direct,0.009204217329417666,0.009204217329417666,1,1.0
0,4,7,Direct,0.01685724435852907,0.01685724435852907,1,1.0
0,5,14,Direct,0.04960248774036858,0.04960248774036858,1,1.0
0,6,15,Direct,0.015714876225942226,0.015714876225942226,1,1.0
0,7,0,Direct,0.015030932148717166,0.015030932148717166,1,1.0
0,7,2,Direct,0.009376103911555652,0.009376103911555652,1,1.0
0,8,5,Direct,0.05568759476069403,0.05568759476069403,1,1.0
0,8,15,Direct,0.014883803978372998,0.014883803978372998,1,1.0
0,9,4,Direct,0.049432859404400564,0.049432859404400564,1,1.0
0,9,14,Direct,0.025900946044948588,0.025900946044948588,1,1.0
0,9,15,Direct,0.057248055048002205,0.057248055048002205,1,1.0
0,10,4,Direct,0.10773302089943151,0.10773302089943151,1,1.0
0,10,7,Direct,0.050327958518167654,0.050327958518167654,1,1.0
0,12,0,Direct,0.025292585537711364,0.025292585537711364,1,1.0
0,12,3,Direct,0.01654439202615887,0.01654439202615887,1,1.0
0,12,4,Direct,0.15885766416015498,0.15885766416015498,1,1.0
0,12,5,Direct,0.015953480297086865,0.015953480297086865,1,1.0
0,13,5,Direct,0.07481021607547132,0.07481021607547132,1,1.0
0,14,2,Direct,0.009047899881893575,0.009047899881893575,1,1.0
0,16,3,Direct,0.011199128080573507,0.011199128080573507,1,1.0
0,17,3,Direct,0.009739848945073926,0.009739848945073926,1,1.0
0,21,6,Direct,0.031133235350475463,0.031133235350475463,1,1.0
1,0,6,Direct,0.013350859414968433,0.013350859414968433,1,1.0
1,3,9,Direct,0.012918547158455659,0.012918547158455659,1,1.0
1,3,11,Direct,0.10177568002721173,0.10177568002721173,1,1.0
1,3,15,Direct,0.020558835798958515,0.020558835798958515,1,1.0
1,4,8,Direct,0.018617892002047443,0.018617892002047443,1,1.0
1,5,2,Direct,0.01096933244246335,0.01096933244246335,1,1.0
1,6,11,Direct,0.035023128182998534,0.035023128182998534,1,1.0
1,6,12,Direct,0.18911575503370245,0.18911575503370245,1,1.0
1,7,2,Direct,0.01999884752731493,0.01999884752731493,1,1.0
1,7,11,Direct,0.04461624989040237,0.04461624989040237,1,1.0
1,8,15,Direct,0.00864735053536535,0.00864735053536535,1,1.0
1,9,13,Direct,0.02165964949194617,0.02165964949194617,1,1.0
1,9,15,Direct,0.0109662450534397,0.0109662450534397,1,1.0
1,10,2,Direct,0.018133316071897623,0.018133316071897623,1,1.0
1,10,11,Direct,0.09636789044283622,0.09636789044283622,1,1.0
1,10,15,Direct,0.007668865610683926,0.007668865610683926,1,1.0
1,11,11,Direct,0.04693591270370115,0.04693591270370115,1,1.0
1,12,0,Direct,0.024003100503156006,0.024003100503156006,1,1.0
1,13,3,Direct,0.006498999312962917,0.006498999312962917,1,1.0
1,13,6,Direct,0.011456616753561544,0.011456616753561544,1,1.0
1,13,13,Direct,0.016318804063000295,0.016318804063000295,1,1.0
1,14,12,Direct,0.1011435973124389,0.1011435973124389,1,1.0
1,15,9,Direct,0.0076293291002057445,0.0076293291002057445,1,1.0
1,15,15,Direct,0.00927395796779743,0.00927395796779743,1,1.0
1,17,9,Direct,0.010825454502014619,0.010825454502014619,1,1.0
1,18,8,Direct,0.02097170481880379,0.02097170481880379,1,1.0
1,18,13,Direct,0.009770759056492297,0.009770759056492297,1,1.0
1,19,11,Direct,0.14079916108058588,0.14079916108058588,1,1.0
1,19,15,Direct,0.04621069307764705,0.04621069307764705,1,1.0
1,20,2,Direct,0.011178675733584663,0.011178675733584663,1,1.0
1,20,15,Direct,0.016014038625473462,0.016014038625473462,1,1.0
1,21,4,Direct,0.05540144537755325,0.05540144537755325,1,1.0
1,21,12,Direct,0.05947972656040961,0.05947972656040961,1,1.0
1,21,13,Direct,0.014156282349003044,0.014156282349003044,1,1.0
1,22,15,Direct,0.02110090536944031,0.02110090536944031,1,1.0
2,1,4,Direct,0.022468996004094213,0.022468996004094213,1,1.0
2,1,11,Direct,0.05558361590582873,0.05558361590582873,1,1.0
2,2,2,Direct,2.8597244581789805,2.8597244581789805,1,1.0
2,2,9,Direct,0.008618370400133708,0.008618370400133708,1,1.0
2,2,15,Direct,0.012321907015254463,0.012321907015254463,1,1.0
2,4,11,Direct,0.0518330008254544,0.0518330008254544,1,1.0
2,5,1,Direct,0.02259867024604318,0.02259867024604318,1,1.0
2,5,3,Direct,20.05010908377805,20.05010908377805,1,1.0
2,5,6,Direct,0.015444553627134263,0.015444553627134263,1,1.0
2,6,15,Direct,0.09071709784930553,0.09071709784930553,1,1.0
2,9,1,Direct,0.014668711451087479,0.014668711451087479,1,1.0
2,10,0,Direct,0.012408386041486762,0.012408386041486762,1,1.0
2,11,4,Direct,73.27389246832988,73.27389246832988,1,1.0
2,11,10,Direct,0.06139671672998639,0.06139671672998639,1,1.0
2,12,1,Direct,0.012536743899386369,0.012536743899386369,1,1.0
2,12,3,Direct,0.01792310577605446,0.01792310577605446,1,1.0
2,12,4,Direct,0.03853236696507339,0.03853236696507339,1,1.0
2,12,10,Direct,0.06671847509423075,0.06671847509423075,1,1.0
2,13,10,Direct,0.06045118161601796,0.06045118161601796,1,1.0
2,14,14,Direct,0.5928453829875436,0.5928453829875436,1,1.0
2,15,3,Direct,4.685367917317542,4.685367917317542,1,1.0
2,15,6,Direct,0.017040224598069368,0.017040224598069368,1,1.0
2,15,9,Direct,0.04069952634778062,0.04069952634778062,1,1.0
2,15,14,Direct,0.023621948475989404,0.023621948475989404,1,1.0
2,16,4,Direct,0.05601550212860736,0.05601550212860736,1,1.0
2,17,3,Direct,0.11274748607328798,0.11274748607328798,1,1.0
2,17,11,Direct,0.391108004156617,0.391108004156617,1,1.0
2,18,1,Direct,0.019891602302811884,0.019891602302811884,1,1.0
2,18,9,Direct,0.010713668628515999,0.010713668628515999,1,1.0
2,21,14,Direct,136.48654723665248,136.48654723665248,1,1.0
2,22,10,Direct,15.491231650758255,15.491231650758255,1,1.0
2,23,2,Direct,0.01130888857804462,0.01130888857804462,1,1.0
2,23,9,Direct,0.02187567770272493,0.02187567770272493,1,1.0
2,23,14,Direct,17.934253048027312,17.934253048027312,1,1.0
3,0,9,Direct,0.2727727496847912,0.2727727496847912,1,1.0
3,1,7,Direct,0.07751615011196314,0.07751615011196314,1,1.0
3,2,5,Direct,0.03661800366184776,0.03661800366184776,1,1.0
3,2,13,Direct,0.010897783340793995,0.010897783340793995,1,1.0
3,2,14,Direct,7.720029220182612,7.720029220182612,1,1.0
3,2,15,Direct,0.017707084097315893,0.017707084097315893,1,1.0
3,3,15,Direct,0.011552484806116262,0.011552484806116262,1,1.0
3,4,12,Direct,0.06288257474604464,0.06288257474604464,1,1.0
3,5,7,Direct,0.01816339840275687,0.01816339840275687,1,1.0
3,6,0,Direct,0.016857695253357636,0.016857695253357636,1,1.0
3,7,14,Direct,2.119622689190657,2.119622689190657,1,1.0
3,8,1,Direct,0.010644476625358322,0.010644476625358322,1,1.0
3,8,4,Direct,0.05543406074796618,0.05543406074796618,1,1.0
3,8,14,Direct,0.020981809329242273,0.020981809329242273,1,1.0
3,9,5,Direct,0.11239817307644974,0.11239817307644974,1,1.0
3,9,9,Direct,0.010139579415476272,0.010139579415476272,1,1.0
3,9,12,Direct,0.5050879864244615,0.5050879864244615,1,1.0
3,9,15,Direct,0.02097599883784245,0.02097599883784245,1,1.0
3,10,0,Direct,10.349153108456807,10.349153108456807,1,1.0
3,10,11,Direct,0.09576694102631042,0.09576694102631042,1,1.0
3,10,13,Direct,12.903022550386249,12.903022550386249,1,1.0
3,10,15,Direct,0.010555323221845369,0.010555323221845369,1,1.0
3,11,5,Direct,0.021326955275903687,0.021326955275903687,1,1.0
3,12,13,Direct,0.21970993466281782,0.21970993466281782,1,1.0
3,13,4,Direct,0.1879963956427676,0.1879963956427676,1,1.0
3,13,7,Direct,0.02364421879520346,0.02364421879520346,1,1.0
3,13,8,Direct,0.0943427747113257,0.0943427747113257,1,1.0
3,14,7,Direct,1.4537527771040089,1.4537527771040089,1,1.0
3,15,15,Direct,0.00880795802457791,0.00880795802457791,1,1.0
3,16,7,Direct,0.10645470824098203,0.10645470824098203,1,1.0
3,17,4,Direct,29.365987017302032,29.365987017302032,1,1.0
3,17,6,Direct,0.018578222731191883,0.018578222731191883,1,1.0
3,18,6,Direct,7.252434060588778,7.252434060588778,1,1.0
3,18,12,Direct,0.12243715035643185,0.12243715035643185,1,1.0
3,19,0,Direct,0.010757000284809904,0.010757000284809904,1,1.0
3,19,5,Direct,0.01733983437266928,0.01733983437266928,1,1.0
3,19,15,Direct,0.012166031806192386,0.012166031806192386,1,1.0
3,20,7,Direct,0.020001440038075333,0.020001440038075333,1,1.0
3,21,7,Direct,0.0679902274144784,0.0679902274144784,1,1.0
3,22,13,Direct,0.026009150888005383,0.026009150888005383,1,1.0
3,23,12,Direct,0.0739546118965567,0.0739546118965567,1,1.0
3,23,15,Direct,0.8891501073321574,0.8891501073321574,1,1.0
4,0,0,Direct,0.6324299476373596,0.6324299476373596,1,1.0
4,0,6,Direct,0.010966406478693593,0.010966406478693593,1,1.0
4,0,13,Direct,0.01995568534783505,0.01995568534783505,1,1.0
4,1,8,Direct,0.015996826072711117,0.015996826072711117,1,1.0
4,1,13,Direct,0.008850490731805926,0.008850490731805926,1,1.0
4,3,4,Direct,0.4496499947070159,0.4496499947070159,1,1.0
4,4,10,Direct,3.8486755084698805,3.8486755084698805,1,1.0
4,4,14,Direct,0.02238297605746727,0.02238297605746727,1,1.0
4,5,14,Direct,0.05738911588611983,0.05738911588611983,1,1.0
4,6,0,Direct,12.966411079720993,12.966411079720993,1,1.0
4,6,2,Direct,3.593901152678048,3.593901152678048,1,1.0
4,6,5,Direct,0.019548321784420186,0.019548321784420186,1,1.0
4,6,7,Direct,0.029339095151123516,0.029339095151123516,1,1.0
4,6,9,Direct,0.010815835481440914,0.010815835481440914,1,1.0
4,6,10,Direct,0.8022988705263296,0.8022988705263296,1,1.0
4,6,12,Direct,0.4388498598659344,0.4388498598659344,1,1.0
4,7,0,Direct,0.030501457470656107,0.030501457470656107,1,1.0
4,7,3,Direct,0.010204583103248175,0.010204583103248175,1,1.0
4,7,5,Direct,1.224605147885672,1.224605147885672,1,1.0
4,9,4,Direct,111.306928745587,111.306928745587,1,1.0
4,9,6,Direct,0.012576886406314254,0.012576886406314254,1,1.0
4,9,9,Direct,0.007731124196225414,0.007731124196225414,1,1.0
4,10,3,Direct,0.011172061183957048,0.011172061183957048,1,1.0
4,10,5,ViaRelay,47.94424644751426,47.94424644751426,1,1.0
4,10,8,Direct,0.11858052879009902,0.11858052879009902,1,1.0
4,12,9,Direct,0.008122335921522637,0.008122335921522637,1,1.0
4,13,2,Direct,0.028228394752052223,0.028228394752052223,1,1.0
4,13,10,Direct,0.07312495075724645,0.07312495075724645,1,1.0
4,13,12,Direct,2.876905510820297,2.876905510820297,1,1.0
4,14,5,Direct,19.528477854409342,19.528477854409342,1,1.0
4,14,8,Direct,0.020484492559611798,0.020484492559611798,1,1.0
4,16,5,Direct,0.1434406567868983,0.1434406567868983,1,1.0
4,16,6,Direct,0.00928984868323704,0.00928984868323704,1,1.0
4,16,8,Direct,0.015093775045977077,0.015093775045977077,1,1.0
4,18,2,Direct,0.010357549603348545,0.010357549603348545,1,1.0
4,18,7,Direct,0.4989491196852663,0.4989491196852663,1,1.0
4,19,1,Direct,0.03488449198484045,0.03488449198484045,1,1.0
4,19,3,Direct,0.007894495647639797,0.007894495647639797,1,1.0
4,20,5,Direct,20.903829867625355,20.903829867625355,1,1.0
4,21,6,Direct,0.033563139936124566,0.033563139936124566,1,1.0
4,21,13,Direct,0.006305127886427482,0.006305127886427482,1,1.0
4,22,4,Direct,0.02043938821585972,0.02043938821585972,1,1.0
4,23,4,Direct,0.09009710012360368,0.09009710012360368,1,1.0
4,23,5,Direct,0.0865085260031498,0.0865085260031498,1,1.0
4,23,9,Direct,2.4565296981802303,2.4565296981802303,1,1.0
5,0,3,Direct,0.009647370741840902,0.009647370741840902,1,1.0
5,2,15,Direct,0.040432100011648826,0.040432100011648826,1,1.0
5,4,5,Direct,0.022002579691159513,0.022002579691159513,1,1.0
5,4,8,Direct,12.650489549109365,12.650489549109365,1,1.0
5,4,10,Direct,0.018182355001552516,0.018182355001552516,1,1.0
5,5,4,Direct,0.16619333482149554,0.16619333482149554,1,1.0
5,5,11,Direct,0.09298247718067959,0.09298247718067959,1,1.0
5,5,14,Direct,0.062444340696639386,0.062444340696639386,1,1.0
5,5,15,Direct,39.27025289775656,39.27025289775656,1,1.0
5,6,5,Direct,50.696507791598876,50.696507791598876,1,1.0
5,6,10,Direct,0.11116404347981998,0.11116404347981998,1,1.0
5,10,2,Direct,0.3971909700588557,0.3971909700588557,1,1.0
5,10,4,Direct,0.03730918440370705,0.03730918440370705,1,1.0
5,11,13,Direct,0.7098624366165458,0.7098624366165458,1,1.0
5,13,2,Direct,0.027533111344774083,0.027533111344774083,1,1.0
5,13,10,Direct,0.040532434412797816,0.040532434412797816,1,1.0
5,15,11,Direct,35.88109369890604,35.88109369890604,1,1.0
5,15,13,Direct,0.014300306581184197,0.014300306581184197,1,1.0
5,16,2,Direct,0.114980153052395,0.114980153052395,1,1.0
5,16,3,Direct,0.011680557659161928,0.011680557659161928,1,1.0
5,17,5,Direct,0.03911601704898588,0.03911601704898588,1,1.0
5,19,0,Direct,0.010568246240665585,0.010568246240665585,1,1.0
5,20,2,Direct,0.020077779284947472,0.020077779284947472,1,1.0
5,21,5,Direct,4.206281742864654,4.206281742864654,1,1.0
5,21,8,Direct,0.028746820411350283,0.028746820411350283,1,1.0
5,21,14,Direct,0.031098724526562736,0.031098724526562736,1,1.0
5,22,3,Direct,0.012870285884215554,0.012870285884215554,1,1.0
5,22,8,Direct,0.022891994578530184,0.022891994578530184,1,1.0
5,23,14,Direct,0.3420627829795188,0.3420627829795188,1,1.0
6,1,4,Direct,0.3793447657779014,0.3793447657779014,1,1.0
6,4,9,Direct,0.007937909985481243,0.007937909985481243,1,1.0
6,4,12,Direct,63.447397334697925,63.447397334697925,1,1.0
6,5,15,Direct,0.012961959136096773,0.012961959136096773,1,1.0
6,6,9,Direct,20.213848888372016,20.213848888372016,1,1.0
6,7,2,Direct,0.04481650233720897,0.04481650233720897,1,1.0
6,7,7,Direct,0.11169982917369277,0.11169982917369277,1,1.0
6,8,0,Direct,0.011584882654391932,0.011584882654391932,1,1.0
6,8,7,Direct,0.025007309127287165,0.025007309127287165,1,1.0
6,8,12,Direct,1.4528302388673093,1.4528302388673093,1,1.0
6,9,0,Direct,0.015786933279113735,0.015786933279113735,1,1.0
6,9,9,Direct,0.01834685855722661,0.01834685855722661,1,1.0
6,10,1,Direct,0.013843065001353341,0.013843065001353341,1,1.0
6,10,10,Direct,0.04910912846381274,0.04910912846381274,1,1.0
6,11,9,Direct,0.01355488425092222,0.01355488425092222,1,1.0
6,12,2,Direct,6.015753586003442,6.015753586003442,1,1.0
6,12,4,Direct,0.021265895764478383,0.021265895764478383,1,1.0
6,13,5,Direct,94.70658295121113,94.70658295121113,1,1.0
6,13,8,Direct,0.10740792120123419,0.10740792120123419,1,1.0
6,14,4,Direct,14.342806384065373,14.342806384065373,1,1.0
6,14,6,Direct,0.2939251343061731,0.2939251343061731,1,1.0
6,14,11,Direct,1.0566496863611767,1.0566496863611767,1,1.0
6,15,2,Direct,0.31335123519854646,0.31335123519854646,1,1.0
6,15,4,Direct,0.039754406738328266,0.039754406738328266,1,1.0
6,15,5,Direct,0.9955907993306385,0.9955907993306385,1,1.0
6,16,8,Direct,0.33462125008258436,0.33462125008258436,1,1.0
6,17,7,Direct,0.0216562085833834,0.0216562085833834,1,1.0
6,17,11,Direct,22.59939217984326,22.59939217984326,1,1.0
6,17,12,Direct,0.05451565991020558,0.05451565991020558,1,1.0
6,18,1,Direct,5.535128700463482,5.535128700463482,1,1.0
6,18,15,Direct,12.2564981946767,12.2564981946767,1,1.0
6,19,1,Direct,0.20928627186460527,0.20928627186460527,1,1.0
6,19,7,Direct,0.04224542699081719,0.04224542699081719,1,1.0
6,20,8,Direct,0.062406029312679856,0.062406029312679856,1,1.0
6,22,1,Direct,0.013633252343808152,0.013633252343808152,1,1.0
6,22,13,Direct,0.017472249646249875,0.017472249646249875,1,1.0
6,23,8,Direct,0.022398932179854166,0.022398932179854166,1,1.0
7,0,1,Direct,0.07228397801690634,0.07228397801690634,1,1.0
7,0,10,Direct,0.06698703127471223,0.06698703127471223,1,1.0
7,1,3,Direct,0.009830708185213479,0.009830708185213479,1,1.0
7,1,13,Direct,0.022019815099250134,0.022019815099250134,1,1.0
7,3,2,Direct,0.01654198756587011,0.01654198756587011,1,1.0
7,3,3,Direct,0.023449358422495188,0.023449358422495188,1,1.0
7,3,4,Direct,2.3942381452466344,2.3942381452466344,1,1.0
7,3,9,Direct,0.013245603452768387,0.013245603452768387,1,1.0
7,3,13,Direct,0.0179490344481029,0.0179490344481029,1,1.0
7,4,13,Direct,0.025268945066985987,0.025268945066985987,1,1.0
7,5,3,Direct,0.011644789627328999,0.011644789627328999,1,1.0
7,5,7,Direct,0.09094453705032303,0.09094453705032303,1,1.0
7,5,15,Direct,0.009653584769787444,0.009653584769787444,1,1.0
7,6,11,Direct,71.89359971142763,71.89359971142763,1,1.0
7,6,14,Direct,0.02596265542748933,0.02596265542748933,1,1.0
7,7,11,Direct,36.62365422014993,36.62365422014993,1,1.0
7,8,4,Direct,0.1056371617911557,0.1056371617911557,1,1.0
7,9,11,Direct,256.0,256.0,1,1.0
7,11,7,Direct,0.012340891796349979,0.012340891796349979,1,1.0
7,11,11,Direct,0.06754620487830926,0.06754620487830926,1,1.0
7,12,2,Direct,0.041045928130042084,0.041045928130042084,1,1.0
7,12,14,Direct,0.015402013702438737,0.015402013702438737,1,1.0
7,13,10,Direct,0.07653538932314495,0.07653538932314495,1,1.0
7,15,2,Direct,0.019470845826855692,0.019470845826855692,1,1.0
7,15,7,Direct,0.11399974747441921,0.11399974747441921,1,1.0
7,16,11,Direct,0.03713030273064872,0.03713030273064872,1,1.0
7,18,1,Direct,0.7857566666407874,0.7857566666407874,1,1.0
7,18,9,Direct,0.012449137929717443,0.012449137929717443,1,1.0
7,18,15,Direct,0.2243881544025792,0.2243881544025792,1,1.0
7,19,8,Direct,0.017400233966870324,0.017400233966870324,1,1.0
7,20,15,Direct,0.015102998000911333,0.015102998000911333,1,1.0
7,21,4,Direct,0.07514114513677604,0.07514114513677604,1,1.0
7,21,10,Direct,0.028432499450445077,0.028432499450445077,1,1.0
7,22,3,Direct,0.010359047488608759,0.010359047488608759,1,1.0
7,22,14,Direct,0.032764205051211366,0.032764205051211366,1,1.0
7,23,9,Direct,0.006975137710168908,0.006975137710168908,1,1.0
8,1,13,Direct,0.019980621315697746,0.019980621315697746,1,1.0
8,2,2,Direct,0.018096950395730997,0.018096950395730997,1,1.0
8,2,10,Direct,62.09616415350775,62.09616415350775,1,1.0
8,2,13,Direct,0.006550614881899428,0.006550614881899428,1,1.0
8,3,10,Direct,0.027148046980516614,0.027148046980516614,1,1.0
8,4,5,Direct,0.0812803434331585,0.0812803434331585,1,1.0
8,4,14,Direct,71.80910323103242,71.80910323103242,1,1.0
8,5,12,Direct,0.7399975810118732,0.7399975810118732,1,1.0
8,5,14,Direct,1.1297644244807459,1.1297644244807459,1,1.0
8,6,5,Direct,0.040331435434384715,0.040331435434384715,1,1.0
8,6,11,Direct,0.06686633533288501,0.06686633533288501,1,1.0
8,6,13,Direct,0.18243271899588884,0.18243271899588884,1,1.0
8,7,0,Direct,4.917028085751678,4.917028085751678,1,1.0
8,7,2,Direct,0.01370628334287546,0.01370628334287546,1,1.0
8,8,12,Direct,0.26194150596864507,0.26194150596864507,1,1.0
8,9,13,Direct,0.0079963875745732,0.0079963875745732,1,1.0
8,10,7,Direct,0.015588354454748071,0.015588354454748071,1,1.0
8,11,5,Direct,0.1860533597482964,0.1860533597482964,1,1.0
8,11,10,Direct,0.038846343305685385,0.038846343305685385,1,1.0
8,12,11,Direct,0.04746269764713227,0.04746269764713227,1,1.0
8,12,13,Direct,0.012337251138207442,0.012337251138207442,1,1.0
8,13,13,Direct,0.023726875131860954,0.023726875131860954,1,1.0
8,13,15,Direct,0.4084471537845829,0.4084471537845829,1,1.0
8,14,0,Direct,0.009182894620526379,0.009182894620526379,1,1.0
8,14,14,Direct,26.734259886984862,26.734259886984862,1,1.0
8,15,5,Direct,1.6579865701243293,1.6579865701243293,1,1.0
8,16,10,Direct,8.81245491850196,8.81245491850196,1,1.0
8,16,12,Direct,0.12175901828430678,0.12175901828430678,1,1.0
8,16,13,Direct,0.3235387191879928,0.3235387191879928,1,1.0
8,17,7,Direct,0.01689858601791786,0.01689858601791786,1,1.0
8,18,13,Direct,0.0805280996998162,0.0805280996998162,1,1.0
8,19,2,Direct,0.2272420651729551,0.2272420651729551,1,1.0
8,21,13,Direct,0.525974002468477,0.525974002468477,1,1.0
8,21,14,Direct,0.01654053209519537,0.01654053209519537,1,1.0
8,22,15,Direct,0.03567517875494964,0.03567517875494964,1,1.0
9,0,7,Direct,0.0196829834780015,0.0196829834780015,1,1.0
9,1,3,Direct,0.014634196765452216,0.014634196765452216,1,1.0
9,1,6,Direct,0.16254233020842282,0.16254233020842282,1,1.0
9,3,5,Direct,1.1058759805964158,1.1058759805964158,1,1.0
9,4,8,Direct,10.630263427596086,10.630263427596086,1,1.0
9,4,9,Direct,0.47453960970831405,0.47453960970831405,1,1.0
9,4,11,Direct,0.025128528615099923,0.025128528615099923,1,1.0
9,4,15,Direct,0.050530751839460285,0.050530751839460285,1,1.0
9,5,2,Direct,0.007939081545029371,0.007939081545029371,1,1.0
9,5,4,Direct,0.3304079223676307,0.3304079223676307,1,1.0
9,6,3,Direct,0.007108870991520893,0.007108870991520893,1,1.0
9,6,12,Direct,21.26190358380753,21.26190358380753,1,1.0
9,7,8,Direct,0.01873256715700943,0.01873256715700943,1,1.0
9,7,15,Direct,0.011344168846669434,0.011344168846669434,1,1.0
9,8,6,Direct,0.016434225465780834,0.016434225465780834,1,1.0
9,9,7,Direct,1.198322544268351,1.198322544268351,1,1.0
9,9,9,Direct,3.7627825528098318,3.7627825528098318,1,1.0
9,10,4,Direct,0.056474315579990525,0.056474315579990525,1,1.0
9,10,5,Direct,0.042335552277261,0.042335552277261,1,1.0
9,10,11,Direct,0.03760680173759687,0.03760680173759687,1,1.0
9,10,13,Direct,0.029636947739214034,0.029636947739214034,1,1.0
9,11,2,Direct,0.13272475332306582,0.13272475332306582,1,1.0
9,12,0,Direct,0.02688545586072199,0.02688545586072199,1,1.0
9,12,5,Direct,0.9187320980512932,0.9187320980512932,1,1.0
9,12,6,Direct,0.011020315909485517,0.011020315909485517,1,1.0
9,12,9,Direct,0.01124498510225071,0.01124498510225071,1,1.0
9,14,7,Direct,0.059959764564311374,0.059959764564311374,1,1.0
9,14,8,Direct,2.893216983800969,2.893216983800969,1,1.0
9,15,2,Direct,0.016345654285848103,0.016345654285848103,1,1.0
9,15,11,Direct,0.048060791883162854,0.048060791883162854,1,1.0
9,16,0,Direct,0.0759593818618287,0.0759593818618287,1,1.0
9,16,7,Direct,0.017664450995384974,0.017664450995384974,1,1.0
9,16,9,Direct,0.008944938824713243,0.008944938824713243,1,1.0
9,16,13,Direct,0.0654058814118035,0.0654058814118035,1,1.0
9,17,9,Direct,3.839327627759794,3.839327627759794,1,1.0
9,18,0,Direct,13.139291329794764,13.139291329794764,1,1.0
9,18,7,Direct,0.5004722529075379,0.5004722529075379,1,1.0
9,19,5,Direct,0.014875653137397906,0.014875653137397906,1,1.0
9,20,3,Direct,0.00585864219114803,0.00585864219114803,1,1.0
9,20,6,Direct,0.032763652918807507,0.032763652918807507,1,1.0
9,20,9,Direct,0.012272383195027336,0.012272383195027336,1,1.0
9,21,0,Direct,0.03166940001591753,0.03166940001591753,1,1.0
9,21,2,Direct,0.0076176737471628985,0.0076176737471628985,1,1.0
9,21,12,Direct,0.08377913481519488,0.08377913481519488,1,1.0
9,21,13,Direct,0.02370238677425117,0.02370238677425117,1,1.0
9,22,6,Direct,0.03112168866599367,0.03112168866599367,1,1.0
9,23,2,Direct,0.008204381673845651,0.008204381673845651,1,1.0
9,23,9,Direct,0.9464810808788562,0.9464810808788562,1,1.0
10,0,2,Direct,1.3247804230418638,1.3247804230418638,1,1.0
10,0,10,Direct,0.2895110334561944,0.2895110334561944,1,1.0
10,1,15,Direct,0.01631802121773869,0.01631802121773869,1,1.0
10,2,7,Direct,0.03678782960124478,0.03678782960124478,1,1.0
10,2,10,Direct,3.4272775692758524,3.4272775692758524,1,1.0
10,2,11,Direct,1.2888256505014632,1.2888256505014632,1,1.0
10,3,2,Direct,0.8690988411123944,0.8690988411123944,1,1.0
10,3,6,Direct,0.016364694862377016,0.016364694862377016,1,1.0
10,3,15,Direct,0.06151804731126764,0.06151804731126764,1,1.0
10,4,10,Direct,0.023699393886847907,0.023699393886847907,1,1.0
10,4,14,Direct,0.9881460343839686,0.9881460343839686,1,1.0
10,4,15,Direct,0.06951893568165687,0.06951893568165687,1,1.0
10,5,8,Direct,0.039094999926268026,0.039094999926268026,1,1.0
10,5,14,Direct,0.03102992299942879,0.03102992299942879,1,1.0
10,6,7,Direct,0.024071818592625905,0.024071818592625905,1,1.0
10,6,8,Direct,0.35889212293781037,0.35889212293781037,1,1.0
10,6,10,Direct,71.97858092626176,71.97858092626176,1,1.0
10,7,0,Direct,0.025753347827112222,0.025753347827112222,1,1.0
10,7,5,Direct,0.12013450582044248,0.12013450582044248,1,1.0
10,7,14,Direct,70.35411833591384,70.35411833591384,1,1.0
10,8,5,Direct,23.455352237537845,23.455352237537845,1,1.0
10,8,14,Direct,51.34968558134328,51.34968558134328,1,1.0
10,9,2,Direct,0.013456589613216725,0.013456589613216725,1,1.0
10,9,5,Direct,0.2981157314147296,0.2981157314147296,1,1.0
10,10,2,Direct,0.02795354013331216,0.02795354013331216,1,1.0
10,10,6,Direct,0.011061002440370143,0.011061002440370143,1,1.0
10,11,9,Direct,0.020756632258211727,0.020756632258211727,1,1.0
10,11,10,Direct,0.033139617814133576,0.033139617814133576,1,1.0
10,12,15,Direct,0.4709796859071384,0.4709796859071384,1,1.0
10,13,0,Direct,0.01709019014760622,0.01709019014760622,1,1.0
10,13,14,Direct,0.009300638647853793,0.009300638647853793,1,1.0
10,14,10,Direct,0.03234210725864283,0.03234210725864283,1,1.0
10,16,7,Direct,0.030755965404607323,0.030755965404607323,1,1.0
10,17,8,Direct,0.016836306265830995,0.016836306265830995,1,1.0
10,18,8,Direct,0.04775743936129794,0.04775743936129794,1,1.0
10,19,0,Direct,0.007135426897149612,0.007135426897149612,1,1.0
10,19,14,Direct,31.981163330230718,31.981163330230718,1,1.0
10,19,15,Direct,6.193589263254734,6.193589263254734,1,1.0
10,20,15,Direct,0.0552412678190733,0.0552412678190733,1,1.0
10,21,14,Direct,61.031059338148516,61.031059338148516,1,1.0
10,22,6,Direct,0.017124187431165023,0.017124187431165023,1,1.0
10,22,7,Direct,0.018058589996628543,0.018058589996628543,1,1.0
10,22,10,Direct,0.019231403666750083,0.019231403666750083,1,1.0
11,0,7,Direct,0.16410565085268572,0.16410565085268572,1,1.0
11,0,12,Direct,256.0,256.0,1,1.0
11,1,7,Direct,0.01955833480879396,0.01955833480879396,1,1.0
11,1,14,Direct,0.22337955805616372,0.22337955805616372,1,1.0
11,2,3,Direct,2.090338847922657,2.090338847922657,1,1.0
11,3,0,Direct,0.012910851486954035,0.012910851486954035,1,1.0
11,3,5,Direct,0.03691688490675505,0.03691688490675505,1,1.0
11,3,14,Direct,0.35120823284137986,0.35120823284137986,1,1.0
11,4,1,Direct,7.372320308203046,7.372320308203046,1,1.0
11,4,6,Direct,7.6853563833877585,7.6853563833877585,1,1.0
11,6,0,Direct,0.03132988547101575,0.03132988547101575,1,1.0
11,6,4,Direct,0.038951691111384995,0.038951691111384995,1,1.0
11,9,4,Direct,0.05490086742577944,0.05490086742577944,1,1.0
11,9,6,Direct,0.025501009200730052,0.025501009200730052,1,1.0
11,10,14,Direct,0.17264580374028102,0.17264580374028102,1,1.0
11,11,1,Direct,0.4035631338065269,0.4035631338065269,1,1.0
11,11,3,Direct,0.7210699768469778,0.7210699768469778,1,1.0
11,11,14,Direct,0.030727710567964365,0.030727710567964365,1,1.0
11,12,3,Direct,0.0087780553866068,0.0087780553866068,1,1.0
11,12,4,Direct,0.13622903040026027,0.13622903040026027,1,1.0
11,14,1,Direct,0.03245615263343625,0.03245615263343625,1,1.0
11,14,6,Direct,0.01833872033264299,0.01833872033264299,1,1.0
11,14,14,Direct,0.04510032732495435,0.04510032732495435,1,1.0
11,15,4,Direct,0.019686545123228396,0.019686545123228396,1,1.0
11,15,5,Direct,11.137444005778386,11.137444005778386,1,1.0
11,15,12,Direct,1.816133976825793,1.816133976825793,1,1.0
11,16,3,Direct,0.03582503871337965,0.03582503871337965,1,1.0
11,17,12,Direct,0.11800010989966424,0.11800010989966424,1,1.0
11,18,4,Direct,0.4062973239656108,0.4062973239656108,1,1.0
11,18,7,Direct,0.009776591189009571,0.009776591189009571,1,1.0
11,19,1,Direct,0.036296031156395334,0.036296031156395334,1,1.0
11,19,7,Direct,0.3692775096872563,0.3692775096872563,1,1.0
11,20,1,Direct,0.06368994302927088,0.06368994302927088,1,1.0
11,20,7,Direct,0.016281994267978418,0.016281994267978418,1,1.0
11,21,0,Direct,0.06601113167804783,0.06601113167804783,1,1.0
11,21,1,Direct,0.013811147215793337,0.013811147215793337,1,1.0
11,22,0,Direct,0.016354014078580396,0.016354014078580396,1,1.0
12,0,8,Direct,0.005662546422493296,0.005662546422493296,1,1.0
12,0,10,Direct,13.172881207205634,13.172881207205634,1,1.0
12,1,11,Direct,0.06075702405735944,0.06075702405735944,1,1.0
12,1,14,Direct,57.63938209864761,57.63938209864761,1,1.0
12,2,8,Direct,1.1091424827117289,1.1091424827117289,1,1.0
12,3,1,Direct,0.395121388463583,0.395121388463583,1,1.0
12,3,7,Direct,0.01858301512523059,0.01858301512523059,1,1.0
12,3,11,Direct,0.04955144488533949,0.04955144488533949,1,1.0
12,3,14,Direct,0.11076871478090151,0.11076871478090151,1,1.0
12,4,1,Direct,0.010440883696992012,0.010440883696992012,1,1.0
12,4,8,Direct,9.520141063712927,9.520141063712927,1,1.0
12,5,11,Direct,0.13839609999775368,0.13839609999775368,1,1.0
12,6,8,Direct,0.017421636820673977,0.017421636820673977,1,1.0
12,6,11,Direct,0.04300116694851906,0.04300116694851906,1,1.0
12,6,13,Direct,0.008237449293466877,0.008237449293466877,1,1.0
12,6,14,Direct,0.011489953444224824,0.011489953444224824,1,1.0
12,8,1,Direct,0.051440515021481614,0.051440515021481614,1,1.0
12,8,2,Direct,0.016686238684127296,0.016686238684127296,1,1.0
12,9,1,Direct,0.4521802673258738,0.4521802673258738,1,1.0
12,10,8,Direct,3.2190214166475033,3.2190214166475033,1,1.0
12,10,15,Direct,0.009131482712377735,0.009131482712377735,1,1.0
12,11,6,Direct,0.015793185893430865,0.015793185893430865,1,1.0
12,11,8,Direct,0.030053587914667904,0.030053587914667904,1,1.0
12,11,10,Direct,0.011529390088045143,0.011529390088045143,1,1.0
12,13,6,Direct,0.01235024418199344,0.01235024418199344,1,1.0
12,14,10,Direct,0.13390722980893038,0.13390722980893038,1,1.0
12,14,11,Direct,47.77822746611084,47.77822746611084,1,1.0
12,14,15,Direct,0.011885521401247419,0.011885521401247419,1,1.0
12,15,1,Direct,0.03632398845957217,0.03632398845957217,1,1.0
12,15,8,Direct,0.022906890402869338,0.022906890402869338,1,1.0
12,16,12,Direct,54.270660179352866,54.270660179352866,1,1.0
12,16,13,Direct,0.013931837539105981,0.013931837539105981,1,1.0
12,17,9,Direct,0.01630364982341081,0.01630364982341081,1,1.0
12,17,11,Direct,0.032154417436534,0.032154417436534,1,1.0
12,18,6,Direct,0.1334606671913045,0.1334606671913045,1,1.0
12,18,10,Direct,0.06476497874216715,0.06476497874216715,1,1.0
12,19,1,Direct,0.15758225912567264,0.15758225912567264,1,1.0
12,19,8,Direct,0.017933667690203835,0.017933667690203835,1,1.0
12,19,12,Direct,30.52212647844225,30.52212647844225,1,1.0
12,19,14,Direct,0.023273300533194836,0.023273300533194836,1,1.0
12,20,1,Direct,0.018303382988504896,0.018303382988504896,1,1.0
12,20,8,Direct,0.013627724181630553,0.013627724181630553,1,1.0
12,20,11,Direct,0.04342314559652767,0.04342314559652767,1,1.0
12,21,1,ViaRelay,22.625087423516522,22.625087423516522,1,1.0
12,21,8,Direct,0.2224742856002622,0.2224742856002622,1,1.0
12,21,10,Direct,0.2249383326511018,0.2249383326511018,1,1.0
12,22,2,Direct,0.03213616208576486,0.03213616208576486,1,1.0
12,22,6,Direct,0.010868808311374264,0.010868808311374264,1,1.0
12,22,9,Direct,0.19625795008682323,0.19625795008682323,1,1.0
12,22,11,Direct,0.06655124779614129,0.06655124779614129,1,1.0
12,22,13,Direct,0.010311765621134594,0.010311765621134594,1,1.0
12,23,2,Direct,24.091441448353063,24.091441448353063,1,1.0
12,23,15,Direct,0.010821982740465875,0.010821982740465875,1,1.0
13,0,0,Direct,0.4893217524529483,0.4893217524529483,1,1.0
13,0,9,Direct,2.4484405722770357,2.4484405722770357,1,1.0
13,1,11,Direct,0.0635525782476085,0.0635525782476085,1,1.0
13,2,5,Direct,0.279693650466092,0.279693650466092,1,1.0
13,2,8,Direct,0.028283390215665193,0.028283390215665193,1,1.0
13,2,10,Direct,0.02044039993525401,0.02044039993525401,1,1.0
13,3,8,Direct,0.012336356405375122,0.012336356405375122,1,1.0
13,3,12,Direct,256.0,256.0,1,1.0
13,4,1,Direct,0.4065637790468534,0.4065637790468534,1,1.0
13,5,7,Direct,0.014822154662253496,0.014822154662253496,1,1.0
13,5,8,Direct,0.03594325211301174,0.03594325211301174,1,1.0
13,7,0,Direct,0.1278505505673585,0.1278505505673585,1,1.0
13,7,8,Direct,5.971850236247534,5.971850236247534,1,1.0
13,8,1,Direct,0.008584053130923622,0.008584053130923622,1,1.0
13,9,6,Direct,0.017378777760976453,0.017378777760976453,1,1.0
13,9,8,Direct,0.018444058679086016,0.018444058679086016,1,1.0
13,9,10,Direct,1.2091480181116392,1.2091480181116392,1,1.0
13,10,5,Direct,0.02264817303845614,0.02264817303845614,1,1.0
13,11,14,Direct,0.1103927994569133,0.1103927994569133,1,1.0
13,12,5,Direct,0.03648808502875914,0.03648808502875914,1,1.0
13,12,6,Direct,0.0186070594371346,0.0186070594371346,1,1.0
13,13,6,Direct,0.026704980168711933,0.026704980168711933,1,1.0
13,13,12,Direct,42.14425970794601,42.14425970794601,1,1.0
13,15,6,Direct,0.03699229240773834,0.03699229240773834,1,1.0
13,15,10,Direct,0.08964388518351431,0.08964388518351431,1,1.0
13,15,14,Direct,0.29389243012518684,0.29389243012518684,1,1.0
13,16,5,Direct,256.0,256.0,1,1.0
13,16,7,Direct,0.053723423607998026,0.053723423607998026,1,1.0
13,17,8,Direct,0.1045603152181563,0.1045603152181563,1,1.0
13,17,12,Direct,0.04988661281534594,0.04988661281534594,1,1.0
13,18,7,Direct,1.0672336936679332,1.0672336936679332,1,1.0
13,19,12,Direct,0.18560750702870146,0.18560750702870146,1,1.0
13,20,7,Direct,0.08989080137576459,0.08989080137576459,1,1.0
13,21,7,Direct,0.06673734275973844,0.06673734275973844,1,1.0
13,22,1,Direct,3.9346763209458095,3.9346763209458095,1,1.0
13,22,12,Direct,0.1272075644147868,0.1272075644147868,1,1.0
14,0,12,Direct,5.838069091013964,5.838069091013964,1,1.0
14,1,4,Direct,0.22388123636869625,0.22388123636869625,1,1.0
14,1,5,Direct,0.026224973945112973,0.026224973945112973,1,1.0
14,1,8,Direct,0.009530685749395444,0.009530685749395444,1,1.0
14,1,13,Direct,0.13916625429338272,0.13916625429338272,1,1.0
14,1,14,Direct,0.03272718423081583,0.03272718423081583,1,1.0
14,2,2,Direct,0.02349964918984124,0.02349964918984124,1,1.0
14,3,8,Direct,0.022428326876213572,0.022428326876213572,1,1.0
14,4,3,Direct,9.773047094040335,9.773047094040335,1,1.0
14,4,13,Direct,0.14620395420831483,0.14620395420831483,1,1.0
14,5,13,Direct,0.2589716785631066,0.2589716785631066,1,1.0
14,6,13,Direct,0.010116826416327161,0.010116826416327161,1,1.0
14,7,0,Direct,0.011698946393615186,0.011698946393615186,1,1.0
14,7,6,Direct,0.027252883628003204,0.027252883628003204,1,1.0
14,10,14,Direct,0.029794708792686034,0.029794708792686034,1,1.0
14,11,2,Direct,0.007833965904033752,0.007833965904033752,1,1.0
14,11,14,Direct,1.128468774711917,1.128468774711917,1,1.0
14,12,2,Direct,11.955248459861354,11.955248459861354,1,1.0
14,12,4,ViaRelay,109.57303200882629,109.57303200882629,1,1.0
14,13,1,Direct,0.009334130024236593,0.009334130024236593,1,1.0
14,13,3,Direct,0.011142072905046504,0.011142072905046504,1,1.0
14,13,12,Direct,0.3382666220842681,0.3382666220842681,1,1.0
14,14,5,Direct,0.040169967886181907,0.040169967886181907,1,1.0
14,15,4,Direct,119.79280429443467,119.79280429443467,1,1.0
14,16,7,Direct,0.02971988828802734,0.02971988828802734,1,1.0
14,17,1,Direct,0.39926389142169194,0.39926389142169194,1,1.0
14,18,5,Direct,0.0653096546965741,0.0653096546965741,1,1.0
14,18,6,Direct,0.22736836338187827,0.22736836338187827,1,1.0
14,18,7,Direct,3.2649478313276323,3.2649478313276323,1,1.0
14,19,1,Direct,0.1303450557888066,0.1303450557888066,1,1.0
14,19,7,Direct,0.018593919627705537,0.018593919627705537,1,1.0
14,19,13,Direct,2.1490930546223317,2.1490930546223317,1,1.0
14,20,1,Direct,0.025144665928938017,0.025144665928938017,1,1.0
14,20,14,Direct,0.10970756157089327,0.10970756157089327,1,1.0
14,21,4,Direct,0.08518413017046446,0.08518413017046446,1,1.0
14,21,13,Direct,0.009403247380159597,0.009403247380159597,1,1.0
14,22,7,Direct,0.03055130151124994,0.03055130151124994,1,1.0
14,22,13,Direct,0.2493921205800233,0.2493921205800233,1,1.0
14,22,14,Direct,0.07559159073219346,0.07559159073219346,1,1.0
14,23,0,Direct,0.02923306768229835,0.02923306768229835,1,1.0
14,23,4,Direct,0.23732213679132874,0.23732213679132874,1,1.0
14,23,7,Direct,0.009182615929237773,0.009182615929237773,1,1.0
15,0,8,Direct,0.04092122734433535,0.04092122734433535,1,1.0
15,0,11,Direct,0.038987167672698275,0.038987167672698275,1,1.0
15,1,3,Direct,0.008240153085527281,0.008240153085527281,1,1.0
15,1,7,Direct,0.2357142607848332,0.2357142607848332,1,1.0
15,1,8,Direct,0.3437763704546842,0.3437763704546842,1,1.0
15,2,7,Direct,0.013530219837370426,0.013530219837370426,1,1.0
15,2,8,Direct,1.1926592763743686,1.1926592763743686,1,1.0
15,2,14,Direct,0.036148311081288846,0.036148311081288846,1,1.0
15,3,3,Direct,0.05833264516538936,0.05833264516538936,1,1.0
15,3,5,Direct,33.21752146863325,33.21752146863325,1,1.0
15,3,13,Direct,0.05094895741245516,0.05094895741245516,1,1.0
15,3,15,Direct,0.011592199615251627,0.011592199615251627,1,1.0
15,5,3,Direct,0.010496737007028828,0.010496737007028828,1,1.0
15,5,11,Direct,0.03686059938338921,0.03686059938338921,1,1.0
15,5,14,Direct,0.015732427409651535,0.015732427409651535,1,1.0
15,6,2,Direct,8.35784425311052,8.35784425311052,1,1.0
15,7,7,Direct,0.00885082282634436,0.00885082282634436,1,1.0
15,7,11,Direct,0.6891798071565811,0.6891798071565811,1,1.0
15,7,12,Direct,0.1616021276781902,0.1616021276781902,1,1.0
15,7,14,Direct,0.03797909692520462,0.03797909692520462,1,1.0
15,8,5,Direct,0.2385528479926251,0.2385528479926251,1,1.0
15,9,8,Direct,0.020967669947838816,0.020967669947838816,1,1.0
15,9,14,Direct,0.040288557680740376,0.040288557680740376,1,1.0
15,10,2,Direct,3.173821179098195,3.173821179098195,1,1.0
15,10,5,Direct,0.024466409020440703,0.024466409020440703,1,1.0
15,10,12,Direct,0.29845852287433805,0.29845852287433805,1,1.0
15,12,2,Direct,0.8739877429221015,0.8739877429221015,1,1.0
15,12,7,Direct,0.017072622008320916,0.017072622008320916,1,1.0
15,13,2,Direct,0.015117432550652335,0.015117432550652335,1,1.0
15,13,3,Direct,0.7596403363079013,0.7596403363079013,1,1.0
15,13,12,Direct,146.04892488139353,146.04892488139353,1,1.0
15,15,9,Direct,11.765842649325212,11.765842649325212,1,1.0
15,16,6,Direct,0.013891220898111957,0.013891220898111957,1,1.0
15,16,8,Direct,0.02475796438666532,0.02475796438666532,1,1.0
15,16,13,Direct,0.05081845016822598,0.05081845016822598,1,1.0
15,17,11,Direct,22.51222747338856,22.51222747338856,1,1.0
15,18,8,Direct,0.036039319256651,0.036039319256651,1,1.0
15,19,7,Direct,0.019942382452336628,0.019942382452336628,1,1.0
15,20,3,Direct,0.35100999812472533,0.35100999812472533,1,1.0
15,21,12,Direct,0.8452456767497671,0.8452456767497671,1,1.0
15,22,2,Direct,1.3980929310259353,1.3980929310259353,1,1.0
15,22,7,Direct,0.014405512267617606,0.014405512267617606,1,1.0
15,22,8,Direct,0.015478078046099901,0.015478078046099901,1,1.0
15,23,6,Direct,0.008936814706123616,0.008936814706123616,1,1.0
15,23,12,Direct,66.41229227864326,66.41229227864326,1,1.0
15,23,14,Direct,0.05841763412229171,0.05841763412229171,1,1.0
16,0,5,Direct,0.026194255643279745,0.026194255643279745,1,1.0
16,0,9,Direct,0.006867546322222535,0.006867546322222535,1,1.0
16,0,13,Direct,0.7063799896200159,0.7063799896200159,1,1.0
16,0,15,Direct,0.1831046612338263,0.1831046612338263,1,1.0
16,1,0,Direct,0.03885777273435114,0.03885777273435114,1,1.0
16,2,4,Direct,0.05558810893821248,0.05558810893821248,1,1.0
16,2,6,Direct,0.014952921303298486,0.014952921303298486,1,1.0
16,3,0,Direct,0.008771695802120463,0.008771695802120463,1,1.0
16,3,9,Direct,0.01668773949348277,0.01668773949348277,1,1.0
16,3,13,Direct,0.011525902101468796,0.011525902101468796,1,1.0
16,3,14,Direct,0.018536758873722244,0.018536758873722244,1,1.0
16,3,15,Direct,0.026030180467908275,0.026030180467908275,1,1.0
16,4,0,Direct,0.01902824293725156,0.01902824293725156,1,1.0
16,4,15,Direct,3.894680262764028,3.894680262764028,1,1.0
16,5,4,Direct,0.019168388331061513,0.019168388331061513,1,1.0
16,5,9,Direct,2.614916524896702,2.614916524896702,1,1.0
16,6,3,Direct,0.013239629628565678,0.013239629628565678,1,1.0
16,6,4,Direct,0.042204740370003074,0.042204740370003074,1,1.0
16,6,5,Direct,1.589693813801621,1.589693813801621,1,1.0
16,6,6,Direct,0.048328503355239076,0.048328503355239076,1,1.0
16,6,11,Direct,0.24812585544025573,0.24812585544025573,1,1.0
16,6,14,Direct,24.214717617631873,24.214717617631873,1,1.0
16,7,8,Direct,0.02538072365637005,0.02538072365637005,1,1.0
16,7,14,Direct,2.739028027734441,2.739028027734441,1,1.0
16,7,15,Direct,0.008090142715099889,0.008090142715099889,1,1.0
16,8,6,Direct,0.027469379623805773,0.027469379623805773,1,1.0
16,8,13,Direct,0.013326273394193852,0.013326273394193852,1,1.0
16,9,3,Direct,0.4598994922468786,0.4598994922468786,1,1.0
16,9,9,Direct,0.013068021360479881,0.013068021360479881,1,1.0
16,10,5,Direct,0.08854431784556442,0.08854431784556442,1,1.0
16,11,13,Direct,0.012105753245693974,0.012105753245693974,1,1.0
16,12,3,Direct,0.01445703261490508,0.01445703261490508,1,1.0
16,12,5,Direct,0.028568679014735306,0.028568679014735306,1,1.0
16,13,3,Direct,0.012528082275191917,0.012528082275191917,1,1.0
16,13,8,Direct,0.018935346754120383,0.018935346754120383,1,1.0
16,13,9,Direct,0.017299577322843217,0.017299577322843217,1,1.0
16,14,5,Direct,0.01139545845882866,0.01139545845882866,1,1.0
16,17,3,Direct,0.012264379532344643,0.012264379532344643,1,1.0
16,18,5,Direct,0.13209136627763693,0.13209136627763693,1,1.0
16,18,11,Direct,0.03096855375842539,0.03096855375842539,1,1.0
16,18,13,Direct,0.020179802339859214,0.020179802339859214,1,1.0
16,21,5,Direct,0.01971258616030841,0.01971258616030841,1,1.0
16,21,15,Direct,0.01127348798263383,0.01127348798263383,1,1.0
16,22,4,Direct,0.022239411883672244,0.022239411883672244,1,1.0
16,22,15,Direct,0.011311446255837592,0.011311446255837592,1,1.0
16,23,2,Direct,0.07486833736823609,0.07486833736823609,1,1.0
16,23,7,Direct,0.013777307882169926,0.013777307882169926,1,1.0
16,23,8,Direct,0.023596590340651445,0.023596590340651445,1,1.0
16,23,11,Direct,0.017706622709037407,0.017706622709037407,1,1.0
17,0,4,Direct,0.03798321772078857,0.03798321772078857,1,1.0
17,0,7,Direct,0.18546568499548122,0.18546568499548122,1,1.0
17,1,0,Direct,0.07692211273081383,0.07692211273081383,1,1.0
17,2,1,Direct,0.016017399090240376,0.016017399090240376,1,1.0
17,2,2,Direct,3.601944902226233,3.601944902226233,1,1.0
17,2,15,Direct,0.014042168332200951,0.014042168332200951,1,1.0
17,3,1,Direct,0.013354312004506985,0.013354312004506985,1,1.0
17,4,10,Direct,2.1156597353973106,2.1156597353973106,1,1.0
17,4,11,Direct,0.01322365287348033,0.01322365287348033,1,1.0
17,5,0,Direct,0.4023800445698251,0.4023800445698251,1,1.0
17,5,9,Direct,0.006097841963511168,0.006097841963511168,1,1.0
17,5,15,Direct,0.1644202900243499,0.1644202900243499,1,1.0
17,6,3,Direct,0.02299128736057313,0.02299128736057313,1,1.0
17,7,2,Direct,0.007706207999009459,0.007706207999009459,1,1.0
17,7,7,Direct,0.021493356378700576,0.021493356378700576,1,1.0
17,8,5,Direct,0.07975990967801326,0.07975990967801326,1,1.0
17,9,5,Direct,16.754235208634622,16.754235208634622,1,1.0
17,9,15,Direct,5.108315615881101,5.108315615881101,1,1.0
17,10,2,Direct,0.40749753454764787,0.40749753454764787,1,1.0
17,10,9,Direct,1.095458261153325,1.095458261153325,1,1.0
17,10,11,Direct,0.05199689159250969,0.05199689159250969,1,1.0
17,10,15,Direct,0.011265770674157731,0.011265770674157731,1,1.0
17,11,2,Direct,0.017662842941235303,0.017662842941235303,1,1.0
17,11,8,Direct,0.25061542489293115,0.25061542489293115,1,1.0
17,11,10,Direct,0.012621089258884596,0.012621089258884596,1,1.0
17,11,11,Direct,0.12269545373214862,0.12269545373214862,1,1.0
17,14,7,Direct,0.04627370330639963,0.04627370330639963,1,1.0
17,14,11,Direct,0.7691817723440543,0.7691817723440543,1,1.0
17,15,8,Direct,1.0647195808377707,1.0647195808377707,1,1.0
17,16,5,Direct,0.015285608196442544,0.015285608196442544,1,1.0
17,16,7,Direct,0.02902724893527065,0.02902724893527065,1,1.0
17,16,11,Direct,0.049989354256985516,0.049989354256985516,1,1.0
17,17,3,Direct,0.010518960066371739,0.010518960066371739,1,1.0
17,17,4,Direct,9.823080158206047,9.823080158206047,1,1.0
17,18,9,Direct,0.012916173466299603,0.012916173466299603,1,1.0
17,19,3,Direct,0.04598648546374695,0.04598648546374695,1,1.0
17,19,5,Direct,0.04952201975429933,0.04952201975429933,1,1.0
17,19,10,Direct,0.03352139410907841,0.03352139410907841,1,1.0
17,20,10,Direct,0.09767027086973562,0.09767027086973562,1,1.0
17,21,7,Direct,0.13908297493769797,0.13908297493769797,1,1.0
17,21,11,Direct,0.34221237474729865,0.34221237474729865,1,1.0
17,22,7,Direct,1.8308723536463964,1.8308723536463964,1,1.0
18,0,11,Direct,0.040427494344571935,0.040427494344571935,1,1.0
18,0,13,Direct,6.842808560305155,6.842808560305155,1,1.0
18,1,8,Direct,0.3075422230531687,0.3075422230531687,1,1.0
18,1,11,Direct,0.17902665920346825,0.17902665920346825,1,1.0
18,2,6,Direct,0.044128100191358016,0.044128100191358016,1,1.0
18,2,7,Direct,0.05775586082220831,0.05775586082220831,1,1.0
18,3,15,Direct,0.0819797728616232,0.0819797728616232,1,1.0
18,4,11,Direct,4.97382179975718,4.97382179975718,1,1.0
18,5,13,Direct,0.008635739826894405,0.008635739826894405,1,1.0
18,6,10,Direct,4.154750514113081,4.154750514113081,1,1.0
18,8,0,Direct,0.013421349819247311,0.013421349819247311,1,1.0
18,9,2,Direct,0.008382377171478455,0.008382377171478455,1,1.0
18,9,7,Direct,0.017668064719428,0.017668064719428,1,1.0
18,10,6,Direct,0.031148473656176685,0.031148473656176685,1,1.0
18,11,6,Direct,0.013762904535795692,0.013762904535795692,1,1.0
18,12,2,Direct,3.9343581917599497,3.9343581917599497,1,1.0
18,12,6,Direct,0.03543964862920017,0.03543964862920017,1,1.0
18,12,9,Direct,0.0100133004825065,0.0100133004825065,1,1.0
18,12,11,Direct,83.39195485888379,83.39195485888379,1,1.0
18,13,8,Direct,0.008554220101329666,0.008554220101329666,1,1.0
18,13,13,Direct,0.022891082092003703,0.022891082092003703,1,1.0
18,14,13,Direct,0.17040357266570397,0.17040357266570397,1,1.0
18,15,11,Direct,0.05223183709460586,0.05223183709460586,1,1.0
18,16,13,Direct,0.02690197482118708,0.02690197482118708,1,1.0
18,17,2,Direct,0.01371104594445829,0.01371104594445829,1,1.0
18,18,2,Direct,0.03354517309392802,0.03354517309392802,1,1.0
18,19,8,Direct,0.8990128911920148,0.8990128911920148,1,1.0
18,19,11,Direct,0.04280156294480249,0.04280156294480249,1,1.0
18,19,13,Direct,0.14314763568310143,0.14314763568310143,1,1.0
18,20,2,Direct,0.018374788797203088,0.018374788797203088,1,1.0
18,22,9,Direct,0.00846197264911415,0.00846197264911415,1,1.0
18,22,11,Direct,0.035308211212783554,0.035308211212783554,1,1.0
18,22,13,Direct,3.6912429086946905,3.6912429086946905,1,1.0
18,23,7,Direct,0.08464599363258732,0.08464599363258732,1,1.0
18,23,9,Direct,0.008805827682028068,0.008805827682028068,1,1.0
18,23,13,Direct,0.887427068611277,0.887427068611277,1,1.0
19,0,8,Direct,0.015043021523801159,0.015043021523801159,1,1.0
19,0,14,Direct,0.04790738876608297,0.04790738876608297,1,1.0
19,1,13,Direct,0.021213268362573215,0.021213268362573215,1,1.0
19,2,2,Direct,0.014375804105013256,0.014375804105013256,1,1.0
19,3,0,Direct,1.4607641063919494,1.4607641063919494,1,1.0
19,3,4,Direct,0.0349823205266259,0.0349823205266259,1,1.0
19,3,15,Direct,0.03162627882312229,0.03162627882312229,1,1.0
19,4,13,Direct,0.033381379689956796,0.033381379689956796,1,1.0
19,4,14,Direct,17.494387270923507,17.494387270923507,1,1.0
19,6,14,Direct,1.5791336487933954,1.5791336487933954,1,1.0
19,7,14,Direct,0.010559432825716397,0.010559432825716397,1,1.0
19,9,9,Direct,0.07955335930371488,0.07955335930371488,1,1.0
19,9,13,Direct,0.9705017317103732,0.9705017317103732,1,1.0
19,10,0,Direct,0.010958555850508504,0.010958555850508504,1,1.0
19,10,6,Direct,42.81663209576432,42.81663209576432,1,1.0
19,11,9,Direct,0.03993827946343597,0.03993827946343597,1,1.0
19,11,14,Direct,0.08639207027602656,0.08639207027602656,1,1.0
19,12,6,Direct,0.018692968275229482,0.018692968275229482,1,1.0
19,12,8,Direct,0.030185650683994585,0.030185650683994585,1,1.0
19,12,14,Direct,0.9591749218781175,0.9591749218781175,1,1.0
19,13,1,Direct,0.011392203698827494,0.011392203698827494,1,1.0
19,13,8,Direct,0.013978180491892136,0.013978180491892136,1,1.0
19,13,14,Direct,0.015464459650217774,0.015464459650217774,1,1.0
19,15,13,Direct,0.02085815958209562,0.02085815958209562,1,1.0
19,16,2,Direct,29.959820612509024,29.959820612509024,1,1.0
19,16,9,Direct,0.06818291092250549,0.06818291092250549,1,1.0
19,17,2,Direct,0.09287771721003713,0.09287771721003713,1,1.0
19,17,10,Direct,0.07086402496504399,0.07086402496504399,1,1.0
19,17,14,Direct,0.07445902188465575,0.07445902188465575,1,1.0
19,18,5,Direct,0.03955878337705985,0.03955878337705985,1,1.0
19,18,9,Direct,0.030824241646303648,0.030824241646303648,1,1.0
19,20,9,Direct,0.031232037329038103,0.031232037329038103,1,1.0
19,20,10,Direct,2.014291819001141,2.014291819001141,1,1.0
19,21,4,Direct,0.052547164827059935,0.052547164827059935,1,1.0
19,22,8,Direct,0.044047037905835015,0.044047037905835015,1,1.0
19,23,1,Direct,0.025854279572987464,0.025854279572987464,1,1.0
19,23,15,Direct,0.6342760936828066,0.6342760936828066,1,1.0
20,0,0,Direct,0.008227526345219192,0.008227526345219192,1,1.0
20,0,2,Direct,0.010189959017714214,0.010189959017714214,1,1.0
20,0,3,Direct,0.013176569523613062,0.013176569523613062,1,1.0
20,0,8,Direct,0.8530684919968913,0.8530684919968913,1,1.0
20,0,11,Direct,0.040665490869047825,0.040665490869047825,1,1.0
20,1,8,Direct,0.2992962077453788,0.2992962077453788,1,1.0
20,2,15,Direct,11.056243169283166,11.056243169283166,1,1.0
20,3,0,Direct,0.008301423470839585,0.008301423470839585,1,1.0
20,3,1,Direct,3.2852336795004042,3.2852336795004042,1,1.0
20,4,5,Direct,12.253318660745741,12.253318660745741,1,1.0
20,4,10,Direct,0.020162513256556047,0.020162513256556047,1,1.0
20,5,10,Direct,0.09172705145633793,0.09172705145633793,1,1.0
20,5,15,Direct,0.353709001075234,0.353709001075234,1,1.0
20,7,0,Direct,0.4814204313034863,0.4814204313034863,1,1.0
20,7,1,Direct,0.04558281474906971,0.04558281474906971,1,1.0
20,7,9,Direct,0.01237304388462079,0.01237304388462079,1,1.0
20,8,1,Direct,0.5694891329737333,0.5694891329737333,1,1.0
20,9,11,Direct,0.1970182563255362,0.1970182563255362,1,1.0
20,10,3,Direct,1.2104298362000858,1.2104298362000858,1,1.0
20,10,12,Direct,0.05085918252258825,0.05085918252258825,1,1.0
20,12,3,Direct,0.013152037715813471,0.013152037715813471,1,1.0
20,12,15,Direct,0.20374812155091565,0.20374812155091565,1,1.0
20,13,10,Direct,0.026139595370871325,0.026139595370871325,1,1.0
20,13,12,Direct,0.054830227164169215,0.054830227164169215,1,1.0
20,14,6,Direct,0.04095957341783374,0.04095957341783374,1,1.0
20,16,2,Direct,0.32244312582272117,0.32244312582272117,1,1.0
20,16,8,Direct,4.1092091996761475,4.1092091996761475,1,1.0
20,16,10,Direct,0.020546227868846776,0.020546227868846776,1,1.0
20,16,12,Direct,0.16039545164199326,0.16039545164199326,1,1.0
20,18,0,Direct,0.016800414442543717,0.016800414442543717,1,1.0
20,18,11,Direct,0.059025157530081994,0.059025157530081994,1,1.0
20,19,15,Direct,8.160259989062489,8.160259989062489,1,1.0
20,20,1,Direct,0.053839192551509374,0.053839192551509374,1,1.0
20,20,2,Direct,0.00713514248872822,0.00713514248872822,1,1.0
20,20,6,Direct,0.026247676437058467,0.026247676437058467,1,1.0
20,20,11,Direct,256.0,256.0,1,1.0
20,21,1,Direct,0.008887864625426904,0.008887864625426904,1,1.0
20,21,2,Direct,0.019422268394461335,0.019422268394461335,1,1.0
20,22,1,Direct,0.20522089436420085,0.20522089436420085,1,1.0
20,23,11,Direct,0.45916096714614796,0.45916096714614796,1,1.0
21,0,2,Direct,0.018259970442743786,0.018259970442743786,1,1.0
21,0,12,Direct,0.055689530168321996,0.055689530168321996,1,1.0
21,2,0,Direct,0.058497201081643274,0.058497201081643274,1,1.0
21,2,1,Direct,0.3383571827127468,0.3383571827127468,1,1.0
21,2,4,Direct,26.817177597463107,26.817177597463107,1,1.0
21,2,12,Direct,0.0738634252545818,0.0738634252545818,1,1.0
21,2,14,Direct,0.05260322055451017,0.05260322055451017,1,1.0
21,3,13,Direct,4.080095203432188,4.080095203432188,1,1.0
21,3,14,Direct,0.04440185004777718,0.04440185004777718,1,1.0
21,4,10,Direct,0.2026012938595374,0.2026012938595374,1,1.0
21,6,3,Direct,0.006961144582519974,0.006961144582519974,1,1.0
21,6,6,Direct,0.017407618786571794,0.017407618786571794,1,1.0
21,6,15,Direct,0.012818513581615634,0.012818513581615634,1,1.0
21,7,1,Direct,0.00804701027068444,0.00804701027068444,1,1.0
21,7,10,Direct,12.559055444567669,12.559055444567669,1,1.0
21,8,4,Direct,0.03946765496559285,0.03946765496559285,1,1.0
21,8,9,Direct,0.03138434977212062,0.03138434977212062,1,1.0
21,9,1,Direct,0.013988206260000626,0.013988206260000626,1,1.0
21,9,13,Direct,0.013417277472494538,0.013417277472494538,1,1.0
21,9,15,Direct,0.19242472746886674,0.19242472746886674,1,1.0
21,10,4,Direct,2.0952643150604913,2.0952643150604913,1,1.0
21,10,13,Direct,3.4255855375086237,3.4255855375086237,1,1.0
21,11,0,Direct,0.016692201764583442,0.016692201764583442,1,1.0
21,11,2,Direct,0.021472475660658078,0.021472475660658078,1,1.0
21,11,9,Direct,0.006749124477010059,0.006749124477010059,1,1.0
21,11,12,Direct,0.7273481342418131,0.7273481342418131,1,1.0
21,12,4,Direct,0.03468078783643546,0.03468078783643546,1,1.0
21,13,2,Direct,0.01780774963748755,0.01780774963748755,1,1.0
21,13,3,Direct,0.04076748417295417,0.04076748417295417,1,1.0
21,13,12,Direct,256.0,256.0,1,1.0
21,13,15,Direct,0.08441683791861172,0.08441683791861172,1,1.0
21,14,1,Direct,0.04096679336300147,0.04096679336300147,1,1.0
21,14,5,Direct,0.02401371225944186,0.02401371225944186,1,1.0
21,16,3,Direct,0.013217474946994023,0.013217474946994023,1,1.0
21,17,0,Direct,0.03291240010781567,0.03291240010781567,1,1.0
21,17,10,Direct,0.010832117558709883,0.010832117558709883,1,1.0
21,18,15,Direct,3.936728896647525,3.936728896647525,1,1.0
21,19,2,Direct,0.01043368364385887,0.01043368364385887,1,1.0
21,19,10,Direct,0.0583295689660609,0.0583295689660609,1,1.0
21,19,12,Direct,134.11340113590745,134.11340113590745,1,1.0
21,19,13,Direct,0.3170218994357323,0.3170218994357323,1,1.0
21,20,1,Direct,0.00783767838217387,0.00783767838217387,1,1.0
21,20,3,Direct,0.0155443406740827,0.0155443406740827,1,1.0
21,20,14,Direct,0.0765061697124022,0.0765061697124022,1,1.0
21,22,1,Direct,15.056978768381745,15.056978768381745,1,1.0
21,22,6,Direct,0.05050777943800109,0.05050777943800109,1,1.0
21,23,0,Direct,0.007434141893371118,0.007434141893371118,1,1.0
21,23,4,Direct,8.881824524208122,8.881824524208122,1,1.0
21,23,15,Direct,0.023616899183252008,0.023616899183252008,1,1.0
22,1,1,Direct,3.1905600566725174,3.1905600566725174,1,1.0
22,1,5,Direct,6.307071836234696,6.307071836234696,1,1.0
22,2,12,Direct,0.856306506686665,0.856306506686665,1,1.0
22,2,15,Direct,0.0370570268580476,0.0370570268580476,1,1.0
22,3,3,Direct,0.010453775880411841,0.010453775880411841,1,1.0
22,3,15,Direct,0.0575379590908911,0.0575379590908911,1,1.0
22,4,7,Direct,0.07135813403777595,0.07135813403777595,1,1.0
22,5,6,Direct,0.025033457291520435,0.025033457291520435,1,1.0
22,5,15,Direct,0.08173050371270278,0.08173050371270278,1,1.0
22,6,6,Direct,0.006481079288376876,0.006481079288376876,1,1.0
22,7,0,Direct,0.021391499353986557,0.021391499353986557,1,1.0
22,7,1,Direct,0.010744550359965252,0.010744550359965252,1,1.0
22,7,3,Direct,0.014879258221694744,0.014879258221694744,1,1.0
22,7,12,Direct,0.07670831657400107,0.07670831657400107,1,1.0
22,8,12,Direct,0.4531565539799133,0.4531565539799133,1,1.0
22,9,4,Direct,0.010355721248032667,0.010355721248032667,1,1.0
22,9,7,Direct,0.019665579096510784,0.019665579096510784,1,1.0
22,9,12,Direct,0.13016204650824123,0.13016204650824123,1,1.0
22,9,15,Direct,0.08238064902821912,0.08238064902821912,1,1.0
22,11,3,Direct,0.011408951730051773,0.011408951730051773,1,1.0
22,11,7,Direct,3.210333209019607,3.210333209019607,1,1.0
22,12,0,Direct,0.08478593733792701,0.08478593733792701,1,1.0
22,12,3,Direct,17.802575911194534,17.802575911194534,1,1.0
22,14,0,Direct,0.0645081824905258,0.0645081824905258,1,1.0
22,14,3,Direct,0.05883060834473854,0.05883060834473854,1,1.0
22,14,13,Direct,4.046610820384206,4.046610820384206,1,1.0
22,15,3,Direct,0.024155136554938107,0.024155136554938107,1,1.0
22,16,0,Direct,0.022891748707986218,0.022891748707986218,1,1.0
22,16,12,Direct,0.18773037314502286,0.18773037314502286,1,1.0
22,16,13,Direct,0.36183992206132304,0.36183992206132304,1,1.0
22,17,1,Direct,0.009042226495692989,0.009042226495692989,1,1.0
22,17,3,Direct,1.2089210936038333,1.2089210936038333,1,1.0
22,18,3,Direct,0.012766535851829817,0.012766535851829817,1,1.0
22,19,3,Direct,0.06513224167892447,0.06513224167892447,1,1.0
22,19,6,Direct,0.07396776421291157,0.07396776421291157,1,1.0
22,20,0,Direct,1.0597283083949354,1.0597283083949354,1,1.0
22,21,13,Direct,0.024463135880488783,0.024463135880488783,1,1.0
22,22,12,Direct,0.06041340318302921,0.06041340318302921,1,1.0
22,23,0,Direct,0.010650408418239334,0.010650408418239334,1,1.0
22,23,4,Direct,0.055826027754017446,0.055826027754017446,1,1.0
23,0,0,Direct,0.015045316875173104,0.015045316875173104,1,1.0
23,0,5,Direct,0.02154097918040133,0.02154097918040133,1,1.0
23,0,8,Direct,0.018083562528887265,0.018083562528887265,1,1.0
23,0,11,Direct,0.7992163844889253,0.7992163844889253,1,1.0
23,1,0,Direct,0.022588656488109038,0.022588656488109038,1,1.0
23,2,10,Direct,0.030989561774106146,0.030989561774106146,1,1.0
23,2,12,Direct,1.965430760286007,1.965430760286007,1,1.0
23,3,0,Direct,0.016414245365323554,0.016414245365323554,1,1.0
23,3,5,Direct,0.2860642613535905,0.2860642613535905,1,1.0
23,3,10,Direct,0.012454078126720981,0.012454078126720981,1,1.0
23,4,2,Direct,0.06576489390287302,0.06576489390287302,1,1.0
23,5,11,Direct,0.012556088796940404,0.012556088796940404,1,1.0
23,5,13,Direct,0.009868485167024862,0.009868485167024862,1,1.0
23,5,15,Direct,0.013839583028498092,0.013839583028498092,1,1.0
23,6,12,Direct,0.10971746529560072,0.10971746529560072,1,1.0
23,6,14,Direct,0.11941312449564473,0.11941312449564473,1,1.0
23,6,15,Direct,0.03722005642468591,0.03722005642468591,1,1.0
23,7,6,Direct,0.05457987227105273,0.05457987227105273,1,1.0
23,7,11,Direct,1.0484130253203003,1.0484130253203003,1,1.0
23,7,14,Direct,0.017558830606381182,0.017558830606381182,1,1.0
23,8,2,Direct,0.031266991451422636,0.031266991451422636,1,1.0
23,8,3,Direct,0.01125695227977303,0.01125695227977303,1,1.0
23,8,6,Direct,1.4146190299843389,1.4146190299843389,1,1.0
23,8,14,Direct,0.008357926422877273,0.008357926422877273,1,1.0
23,9,2,Direct,0.015772241346003336,0.015772241346003336,1,1.0
23,9,4,Direct,0.03964153138062443,0.03964153138062443,1,1.0
23,9,5,Direct,0.017767935271305192,0.017767935271305192,1,1.0
23,9,8,Direct,0.011090998313292307,0.011090998313292307,1,1.0
23,10,9,Direct,0.009187809231834088,0.009187809231834088,1,1.0
23,10,11,Direct,0.05232977550772185,0.05232977550772185,1,1.0
23,10,12,ViaRelay,193.67614725321897,193.67614725321897,1,1.0
23,11,3,Direct,0.010049343937503587,0.010049343937503587,1,1.0
23,11,4,Direct,3.716249051629296,3.716249051629296,1,1.0
23,11,8,Direct,0.014909523839057746,0.014909523839057746,1,1.0
23,11,9,Direct,0.009810942570185171,0.009810942570185171,1,1.0
23,12,1,Direct,0.024065924913367516,0.024065924913367516,1,1.0
23,12,6,Direct,0.03613957727229965,0.03613957727229965,1,1.0
23,12,8,Direct,0.029902989167417373,0.029902989167417373,1,1.0
23,13,4,Direct,0.09785480694446168,0.09785480694446168,1,1.0
23,14,6,Direct,0.6698931448905233,0.6698931448905233,1,1.0
23,14,9,Direct,0.02960957398932127,0.02960957398932127,1,1.0
23,15,3,Direct,0.013646282096624326,0.013646282096624326,1,1.0
23,15,9,Direct,0.01476366735271055,0.01476366735271055,1,1.0
23,15,12,Direct,0.12526644996615008,0.12526644996615008,1,1.0
23,16,0,Direct,0.021215585044925996,0.021215585044925996,1,1.0
23,16,9,Direct,0.012997728374389169,0.012997728374389169,1,1.0
23,17,14,Direct,0.014454492975142313,0.014454492975142313,1,1.0
23,18,0,Direct,0.03511071725596426,0.03511071725596426,1,1.0
23,18,2,Direct,8.973424137004159,8.973424137004159,1,1.0
23,19,6,Direct,0.01121923381932812,0.01121923381932812,1,1.0
23,19,8,Direct,0.021542885064402287,0.021542885064402287,1,1.0
23,19,9,Direct,0.012656960860338956,0.012656960860338956,1,1.0
23,19,10,Direct,0.046080859479128995,0.046080859479128995,1,1.0
23,20,2,Direct,0.011327385326868942,0.011327385326868942,1,1.0
23,21,2,Direct,10.815568329375314,10.815568329375314,1,1.0
23,21,8,Direct,0.01951695943890011,0.01951695943890011,1,1.0
23,22,4,Direct,1.46186941718236,1.46186941718236,1,1.0
23,22,10,Direct,0.03940408252563372,0.03940408252563372,1,1.0
23,23,4,Direct,0.03309528225949023,0.03309528225949023,1,1.0
23,23,15,Direct,0.01905657467669302,0.01905657467669302,1,1.0
24,0,9,Direct,1.5421630543584206,1.5421630543584206,1,1.0
24,1,5,Direct,0.06299613830188773,0.06299613830188773,1,1.0
24,1,8,Direct,0.0194370586670947,0.0194370586670947,1,1.0
24,1,13,Direct,0.015931773502818755,0.015931773502818755,1,1.0
24,2,9,Direct,0.032320162088596616,0.032320162088596616,1,1.0
24,4,5,Direct,0.020097170383203144,0.020097170383203144,1,1.0
24,6,14,Direct,0.18505011012162917,0.18505011012162917,1,1.0
24,8,12,Direct,0.04589930214315773,0.04589930214315773,1,1.0
24,10,15,Direct,0.012091892033376987,0.012091892033376987,1,1.0
24,11,14,Direct,0.03928253689306812,0.03928253689306812,1,1.0
24,14,9,Direct,0.011805705305597089,0.011805705305597089,1,1.0
24,15,15,Direct,0.02514998018734438,0.02514998018734438,1,1.0
24,17,6,Direct,1.9192049796385184,1.9192049796385184,1,1.0
24,18,9,Direct,0.013946044703813365,0.013946044703813365,1,1.0
24,18,12,Direct,2.9927582561344583,2.9927582561344583,1,1.0
24,18,15,Direct,0.009639155427792966,0.009639155427792966,1,1.0
24,19,6,Direct,0.017351670641649695,0.017351670641649695,1,1.0
24,19,9,Direct,0.01077347655329147,0.01077347655329147,1,1.0
24,21,6,Direct,0.265501143490422,0.265501143490422,1,1.0
25,0,7,Direct,0.02924808289335556,0.02924808289335556,1,1.0
25,0,9,Direct,0.49993306478316096,0.49993306478316096,1,1.0
25,1,11,Direct,0.05737372415666152,0.05737372415666152,1,1.0
25,1,14,Direct,0.036236331083959086,0.036236331083959086,1,1.0
25,2,3,Direct,0.016738451932638048,0.016738451932638048,1,1.0
25,2,5,Direct,0.017788610420414026,0.017788610420414026,1,1.0
25,2,8,Direct,0.012104240258945777,0.012104240258945777,1,1.0
25,3,7,Direct,0.17940235125616305,0.17940235125616305,1,1.0
25,3,11,Direct,0.053964042188790536,0.053964042188790536,1,1.0
25,4,6,Direct,0.017225297325755316,0.017225297325755316,1,1.0
25,4,14,Direct,18.848867466901066,18.848867466901066,1,1.0
25,5,0,Direct,0.012661302149336145,0.012661302149336145,1,1.0
25,5,6,Direct,0.0073828348385170965,0.0073828348385170965,1,1.0
25,6,5,Direct,0.12345728328473231,0.12345728328473231,1,1.0
25,7,1,Direct,2.640808011018275,2.640808011018275,1,1.0
25,7,3,Direct,0.02006941070061974,0.02006941070061974,1,1.0
25,7,5,Direct,0.09146620338658631,0.09146620338658631,1,1.0
25,7,13,Direct,0.011731477107438994,0.011731477107438994,1,1.0
25,9,0,Direct,0.008051592479698557,0.008051592479698557,1,1.0
25,9,3,Direct,0.011251599319933999,0.011251599319933999,1,1.0
25,9,10,Direct,0.027384646990231326,0.027384646990231326,1,1.0
25,11,11,Direct,0.05187307875998288,0.05187307875998288,1,1.0
25,11,13,Direct,0.010344468595373515,0.010344468595373515,1,1.0
25,12,1,Direct,0.021547299056170307,0.021547299056170307,1,1.0
25,12,3,Direct,2.6311583950570325,2.6311583950570325,1,1.0
25,12,8,Direct,0.01625541062161706,0.01625541062161706,1,1.0
25,12,11,Direct,0.04325475975735347,0.04325475975735347,1,1.0
25,12,14,Direct,0.08779800385614472,0.08779800385614472,1,1.0
25,13,5,Direct,0.04590514616213258,0.04590514616213258,1,1.0
25,13,8,Direct,0.02568414924457255,0.02568414924457255,1,1.0
25,13,9,Direct,0.012165039701935406,0.012165039701935406,1,1.0
25,14,14,Direct,14.871139003903153,14.871139003903153,1,1.0
25,15,3,Direct,0.039112150766918735,0.039112150766918735,1,1.0
25,16,5,Direct,0.11210135334824071,0.11210135334824071,1,1.0
25,18,14,Direct,0.26010017160751975,0.26010017160751975,1,1.0
25,19,8,Direct,16.61079143786873,16.61079143786873,1,1.0
25,20,1,Direct,0.009181191829798445,0.009181191829798445,1,1.0
25,20,7,Direct,0.007667759554502957,0.007667759554502957,1,1.0
25,20,13,Direct,0.02260461884755407,0.02260461884755407,1,1.0
25,21,5,Direct,0.06624696108001754,0.06624696108001754,1,1.0
25,22,5,Direct,0.022009321268487366,0.022009321268487366,1,1.0
25,22,14,Direct,0.013165686831204157,0.013165686831204157,1,1.0
25,23,5,Direct,0.019562774841721153,0.019562774841721153,1,1.0
25,23,13,Direct,0.012630037019988032,0.012630037019988032,1,1.0
26,0,3,Direct,0.07377276606243444,0.07377276606243444,1,1.0
26,0,5,Direct,0.0748696985472358,0.0748696985472358,1,1.0
26,0,14,Direct,0.20791354704272083,0.20791354704272083,1,1.0
26,1,5,Direct,25.592173768245157,25.592173768245157,1,1.0
26,1,9,Direct,0.02088845759217619,0.02088845759217619,1,1.0
26,2,7,Direct,0.015544264232084739,0.015544264232084739,1,1.0
26,3,4,Direct,0.6693303719312975,0.6693303719312975,1,1.0
26,4,6,Direct,0.023116029162412875,0.023116029162412875,1,1.0
26,4,15,Direct,0.010675461012198168,0.010675461012198168,1,1.0
26,5,15,Direct,0.8668616244641042,0.8668616244641042,1,1.0
26,6,4,Direct,0.09110223184609267,0.09110223184609267,1,1.0
26,6,13,Direct,0.012805816263176692,0.012805816263176692,1,1.0
26,7,0,Direct,0.040130757158419884,0.040130757158419884,1,1.0
26,8,5,Direct,2.46861772731832,2.46861772731832,1,1.0
26,9,7,Direct,0.01938804773807888,0.01938804773807888,1,1.0
26,10,3,Direct,0.050682920052537696,0.050682920052537696,1,1.0
26,10,7,Direct,0.07948154907762899,0.07948154907762899,1,1.0
26,10,13,Direct,0.10778993460472377,0.10778993460472377,1,1.0
26,11,2,Direct,0.010533450923034045,0.010533450923034045,1,1.0
26,11,9,Direct,0.0051669359159049015,0.0051669359159049015,1,1.0
26,11,13,Direct,0.009899378486803041,0.009899378486803041,1,1.0
26,12,9,Direct,1.475031878467767,1.475031878467767,1,1.0
26,13,6,Direct,0.057708465466848005,0.057708465466848005,1,1.0
26,14,11,Direct,0.04412693322138392,0.04412693322138392,1,1.0
26,15,3,Direct,0.008712708918285027,0.008712708918285027,1,1.0
26,15,7,Direct,0.01030437364622343,0.01030437364622343,1,1.0
26,15,9,Direct,0.013704586897207634,0.013704586897207634,1,1.0
26,16,3,Direct,0.02097518066827819,0.02097518066827819,1,1.0
26,17,8,Direct,5.616444373233015,5.616444373233015,1,1.0
26,19,7,Direct,0.025549312970884447,0.025549312970884447,1,1.0
26,20,0,Direct,2.3956142755835113,2.3956142755835113,1,1.0
26,20,11,Direct,0.07268003687450365,0.07268003687450365,1,1.0
26,22,9,Direct,0.006067101936933673,0.006067101936933673,1,1.0
26,23,0,Direct,0.01645103114653622,0.01645103114653622,1,1.0
26,23,9,Direct,0.0190187599829036,0.0190187599829036,1,1.0
26,23,14,Direct,5.237554450103993,5.237554450103993,1,1.0
27,0,7,Direct,0.014039324455479367,0.014039324455479367,1,1.0
27,0,10,Direct,31.723131453001894,31.723131453001894,1,1.0
27,1,0,Direct,0.06360365282404905,0.06360365282404905,1,1.0
27,1,6,Direct,0.009788718626738418,0.009788718626738418,1,1.0
27,1,11,Direct,0.1027312460792145,0.1027312460792145,1,1.0
27,1,15,Direct,0.0114910878522883,0.0114910878522883,1,1.0
27,2,14,Direct,0.0856820456265314,0.0856820456265314,1,1.0
27,3,0,Direct,0.009263317533999442,0.009263317533999442,1,1.0
27,3,2,Direct,0.008649739423321643,0.008649739423321643,1,1.0
27,3,4,Direct,0.02805096127947548,0.02805096127947548,1,1.0
27,3,5,Direct,0.015615569991101507,0.015615569991101507,1,1.0
27,3,6,Direct,0.0143135527553174,0.0143135527553174,1,1.0
27,3,15,Direct,0.0484545035199557,0.0484545035199557,1,1.0
27,4,2,Direct,0.021848123594123463,0.021848123594123463,1,1.0
27,4,12,Direct,20.76210697591164,20.76210697591164,1,1.0
27,4,13,Direct,0.005783671151899416,0.005783671151899416,1,1.0
27,4,14,Direct,0.01965759413111411,0.01965759413111411,1,1.0
27,5,2,Direct,0.18912093513397,0.18912093513397,1,1.0
27,5,3,Direct,0.03879099204711035,0.03879099204711035,1,1.0
27,5,10,Direct,0.09478702449743882,0.09478702449743882,1,1.0
27,5,12,Direct,0.10062144982674454,0.10062144982674454,1,1.0
27,5,13,Direct,0.02903603185803108,0.02903603185803108,1,1.0
27,6,9,Direct,0.014963065737799253,0.014963065737799253,1,1.0
27,6,11,Direct,0.1155154766308774,0.1155154766308774,1,1.0
27,7,12,Direct,0.17546860935414715,0.17546860935414715,1,1.0
27,8,2,Direct,0.041190114164385956,0.041190114164385956,1,1.0
27,9,0,Direct,0.044083083335774535,0.044083083335774535,1,1.0
27,9,4,Direct,0.028018610001422167,0.028018610001422167,1,1.0
27,9,10,Direct,0.03850238091320631,0.03850238091320631,1,1.0
27,9,13,Direct,0.00975044871170483,0.00975044871170483,1,1.0
27,11,9,Direct,0.0903362685449199,0.0903362685449199,1,1.0
27,12,10,Direct,0.023550688266844234,0.023550688266844234,1,1.0
27,12,11,Direct,0.04665288951847436,0.04665288951847436,1,1.0
27,13,0,Direct,0.2149979345413476,0.2149979345413476,1,1.0
27,14,6,Direct,0.03781892216770526,0.03781892216770526,1,1.0
27,15,4,Direct,0.15736628958083854,0.15736628958083854,1,1.0
27,15,7,Direct,1.2935107811907642,1.2935107811907642,1,1.0
27,16,0,Direct,0.021278793174170092,0.021278793174170092,1,1.0
27,16,9,Direct,0.023508089385547874,0.023508089385547874,1,1.0
27,16,10,Direct,0.035576813645825406,0.035576813645825406,1,1.0
27,17,2,Direct,0.009833346824154557,0.009833346824154557,1,1.0
27,17,3,Direct,0.016013978647186764,0.016013978647186764,1,1.0
27,17,4,Direct,0.07359024673701228,0.07359024673701228,1,1.0
27,17,9,Direct,0.009060978469575013,0.009060978469575013,1,1.0
27,17,15,Direct,0.04977361963105687,0.04977361963105687,1,1.0
27,18,4,Direct,0.016375653781623704,0.016375653781623704,1,1.0
27,20,7,Direct,0.01890408662460013,0.01890408662460013,1,1.0
27,20,11,Direct,0.29289112467726386,0.29289112467726386,1,1.0
27,21,3,Direct,0.013405222689200356,0.013405222689200356,1,1.0
27,21,10,Direct,0.03271339060539134,0.03271339060539134,1,1.0
27,21,13,Direct,0.012690441081979364,0.012690441081979364,1,1.0
27,21,15,Direct,0.011991950841717206,0.011991950841717206,1,1.0
28,0,0,Direct,0.007971255331877281,0.007971255331877281,1,1.0
28,0,12,Direct,9.877834927718839,9.877834927718839,1,1.0
28,0,14,Direct,0.17148692730269946,0.17148692730269946,1,1.0
28,1,15,Direct,0.009620383851182976,0.009620383851182976,1,1.0
28,2,14,Direct,0.024168155262732572,0.024168155262732572,1,1.0
28,3,14,Direct,0.8179481250987388,0.8179481250987388,1,1.0
28,4,7,Direct,0.025035787427622826,0.025035787427622826,1,1.0
28,5,14,Direct,0.024881099093343084,0.024881099093343084,1,1.0
28,5,15,Direct,0.05999779630157746,0.05999779630157746,1,1.0
28,6,14,Direct,0.03656982566261224,0.03656982566261224,1,1.0
28,8,4,Direct,0.016838049455163803,0.016838049455163803,1,1.0
28,8,12,Direct,0.29346374345661513,0.29346374345661513,1,1.0
28,8,13,Direct,0.009107550165371809,0.009107550165371809,1,1.0
28,11,3,Direct,0.012375021877989544,0.012375021877989544,1,1.0
28,11,7,Direct,1.887212607526909,1.887212607526909,1,1.0
28,11,12,Direct,6.93769404851359,6.93769404851359,1,1.0
28,12,7,Direct,0.017171926054503673,0.017171926054503673,1,1.0
28,12,12,Direct,0.1665840943891669,0.1665840943891669,1,1.0
28,13,12,Direct,256.0,256.0,1,1.0
28,14,13,Direct,0.014988558746893824,0.014988558746893824,1,1.0
28,15,12,Direct,0.056645587202630035,0.056645587202630035,1,1.0
28,15,15,Direct,2.226175454554994,2.226175454554994,1,1.0
28,16,14,Direct,0.0809365438178776,0.0809365438178776,1,1.0
28,17,12,Direct,0.30168408433416305,0.30168408433416305,1,1.0
28,17,13,Direct,0.008011011763148477,0.008011011763148477,1,1.0
28,18,7,Direct,0.02868734652480391,0.02868734652480391,1,1.0
28,18,13,Direct,0.84111104655868,0.84111104655868,1,1.0
28,19,3,Direct,0.1790260989014397,0.1790260989014397,1,1.0
28,20,4,Direct,0.02106935268431505,0.02106935268431505,1,1.0
28,20,7,Direct,0.07615421198434623,0.07615421198434623,1,1.0
28,20,14,Direct,8.104236657825627,8.104236657825627,1,1.0
28,21,12,Direct,1.0378595252822909,1.0378595252822909,1,1.0
28,23,0,Direct,0.01873504862298537,0.01873504862298537,1,1.0
28,23,12,Direct,0.21821170460657466,0.21821170460657466,1,1.0
28,23,15,Direct,0.01769452034222032,0.01769452034222032,1,1.0
29,0,15,Direct,0.01891584901789677,0.01891584901789677,1,1.0
29,1,3,Direct,0.016659946506545877,0.016659946506545877,1,1.0
29,1,12,Direct,0.19457298910799137,0.19457298910799137,1,1.0
29,3,10,Direct,0.06116736138809681,0.06116736138809681,1,1.0
29,3,12,Direct,0.6590216129752928,0.6590216129752928,1,1.0
29,4,4,Direct,0.10331644185193536,0.10331644185193536,1,1.0
29,5,1,Direct,0.00901138429016743,0.00901138429016743,1,1.0
29,5,10,Direct,13.930672654723221,13.930672654723221,1,1.0
29,6,1,Direct,0.22734112627500389,0.22734112627500389,1,1.0
29,6,10,Direct,56.09957223879973,56.09957223879973,1,1.0
29,7,1,Direct,0.01386104539291097,0.01386104539291097,1,1.0
29,7,9,Direct,0.27216875236897725,0.27216875236897725,1,1.0
29,9,10,Direct,256.0,256.0,1,1.0
29,9,15,Direct,0.10910451179406189,0.10910451179406189,1,1.0
29,10,13,Direct,0.03811842435202173,0.03811842435202173,1,1.0
29,11,12,Direct,0.1918912529527075,0.1918912529527075,1,1.0
29,11,15,Direct,0.006708236601155668,0.006708236601155668,1,1.0
29,13,15,Direct,0.015560320208756648,0.015560320208756648,1,1.0
29,15,9,Direct,0.22212382661079544,0.22212382661079544,1,1.0
29,15,11,Direct,0.03590764514685248,0.03590764514685248,1,1.0
29,16,11,Direct,0.047160350750026316,0.047160350750026316,1,1.0
29,17,3,Direct,2.94160725426181,2.94160725426181,1,1.0
29,18,9,Direct,0.008471845524707939,0.008471845524707939,1,1.0
29,18,11,Direct,0.053064433001688775,0.053064433001688775,1,1.0
29,18,13,Direct,0.012554831222997885,0.012554831222997885,1,1.0
29,19,10,Direct,0.1481090994707506,0.1481090994707506,1,1.0
29,20,9,Direct,0.009217472862632754,0.009217472862632754,1,1.0
29,21,9,Direct,0.010312719535169552,0.010312719535169552,1,1.0
29,21,13,Direct,0.008964197199661253,0.008964197199661253,1,1.0
29,22,10,Direct,37.26362319714682,37.26362319714682,1,1.0
29,22,12,Direct,0.42538652380563136,0.42538652380563136,1,1.0
30,0,2,Direct,0.01465534546787813,0.01465534546787813,1,1.0
30,0,10,Direct,0.05669842941650099,0.05669842941650099,1,1.0
30,1,1,Direct,0.10520434567415726,0.10520434567415726,1,1.0
30,3,0,Direct,3.818677693837683,3.818677693837683,1,1.0
30,3,4,Direct,0.028834813028824964,0.028834813028824964,1,1.0
30,4,5,Direct,12.413271800470149,12.413271800470149,1,1.0
30,4,7,Direct,0.014989330645608135,0.014989330645608135,1,1.0
30,5,10,Direct,0.048015525334349676,0.048015525334349676,1,1.0
30,6,13,Direct,0.08831154665455432,0.08831154665455432,1,1.0
30,7,4,Direct,0.047085326771284644,0.047085326771284644,1,1.0
30,8,1,Direct,0.017440157008160293,0.017440157008160293,1,1.0
30,8,3,Direct,0.052176015205810444,0.052176015205810444,1,1.0
30,9,4,Direct,0.031932134407300736,0.031932134407300736,1,1.0
30,9,13,Direct,0.009042325470378268,0.009042325470378268,1,1.0
30,9,14,Direct,0.10634531150011295,0.10634531150011295,1,1.0
30,10,9,Direct,0.032347853512773576,0.032347853512773576,1,1.0
30,10,10,Direct,0.015020765802723924,0.015020765802723924,1,1.0
30,11,1,Direct,0.01844646434258168,0.01844646434258168,1,1.0
30,11,5,Direct,0.018481036818537775,0.018481036818537775,1,1.0
30,13,0,Direct,0.017172793967962306,0.017172793967962306,1,1.0
30,13,3,Direct,0.010480257811509243,0.010480257811509243,1,1.0
30,13,7,Direct,8.255857964613408,8.255857964613408,1,1.0
30,14,1,Direct,0.013907826446239268,0.013907826446239268,1,1.0
30,14,2,Direct,0.009585845265852537,0.009585845265852537,1,1.0
30,14,3,Direct,0.007976849060058053,0.007976849060058053,1,1.0
30,16,2,Direct,0.03211901990165498,0.03211901990165498,1,1.0
30,16,5,Direct,0.05610668519035676,0.05610668519035676,1,1.0
30,16,9,Direct,0.010821624959547431,0.010821624959547431,1,1.0
30,19,3,Direct,0.007141741365268898,0.007141741365268898,1,1.0
30,19,4,Direct,0.14609913693999568,0.14609913693999568,1,1.0
30,19,5,Direct,3.7078899637520473,3.7078899637520473,1,1.0
30,19,8,Direct,2.236009085924817,2.236009085924817,1,1.0
30,19,9,Direct,0.011069345765746403,0.011069345765746403,1,1.0
30,20,5,Direct,6.240190867651588,6.240190867651588,1,1.0
30,20,14,Direct,0.27027097396554384,0.27027097396554384,1,1.0
30,21,0,Direct,0.12482456606155304,0.12482456606155304,1,1.0
30,23,1,Direct,0.012655855576524553,0.012655855576524553,1,1.0
30,23,7,Direct,0.17495839249490394,0.17495839249490394,1,1.0
30,23,10,Direct,0.03282971250395409,0.03282971250395409,1,1.0
31,0,1,Direct,0.03159017903904309,0.03159017903904309,1,1.0
31,0,13,Direct,18.419889177105574,18.419889177105574,1,1.0
31,1,12,Direct,0.05641006414347161,0.05641006414347161,1,1.0
31,2,0,Direct,0.011832721849176511,0.011832721849176511,1,1.0
31,2,15,Direct,0.026221707164433457,0.026221707164433457,1,1.0
31,3,1,Direct,2.080125526926265,2.080125526926265,1,1.0
31,3,3,Direct,2.056691531488973,2.056691531488973,1,1.0
31,3,11,Direct,0.06594899220995566,0.06594899220995566,1,1.0
31,4,3,Direct,0.020364208580928373,0.020364208580928373,1,1.0
31,4,6,Direct,8.543002470286563,8.543002470286563,1,1.0
31,4,12,Direct,0.2419547654770379,0.2419547654770379,1,1.0
31,8,7,Direct,2.282081678052386,2.282081678052386,1,1.0
31,10,7,Direct,0.012543956697296724,0.012543956697296724,1,1.0
31,10,12,Direct,0.8702673606866868,0.8702673606866868,1,1.0
31,11,1,Direct,0.028875359181494746,0.028875359181494746,1,1.0
31,11,13,Direct,0.008571180688014208,0.008571180688014208,1,1.0
31,12,13,Direct,0.00813974110623166,0.00813974110623166,1,1.0
31,13,3,Direct,0.008539978538143079,0.008539978538143079,1,1.0
31,13,7,Direct,0.010171451629721152,0.010171451629721152,1,1.0
31,15,12,Direct,0.5869813507269048,0.5869813507269048,1,1.0
31,16,2,Direct,0.015477060133849625,0.015477060133849625,1,1.0
31,16,10,Direct,0.024856542776410893,0.024856542776410893,1,1.0
31,16,11,Direct,0.11484331231916076,0.11484331231916076,1,1.0
31,16,14,Direct,0.01941481924442631,0.01941481924442631,1,1.0
31,17,10,Direct,27.87123182724553,27.87123182724553,1,1.0
31,18,3,Direct,0.01466066242044033,0.01466066242044033,1,1.0
31,18,5,Direct,0.03798559136768118,0.03798559136768118,1,1.0
31,19,10,Direct,0.02924157775040867,0.02924157775040867,1,1.0
31,20,1,Direct,0.020802741067613324,0.020802741067613324,1,1.0
31,20,3,Direct,0.008114104462231802,0.008114104462231802,1,1.0
31,20,6,Direct,0.02231957163004227,0.02231957163004227,1,1.0
31,20,12,Direct,256.0,256.0,1,1.0
31,21,0,Direct,0.6683947255580481,0.6683947255580481,1,1.0
31,22,0,Direct,0.010720457680517326,0.010720457680517326,1,1.0
31,22,13,Direct,0.019100884125525026,0.019100884125525026,1,1.0
31,22,15,Direct,0.01197769946898969,0.01197769946898969,1,1.0
31,23,2,Direct,0.03310114757004772,0.03310114757004772,1,1.0
32,0,15,Direct,0.010716983605308244,0.010716983605308244,1,1.0
32,2,8,Direct,0.01677161128370102,0.01677161128370102,1,1.0
32,3,1,Direct,0.014103974857815855,0.014103974857815855,1,1.0
32,4,9,Direct,2.141699719838467,2.141699719838467,1,1.0
32,6,8,Direct,0.0496060259227865,0.0496060259227865,1,1.0
32,6,10,Direct,6.834880877909789,6.834880877909789,1,1.0
32,8,0,Direct,0.01204058836043085,0.01204058836043085,1,1.0
32,8,11,Direct,0.03334178719806096,0.03334178719806096,1,1.0
32,10,10,Direct,0.030488670211713007,0.030488670211713007,1,1.0
32,10,11,Direct,2.614527133684222,2.614527133684222,1,1.0
32,11,0,Direct,25.879988030758497,25.879988030758497,1,1.0
32,11,2,Direct,0.01777135869565326,0.01777135869565326,1,1.0
32,11,12,Direct,0.12794759988769452,0.12794759988769452,1,1.0
32,13,2,Direct,0.015487947233206683,0.015487947233206683,1,1.0
32,13,10,Direct,1.0269414670843737,1.0269414670843737,1,1.0
32,13,11,Direct,6.407501199875938,6.407501199875938,1,1.0
32,14,2,Direct,0.08637030376489103,0.08637030376489103,1,1.0
32,14,8,Direct,0.011897868218786831,0.011897868218786831,1,1.0
32,14,15,Direct,0.0174385399264002,0.0174385399264002,1,1.0
32,15,1,Direct,0.581194112125756,0.581194112125756,1,1.0
32,16,1,Direct,0.06373188467410175,0.06373188467410175,1,1.0
32,16,4,Direct,0.2511102124052473,0.2511102124052473,1,1.0
32,16,15,Direct,0.010519087356155019,0.010519087356155019,1,1.0
32,18,2,Direct,0.012549629255210928,0.012549629255210928,1,1.0
32,18,8,Direct,0.009057003861521112,0.009057003861521112,1,1.0
32,18,9,Direct,0.010933997115316554,0.010933997115316554,1,1.0
32,18,15,Direct,0.007928483096119907,0.007928483096119907,1,1.0
32,19,2,Direct,0.0496278112366199,0.0496278112366199,1,1.0
32,20,11,Direct,0.05556709974822747,0.05556709974822747,1,1.0
32,20,14,Direct,0.022502482480693017,0.022502482480693017,1,1.0
32,22,7,Direct,1.2267963397074628,1.2267963397074628,1,1.0
32,22,8,Direct,0.014328764501275702,0.014328764501275702,1,1.0
32,22,11,Direct,0.07335815364324541,0.07335815364324541,1,1.0
32,22,14,Direct,139.06746812520035,139.06746812520035,1,1.0
32,23,4,Direct,0.0290619070331522,0.0290619070331522,1,1.0
33,0,11,Direct,0.02503483476161412,0.02503483476161412,1,1.0
33,1,0,Direct,0.9074442311560806,0.9074442311560806,1,1.0
33,1,4,Direct,0.032113602276790436,0.032113602276790436,1,1.0
33,2,9,Direct,2.549439376366369,2.549439376366369,1,1.0
33,3,0,Direct,0.013494827128280625,0.013494827128280625,1,1.0
33,3,2,Direct,0.015302207233205738,0.015302207233205738,1,1.0
33,3,4,Direct,0.9983749406477964,0.9983749406477964,1,1.0
33,3,15,Direct,0.1041659162673719,0.1041659162673719,1,1.0
33,5,0,Direct,0.0116204756484334,0.0116204756484334,1,1.0
33,6,0,Direct,0.017868789439984586,0.017868789439984586,1,1.0
33,6,2,Direct,0.24146337375852148,0.24146337375852148,1,1.0
33,7,2,Direct,0.014451586485377312,0.014451586485377312,1,1.0
33,7,6,Direct,0.005777280191694073,0.005777280191694073,1,1.0
33,7,11,Direct,0.0714458706656077,0.0714458706656077,1,1.0
33,8,1,Direct,0.010911898055848763,0.010911898055848763,1,1.0
33,8,5,Direct,0.9495771722914734,0.9495771722914734,1,1.0
33,8,7,Direct,0.033019114561241784,0.033019114561241784,1,1.0
33,8,15,Direct,0.062176893910049304,0.062176893910049304,1,1.0
33,9,7,Direct,0.022912430700902094,0.022912430700902094,1,1.0
33,10,2,Direct,0.16787908498967843,0.16787908498967843,1,1.0
33,10,3,Direct,0.011991836062199633,0.011991836062199633,1,1.0
33,10,6,Direct,7.888742461082097,7.888742461082097,1,1.0
33,11,4,Direct,0.08515910074242754,0.08515910074242754,1,1.0
33,11,9,Direct,0.020580629507184294,0.020580629507184294,1,1.0
33,12,2,Direct,0.01754547279802479,0.01754547279802479,1,1.0
33,12,11,Direct,0.43933484295241626,0.43933484295241626,1,1.0
33,12,15,Direct,0.09975265683822086,0.09975265683822086,1,1.0
33,13,0,Direct,0.015658590088398074,0.015658590088398074,1,1.0
33,13,1,Direct,0.01797704154500446,0.01797704154500446,1,1.0
33,13,10,Direct,8.91930931259163,8.91930931259163,1,1.0
33,14,4,Direct,1.806006273751854,1.806006273751854,1,1.0
33,14,9,Direct,0.01239902795044529,0.01239902795044529,1,1.0
33,14,11,Direct,0.03773154629135563,0.03773154629135563,1,1.0
33,15,3,Direct,0.014377017043566665,0.014377017043566665,1,1.0
33,15,10,Direct,0.02110111191256227,0.02110111191256227,1,1.0
33,15,14,Direct,0.49304423101381917,0.49304423101381917,1,1.0
33,15,15,Direct,0.012873706750761452,0.012873706750761452,1,1.0
33,17,0,Direct,0.021678950443344298,0.021678950443344298,1,1.0
33,17,4,Direct,0.022345743352567938,0.022345743352567938,1,1.0
33,18,2,Direct,0.011334239926278451,0.011334239926278451,1,1.0
33,18,9,Direct,0.007296278055030739,0.007296278055030739,1,1.0
33,18,15,Direct,0.8834974031518885,0.8834974031518885,1,1.0
33,19,4,Direct,0.061979072994016456,0.061979072994016456,1,1.0
33,19,7,Direct,0.020071044929796642,0.020071044929796642,1,1.0
33,19,11,Direct,0.02374250403742078,0.02374250403742078,1,1.0
33,19,14,Direct,0.037293217574696905,0.037293217574696905,1,1.0
33,19,15,Direct,0.07128116930592851,0.07128116930592851,1,1.0
33,20,11,Direct,0.03787208278794623,0.03787208278794623,1,1.0
33,21,6,Direct,4.769996037183292,4.769996037183292,1,1.0
33,23,1,Direct,0.009619954455350264,0.009619954455350264,1,1.0
33,23,2,Direct,0.04271918555040139,0.04271918555040139,1,1.0
33,23,11,Direct,0.2016746836329028,0.2016746836329028,1,1.0
34,1,11,Direct,31.375560447594964,31.375560447594964,1,1.0
34,5,3,Direct,0.02323909798669697,0.02323909798669697,1,1.0
34,6,1,Direct,0.008836923490181009,0.008836923490181009,1,1.0
34,6,3,Direct,0.009240365952850299,0.009240365952850299,1,1.0
34,6,9,Direct,2.9991209623565753,2.9991209623565753,1,1.0
34,6,12,Direct,47.59558997473087,47.59558997473087,1,1.0
34,6,14,Direct,0.030794248112631567,0.030794248112631567,1,1.0
34,7,1,Direct,0.02665731667773165,0.02665731667773165,1,1.0
34,8,11,Direct,171.54632967206274,171.54632967206274,1,1.0
34,9,0,Direct,0.01734362076643086,0.01734362076643086,1,1.0
34,13,0,Direct,0.016234665612866923,0.016234665612866923,1,1.0
34,14,14,Direct,0.03074680791885998,0.03074680791885998,1,1.0
34,18,1,Direct,0.020657665697938424,0.020657665697938424,1,1.0
34,20,15,Direct,0.010193571621778818,0.010193571621778818,1,1.0
34,22,3,Direct,0.010342858343456976,0.010342858343456976,1,1.0
34,23,9,Direct,0.21471182449361806,0.21471182449361806,1,1.0
34,23,11,Direct,1.739422255182721,1.739422255182721,1,1.0
35,0,7,Direct,0.028564477635286755,0.028564477635286755,1,1.0
35,0,10,Direct,0.046361250302276315,0.046361250302276315,1,1.0
35,0,11,Direct,0.047720707849288634,0.047720707849288634,1,1.0
35,1,7,Direct,7.129647683281334,7.129647683281334,1,1.0
35,2,0,Direct,0.03491122080242111,0.03491122080242111,1,1.0
35,2,2,Direct,0.9839686378750182,0.9839686378750182,1,1.0
35,2,4,Direct,1.7457221331481225,1.7457221331481225,1,1.0
35,2,9,Direct,0.007260006755916214,0.007260006755916214,1,1.0
35,2,11,Direct,0.03545324581128511,0.03545324581128511,1,1.0
35,4,10,Direct,14.712561337797963,14.712561337797963,1,1.0
35,5,11,Direct,0.03305609862854958,0.03305609862854958,1,1.0
35,5,14,Direct,50.59418538389055,50.59418538389055,1,1.0
35,6,2,Direct,0.014839558928119058,0.014839558928119058,1,1.0
35,7,4,Direct,14.9580551549715,14.9580551549715,1,1.0
35,8,2,Direct,0.014951735735775984,0.014951735735775984,1,1.0
35,8,15,Direct,0.01098273685314975,0.01098273685314975,1,1.0
35,9,3,Direct,0.009847209740704254,0.009847209740704254,1,1.0
35,10,2,Direct,0.009783862209160707,0.009783862209160707,1,1.0
35,10,4,Direct,0.034997508797747434,0.034997508797747434,1,1.0
35,10,7,Direct,0.05526914226197996,0.05526914226197996,1,1.0
35,11,3,Direct,0.015034004439966166,0.015034004439966166,1,1.0
35,11,9,Direct,0.047295772831918534,0.047295772831918534,1,1.0
35,11,10,Direct,0.0422075733208758,0.0422075733208758,1,1.0
35,12,0,Direct,0.01189681062527448,0.01189681062527448,1,1.0
35,12,4,Direct,2.654241013427499,2.654241013427499,1,1.0
35,12,7,Direct,0.051156100369148146,0.051156100369148146,1,1.0
35,12,11,Direct,0.0506875809723817,0.0506875809723817,1,1.0
35,14,4,Direct,0.16172241199152934,0.16172241199152934,1,1.0
35,14,7,Direct,2.569008620380064,2.569008620380064,1,1.0
35,14,11,Direct,0.17787763140691135,0.17787763140691135,1,1.0
35,15,3,Direct,0.016653010755598933,0.016653010755598933,1,1.0
35,17,0,Direct,0.02461395473740686,0.02461395473740686,1,1.0
35,17,2,Direct,1.2409767294089988,1.2409767294089988,1,1.0
35,18,1,Direct,0.46704899375591974,0.46704899375591974,1,1.0
35,18,4,Direct,0.06409362684655395,0.06409362684655395,1,1.0
35,19,0,Direct,0.025949449073548497,0.025949449073548497,1,1.0
35,19,1,Direct,0.43968455592961503,0.43968455592961503,1,1.0
35,19,9,Direct,0.005477259023598665,0.005477259023598665,1,1.0
35,19,11,Direct,0.09481867985133723,0.09481867985133723,1,1.0
35,19,15,Direct,18.189838022303718,18.189838022303718,1,1.0
35,21,14,Direct,0.039524135527862415,0.039524135527862415,1,1.0
35,21,15,Direct,0.066459954372802,0.066459954372802,1,1.0
35,22,4,Direct,0.2085001812699557,0.2085001812699557,1,1.0
35,22,11,Direct,11.243981277312363,11.243981277312363,1,1.0
35,23,12,Direct,9.290998113409827,9.290998113409827,1,1.0
36,1,14,Direct,0.015490528873037828,0.015490528873037828,1,1.0
36,2,7,Direct,0.06930398686841549,0.06930398686841549,1,1.0
36,3,3,Direct,0.8664309070558571,0.8664309070558571,1,1.0
36,4,13,Direct,0.07342160074227666,0.07342160074227666,1,1.0
36,5,2,Direct,0.27272974403727746,0.27272974403727746,1,1.0
36,5,5,Direct,0.01859969295190503,0.01859969295190503,1,1.0
36,5,11,Direct,0.125398416351414,0.125398416351414,1,1.0
36,6,0,Direct,0.057340464388880144,0.057340464388880144,1,1.0
36,6,8,Direct,0.009922307377668044,0.009922307377668044,1,1.0
36,7,6,Direct,1.79684249152194,1.79684249152194,1,1.0
36,7,9,Direct,1.4805065349926796,1.4805065349926796,1,1.0
36,8,4,Direct,0.023751173444924317,0.023751173444924317,1,1.0
36,8,5,Direct,0.018734318069596242,0.018734318069596242,1,1.0
36,9,10,Direct,0.02227801936306513,0.02227801936306513,1,1.0
36,9,13,Direct,9.44735616448886,9.44735616448886,1,1.0
36,10,14,Direct,0.12189009080159119,0.12189009080159119,1,1.0
36,11,4,Direct,0.04741118045866587,0.04741118045866587,1,1.0
36,11,5,Direct,0.022637048906311127,0.022637048906311127,1,1.0
36,11,8,Direct,0.36816757071448974,0.36816757071448974,1,1.0
36,12,6,Direct,0.012095381365260578,0.012095381365260578,1,1.0
36,12,7,Direct,0.03580579380688062,0.03580579380688062,1,1.0
36,12,11,Direct,0.052216079064820085,0.052216079064820085,1,1.0
36,14,8,Direct,0.013386735709455042,0.013386735709455042,1,1.0
36,14,9,Direct,0.02232241644469091,0.02232241644469091,1,1.0
36,15,0,Direct,0.02866839893536884,0.02866839893536884,1,1.0
36,15,5,Direct,0.06626120075763521,0.06626120075763521,1,1.0
36,15,6,Direct,51.73880805047877,51.73880805047877,1,1.0
36,16,6,Direct,0.26979840641575564,0.26979840641575564,1,1.0
36,17,2,Direct,9.72823645563352,9.72823645563352,1,1.0
36,17,15,Direct,0.5542986338656748,0.5542986338656748,1,1.0
36,18,4,Direct,13.997088906303267,13.997088906303267,1,1.0
36,18,8,Direct,0.06614551737249831,0.06614551737249831,1,1.0
36,19,4,Direct,0.18897515072277507,0.18897515072277507,1,1.0
36,20,3,Direct,0.060026874268697954,0.060026874268697954,1,1.0
36,21,0,Direct,0.021193583869665262,0.021193583869665262,1,1.0
36,21,2,Direct,0.014814576182680941,0.014814576182680941,1,1.0
36,21,6,Direct,0.19658250004371183,0.19658250004371183,1,1.0
36,21,10,Direct,0.057687952482499645,0.057687952482499645,1,1.0
36,22,6,Direct,0.007118894349801985,0.007118894349801985,1,1.0
36,23,0,Direct,0.008485037782303317,0.008485037782303317,1,1.0
36,23,4,Direct,10.802710565941622,10.802710565941622,1,1.0
36,23,8,Direct,0.01638181096929346,0.01638181096929346,1,1.0
36,23,13,Direct,0.01943572614384396,0.01943572614384396,1,1.0
37,0,1,Direct,0.012615522242659816,0.012615522242659816,1,1.0
37,0,7,Direct,0.019436788268253194,0.019436788268253194,1,1.0
37,1,9,Direct,6.5163244879903095,6.5163244879903095,1,1.0
37,2,12,Direct,0.0816418325563052,0.0816418325563052,1,1.0
37,7,15,Direct,17.614697924578948,17.614697924578948,1,1.0
37,8,9,Direct,0.014384952969798493,0.014384952969798493,1,1.0
37,8,12,Direct,0.09327858829599057,0.09327858829599057,1,1.0
37,11,14,Direct,0.10583016631301828,0.10583016631301828,1,1.0
37,12,12,Direct,2.3869524904237087,2.3869524904237087,1,1.0
37,13,1,Direct,0.024971004512206917,0.024971004512206917,1,1.0
37,13,5,Direct,0.02244590194275887,0.02244590194275887,1,1.0
37,15,8,Direct,0.4300561037321938,0.4300561037321938,1,1.0
37,15,9,Direct,0.013847042538376092,0.013847042538376092,1,1.0
37,16,8,Direct,0.010955569906691854,0.010955569906691854,1,1.0
37,16,9,Direct,0.0320445403157707,0.0320445403157707,1,1.0
37,16,14,Direct,0.291732498972874,0.291732498972874,1,1.0
37,17,1,Direct,0.357493922420602,0.357493922420602,1,1.0
37,17,3,Direct,0.007981769324417867,0.007981769324417867,1,1.0
37,17,9,Direct,0.06656104823941425,0.06656104823941425,1,1.0
37,19,14,Direct,71.52717678069733,71.52717678069733,1,1.0
37,20,1,Direct,0.02057765188934973,0.02057765188934973,1,1.0
37,20,5,Direct,1.7382806699494342,1.7382806699494342,1,1.0
37,21,3,Direct,1.3085898170223509,1.3085898170223509,1,1.0
37,21,5,Direct,96.0158427365762,96.0158427365762,1,1.0
37,21,9,Direct,33.981107564412405,33.981107564412405,1,1.0
37,22,1,Direct,0.22931447082029874,0.22931447082029874,1,1.0
37,22,3,Direct,0.028890098219863877,0.028890098219863877,1,1.0
37,22,7,Direct,0.029126804022274376,0.029126804022274376,1,1.0
37,22,9,Direct,0.010794778469586748,0.010794778469586748,1,1.0
38,1,7,Direct,7.959699187560594,7.959699187560594,1,1.0
38,1,10,Direct,1.7861008505178133,1.7861008505178133,1,1.0
38,5,10,Direct,0.0753193303755072,0.0753193303755072,1,1.0
38,7,14,Direct,0.15679327804797696,0.15679327804797696,1,1.0
38,8,4,Direct,0.16753008878700987,0.16753008878700987,1,1.0
38,8,7,Direct,0.7590652981541751,0.7590652981541751,1,1.0
38,8,14,Direct,0.011315546374894375,0.011315546374894375,1,1.0
38,10,13,Direct,0.021122946763345325,0.021122946763345325,1,1.0
38,10,14,Direct,11.197516598838444,11.197516598838444,1,1.0
38,11,5,Direct,0.9681175527437529,0.9681175527437529,1,1.0
38,11,7,Direct,10.45604649314233,10.45604649314233,1,1.0
38,13,7,Direct,0.26826634865027493,0.26826634865027493,1,1.0
38,13,11,Direct,0.056486950958463455,0.056486950958463455,1,1.0
38,13,12,Direct,4.303825283463117,4.303825283463117,1,1.0
38,13,13,Direct,2.516385589719188,2.516385589719188,1,1.0
38,13,14,Direct,25.130785040673548,25.130785040673548,1,1.0
38,14,5,Direct,17.25904596578194,17.25904596578194,1,1.0
38,15,4,Direct,0.020560901205060895,0.020560901205060895,1,1.0
38,15,12,Direct,0.7893283906949393,0.7893283906949393,1,1.0
38,15,13,Direct,0.006780530558519436,0.006780530558519436,1,1.0
38,15,14,Direct,2.307826940502841,2.307826940502841,1,1.0
38,16,11,Direct,0.08894481928725491,0.08894481928725491,1,1.0
38,17,4,Direct,0.2346971512924071,0.2346971512924071,1,1.0
38,17,10,Direct,17.697934803573606,17.697934803573606,1,1.0
38,19,12,Direct,0.06313272600992917,0.06313272600992917,1,1.0
38,21,5,Direct,6.706113949061426,6.706113949061426,1,1.0
38,21,12,Direct,0.11976031192318613,0.11976031192318613,1,1.0
38,22,11,Direct,0.09132174763253845,0.09132174763253845,1,1.0
38,23,11,Direct,0.4615807918695592,0.4615807918695592,1,1.0
38,23,14,Direct,2.8194194336338394,2.8194194336338394,1,1.0
39,0,3,Direct,0.008768081452735403,0.008768081452735403,1,1.0
39,0,9,Direct,6.161966725181865,6.161966725181865,1,1.0
39,0,15,Direct,51.96672651417619,51.96672651417619,1,1.0
39,1,15,Direct,7.129277902915302,7.129277902915302,1,1.0
39,2,7,Direct,0.0986029033601645,0.0986029033601645,1,1.0
39,2,12,ViaRelay,50.36466535219689,50.36466535219689,1,1.0
39,3,7,Direct,26.000002559534657,26.000002559534657,1,1.0
39,3,14,Direct,0.027332396557211917,0.027332396557211917,1,1.0
39,4,4,Direct,72.89886025286837,72.89886025286837,1,1.0
39,4,9,Direct,0.23320960271044008,0.23320960271044008,1,1.0
39,5,1,Direct,0.02458343530512704,0.02458343530512704,1,1.0
39,5,7,Direct,4.693280976268665,4.693280976268665,1,1.0
39,5,12,Direct,0.11523543663362953,0.11523543663362953,1,1.0
39,7,4,Direct,256.0,256.0,1,1.0
39,8,8,Direct,1.3874396989623696,1.3874396989623696,1,1.0
39,8,12,ViaRelay,12.61073418747907,12.61073418747907,1,1.0
39,9,4,Direct,1.449580738111748,1.449580738111748,1,1.0
39,9,12,ViaRelay,20.13249452880383,20.13249452880383,1,1.0
39,10,1,Direct,0.03376240909142471,0.03376240909142471,1,1.0
39,10,15,Direct,0.24377866879221696,0.24377866879221696,1,1.0
39,11,6,Direct,27.599273466283357,27.599273466283357,1,1.0
39,11,7,Direct,0.009759763094817783,0.009759763094817783,1,1.0
39,11,8,Direct,0.023592060091418558,0.023592060091418558,1,1.0
39,11,10,Direct,146.65871817094563,146.65871817094563,1,1.0
39,12,1,Direct,0.0144177431037413,0.0144177431037413,1,1.0
39,13,10,Direct,2.6718771226341773,2.6718771226341773,1,1.0
39,13,15,Direct,2.447094553859339,2.447094553859339,1,1.0
39,14,1,Direct,0.025522113865467058,0.025522113865467058,1,1.0
39,14,12,ViaRelay,19.950095339330133,19.950095339330133,1,1.0
39,14,14,Direct,0.04235428013491239,0.04235428013491239,1,1.0
39,14,15,Direct,0.018541962367835833,0.018541962367835833,1,1.0
39,15,9,Direct,2.627200852464499,2.627200852464499,1,1.0
39,15,10,Direct,5.95770156550562,5.95770156550562,1,1.0
39,15,14,Direct,0.15814524925478943,0.15814524925478943,1,1.0
39,17,14,Direct,0.0398064928717308,0.0398064928717308,1,1.0
39,18,8,Direct,0.5230778317134609,0.5230778317134609,1,1.0
39,18,10,Direct,0.04074441793873244,0.04074441793873244,1,1.0
39,18,15,Direct,1.8587829859639526,1.8587829859639526,1,1.0
39,19,6,Direct,0.06515309739602687,0.06515309739602687,1,1.0
39,20,14,Direct,0.06019717847674532,0.06019717847674532,1,1.0
39,21,1,Direct,0.020419416381832943,0.020419416381832943,1,1.0
39,22,1,Direct,0.015149347494077208,0.015149347494077208,1,1.0
39,22,14,ViaRelay,7.037909002251643,7.037909002251643,1,1.0
40,0,5,Direct,0.04899342588041197,0.04899342588041197,1,1.0
40,1,0,Direct,0.008190652725603735,0.008190652725603735,1,1.0
40,2,3,Direct,0.2676868311342417,0.2676868311342417,1,1.0
40,2,15,Direct,0.6796472344821347,0.6796472344821347,1,1.0
40,3,3,Direct,0.010565528202608001,0.010565528202608001,1,1.0
40,3,4,Direct,0.06858555612514625,0.06858555612514625,1,1.0
40,3,15,Direct,0.021550933309767574,0.021550933309767574,1,1.0
40,4,11,Direct,256.0,256.0,1,1.0
40,6,8,Direct,0.23328491172449814,0.23328491172449814,1,1.0
40,7,5,Direct,0.14027963157319887,0.14027963157319887,1,1.0
40,10,11,Direct,0.3860482845277608,0.3860482845277608,1,1.0
40,11,4,Direct,0.29590107113742947,0.29590107113742947,1,1.0
40,12,1,Direct,0.08738304922910867,0.08738304922910867,1,1.0
40,12,8,Direct,19.700305357133246,19.700305357133246,1,1.0
40,12,9,Direct,0.019500913325036555,0.019500913325036555,1,1.0
40,12,10,Direct,0.2952202527761645,0.2952202527761645,1,1.0
40,13,1,Direct,0.01301038111502648,0.01301038111502648,1,1.0
40,13,3,Direct,0.013538561936128523,0.013538561936128523,1,1.0
40,14,4,Direct,0.026744172915711108,0.026744172915711108,1,1.0
40,14,5,Direct,16.512124015642627,16.512124015642627,1,1.0
40,14,9,Direct,1.1245440118591807,1.1245440118591807,1,1.0
40,15,4,Direct,49.73298206232026,49.73298206232026,1,1.0
40,16,5,Direct,0.024379443366798266,0.024379443366798266,1,1.0
40,16,11,Direct,0.1896546902095681,0.1896546902095681,1,1.0
40,17,15,Direct,0.18762692928188218,0.18762692928188218,1,1.0
40,18,5,Direct,0.04410266592558193,0.04410266592558193,1,1.0
40,18,8,Direct,3.4434936404933856,3.4434936404933856,1,1.0
40,20,0,Direct,1.8765401058302835,1.8765401058302835,1,1.0
40,20,1,Direct,0.013441066367840818,0.013441066367840818,1,1.0
40,20,4,Direct,0.07090911480825397,0.07090911480825397,1,1.0
40,21,4,Direct,0.26983868501713604,0.26983868501713604,1,1.0
40,21,9,Direct,0.009740207568802199,0.009740207568802199,1,1.0
40,22,3,Direct,0.015541683626523197,0.015541683626523197,1,1.0
40,23,8,Direct,0.026224961048075042,0.026224961048075042,1,1.0
41,0,1,Direct,1.4714898811580626,1.4714898811580626,1,1.0
41,0,11,Direct,190.00282091100755,190.00282091100755,1,1.0
41,1,1,Direct,21.422418379077126,21.422418379077126,1,1.0
41,1,8,Direct,24.83251021676699,24.83251021676699,1,1.0
41,2,8,Direct,0.0775823241931726,0.0775823241931726,1,1.0
41,2,10,Direct,0.06863091451971669,0.06863091451971669,1,1.0
41,3,8,Direct,0.03025979625736809,0.03025979625736809,1,1.0
41,3,10,Direct,256.0,256.0,1,1.0
41,3,12,Direct,29.737452272196354,29.737452272196354,1,1.0
41,4,12,Direct,256.0,256.0,1,1.0
41,5,4,Direct,0.6428444828853296,0.6428444828853296,1,1.0
41,5,10,Direct,37.62788349516015,37.62788349516015,1,1.0
41,6,12,Direct,2.5993104752694545,2.5993104752694545,1,1.0
41,7,3,Direct,0.31290992003401097,0.31290992003401097,1,1.0
41,7,12,Direct,0.15545025925876665,0.15545025925876665,1,1.0
41,7,15,Direct,3.0506080102069264,3.0506080102069264,1,1.0
41,8,3,Direct,0.05299803091720935,0.05299803091720935,1,1.0
41,8,9,Direct,0.2795340708571112,0.2795340708571112,1,1.0
41,8,12,Direct,0.23881905888403593,0.23881905888403593,1,1.0
41,9,3,Direct,0.030724485073013452,0.030724485073013452,1,1.0
41,9,14,Direct,0.20066474703898565,0.20066474703898565,1,1.0
41,9,15,Direct,2.8627828817136205,2.8627828817136205,1,1.0
41,12,13,Direct,13.373903217332536,13.373903217332536,1,1.0
41,13,8,Direct,5.958200352613414,5.958200352613414,1,1.0
41,13,15,Direct,0.01908773430480826,0.01908773430480826,1,1.0
41,14,9,Direct,1.076316357412398,1.076316357412398,1,1.0
41,14,12,Direct,1.0085725693131182,1.0085725693131182,1,1.0
41,15,1,Direct,4.668891612091213,4.668891612091213,1,1.0
41,15,10,Direct,0.05464712343279725,0.05464712343279725,1,1.0
41,16,3,Direct,4.427447752741578,4.427447752741578,1,1.0
41,17,7,Direct,0.04577911002810082,0.04577911002810082,1,1.0
41,17,10,Direct,0.0706525835880067,0.0706525835880067,1,1.0
41,18,4,Direct,0.05534395238539025,0.05534395238539025,1,1.0
41,19,3,Direct,2.341935644365737,2.341935644365737,1,1.0
41,19,8,Direct,0.41856759539535165,0.41856759539535165,1,1.0
41,19,12,Direct,0.32954469881250725,0.32954469881250725,1,1.0
41,21,3,Direct,0.04932569970041367,0.04932569970041367,1,1.0
41,21,7,Direct,0.01790486882443034,0.01790486882443034,1,1.0
41,21,8,Direct,0.3715591474375114,0.3715591474375114,1,1.0
41,22,8,Direct,1.45237931874145,1.45237931874145,1,1.0
41,23,4,Direct,0.026777855158961642,0.026777855158961642,1,1.0
41,23,7,Direct,14.058924108779863,14.058924108779863,1,1.0
42,0,4,Direct,0.03479214566997619,0.03479214566997619,1,1.0
42,0,5,Direct,0.048333470980523825,0.048333470980523825,1,1.0
42,0,8,Direct,0.02645953776583963,0.02645953776583963,1,1.0
42,1,11,Direct,0.1245632601391346,0.1245632601391346,1,1.0
42,1,13,Direct,0.010149473967229568,0.010149473967229568,1,1.0
42,2,2,Direct,2.990474838820208,2.990474838820208,1,1.0
42,3,2,Direct,2.4536916030046125,2.4536916030046125,1,1.0
42,4,0,Direct,13.588039624026997,13.588039624026997,1,1.0
42,4,2,Direct,0.027676281780401966,0.027676281780401966,1,1.0
42,4,11,Direct,0.07302152563178028,0.07302152563178028,1,1.0
42,5,5,Direct,27.13827404208687,27.13827404208687,1,1.0
42,6,4,Direct,0.09593560725382175,0.09593560725382175,1,1.0
42,6,12,Direct,0.12164049798701043,0.12164049798701043,1,1.0
42,6,14,Direct,0.09032167496351312,0.09032167496351312,1,1.0
42,7,8,Direct,0.07203897714040595,0.07203897714040595,1,1.0
42,8,9,Direct,5.034153683059553,5.034153683059553,1,1.0
42,9,10,Direct,36.06511803049809,36.06511803049809,1,1.0
42,10,1,Direct,0.018091834925398256,0.018091834925398256,1,1.0
42,10,11,Direct,0.35929379705727277,0.35929379705727277,1,1.0
42,11,4,Direct,0.028026511364497873,0.028026511364497873,1,1.0
42,11,12,Direct,256.0,256.0,1,1.0
42,11,13,Direct,6.787853210633503,6.787853210633503,1,1.0
42,12,0,Direct,0.03462616169699263,0.03462616169699263,1,1.0
42,12,9,Direct,0.046570820630935005,0.046570820630935005,1,1.0
42,12,11,Direct,5.4983286921233905,5.4983286921233905,1,1.0
42,12,15,Direct,0.01208282836381134,0.01208282836381134,1,1.0
42,13,6,Direct,3.3677512174623723,3.3677512174623723,1,1.0
42,13,9,Direct,0.672672560991207,0.672672560991207,1,1.0
42,14,0,Direct,12.961152053432325,12.961152053432325,1,1.0
42,14,10,Direct,184.9163092981791,184.9163092981791,1,1.0
42,15,1,Direct,0.019843601262168498,0.019843601262168498,1,1.0
42,15,8,Direct,44.26436824704438,44.26436824704438,1,1.0
42,15,9,Direct,7.833585323196668,7.833585323196668,1,1.0
42,15,15,Direct,0.0838226690394262,0.0838226690394262,1,1.0
42,16,10,Direct,45.495260701130356,45.495260701130356,1,1.0
42,16,11,Direct,0.18637286045278745,0.18637286045278745,1,1.0
42,16,12,Direct,169.18586905370827,169.18586905370827,1,1.0
42,17,6,Direct,0.03449462324220606,0.03449462324220606,1,1.0
42,19,5,Direct,51.28633284777071,51.28633284777071,1,1.0
42,21,1,Direct,0.008630645787611902,0.008630645787611902,1,1.0
42,21,12,Direct,5.227160421866717,5.227160421866717,1,1.0
42,21,15,Direct,0.06962110796323827,0.06962110796323827,1,1.0
42,22,5,Direct,32.42198079667904,32.42198079667904,1,1.0
42,22,14,Direct,0.3338902146978636,0.3338902146978636,1,1.0
42,23,6,Direct,0.012529421273152758,0.012529421273152758,1,1.0
42,23,9,Direct,0.26137028419892006,0.26137028419892006,1,1.0
43,1,0,Direct,0.01785607043246543,0.01785607043246543,1,1.0
43,1,8,Direct,0.03826927233203913,0.03826927233203913,1,1.0
43,1,9,Direct,0.010045504879920841,0.010045504879920841,1,1.0
43,1,10,Direct,21.6192747421542,21.6192747421542,1,1.0
43,1,13,Direct,11.895337483763878,11.895337483763878,1,1.0
43,2,0,Direct,0.024870386768890283,0.024870386768890283,1,1.0
43,2,1,Direct,0.020988334129060728,0.020988334129060728,1,1.0
43,2,4,Direct,0.09775686505084867,0.09775686505084867,1,1.0
43,2,9,Direct,1.4453144256724852,1.4453144256724852,1,1.0
43,2,11,Direct,1.4081510042818766,1.4081510042818766,1,1.0
43,2,13,Direct,0.044290788495082556,0.044290788495082556,1,1.0
43,2,15,Direct,0.017684040515017315,0.017684040515017315,1,1.0
43,3,8,Direct,0.08092527949937553,0.08092527949937553,1,1.0
43,3,11,Direct,0.0879167281652095,0.0879167281652095,1,1.0
43,3,14,Direct,0.3889317296648809,0.3889317296648809,1,1.0
43,4,0,Direct,0.34356333725942284,0.34356333725942284,1,1.0
43,4,10,Direct,1.189850419732474,1.189850419732474,1,1.0
43,6,1,Direct,0.023415246128095254,0.023415246128095254,1,1.0
43,6,11,Direct,3.284495271976222,3.284495271976222,1,1.0
43,6,13,Direct,0.03011052791749231,0.03011052791749231,1,1.0
43,7,9,Direct,0.030719674572920738,0.030719674572920738,1,1.0
43,7,11,Direct,78.24551740070325,78.24551740070325,1,1.0
43,7,13,Direct,5.385037140537911,5.385037140537911,1,1.0
43,9,15,Direct,4.2245083488427095,4.2245083488427095,1,1.0
43,10,3,Direct,5.853383417250368,5.853383417250368,1,1.0
43,10,6,Direct,6.992859641661055,6.992859641661055,1,1.0
43,11,4,Direct,1.1167511443624092,1.1167511443624092,1,1.0
43,12,1,Direct,2.4813668405951033,2.4813668405951033,1,1.0
43,12,15,Direct,0.9727959058965219,0.9727959058965219,1,1.0
43,13,9,Direct,0.06553091761085568,0.06553091761085568,1,1.0
43,14,6,Direct,0.019959379390985667,0.019959379390985667,1,1.0
43,14,12,Direct,2.0820195898689806,2.0820195898689806,1,1.0
43,15,11,Direct,2.4355329031222728,2.4355329031222728,1,1.0
43,15,12,Direct,0.13168570956869596,0.13168570956869596,1,1.0
43,16,10,Direct,55.13320253940706,55.13320253940706,1,1.0
43,16,12,Direct,126.38010424253545,126.38010424253545,1,1.0
43,16,14,Direct,1.4092316239298526,1.4092316239298526,1,1.0
43,18,11,Direct,125.70718439761264,125.70718439761264,1,1.0
43,19,4,Direct,70.3203163022742,70.3203163022742,1,1.0
43,19,6,Direct,0.022483818924007755,0.022483818924007755,1,1.0
43,19,9,Direct,1.9470295256018397,1.9470295256018397,1,1.0
43,19,14,Direct,0.48349209062423754,0.48349209062423754,1,1.0
43,20,7,Direct,0.02252708326234885,0.02252708326234885,1,1.0
43,20,14,Direct,0.06244115691968495,0.06244115691968495,1,1.0
43,22,7,Direct,3.4732673760829242,3.4732673760829242,1,1.0
43,22,15,Direct,0.05415949492654215,0.05415949492654215,1,1.0
43,23,4,Direct,0.6087751092279975,0.6087751092279975,1,1.0
43,23,15,Direct,14.999521188217537,14.999521188217537,1,1.0
44,0,13,Direct,1.124235067976489,1.124235067976489,1,1.0
44,0,14,Direct,0.11412001579691441,0.11412001579691441,1,1.0
44,0,15,Direct,0.097124487785231,0.097124487785231,1,1.0
44,1,10,Direct,0.3160187405100197,0.3160187405100197,1,1.0
44,1,15,Direct,0.09204751892344759,0.09204751892344759,1,1.0
44,2,4,Direct,0.0781197631102008,0.0781197631102008,1,1.0
44,3,1,Direct,2.3251977669348705,2.3251977669348705,1,1.0
44,3,4,Direct,13.176768296439745,13.176768296439745,1,1.0
44,4,9,Direct,4.84084312540465,4.84084312540465,1,1.0
44,4,10,Direct,0.05422365497025824,0.05422365497025824,1,1.0
44,6,9,Direct,18.724396191140706,18.724396191140706,1,1.0
44,8,13,Direct,0.011291721331548269,0.011291721331548269,1,1.0
44,9,14,Direct,1.5127985080857025,1.5127985080857025,1,1.0
44,10,14,Direct,3.834771705509612,3.834771705509612,1,1.0
44,11,0,Direct,0.12034615121800485,0.12034615121800485,1,1.0
44,11,12,Direct,0.28956039510119436,0.28956039510119436,1,1.0
44,12,1,Direct,4.639428301252911,4.639428301252911,1,1.0
44,13,4,Direct,2.2194212769593573,2.2194212769593573,1,1.0
44,13,6,Direct,0.0297786108398011,0.0297786108398011,1,1.0
44,13,13,Direct,12.137831144261199,12.137831144261199,1,1.0
44,14,10,Direct,16.650770948799337,16.650770948799337,1,1.0
44,15,1,Direct,58.09890827672189,58.09890827672189,1,1.0
44,15,4,Direct,0.10862372019180172,0.10862372019180172,1,1.0
44,15,15,Direct,0.03542551777815148,0.03542551777815148,1,1.0
44,16,2,Direct,4.379874091606841,4.379874091606841,1,1.0
44,16,9,Direct,0.011862245381065247,0.011862245381065247,1,1.0
44,16,10,Direct,25.493573754927418,25.493573754927418,1,1.0
44,17,3,Direct,0.018034424397883497,0.018034424397883497,1,1.0
44,17,12,Direct,256.0,256.0,1,1.0
44,17,13,Direct,6.268648132631564,6.268648132631564,1,1.0
44,18,5,Direct,0.0671945966567687,0.0671945966567687,1,1.0
44,18,14,Direct,0.2957498078283254,0.2957498078283254,1,1.0
44,19,4,Direct,8.822350749830932,8.822350749830932,1,1.0
44,19,15,Direct,4.6905272843310195,4.6905272843310195,1,1.0
44,20,3,Direct,0.010624220592268361,0.010624220592268361,1,1.0
44,20,4,Direct,0.6281098989344511,0.6281098989344511,1,1.0
44,20,13,Direct,0.015264207634703476,0.015264207634703476,1,1.0
44,21,0,Direct,0.03383538220267774,0.03383538220267774,1,1.0
44,21,2,Direct,14.521383262404418,14.521383262404418,1,1.0
44,22,3,Direct,0.03896156432021323,0.03896156432021323,1,1.0
44,23,5,Direct,0.7774426031149991,0.7774426031149991,1,1.0
44,23,6,Direct,0.041573083842997405,0.041573083842997405,1,1.0
45,0,5,Direct,0.024429961842751594,0.024429961842751594,1,1.0
45,0,9,Direct,0.0107158239455755,0.0107158239455755,1,1.0
45,0,14,Direct,55.16411676964439,55.16411676964439,1,1.0
45,1,2,Direct,0.40013716776664193,0.40013716776664193,1,1.0
45,1,5,Direct,0.03426256604344708,0.03426256604344708,1,1.0
45,1,7,Direct,7.718293683782471,7.718293683782471,1,1.0
45,1,8,Direct,0.029748795545790997,0.029748795545790997,1,1.0
45,3,3,Direct,1.481415895733762,1.481415895733762,1,1.0
45,3,8,Direct,0.018266447140790756,0.018266447140790756,1,1.0
45,4,8,Direct,0.00904165267428357,0.00904165267428357,1,1.0
45,5,12,Direct,0.5356479504642071,0.5356479504642071,1,1.0
45,6,3,Direct,3.288298673694745,3.288298673694745,1,1.0
45,6,8,Direct,2.574197601639308,2.574197601639308,1,1.0
45,6,9,Direct,4.108266996004097,4.108266996004097,1,1.0
45,7,7,Direct,0.10643965148223596,0.10643965148223596,1,1.0
45,7,9,Direct,0.08695423774872985,0.08695423774872985,1,1.0
45,8,7,Direct,0.03748074403565801,0.03748074403565801,1,1.0
45,8,12,Direct,256.0,256.0,1,1.0
45,9,3,Direct,11.112531266996534,11.112531266996534,1,1.0
45,9,8,Direct,38.547388335175164,38.547388335175164,1,1.0
45,9,14,Direct,0.08340741122811152,0.08340741122811152,1,1.0
45,10,5,Direct,12.45221717849482,12.45221717849482,1,1.0
45,12,7,Direct,1.7906001967447296,1.7906001967447296,1,1.0
45,13,6,Direct,14.944681287928722,14.944681287928722,1,1.0
45,15,3,Direct,0.18927856045190367,0.18927856045190367,1,1.0
45,15,9,Direct,0.026576794936388176,0.026576794936388176,1,1.0
45,16,6,Direct,0.13125699948515573,0.13125699948515573,1,1.0
45,18,2,Direct,0.05070892480423151,0.05070892480423151,1,1.0
45,18,3,Direct,0.012599169982881459,0.012599169982881459,1,1.0
45,18,5,Direct,0.31041075141982966,0.31041075141982966,1,1.0
45,19,9,Direct,0.027526261366859726,0.027526261366859726,1,1.0
45,21,3,Direct,0.3841466124305122,0.3841466124305122,1,1.0
45,21,8,Direct,0.3282934454088295,0.3282934454088295,1,1.0
45,22,5,Direct,0.2766527918647414,0.2766527918647414,1,1.0
45,22,7,Direct,0.9619298759898216,0.9619298759898216,1,1.0
45,23,5,Direct,1.0859181033909888,1.0859181033909888,1,1.0
45,23,8,Direct,13.21692925964881,13.21692925964881,1,1.0
46,0,4,Direct,0.03370472200067821,0.03370472200067821,1,1.0
46,0,9,Direct,0.05609609380880417,0.05609609380880417,1,1.0
46,1,9,Direct,0.012952752156753582,0.012952752156753582,1,1.0
46,2,5,Direct,0.04100346539822781,0.04100346539822781,1,1.0
46,2,13,Direct,0.01761190669552993,0.01761190669552993,1,1.0
46,4,6,Direct,26.09402914557249,26.09402914557249,1,1.0
46,4,10,Direct,0.06804422890149739,0.06804422890149739,1,1.0
46,4,15,Direct,0.15143219113975387,0.15143219113975387,1,1.0
46,5,10,Direct,33.22968041916953,33.22968041916953,1,1.0
46,6,15,Direct,0.11185967843615305,0.11185967843615305,1,1.0
46,7,0,Direct,0.012385197910526249,0.012385197910526249,1,1.0
46,7,2,Direct,0.6692431752085838,0.6692431752085838,1,1.0
46,7,6,Direct,1.1392897314218349,1.1392897314218349,1,1.0
46,7,9,Direct,0.00627509289093774,0.00627509289093774,1,1.0
46,8,5,Direct,0.2505434623288093,0.2505434623288093,1,1.0
46,8,11,Direct,0.5159972329962826,0.5159972329962826,1,1.0
46,9,6,Direct,28.528034380837973,28.528034380837973,1,1.0
46,11,10,Direct,0.01925844773347269,0.01925844773347269,1,1.0
46,11,12,Direct,144.35819756247903,144.35819756247903,1,1.0
46,11,13,Direct,0.04057508291093258,0.04057508291093258,1,1.0
46,12,1,Direct,0.012558181478699623,0.012558181478699623,1,1.0
46,12,2,Direct,3.175775895345811,3.175775895345811,1,1.0
46,12,9,Direct,0.011016895021802002,0.011016895021802002,1,1.0
46,13,5,Direct,0.02259195574190021,0.02259195574190021,1,1.0
46,14,4,Direct,45.36735829494076,45.36735829494076,1,1.0
46,14,5,Direct,30.543016257385556,30.543016257385556,1,1.0
46,14,14,Direct,0.09966013836994504,0.09966013836994504,1,1.0
46,15,10,Direct,0.08508152189893,0.08508152189893,1,1.0
46,19,6,Direct,0.018981027691013883,0.018981027691013883,1,1.0
46,20,0,Direct,0.015991411006375533,0.015991411006375533,1,1.0
46,20,9,Direct,0.07113272710329921,0.07113272710329921,1,1.0
46,20,14,Direct,33.49482620417916,33.49482620417916,1,1.0
46,20,15,Direct,0.04941812983474009,0.04941812983474009,1,1.0
46,21,0,Direct,0.0925368782301093,0.0925368782301093,1,1.0
46,23,6,Direct,0.020204263365804997,0.020204263365804997,1,1.0
47,0,4,Direct,0.525090839357542,0.525090839357542,1,1.0
47,0,5,Direct,52.043972031173595,52.043972031173595,1,1.0
47,1,7,Direct,0.4124309325446103,0.4124309325446103,1,1.0
47,1,12,Direct,52.7722769204851,52.7722769204851,1,1.0
47,2,7,Direct,0.03174314898150655,0.03174314898150655,1,1.0
47,3,7,Direct,0.015690847940717807,0.015690847940717807,1,1.0
47,3,12,Direct,0.5131069327131366,0.5131069327131366,1,1.0
47,3,14,Direct,0.178727814822023,0.178727814822023,1,1.0
47,5,5,Direct,0.06000223976479736,0.06000223976479736,1,1.0
47,5,13,Direct,0.06855284020263665,0.06855284020263665,1,1.0
47,5,15,Direct,1.7785509982330114,1.7785509982330114,1,1.0
47,6,4,Direct,0.4891138255070951,0.4891138255070951,1,1.0
47,6,7,Direct,0.026575518403220144,0.026575518403220144,1,1.0
47,7,7,Direct,13.260448326887337,13.260448326887337,1,1.0
47,9,2,Direct,10.673217760939194,10.673217760939194,1,1.0
47,9,15,Direct,0.017336132915432335,0.017336132915432335,1,1.0
47,10,0,Direct,0.18903468953599367,0.18903468953599367,1,1.0
47,11,2,Direct,0.1568416502910301,0.1568416502910301,1,1.0
47,11,15,Direct,2.9852574556937785,2.9852574556937785,1,1.0
47,12,5,Direct,0.05913183882279239,0.05913183882279239,1,1.0
47,12,7,Direct,0.21143301243724258,0.21143301243724258,1,1.0
47,12,15,Direct,34.01903915633015,34.01903915633015,1,1.0
47,14,5,Direct,0.012763988306050815,0.012763988306050815,1,1.0
47,14,9,Direct,0.040798271456399186,0.040798271456399186,1,1.0
47,14,13,Direct,0.07720370349064073,0.07720370349064073,1,1.0
47,15,11,Direct,0.08981289030221909,0.08981289030221909,1,1.0
47,15,13,Direct,0.03289522182914687,0.03289522182914687,1,1.0
47,15,14,Direct,57.657426324536,57.657426324536,1,1.0
47,16,15,Direct,6.780910226741824,6.780910226741824,1,1.0
47,18,2,Direct,0.02805107601349569,0.02805107601349569,1,1.0
47,18,4,Direct,256.0,256.0,1,1.0
47,18,6,Direct,0.01566467826045553,0.01566467826045553,1,1.0
47,19,0,Direct,6.663850974075013,6.663850974075013,1,1.0
47,19,11,Direct,0.09316921509796085,0.09316921509796085,1,1.0
47,19,13,Direct,43.510505476389206,43.510505476389206,1,1.0
47,20,12,Direct,164.79548875703318,164.79548875703318,1,1.0
47,20,15,Direct,0.06934958198050327,0.06934958198050327,1,1.0
47,22,15,Direct,19.600289069954535,19.600289069954535,1,1.0
48,1,14,Direct,0.24416052902010202,0.24416052902010202,1,1.0
48,2,9,Direct,0.08987467973309025,0.08987467973309025,1,1.0
48,2,15,Direct,0.022412463234939457,0.022412463234939457,1,1.0
48,3,8,Direct,0.2072191902408225,0.2072191902408225,1,1.0
48,3,15,Direct,0.010982487696331889,0.010982487696331889,1,1.0
48,4,15,Direct,0.03753742848332737,0.03753742848332737,1,1.0
48,5,9,Direct,0.015202035627278607,0.015202035627278607,1,1.0
48,6,8,Direct,0.017070283899335542,0.017070283899335542,1,1.0
48,7,3,Direct,52.8703564343428,52.8703564343428,1,1.0
48,7,11,Direct,0.2193574820021081,0.2193574820021081,1,1.0
48,8,3,Direct,4.346132314440431,4.346132314440431,1,1.0
48,9,13,Direct,0.02601845020270484,0.02601845020270484,1,1.0
48,9,15,Direct,0.21805905114668228,0.21805905114668228,1,1.0
48,10,3,Direct,0.13100019744192218,0.13100019744192218,1,1.0
48,10,13,Direct,0.31376182530899427,0.31376182530899427,1,1.0
48,10,15,Direct,0.023075106441895005,0.023075106441895005,1,1.0
48,11,8,Direct,0.02421943784562593,0.02421943784562593,1,1.0
48,11,9,Direct,15.091074447356185,15.091074447356185,1,1.0
48,11,11,Direct,0.6215248102376932,0.6215248102376932,1,1.0
48,12,11,Direct,0.5352771044594453,0.5352771044594453,1,1.0
48,12,13,Direct,0.9955631841104574,0.9955631841104574,1,1.0
48,12,14,Direct,0.021641826577297713,0.021641826577297713,1,1.0
48,14,14,Direct,0.08923073668340481,0.08923073668340481,1,1.0
48,15,9,Direct,6.343583737825771,6.343583737825771,1,1.0
48,15,13,Direct,0.08660414576772736,0.08660414576772736,1,1.0
48,18,2,Direct,1.518759152005115,1.518759152005115,1,1.0
48,18,11,Direct,256.0,256.0,1,1.0
48,19,2,Direct,8.617115237347669,8.617115237347669,1,1.0
48,19,8,Direct,0.10972451163944662,0.10972451163944662,1,1.0
48,19,13,Direct,0.11343258658255195,0.11343258658255195,1,1.0
48,22,11,Direct,0.15768198249381363,0.15768198249381363,1,1.0
49,0,4,Direct,0.044352108137964676,0.044352108137964676,1,1.0
49,0,13,Direct,0.009867220876563455,0.009867220876563455,1,1.0
49,1,4,Direct,0.04844227003241855,0.04844227003241855,1,1.0
49,1,10,Direct,0.10080364068316744,0.10080364068316744,1,1.0
49,2,10,Direct,0.6885522844663713,0.6885522844663713,1,1.0
49,3,5,Direct,0.15824001836540255,0.15824001836540255,1,1.0
49,4,3,Direct,0.07325791009795489,0.07325791009795489,1,1.0
49,4,5,Direct,10.355471388677284,10.355471388677284,1,1.0
49,4,8,Direct,1.2340386876725526,1.2340386876725526,1,1.0
49,6,1,Direct,0.25584852314276424,0.25584852314276424,1,1.0
49,7,1,Direct,8.180019902594701,8.180019902594701,1,1.0
49,8,7,Direct,38.39096493876567,38.39096493876567,1,1.0
49,8,8,Direct,0.03792070630930662,0.03792070630930662,1,1.0
49,10,0,Direct,0.0236954328664425,0.0236954328664425,1,1.0
49,11,1,Direct,0.05144441397455005,0.05144441397455005,1,1.0
49,11,3,Direct,0.012223293431851292,0.012223293431851292,1,1.0
49,12,3,Direct,0.5213618183270237,0.5213618183270237,1,1.0
49,13,5,Direct,5.887277719256087,5.887277719256087,1,1.0
49,13,10,Direct,3.232980826438532,3.232980826438532,1,1.0
49,14,4,Direct,256.0,256.0,1,1.0
49,14,14,Direct,9.964074129083086,9.964074129083086,1,1.0
49,15,8,Direct,1.954716300696671,1.954716300696671,1,1.0
49,16,10,Direct,2.896317927961984,2.896317927961984,1,1.0
49,17,3,Direct,0.03437786305227351,0.03437786305227351,1,1.0
49,18,10,Direct,0.5110034089367104,0.5110034089367104,1,1.0
49,19,6,Direct,65.32699424484446,65.32699424484446,1,1.0
49,20,1,Direct,1.5184614436678245,1.5184614436678245,1,1.0
49,20,5,Direct,0.03649113044541386,0.03649113044541386,1,1.0
49,20,15,Direct,0.010998498619940702,0.010998498619940702,1,1.0
49,21,6,Direct,0.050354762207646835,0.050354762207646835,1,1.0
49,21,7,Direct,10.904783335377477,10.904783335377477,1,1.0
49,23,3,Direct,0.4048419283832999,0.4048419283832999,1,1.0
49,23,7,Direct,0.09018942110728644,0.09018942110728644,1,1.0
50,0,8,Direct,0.009955756603225941,0.009955756603225941,1,1.0
50,0,13,Direct,0.02047434697448642,0.02047434697448642,1,1.0
50,2,9,Direct,10.536379257201697,10.536379257201697,1,1.0
50,2,11,Direct,67.42462869090475,67.42462869090475,1,1.0
50,2,12,ViaRelay,181.32143633112102,181.32143633112102,1,1.0
50,3,2,Direct,0.017160618504686264,0.017160618504686264,1,1.0
50,3,5,Direct,1.9123432290072824,1.9123432290072824,1,1.0
50,3,8,Direct,0.022330727406347183,0.022330727406347183,1,1.0
50,3,14,Direct,0.8539824849655306,0.8539824849655306,1,1.0
50,3,15,Direct,91.56154983624151,91.56154983624151,1,1.0
50,4,7,Direct,11.498268049882826,11.498268049882826,1,1.0
50,5,2,Direct,2.0425400583534707,2.0425400583534707,1,1.0
50,5,9,Direct,0.019852378400817935,0.019852378400817935,1,1.0
50,6,4,Direct,4.918275792704903,4.918275792704903,1,1.0
50,6,9,Direct,0.03773805012355384,0.03773805012355384,1,1.0
50,6,11,Direct,0.10333662343958885,0.10333662343958885,1,1.0
50,7,1,Direct,13.983270662024154,13.983270662024154,1,1.0
50,7,2,Direct,2.9695623627578405,2.9695623627578405,1,1.0
50,7,6,Direct,0.07169217528835874,0.07169217528835874,1,1.0
50,7,7,Direct,111.55070406162773,111.55070406162773,1,1.0
50,8,5,Direct,0.04377786894923628,0.04377786894923628,1,1.0
50,8,6,Direct,0.015903389610628094,0.015903389610628094,1,1.0
50,8,7,Direct,20.98103746640498,20.98103746640498,1,1.0
50,8,15,Direct,0.030754742271458847,0.030754742271458847,1,1.0
50,9,4,ViaRelay,87.61479969639213,87.61479969639213,1,1.0
50,10,9,Direct,3.172712764900934,3.172712764900934,1,1.0
50,12,4,Direct,0.03668501646396458,0.03668501646396458,1,1.0
50,12,14,Direct,79.05313949408077,79.05313949408077,1,1.0
50,13,1,Direct,0.053721455329893766,0.053721455329893766,1,1.0
50,13,12,Direct,72.90875414942712,72.90875414942712,1,1.0
50,14,2,Direct,3.0585942666370554,3.0585942666370554,1,1.0
50,14,9,Direct,0.01571364601574367,0.01571364601574367,1,1.0
50,14,10,Direct,194.1519199044684,194.1519199044684,1,1.0
50,15,3,Direct,12.391538605244733,12.391538605244733,1,1.0
50,15,4,Direct,0.1798734622525401,0.1798734622525401,1,1.0
50,15,15,Direct,0.01185058463610044,0.01185058463610044,1,1.0
50,16,5,Direct,0.026447242288708095,0.026447242288708095,1,1.0
50,16,11,ViaRelay,96.97480076035636,96.97480076035636,1,1.0
50,17,5,Direct,0.05837170952127101,0.05837170952127101,1,1.0
50,17,15,Direct,1.1137733365909295,1.1137733365909295,1,1.0
50,18,9,Direct,12.403556934063456,12.403556934063456,1,1.0
50,19,5,Direct,0.04279922273258411,0.04279922273258411,1,1.0
50,19,6,Direct,0.5662758085354479,0.5662758085354479,1,1.0
50,19,13,Direct,6.628220344261057,6.628220344261057,1,1.0
50,20,5,Direct,0.04252659377604784,0.04252659377604784,1,1.0
50,20,7,Direct,1.0065268027599987,1.0065268027599987,1,1.0
50,20,9,Direct,0.03265320995346089,0.03265320995346089,1,1.0
50,20,12,Direct,8.064434990672197,8.064434990672197,1,1.0
50,21,7,Direct,0.028142811893594685,0.028142811893594685,1,1.0
50,21,10,Direct,0.029906246969615413,0.029906246969615413,1,1.0
50,22,3,Direct,1.0238517102468274,1.0238517102468274,1,1.0
50,22,9,Direct,0.008826178169743383,0.008826178169743383,1,1.0
50,22,13,Direct,0.7883502499080112,0.7883502499080112,1,1.0
50,23,2,Direct,0.0132882106334838,0.0132882106334838,1,1.0
50,23,7,Direct,0.09904892769993634,0.09904892769993634,1,1.0
50,23,10,Direct,84.91797735164808,84.91797735164808,1,1.0
51,0,5,ViaRelay,210.84605669626006,210.84605669626006,1,1.0
51,1,7,Direct,0.11241567776888173,0.11241567776888173,1,1.0
51,1,8,Direct,0.020813277032847483,0.020813277032847483,1,1.0
51,1,14,Direct,5.194366961819051,5.194366961819051,1,1.0
51,2,15,Direct,6.885429008396374,6.885429008396374,1,1.0
51,3,10,Direct,0.10102219506943981,0.10102219506943981,1,1.0
51,4,2,Direct,0.014018134132412053,0.014018134132412053,1,1.0
51,4,7,Direct,106.6876007959688,106.6876007959688,1,1.0
51,4,10,Direct,20.081125377312418,20.081125377312418,1,1.0
51,4,15,Direct,5.107889233878036,5.107889233878036,1,1.0
51,7,7,Direct,0.797652705543474,0.797652705543474,1,1.0
51,7,14,Direct,4.062605839415574,4.062605839415574,1,1.0
51,9,6,Direct,0.6738617114378441,0.6738617114378441,1,1.0
51,10,7,Direct,25.028356019170566,25.028356019170566,1,1.0
51,11,7,Direct,1.4400733076174024,1.4400733076174024,1,1.0
51,13,2,Direct,3.6239493265751626,3.6239493265751626,1,1.0
51,13,6,Direct,0.015040583478553365,0.015040583478553365,1,1.0
51,15,7,Direct,2.914058163767967,2.914058163767967,1,1.0
51,16,7,Direct,0.029117927948766557,0.029117927948766557,1,1.0
51,16,12,Direct,0.410696298624182,0.410696298624182,1,1.0
51,16,13,Direct,0.017878902001102627,0.017878902001102627,1,1.0
51,17,2,Direct,12.888756944896638,12.888756944896638,1,1.0
51,17,7,Direct,0.2217917871156486,0.2217917871156486,1,1.0
51,18,0,Direct,0.27255348760393644,0.27255348760393644,1,1.0
51,18,4,Direct,0.15629316118825676,0.15629316118825676,1,1.0
51,20,2,Direct,0.07052809852491769,0.07052809852491769,1,1.0
51,20,4,Direct,0.08777984900876269,0.08777984900876269,1,1.0
51,21,13,Direct,3.742379824453668,3.742379824453668,1,1.0
51,21,14,Direct,0.258443117944371,0.258443117944371,1,1.0
51,22,2,Direct,0.09411191318561338,0.09411191318561338,1,1.0
51,22,8,Direct,0.010925210669277183,0.010925210669277183,1,1.0
51,23,4,Direct,0.09922128471534575,0.09922128471534575,1,1.0
51,23,12,Direct,256.0,256.0,1,1.0
51,23,13,Direct,6.483716776075912,6.483716776075912,1,1.0
52,0,9,Direct,0.010172217432991727,0.010172217432991727,1,1.0
52,1,7,Direct,0.015238120143456933,0.015238120143456933,1,1.0
52,1,8,Direct,0.9972541843499929,0.9972541843499929,1,1.0
52,2,12,Direct,0.20955221573669236,0.20955221573669236,1,1.0
52,3,4,Direct,0.4182026477484522,0.4182026477484522,1,1.0
52,3,7,Direct,0.7487463206231268,0.7487463206231268,1,1.0
52,3,8,Direct,0.018094125171949298,0.018094125171949298,1,1.0
52,3,12,Direct,0.9284201149150958,0.9284201149150958,1,1.0
52,4,13,Direct,0.9826813754895173,0.9826813754895173,1,1.0
52,4,14,Direct,0.057702703138535115,0.057702703138535115,1,1.0
52,5,6,Direct,26.93052934157619,26.93052934157619,1,1.0
52,6,8,Direct,0.08413242266739895,0.08413242266739895,1,1.0
52,7,6,Direct,0.012496492495435186,0.012496492495435186,1,1.0
52,7,11,Direct,0.06500075508813086,0.06500075508813086,1,1.0
52,7,15,Direct,36.889858883967385,36.889858883967385,1,1.0
52,8,2,Direct,14.434172504416392,14.434172504416392,1,1.0
52,9,11,Direct,26.999866135880158,26.999866135880158,1,1.0
52,11,6,Direct,7.144312140038535,7.144312140038535,1,1.0
52,11,15,Direct,0.09475112881693824,0.09475112881693824,1,1.0
52,13,3,Direct,17.852129551614524,17.852129551614524,1,1.0
52,13,11,Direct,70.8627903229408,70.8627903229408,1,1.0
52,14,11,Direct,0.4504325488772519,0.4504325488772519,1,1.0
52,15,14,Direct,129.5185760742669,129.5185760742669,1,1.0
52,16,15,Direct,0.07442919677939852,0.07442919677939852,1,1.0
52,17,3,Direct,11.968441035521554,11.968441035521554,1,1.0
52,17,4,Direct,0.2580165439465615,0.2580165439465615,1,1.0
52,17,12,Direct,30.203789909686,30.203789909686,1,1.0
52,18,7,Direct,0.08221670373500016,0.08221670373500016,1,1.0
52,20,12,Direct,125.60130031025493,125.60130031025493,1,1.0
52,22,11,Direct,53.95817208435844,53.95817208435844,1,1.0
52,22,12,Direct,0.061128363267629875,0.061128363267629875,1,1.0
52,22,15,Direct,0.011219740907086547,0.011219740907086547,1,1.0
52,23,3,Direct,0.009137716119062722,0.009137716119062722,1,1.0
52,23,15,Direct,31.47362464889255,31.47362464889255,1,1.0
53,0,3,Direct,1.8153640348160451,1.8153640348160451,1,1.0
53,0,9,Direct,0.07308284756761478,0.07308284756761478,1,1.0
53,1,15,Direct,0.08303978265074154,0.08303978265074154,1,1.0
53,2,6,Direct,0.03772685080215721,0.03772685080215721,1,1.0
53,2,9,Direct,0.027082534787372808,0.027082534787372808,1,1.0
53,2,15,Direct,0.03901594866948525,0.03901594866948525,1,1.0
53,3,0,Direct,6.655105077736,6.655105077736,1,1.0
53,3,2,Direct,0.03466207764570089,0.03466207764570089,1,1.0
53,4,8,Direct,7.216581166614312,7.216581166614312,1,1.0
53,5,8,Direct,9.298212176068024,9.298212176068024,1,1.0
53,5,12,ViaRelay,1.8142982677422324,1.8142982677422324,1,1.0
53,6,0,Direct,0.02965141450980703,0.02965141450980703,1,1.0
53,8,11,Direct,3.0621947170398243,3.0621947170398243,1,1.0
53,9,15,Direct,73.43907078300467,73.43907078300467,1,1.0
53,10,0,Direct,0.29854411904753164,0.29854411904753164,1,1.0
53,10,11,Direct,0.3521560241253091,0.3521560241253091,1,1.0
53,10,12,Direct,0.15745259149453775,0.15745259149453775,1,1.0
53,11,3,Direct,0.031034172622545472,0.031034172622545472,1,1.0
53,11,12,Direct,3.259507160451317,3.259507160451317,1,1.0
53,11,15,ViaRelay,10.134322232070595,10.134322232070595,1,1.0
53,12,1,Direct,0.026612021873138495,0.026612021873138495,1,1.0
53,12,14,Direct,2.2065805950751325,2.2065805950751325,1,1.0
53,13,1,Direct,0.18909676672181142,0.18909676672181142,1,1.0
53,13,12,ViaRelay,12.226215968928466,12.226215968928466,1,1.0
53,14,9,Direct,0.02608418193234366,0.02608418193234366,1,1.0
53,15,3,Direct,0.010604648213556823,0.010604648213556823,1,1.0
53,15,7,Direct,9.016799411046902,9.016799411046902,1,1.0
53,15,15,Direct,0.017779517499863846,0.017779517499863846,1,1.0
53,16,0,Direct,0.02060197583971241,0.02060197583971241,1,1.0
53,17,2,Direct,0.059959876851253605,0.059959876851253605,1,1.0
53,17,3,Direct,0.017379886403548542,0.017379886403548542,1,1.0
53,17,14,Direct,1.8346664330405138,1.8346664330405138,1,1.0
53,19,8,Direct,0.022974153660289758,0.022974153660289758,1,1.0
53,19,14,Direct,0.048720066296067635,0.048720066296067635,1,1.0
53,20,0,Direct,20.236726636896638,20.236726636896638,1,1.0
53,21,4,Direct,0.5256039047419834,0.5256039047419834,1,1.0
53,21,8,Direct,0.02274674261825332,0.02274674261825332,1,1.0
53,22,1,Direct,0.04917863202897383,0.04917863202897383,1,1.0
53,22,10,ViaRelay,7.823343622468997,7.823343622468997,1,1.0
53,22,14,Direct,0.04574912112725086,0.04574912112725086,1,1.0
53,22,15,Direct,0.29639019746520623,0.29639019746520623,1,1.0
54,0,0,Direct,0.1662669133197809,0.1662669133197809,1,1.0
54,0,3,Direct,4.82313763036525,4.82313763036525,1,1.0
54,0,7,Direct,7.484253986863005,7.484253986863005,1,1.0
54,1,8,Direct,0.12400229353762965,0.12400229353762965,1,1.0
54,1,10,Direct,0.045278626005121295,0.045278626005121295,1,1.0
54,2,14,Direct,4.872740464678643,4.872740464678643,1,1.0
54,3,7,Direct,0.02931681700221624,0.02931681700221624,1,1.0
54,4,8,Direct,0.03247189859875853,0.03247189859875853,1,1.0
54,5,13,Direct,0.03800918372203382,0.03800918372203382,1,1.0
54,7,4,Direct,0.048656256186287654,0.048656256186287654,1,1.0
54,7,10,Direct,0.02779562174038678,0.02779562174038678,1,1.0
54,8,8,Direct,4.02463012386521,4.02463012386521,1,1.0
54,9,3,Direct,2.2596177141082645,2.2596177141082645,1,1.0
54,11,4,Direct,10.497781351954167,10.497781351954167,1,1.0
54,13,13,Direct,1.1230482482277748,1.1230482482277748,1,1.0
54,13,14,Direct,41.566407927279975,41.566407927279975,1,1.0
54,14,2,Direct,0.020093024633378025,0.020093024633378025,1,1.0
54,15,2,Direct,10.430887816129895,10.430887816129895,1,1.0
54,15,7,Direct,106.93990414425298,106.93990414425298,1,1.0
54,16,7,Direct,8.175068230541564,8.175068230541564,1,1.0
54,17,2,Direct,0.03575013676671576,0.03575013676671576,1,1.0
54,17,3,Direct,1.0225064338028071,1.0225064338028071,1,1.0
54,19,0,Direct,10.694038056371443,10.694038056371443,1,1.0
54,20,0,Direct,0.1791005730624496,0.1791005730624496,1,1.0
54,21,3,Direct,0.12367570582835345,0.12367570582835345,1,1.0
54,23,8,Direct,0.00947890938410231,0.00947890938410231,1,1.0
55,0,11,Direct,218.62288952939704,218.62288952939704,1,1.0
55,1,0,Direct,0.1212845117510118,0.1212845117510118,1,1.0
55,1,4,Direct,0.14813689557553136,0.14813689557553136,1,1.0
55,1,6,Direct,0.11225283031078788,0.11225283031078788,1,1.0
55,3,2,Direct,0.011724051626220193,0.011724051626220193,1,1.0
55,4,10,Direct,7.401171381365949,7.401171381365949,1,1.0
55,5,11,Direct,13.428811053931422,13.428811053931422,1,1.0
55,6,6,Direct,0.5113968776903461,0.5113968776903461,1,1.0
55,6,10,Direct,2.3614068353273736,2.3614068353273736,1,1.0
55,7,13,Direct,13.318367459951567,13.318367459951567,1,1.0
55,8,5,Direct,41.01928085946377,41.01928085946377,1,1.0
55,8,10,Direct,0.5871906426725161,0.5871906426725161,1,1.0
55,8,13,Direct,0.07331654291760886,0.07331654291760886,1,1.0
55,9,15,Direct,0.04715996847574092,0.04715996847574092,1,1.0
55,11,5,Direct,17.56147951190109,17.56147951190109,1,1.0
55,12,1,Direct,4.347998980853701,4.347998980853701,1,1.0
55,13,3,Direct,0.05115387698789145,0.05115387698789145,1,1.0
55,13,4,Direct,2.149441621561807,2.149441621561807,1,1.0
55,14,5,Direct,0.10241985889273908,0.10241985889273908,1,1.0
55,14,10,Direct,14.088875202860926,14.088875202860926,1,1.0
55,16,10,Direct,0.11477097565773518,0.11477097565773518,1,1.0
55,19,2,Direct,27.970696819589747,27.970696819589747,1,1.0
55,19,8,Direct,13.339588492828465,13.339588492828465,1,1.0
55,20,5,Direct,58.36508668338903,58.36508668338903,1,1.0
55,22,2,Direct,0.0900740722816982,0.0900740722816982,1,1.0
55,22,4,Direct,0.024871538586255463,0.024871538586255463,1,1.0
55,22,6,Direct,0.06556871346161902,0.06556871346161902,1,1.0
56,0,9,Direct,3.8545940239457797,3.8545940239457797,1,1.0
56,0,14,Direct,256.0,256.0,1,1.0
56,1,6,Direct,0.21569658570595043,0.21569658570595043,1,1.0
56,4,0,Direct,0.13926981078608766,0.13926981078608766,1,1.0
56,4,2,Direct,9.319724381147362,9.319724381147362,1,1.0
56,4,9,Direct,1.7538555744748272,1.7538555744748272,1,1.0
56,5,3,Direct,0.8926559527481549,0.8926559527481549,1,1.0
56,6,9,Direct,0.24529158672553758,0.24529158672553758,1,1.0
56,8,0,Direct,0.8305485347579179,0.8305485347579179,1,1.0
56,8,5,Direct,4.7466133824160535,4.7466133824160535,1,1.0
56,9,5,Direct,41.29539415931221,41.29539415931221,1,1.0
56,9,14,Direct,0.07025181643648398,0.07025181643648398,1,1.0
56,10,0,Direct,10.767794279060546,10.767794279060546,1,1.0
56,10,9,Direct,2.755377332380304,2.755377332380304,1,1.0
56,10,13,Direct,0.015654112019388083,0.015654112019388083,1,1.0
56,10,14,Direct,0.02334215752720122,0.02334215752720122,1,1.0
56,11,15,Direct,0.028439139380400016,0.028439139380400016,1,1.0
56,12,1,Direct,1.1462051713188022,1.1462051713188022,1,1.0
56,12,13,Direct,29.03816224848758,29.03816224848758,1,1.0
56,13,0,Direct,0.014366217867409005,0.014366217867409005,1,1.0
56,14,1,Direct,256.0,256.0,1,1.0
56,16,0,Direct,0.40411955570596053,0.40411955570596053,1,1.0
56,16,13,Direct,0.026491664687137536,0.026491664687137536,1,1.0
56,17,0,Direct,6.414917484987715,6.414917484987715,1,1.0
56,17,7,Direct,6.141770582000382,6.141770582000382,1,1.0
56,18,1,Direct,0.0947009474244408,0.0947009474244408,1,1.0
56,18,9,Direct,15.915752136177893,15.915752136177893,1,1.0
56,19,6,Direct,0.04647269098170444,0.04647269098170444,1,1.0
56,19,9,Direct,0.17383287457989033,0.17383287457989033,1,1.0
56,20,0,Direct,0.030124902181217352,0.030124902181217352,1,1.0
56,20,1,Direct,0.07766209448639305,0.07766209448639305,1,1.0
56,21,1,ViaRelay,19.697599180926925,19.697599180926925,1,1.0
56,21,13,Direct,6.345351060665646,6.345351060665646,1,1.0
56,22,0,Direct,15.295388628319403,15.295388628319403,1,1.0
56,22,5,Direct,48.95070465384024,48.95070465384024,1,1.0
56,23,7,Direct,0.08577158329646578,0.08577158329646578,1,1.0
57,1,1,Direct,3.688006852206261,3.688006852206261,1,1.0
57,1,4,Direct,83.25245764380517,83.25245764380517,1,1.0
57,1,12,Direct,0.023143438369907423,0.023143438369907423,1,1.0
57,2,12,Direct,15.9072426068065,15.9072426068065,1,1.0
57,2,13,Direct,0.7210026008709634,0.7210026008709634,1,1.0
57,2,15,Direct,0.026874562671105214,0.026874562671105214,1,1.0
57,4,6,Direct,0.014180793202269878,0.014180793202269878,1,1.0
57,4,13,Direct,0.014506088585448794,0.014506088585448794,1,1.0
57,5,10,Direct,0.11640856260191665,0.11640856260191665,1,1.0
57,5,14,Direct,24.85530794802601,24.85530794802601,1,1.0
57,6,12,Direct,0.25421071023533864,0.25421071023533864,1,1.0
57,7,0,Direct,0.05466835877354144,0.05466835877354144,1,1.0
57,8,10,Direct,12.860862835138429,12.860862835138429,1,1.0
57,8,11,Direct,0.795950270543768,0.795950270543768,1,1.0
57,8,13,Direct,0.022315121978749186,0.022315121978749186,1,1.0
57,9,0,Direct,0.01410663977458048,0.01410663977458048,1,1.0
57,9,1,Direct,3.207873667643078,3.207873667643078,1,1.0
57,9,2,Direct,3.061602194353585,3.061602194353585,1,1.0
57,10,6,Direct,0.4801094645757278,0.4801094645757278,1,1.0
57,11,2,Direct,0.2186830279151236,0.2186830279151236,1,1.0
57,11,4,Direct,3.3813886379462805,3.3813886379462805,1,1.0
57,11,13,Direct,27.08654353132404,27.08654353132404,1,1.0
57,11,15,Direct,0.053982251924861314,0.053982251924861314,1,1.0
57,12,5,Direct,0.038653196618486506,0.038653196618486506,1,1.0
57,12,7,Direct,5.915843947523404,5.915843947523404,1,1.0
57,12,10,Direct,0.55031504596131,0.55031504596131,1,1.0
57,12,15,Direct,0.19527033771815594,0.19527033771815594,1,1.0
57,13,0,Direct,0.01646110785271667,0.01646110785271667,1,1.0
57,13,10,Direct,25.31431142573981,25.31431142573981,1,1.0
57,14,1,Direct,0.01576114807132859,0.01576114807132859,1,1.0
57,14,4,Direct,0.007700465212837339,0.007700465212837339,1,1.0
57,14,13,Direct,9.225302956953481,9.225302956953481,1,1.0
57,14,14,Direct,32.94942720418,32.94942720418,1,1.0
57,15,1,Direct,3.3121162240660937,3.3121162240660937,1,1.0
57,15,4,Direct,256.0,256.0,1,1.0
57,15,8,Direct,0.18033142532041038,0.18033142532041038,1,1.0
57,15,10,Direct,0.08234671377329278,0.08234671377329278,1,1.0
57,15,11,Direct,256.0,256.0,1,1.0
57,16,8,Direct,0.03747706380506661,0.03747706380506661,1,1.0
57,18,7,Direct,45.51227773255818,45.51227773255818,1,1.0
57,18,15,Direct,0.02670497635646864,0.02670497635646864,1,1.0
57,19,5,Direct,0.13515792081396658,0.13515792081396658,1,1.0
57,19,7,Direct,27.398799219502067,27.398799219502067,1,1.0
57,20,10,Direct,0.203597919433255,0.203597919433255,1,1.0
57,21,2,Direct,8.054676976943934,8.054676976943934,1,1.0
57,21,12,Direct,37.0549028467127,37.0549028467127,1,1.0
57,22,15,Direct,0.021762062033643337,0.021762062033643337,1,1.0
57,23,0,Direct,0.02138728155130993,0.02138728155130993,1,1.0
57,23,3,Direct,20.595155179206564,20.595155179206564,1,1.0
57,23,9,Direct,1.9092729378506437,1.9092729378506437,1,1.0
57,23,14,Direct,0.02630195769590505,0.02630195769590505,1,1.0
58,0,5,Direct,10.701963600362514,10.701963600362514,1,1.0
58,2,5,Direct,1.5335159908447558,1.5335159908447558,1,1.0
58,2,12,Direct,1.1510941005918944,1.1510941005918944,1,1.0
58,3,12,ViaRelay,36.282314608117666,36.282314608117666,1,1.0
58,4,0,Direct,0.02888916063471958,0.02888916063471958,1,1.0
58,5,7,Direct,28.72393568772642,28.72393568772642,1,1.0
58,5,11,Direct,0.5395655179606368,0.5395655179606368,1,1.0
58,5,14,Direct,1.5656527644843112,1.5656527644843112,1,1.0
58,6,4,Direct,126.78251749342792,126.78251749342792,1,1.0
58,6,11,Direct,0.0662789532256989,0.0662789532256989,1,1.0
58,7,3,Direct,0.9884987837907809,0.9884987837907809,1,1.0
58,8,15,Direct,24.45291060011828,24.45291060011828,1,1.0
58,9,0,Direct,70.64907781714919,70.64907781714919,1,1.0
58,9,3,Direct,0.015565939403333152,0.015565939403333152,1,1.0
58,10,7,Direct,0.6062348149686241,0.6062348149686241,1,1.0
58,11,0,Direct,38.689930328881104,38.689930328881104,1,1.0
58,12,15,Direct,0.45908526851692044,0.45908526851692044,1,1.0
58,13,7,Direct,0.024867908906478362,0.024867908906478362,1,1.0
58,14,3,Direct,0.011087359492833359,0.011087359492833359,1,1.0
58,14,5,Direct,0.05967963653387709,0.05967963653387709,1,1.0
58,15,7,Direct,0.03821694180681764,0.03821694180681764,1,1.0
58,16,6,Direct,0.5236275980821877,0.5236275980821877,1,1.0
58,16,7,Direct,54.076234933285036,54.076234933285036,1,1.0
58,17,13,Direct,7.197256342126587,7.197256342126587,1,1.0
58,17,14,Direct,4.260193780942058,4.260193780942058,1,1.0
58,18,0,Direct,0.011533704680915536,0.011533704680915536,1,1.0
58,19,14,Direct,23.306112387857592,23.306112387857592,1,1.0
58,21,0,Direct,7.818208680137762,7.818208680137762,1,1.0
58,21,4,Direct,0.06809327296503064,0.06809327296503064,1,1.0
59,0,7,Direct,256.0,256.0,1,1.0
59,1,7,Direct,0.06880381709418476,0.06880381709418476,1,1.0
59,1,9,Direct,0.019999049271664453,0.019999049271664453,1,1.0
59,1,11,Direct,24.135993442160903,24.135993442160903,1,1.0
59,2,0,Direct,1.158779020688596,1.158779020688596,1,1.0
59,2,7,Direct,10.51717624395346,10.51717624395346,1,1.0
59,2,11,Direct,3.5926540498443904,3.5926540498443904,1,1.0
59,2,13,Direct,0.1126802035204369,0.1126802035204369,1,1.0
59,2,14,Direct,0.08713949522165458,0.08713949522165458,1,1.0
59,4,0,Direct,0.11909551201416617,0.11909551201416617,1,1.0
59,4,13,Direct,0.011329940607577466,0.011329940607577466,1,1.0
59,6,7,Direct,0.4973021603812956,0.4973021603812956,1,1.0
59,8,1,Direct,1.250832881611271,1.250832881611271,1,1.0
59,8,7,Direct,69.31991275376987,69.31991275376987,1,1.0
59,8,9,Direct,0.0682137254445726,0.0682137254445726,1,1.0
59,9,0,Direct,0.035350488046336524,0.035350488046336524,1,1.0
59,9,5,Direct,0.17183343496016362,0.17183343496016362,1,1.0
59,9,7,Direct,0.14721839947652482,0.14721839947652482,1,1.0
59,9,9,Direct,0.006469704707847585,0.006469704707847585,1,1.0
59,9,14,Direct,21.556237433091837,21.556237433091837,1,1.0
59,10,10,Direct,0.24539480842725686,0.24539480842725686,1,1.0
59,11,9,Direct,0.013529786275006608,0.013529786275006608,1,1.0
59,11,12,Direct,138.7983973994486,138.7983973994486,1,1.0
59,11,14,Direct,0.029087307693151317,0.029087307693151317,1,1.0
59,13,0,Direct,0.04660495338588,0.04660495338588,1,1.0
59,13,2,Direct,0.039867584159794266,0.039867584159794266,1,1.0
59,14,0,Direct,0.021547844240685333,0.021547844240685333,1,1.0
59,14,2,Direct,12.976394003841147,12.976394003841147,1,1.0
59,15,0,Direct,0.026177364716732057,0.026177364716732057,1,1.0
59,15,10,Direct,5.638294653084705,5.638294653084705,1,1.0
59,15,13,Direct,0.022877156526684685,0.022877156526684685,1,1.0
59,19,1,Direct,17.142330646727284,17.142330646727284,1,1.0
59,19,3,Direct,0.04522843811272755,0.04522843811272755,1,1.0
59,19,9,Direct,0.01276551025628342,0.01276551025628342,1,1.0
59,20,0,Direct,0.02249974646645215,0.02249974646645215,1,1.0
59,21,12,Direct,0.1326733493493449,0.1326733493493449,1,1.0
59,23,14,Direct,0.03955575486522094,0.03955575486522094,1,1.0
60,0,9,Direct,7.565563290426345,7.565563290426345,1,1.0
60,2,1,Direct,0.0285937682471741,0.0285937682471741,1,1.0
60,2,8,Direct,30.297786539937565,30.297786539937565,1,1.0
60,2,10,Direct,0.09257664868717647,0.09257664868717647,1,1.0
60,3,1,Direct,0.017732099286339422,0.017732099286339422,1,1.0
60,3,9,Direct,0.2202611461056092,0.2202611461056092,1,1.0
60,3,11,Direct,38.931122334032544,38.931122334032544,1,1.0
60,3,12,Direct,1.1277956760656065,1.1277956760656065,1,1.0
60,3,14,Direct,43.72372843042811,43.72372843042811,1,1.0
60,4,1,Direct,0.060603394343052445,0.060603394343052445,1,1.0
60,4,8,Direct,0.015087779879560946,0.015087779879560946,1,1.0
60,6,3,Direct,3.1706165985051413,3.1706165985051413,1,1.0
60,6,11,Direct,0.035048527643433046,0.035048527643433046,1,1.0
60,7,9,Direct,0.7419183315463929,0.7419183315463929,1,1.0
60,7,14,Direct,0.7007654205719406,0.7007654205719406,1,1.0
60,8,5,Direct,4.443987160627219,4.443987160627219,1,1.0
60,10,1,Direct,0.041912307104518445,0.041912307104518445,1,1.0
60,11,3,Direct,0.021528163078599703,0.021528163078599703,1,1.0
60,11,11,Direct,27.49468495779933,27.49468495779933,1,1.0
60,12,9,Direct,0.008184778486360523,0.008184778486360523,1,1.0
60,13,3,Direct,4.56453390966799,4.56453390966799,1,1.0
60,14,3,Direct,0.024578987107096724,0.024578987107096724,1,1.0
60,15,0,Direct,136.87196533302887,136.87196533302887,1,1.0
60,15,14,Direct,0.044458176868935155,0.044458176868935155,1,1.0
60,18,11,Direct,1.6927777056651006,1.6927777056651006,1,1.0
60,19,5,Direct,0.09232922681347606,0.09232922681347606,1,1.0
60,19,14,Direct,0.4669510335474353,0.4669510335474353,1,1.0
60,20,3,Direct,0.007864876395853468,0.007864876395853468,1,1.0
60,20,14,Direct,3.891291625878081,3.891291625878081,1,1.0
60,22,1,Direct,11.72537073182544,11.72537073182544,1,1.0
60,22,3,Direct,0.014354187378238585,0.014354187378238585,1,1.0
61,0,2,Direct,0.8095614852343472,0.8095614852343472,1,1.0
61,0,5,Direct,54.89695356482812,54.89695356482812,1,1.0
61,0,6,Direct,0.10468683610588653,0.10468683610588653,1,1.0
61,0,15,Direct,0.05254800599347428,0.05254800599347428,1,1.0
61,1,2,Direct,4.574966498544541,4.574966498544541,1,1.0
61,1,3,Direct,0.2899361636426493,0.2899361636426493,1,1.0
61,1,8,Direct,4.037743893805603,4.037743893805603,1,1.0
61,1,12,ViaRelay,24.4242209990121,24.4242209990121,1,1.0
61,2,2,Direct,0.008882269037043705,0.008882269037043705,1,1.0
61,2,4,Direct,0.28206210452267455,0.28206210452267455,1,1.0
61,2,14,Direct,0.016130092325901048,0.016130092325901048,1,1.0
61,3,2,Direct,7.71107966184263,7.71107966184263,1,1.0
61,3,3,Direct,0.012541370877296988,0.012541370877296988,1,1.0
61,3,12,ViaRelay,36.48682020044852,36.48682020044852,1,1.0
61,3,15,Direct,6.463084133423425,6.463084133423425,1,1.0
61,4,3,Direct,47.16927852212781,47.16927852212781,1,1.0
61,4,6,Direct,0.02133301744523964,0.02133301744523964,1,1.0
61,4,8,Direct,0.042714423482562644,0.042714423482562644,1,1.0
61,4,11,Direct,0.21028804389280575,0.21028804389280575,1,1.0
61,5,7,Direct,0.021911156679221517,0.021911156679221517,1,1.0
61,6,0,Direct,0.24668767387798546,0.24668767387798546,1,1.0
61,6,5,Direct,0.4675198405657218,0.4675198405657218,1,1.0
61,6,6,Direct,0.029527802941616353,0.029527802941616353,1,1.0
61,6,10,Direct,0.08821328050434388,0.08821328050434388,1,1.0
61,6,11,Direct,30.616246459820317,30.616246459820317,1,1.0
61,6,14,Direct,0.20934067071720563,0.20934067071720563,1,1.0
61,7,7,Direct,0.19829998248283034,0.19829998248283034,1,1.0
61,7,12,Direct,0.7331030586341494,0.7331030586341494,1,1.0
61,7,15,Direct,0.015191143681919442,0.015191143681919442,1,1.0
61,8,12,ViaRelay,50.86950483191829,50.86950483191829,1,1.0
61,9,6,Direct,3.9262460778199637,3.9262460778199637,1,1.0
61,9,10,Direct,0.10522244543571667,0.10522244543571667,1,1.0
61,9,11,Direct,0.14719022109120802,0.14719022109120802,1,1.0
61,10,9,Direct,0.6009663651711585,0.6009663651711585,1,1.0
61,10,11,Direct,0.09616054684150546,0.09616054684150546,1,1.0
61,10,15,Direct,7.593867715620857,7.593867715620857,1,1.0
61,11,10,Direct,0.038464344910699104,0.038464344910699104,1,1.0
61,12,14,Direct,0.08020736259646333,0.08020736259646333,1,1.0
61,13,8,Direct,43.368381448732734,43.368381448732734,1,1.0
61,14,2,Direct,4.3223883206416,4.3223883206416,1,1.0
61,15,6,Direct,19.937878731519078,19.937878731519078,1,1.0
61,16,6,Direct,2.884311732389297,2.884311732389297,1,1.0
61,16,9,Direct,2.8652402889376103,2.8652402889376103,1,1.0
61,17,12,Direct,10.546783262093872,10.546783262093872,1,1.0
61,18,2,Direct,17.634745623490616,17.634745623490616,1,1.0
61,18,6,Direct,3.375728153478906,3.375728153478906,1,1.0
61,18,12,ViaRelay,37.519917477641556,37.519917477641556,1,1.0
61,18,15,Direct,2.3277804066817045,2.3277804066817045,1,1.0
61,19,7,Direct,0.022313472618215667,0.022313472618215667,1,1.0
61,19,8,Direct,15.869163410909254,15.869163410909254,1,1.0
61,20,2,Direct,0.22677811082362342,0.22677811082362342,1,1.0
61,21,8,Direct,0.10369583078679814,0.10369583078679814,1,1.0
61,21,11,Direct,55.622546436338865,55.622546436338865,1,1.0
61,21,12,Direct,0.2422438217266019,0.2422438217266019,1,1.0
61,23,6,Direct,0.22237133223361824,0.22237133223361824,1,1.0
61,23,7,Direct,10.44600809365924,10.44600809365924,1,1.0
61,23,10,Direct,0.026786193604737378,0.026786193604737378,1,1.0
62,2,1,Direct,0.026796720672270298,0.026796720672270298,1,1.0
62,4,11,Direct,0.29447022589291616,0.29447022589291616,1,1.0
62,4,13,Direct,0.4869435275955911,0.4869435275955911,1,1.0
62,5,5,Direct,6.603889440044154,6.603889440044154,1,1.0
62,7,9,Direct,14.806991810117058,14.806991810117058,1,1.0
62,8,1,Direct,0.10574168329419477,0.10574168329419477,1,1.0
62,8,11,Direct,0.21190395274938126,0.21190395274938126,1,1.0
62,11,3,Direct,0.08459475762018698,0.08459475762018698,1,1.0
62,12,1,Direct,0.011149345223959752,0.011149345223959752,1,1.0
62,12,9,Direct,0.009672153488522935,0.009672153488522935,1,1.0
62,12,15,Direct,43.28186330500812,43.28186330500812,1,1.0
62,13,9,Direct,0.31830748534637165,0.31830748534637165,1,1.0
62,14,1,Direct,1.4834595456667847,1.4834595456667847,1,1.0
62,14,5,Direct,0.043789960404478544,0.043789960404478544,1,1.0
62,14,15,Direct,6.531913645310602,6.531913645310602,1,1.0
62,15,8,Direct,1.3810298437955675,1.3810298437955675,1,1.0
62,15,11,Direct,188.71828319958306,188.71828319958306,1,1.0
62,15,13,Direct,0.0368753847633374,0.0368753847633374,1,1.0
62,16,10,Direct,0.08304323988952879,0.08304323988952879,1,1.0
62,16,11,Direct,0.05074788617194833,0.05074788617194833,1,1.0
62,17,10,Direct,9.265428921288953,9.265428921288953,1,1.0
62,18,1,Direct,0.03152971426008929,0.03152971426008929,1,1.0
62,18,8,Direct,6.548120391432427,6.548120391432427,1,1.0
62,18,11,Direct,256.0,256.0,1,1.0
62,20,11,Direct,18.13312099822194,18.13312099822194,1,1.0
62,21,3,Direct,0.06594591762244585,0.06594591762244585,1,1.0
62,21,8,Direct,1.1943724017726929,1.1943724017726929,1,1.0
62,22,10,Direct,4.0967121819578605,4.0967121819578605,1,1.0
62,22,15,Direct,0.02517308042892614,0.02517308042892614,1,1.0
62,23,11,Direct,90.57284681977588,90.57284681977588,1,1.0
63,0,11,Direct,0.06323071089334519,0.06323071089334519,1,1.0
63,1,10,Direct,0.09209951800072096,0.09209951800072096,1,1.0
63,1,15,Direct,0.9749451736561934,0.9749451736561934,1,1.0
63,2,1,Direct,0.023071591462746083,0.023071591462746083,1,1.0
63,3,14,Direct,14.667356853460095,14.667356853460095,1,1.0
63,5,1,Direct,0.04556534218163162,0.04556534218163162,1,1.0
63,5,9,Direct,0.0945874282748803,0.0945874282748803,1,1.0
63,6,9,Direct,0.059592194181966006,0.059592194181966006,1,1.0
63,6,14,Direct,0.09107766955805001,0.09107766955805001,1,1.0
63,7,5,Direct,0.11643660866098858,0.11643660866098858,1,1.0
63,7,7,Direct,8.723562918840408,8.723562918840408,1,1.0
63,8,4,Direct,0.38903761579900203,0.38903761579900203,1,1.0
63,8,14,Direct,0.2733554785677023,0.2733554785677023,1,1.0
63,11,6,Direct,14.014670255468612,14.014670255468612,1,1.0
63,11,14,Direct,0.8098110258208783,0.8098110258208783,1,1.0
63,12,0,Direct,0.011248913770276916,0.011248913770276916,1,1.0
63,12,7,Direct,6.659862248266977,6.659862248266977,1,1.0
63,12,11,Direct,2.6880687033102806,2.6880687033102806,1,1.0
63,13,9,Direct,3.276504379811628,3.276504379811628,1,1.0
63,14,0,Direct,12.409153219428477,12.409153219428477,1,1.0
63,14,10,Direct,120.68953019558428,120.68953019558428,1,1.0
63,14,15,Direct,0.01817357904538899,0.01817357904538899,1,1.0
63,15,7,Direct,0.024275931176215876,0.024275931176215876,1,1.0
63,16,6,Direct,1.957071563707938,1.957071563707938,1,1.0
63,17,15,Direct,5.8430324075735856,5.8430324075735856,1,1.0
63,19,4,Direct,1.5253780913923862,1.5253780913923862,1,1.0
63,20,1,Direct,1.5548380708925598,1.5548380708925598,1,1.0
63,20,3,Direct,6.54821683432306,6.54821683432306,1,1.0
63,20,8,Direct,15.673468265923338,15.673468265923338,1,1.0
63,20,10,Direct,0.17124400849682472,0.17124400849682472,1,1.0
63,20,11,Direct,0.6584661908572419,0.6584661908572419,1,1.0
63,21,7,Direct,28.538606674198626,28.538606674198626,1,1.0
63,21,10,Direct,0.019439024796863855,0.019439024796863855,1,1.0
63,22,15,Direct,0.052486014852038285,0.052486014852038285,1,1.0
63,23,2,Direct,4.251945119202784,4.251945119202784,1,1.0
64,1,6,Direct,0.05600783108914975,0.05600783108914975,1,1.0
64,1,8,Direct,0.1665844959801698,0.1665844959801698,1,1.0
64,1,15,Direct,2.103724775075865,2.103724775075865,1,1.0
64,3,3,Direct,3.200334404924399,3.200334404924399,1,1.0
64,3,13,Direct,22.675026098302837,22.675026098302837,1,1.0
64,4,8,Direct,3.247851387731726,3.247851387731726,1,1.0
64,6,7,Direct,3.1333342696088806,3.1333342696088806,1,1.0
64,6,15,Direct,0.07853552009792077,0.07853552009792077,1,1.0
64,9,12,Direct,0.16491571794261375,0.16491571794261375,1,1.0
64,9,15,Direct,0.010957507337960722,0.010957507337960722,1,1.0
64,11,9,Direct,1.1034942139861315,1.1034942139861315,1,1.0
64,11,12,ViaRelay,114.79031793031545,114.79031793031545,1,1.0
64,12,6,Direct,0.03355446460821448,0.03355446460821448,1,1.0
64,12,10,Direct,0.03810657334750864,0.03810657334750864,1,1.0
64,12,11,Direct,6.527826992027684,6.527826992027684,1,1.0
64,13,3,Direct,0.03540977290077775,0.03540977290077775,1,1.0
64,13,10,Direct,0.7333742377529535,0.7333742377529535,1,1.0
64,13,11,Direct,0.052822557494497206,0.052822557494497206,1,1.0
64,14,3,Direct,0.5468267910940646,0.5468267910940646,1,1.0
64,14,4,Direct,0.1047689849189152,0.1047689849189152,1,1.0
64,14,7,Direct,7.806783621345444,7.806783621345444,1,1.0
64,15,10,Direct,6.602879154953973,6.602879154953973,1,1.0
64,16,1,Direct,0.02438973186189735,0.02438973186189735,1,1.0
64,17,5,Direct,14.58301008614702,14.58301008614702,1,1.0
64,17,13,Direct,0.017460762541344495,0.017460762541344495,1,1.0
64,18,6,Direct,0.018932263398411812,0.018932263398411812,1,1.0
64,19,4,Direct,33.221208754780704,33.221208754780704,1,1.0
64,19,11,ViaRelay,235.5923626471383,235.5923626471383,1,1.0
64,19,15,Direct,1.6452798821563317,1.6452798821563317,1,1.0
64,20,12,Direct,0.8023569386569128,0.8023569386569128,1,1.0
64,20,13,Direct,0.037592381173750584,0.037592381173750584,1,1.0
64,20,15,Direct,0.030424876545122482,0.030424876545122482,1,1.0
64,22,8,Direct,0.27466694009760495,0.27466694009760495,1,1.0
64,22,10,Direct,0.4229066154628557,0.4229066154628557,1,1.0
64,22,12,Direct,0.6259000424278595,0.6259000424278595,1,1.0
64,22,13,Direct,6.715991449311298,6.715991449311298,1,1.0
64,23,5,Direct,45.09799350402703,45.09799350402703,1,1.0
64,23,6,Direct,23.334797386196104,23.334797386196104,1,1.0
64,23,7,Direct,0.19313046654299945,0.19313046654299945,1,1.0
64,23,15,Direct,17.456740486816678,17.456740486816678,1,1.0
65,0,14,Direct,0.052681125775954435,0.052681125775954435,1,1.0
65,1,4,Direct,0.023738913314537508,0.023738913314537508,1,1.0
65,2,11,Direct,15.654264271540326,15.654264271540326,1,1.0
65,3,8,Direct,0.052521332361818863,0.052521332361818863,1,1.0
65,3,12,Direct,25.068602431099624,25.068602431099624,1,1.0
65,4,4,Direct,0.021812435058904626,0.021812435058904626,1,1.0
65,4,11,Direct,0.6681210533677333,0.6681210533677333,1,1.0
65,6,6,Direct,0.5160321708552077,0.5160321708552077,1,1.0
65,8,6,Direct,0.03714564203001642,0.03714564203001642,1,1.0
65,8,8,Direct,10.320468410977417,10.320468410977417,1,1.0
65,11,11,Direct,61.580575618066014,61.580575618066014,1,1.0
65,13,4,Direct,0.13845351934221883,0.13845351934221883,1,1.0
65,14,0,Direct,0.24381434033661892,0.24381434033661892,1,1.0
65,14,8,Direct,6.780963154161236,6.780963154161236,1,1.0
65,15,11,Direct,0.7655393593692827,0.7655393593692827,1,1.0
65,18,2,Direct,0.0560474293826268,0.0560474293826268,1,1.0
65,19,12,Direct,0.20989733484679576,0.20989733484679576,1,1.0
65,20,11,Direct,0.03952600413976225,0.03952600413976225,1,1.0
65,21,4,Direct,70.82552206360566,70.82552206360566,1,1.0
65,21,8,Direct,8.608283003884544,8.608283003884544,1,1.0
65,21,12,Direct,0.1309528042598848,0.1309528042598848,1,1.0
65,22,4,Direct,0.4127158717359559,0.4127158717359559,1,1.0
65,23,2,Direct,0.008712072998466209,0.008712072998466209,1,1.0
66,0,1,Direct,0.13870254405749533,0.13870254405749533,1,1.0
66,0,10,Direct,0.03226600766840113,0.03226600766840113,1,1.0
66,0,13,Direct,0.010056737944041718,0.010056737944041718,1,1.0
66,0,15,Direct,0.05658917310426285,0.05658917310426285,1,1.0
66,1,14,Direct,0.01567078768865004,0.01567078768865004,1,1.0
66,2,13,Direct,0.011765397267937142,0.011765397267937142,1,1.0
66,2,14,Direct,0.07483165324412357,0.07483165324412357,1,1.0
66,3,5,Direct,3.5110790746652385,3.5110790746652385,1,1.0
66,3,8,Direct,47.964139784542816,47.964139784542816,1,1.0
66,3,13,Direct,0.06083289038233551,0.06083289038233551,1,1.0
66,4,11,Direct,256.0,256.0,1,1.0
66,5,3,Direct,3.402220132307136,3.402220132307136,1,1.0
66,5,4,Direct,0.45093778143379654,0.45093778143379654,1,1.0
66,5,10,Direct,0.025747714274342075,0.025747714274342075,1,1.0
66,6,2,Direct,1.7037373777304634,1.7037373777304634,1,1.0
66,6,8,Direct,0.10863707694995771,0.10863707694995771,1,1.0
66,7,5,Direct,30.670551206480624,30.670551206480624,1,1.0
66,7,10,Direct,0.09331684671411714,0.09331684671411714,1,1.0
66,8,8,Direct,34.856379717830876,34.856379717830876,1,1.0
66,9,0,Direct,0.13032367060460798,0.13032367060460798,1,1.0
66,10,1,Direct,1.514587054610946,1.514587054610946,1,1.0
66,10,3,Direct,0.06501155159598916,0.06501155159598916,1,1.0
66,11,4,Direct,0.06038114046162433,0.06038114046162433,1,1.0
66,11,8,Direct,0.14368395869528713,0.14368395869528713,1,1.0
66,11,10,Direct,0.16172710190172748,0.16172710190172748,1,1.0
66,11,15,Direct,0.18736376182898828,0.18736376182898828,1,1.0
66,12,1,Direct,0.02262037888611268,0.02262037888611268,1,1.0
66,12,14,Direct,60.02460679029495,60.02460679029495,1,1.0
66,13,5,Direct,0.048877670025778294,0.048877670025778294,1,1.0
66,13,10,Direct,0.6264310262871935,0.6264310262871935,1,1.0
66,17,8,Direct,7.827334211141007,7.827334211141007,1,1.0
66,18,1,Direct,23.092732335028888,23.092732335028888,1,1.0
66,19,1,Direct,0.022317251243868783,0.022317251243868783,1,1.0
66,19,3,Direct,2.579703768072757,2.579703768072757,1,1.0
66,20,0,Direct,6.071128977313389,6.071128977313389,1,1.0
66,20,11,Direct,10.095029195205928,10.095029195205928,1,1.0
66,20,15,Direct,0.9811011790908318,0.9811011790908318,1,1.0
66,21,1,Direct,0.963306530588403,0.963306530588403,1,1.0
66,21,15,Direct,0.38395618363606343,0.38395618363606343,1,1.0
66,22,0,Direct,0.024777407659850748,0.024777407659850748,1,1.0
66,22,12,Direct,0.1578875082569481,0.1578875082569481,1,1.0
66,22,14,Direct,0.03213415276617458,0.03213415276617458,1,1.0
66,23,1,Direct,2.2346409308130326,2.2346409308130326,1,1.0
67,1,3,Direct,0.015240254612973916,0.015240254612973916,1,1.0
67,1,7,Direct,0.2749816532019102,0.2749816532019102,1,1.0
67,2,5,Direct,0.03161244862761157,0.03161244862761157,1,1.0
67,3,1,Direct,0.5695782802526534,0.5695782802526534,1,1.0
67,3,2,Direct,0.081929435603936,0.081929435603936,1,1.0
67,3,6,Direct,0.04225171904552144,0.04225171904552144,1,1.0
67,4,3,Direct,10.860733787941786,10.860733787941786,1,1.0
67,5,0,Direct,0.059650391060074665,0.059650391060074665,1,1.0
67,5,2,Direct,1.2670201197106392,1.2670201197106392,1,1.0
67,5,9,Direct,0.03391729993295461,0.03391729993295461,1,1.0
67,6,2,Direct,0.13572877312174814,0.13572877312174814,1,1.0
67,7,12,Direct,21.74748627245884,21.74748627245884,1,1.0
67,8,4,Direct,0.30356111480759995,0.30356111480759995,1,1.0
67,8,6,Direct,17.179500489078027,17.179500489078027,1,1.0
67,8,9,Direct,2.852941162612848,2.852941162612848,1,1.0
67,8,13,Direct,24.24498332323802,24.24498332323802,1,1.0
67,10,3,Direct,1.5253086724584852,1.5253086724584852,1,1.0
67,10,6,Direct,9.28380385957215,9.28380385957215,1,1.0
67,10,7,Direct,3.572652538988184,3.572652538988184,1,1.0
67,11,13,Direct,0.015498374922088035,0.015498374922088035,1,1.0
67,13,4,Direct,13.880614613748959,13.880614613748959,1,1.0
67,14,1,Direct,0.010477807083400702,0.010477807083400702,1,1.0
67,16,13,Direct,1.0827106848297179,1.0827106848297179,1,1.0
67,17,4,Direct,0.24836578145534527,0.24836578145534527,1,1.0
67,18,0,Direct,0.6001890102415087,0.6001890102415087,1,1.0
67,18,1,Direct,0.07454554360584523,0.07454554360584523,1,1.0
67,18,5,Direct,0.018159966823111752,0.018159966823111752,1,1.0
67,19,1,Direct,0.046403085688210784,0.046403085688210784,1,1.0
67,20,2,Direct,0.02169201774047935,0.02169201774047935,1,1.0
67,20,3,Direct,0.12925008670752952,0.12925008670752952,1,1.0
67,21,1,Direct,0.02849606026721044,0.02849606026721044,1,1.0
67,21,3,Direct,14.699052543079874,14.699052543079874,1,1.0
67,21,12,Direct,256.0,256.0,1,1.0
67,22,0,Direct,0.24290411768959655,0.24290411768959655,1,1.0
67,22,3,Direct,0.1013416629427139,0.1013416629427139,1,1.0
67,22,4,Direct,0.020324601734799295,0.020324601734799295,1,1.0
67,22,5,Direct,2.7557063132320794,2.7557063132320794,1,1.0
67,22,13,Direct,0.0623193634665872,0.0623193634665872,1,1.0
67,23,7,Direct,0.0420952005602524,0.0420952005602524,1,1.0
68,1,5,Direct,0.06423215428724695,0.06423215428724695,1,1.0
68,2,5,Direct,4.768914800893837,4.768914800893837,1,1.0
68,3,2,Direct,0.710981226411427,0.710981226411427,1,1.0
68,3,3,Direct,0.011680941215307564,0.011680941215307564,1,1.0
68,4,7,Direct,33.22215471284636,33.22215471284636,1,1.0
68,4,9,Direct,1.6109588453745451,1.6109588453745451,1,1.0
68,5,0,Direct,0.16071717964914342,0.16071717964914342,1,1.0
68,5,1,Direct,0.04179566745063461,0.04179566745063461,1,1.0
68,6,2,Direct,0.008738729490622677,0.008738729490622677,1,1.0
68,6,9,Direct,0.01724789993304063,0.01724789993304063,1,1.0
68,6,10,Direct,107.17605414671928,107.17605414671928,1,1.0
68,7,7,Direct,3.4851188769926287,3.4851188769926287,1,1.0
68,7,12,Direct,256.0,256.0,1,1.0
68,7,15,Direct,0.014081405068065624,0.014081405068065624,1,1.0
68,8,0,Direct,0.4229692698875043,0.4229692698875043,1,1.0
68,8,6,Direct,0.08158886210846353,0.08158886210846353,1,1.0
68,9,15,Direct,1.9164909009006514,1.9164909009006514,1,1.0
68,10,10,Direct,0.3511033091195746,0.3511033091195746,1,1.0
68,10,13,Direct,0.03616660227566152,0.03616660227566152,1,1.0
68,11,2,Direct,0.5957997446212244,0.5957997446212244,1,1.0
68,11,5,Direct,0.042672247146288055,0.042672247146288055,1,1.0
68,11,15,Direct,6.293046768200266,6.293046768200266,1,1.0
68,12,6,Direct,0.345516928883601,0.345516928883601,1,1.0
68,12,10,Direct,0.1262048450822326,0.1262048450822326,1,1.0
68,12,13,Direct,0.008135533932637436,0.008135533932637436,1,1.0
68,13,3,Direct,0.9056467386019993,0.9056467386019993,1,1.0
68,14,7,Direct,0.026761823403505042,0.026761823403505042,1,1.0
68,15,6,Direct,14.486147241779248,14.486147241779248,1,1.0
68,16,9,Direct,2.6743330886668155,2.6743330886668155,1,1.0
68,17,2,Direct,6.765685699796986,6.765685699796986,1,1.0
68,17,6,Direct,8.827311211463957,8.827311211463957,1,1.0
68,18,1,Direct,0.03422716799572012,0.03422716799572012,1,1.0
68,18,3,Direct,0.023517557678354853,0.023517557678354853,1,1.0
68,18,14,Direct,0.3172309113943755,0.3172309113943755,1,1.0
68,19,3,Direct,0.08434025811177959,0.08434025811177959,1,1.0
68,21,0,Direct,0.11349001714875954,0.11349001714875954,1,1.0
68,21,14,Direct,1.742938209848428,1.742938209848428,1,1.0
68,22,10,Direct,53.58363396511256,53.58363396511256,1,1.0
68,23,7,Direct,0.021736033143363014,0.021736033143363014,1,1.0
68,23,9,Direct,0.04402309818418759,0.04402309818418759,1,1.0
68,23,12,Direct,34.57200613039113,34.57200613039113,1,1.0
69,0,8,Direct,0.1125325979375371,0.1125325979375371,1,1.0
69,0,10,Direct,84.16283889387532,84.16283889387532,1,1.0
69,0,11,Direct,11.991879849408956,11.991879849408956,1,1.0
69,3,11,Direct,0.393727346641692,0.393727346641692,1,1.0
69,5,13,Direct,0.018370917482329774,0.018370917482329774,1,1.0
69,7,10,Direct,15.736596322372234,15.736596322372234,1,1.0
69,7,13,Direct,0.5736966007926444,0.5736966007926444,1,1.0
69,9,8,Direct,0.011907334159268135,0.011907334159268135,1,1.0
69,9,14,Direct,40.50344760918344,40.50344760918344,1,1.0
69,10,9,Direct,0.007207538532987922,0.007207538532987922,1,1.0
69,11,13,Direct,1.9853740313544623,1.9853740313544623,1,1.0
69,13,14,Direct,0.45933927937694985,0.45933927937694985,1,1.0
69,15,6,Direct,0.14929385115408972,0.14929385115408972,1,1.0
69,15,9,Direct,40.646018223422274,40.646018223422274,1,1.0
69,16,3,Direct,1.1653599477206984,1.1653599477206984,1,1.0
69,16,13,Direct,0.05046712444820156,0.05046712444820156,1,1.0
69,17,1,Direct,0.025808919721904983,0.025808919721904983,1,1.0
69,17,3,Direct,4.043158954192735,4.043158954192735,1,1.0
69,18,9,Direct,0.1967830819741375,0.1967830819741375,1,1.0
69,20,4,Direct,10.970604838093609,10.970604838093609,1,1.0
69,20,13,Direct,0.028594994744915895,0.028594994744915895,1,1.0
69,21,14,Direct,0.09550899289561787,0.09550899289561787,1,1.0
69,22,1,Direct,5.345289508306372,5.345289508306372,1,1.0
69,22,8,Direct,10.338748646678264,10.338748646678264,1,1.0
69,22,9,Direct,2.679739260695762,2.679739260695762,1,1.0
69,22,11,Direct,256.0,256.0,1,1.0
69,23,8,Direct,0.034030620689497665,0.034030620689497665,1,1.0
70,0,2,Direct,0.00938756630764947,0.00938756630764947,1,1.0
70,0,11,Direct,21.46263688587946,21.46263688587946,1,1.0
70,0,14,Direct,69.63556962692208,69.63556962692208,1,1.0
70,1,2,Direct,0.02796881875796454,0.02796881875796454,1,1.0
70,1,12,Direct,0.23069185189336197,0.23069185189336197,1,1.0
70,1,13,Direct,0.007744885518678414,0.007744885518678414,1,1.0
70,2,0,Direct,0.025903206904209764,0.025903206904209764,1,1.0
70,2,2,Direct,2.4548910201082124,2.4548910201082124,1,1.0
70,2,4,Direct,0.015764429950044283,0.015764429950044283,1,1.0
70,2,7,Direct,0.13388208008450267,0.13388208008450267,1,1.0
70,2,11,Direct,30.105417992150343,30.105417992150343,1,1.0
70,2,15,Direct,0.251873570152632,0.251873570152632,1,1.0
70,3,4,Direct,0.10420604894861564,0.10420604894861564,1,1.0
70,4,3,Direct,4.631770771707564,4.631770771707564,1,1.0
70,5,2,Direct,16.35746322436144,16.35746322436144,1,1.0
70,5,6,Direct,10.869893114715573,10.869893114715573,1,1.0
70,6,8,Direct,0.024785552206979013,0.024785552206979013,1,1.0
70,6,12,Direct,209.07375104698872,209.07375104698872,1,1.0
70,7,2,Direct,0.023016715747447434,0.023016715747447434,1,1.0
70,7,15,Direct,0.012321787544911833,0.012321787544911833,1,1.0
70,8,4,Direct,14.052274669425206,14.052274669425206,1,1.0
70,9,8,Direct,8.831773855816055,8.831773855816055,1,1.0
70,9,11,Direct,59.63808430109425,59.63808430109425,1,1.0
70,10,12,Direct,256.0,256.0,1,1.0
70,10,15,Direct,0.1145601283242399,0.1145601283242399,1,1.0
70,11,5,Direct,12.325979620107395,12.325979620107395,1,1.0
70,12,7,Direct,0.0444789275127016,0.0444789275127016,1,1.0
70,12,9,Direct,0.20528818281094943,0.20528818281094943,1,1.0
70,12,12,Direct,9.683351884006301,9.683351884006301,1,1.0
70,13,5,Direct,10.925856140313972,10.925856140313972,1,1.0
70,13,7,Direct,0.06032860341392075,0.06032860341392075,1,1.0
70,13,11,Direct,43.34419869790966,43.34419869790966,1,1.0
70,15,8,Direct,0.09603355652905468,0.09603355652905468,1,1.0
70,15,10,Direct,0.10169913319590157,0.10169913319590157,1,1.0
70,15,11,Direct,3.6083873518165914,3.6083873518165914,1,1.0
70,15,15,Direct,0.36385996386420716,0.36385996386420716,1,1.0
70,16,11,Direct,0.08706314268445377,0.08706314268445377,1,1.0
70,17,5,Direct,5.432122166127144,5.432122166127144,1,1.0
70,17,7,Direct,21.199748072623144,21.199748072623144,1,1.0
70,17,9,Direct,13.006083299850607,13.006083299850607,1,1.0
70,17,14,Direct,13.387382446496735,13.387382446496735,1,1.0
70,18,1,Direct,0.031301009084308676,0.031301009084308676,1,1.0
70,18,6,Direct,0.03237161905940939,0.03237161905940939,1,1.0
70,19,15,Direct,0.09402331885411526,0.09402331885411526,1,1.0
70,20,11,Direct,28.036638975283584,28.036638975283584,1,1.0
70,21,4,Direct,0.025496191630578695,0.025496191630578695,1,1.0
70,21,5,Direct,0.05916023524665045,0.05916023524665045,1,1.0
70,21,12,Direct,52.19472091687586,52.19472091687586,1,1.0
70,22,7,Direct,0.0321491456526492,0.0321491456526492,1,1.0
70,22,15,Direct,2.171798302147621,2.171798302147621,1,1.0
70,23,0,Direct,0.11708377749270124,0.11708377749270124,1,1.0
70,23,7,Direct,0.0788443468779933,0.0788443468779933,1,1.0
71,0,5,Direct,0.4477231636793832,0.4477231636793832,1,1.0
71,0,12,Direct,13.978210336048575,13.978210336048575,1,1.0
71,0,13,Direct,16.21920653408519,16.21920653408519,1,1.0
71,1,9,Direct,0.011083498506735885,0.011083498506735885,1,1.0
71,1,13,Direct,0.4730111288800504,0.4730111288800504,1,1.0
71,2,7,Direct,30.840385564446596,30.840385564446596,1,1.0
71,3,4,Direct,1.1220022999014716,1.1220022999014716,1,1.0
71,3,7,Direct,20.501744157240505,20.501744157240505,1,1.0
71,4,9,Direct,0.8124351952427549,0.8124351952427549,1,1.0
71,4,15,Direct,0.45518376744509315,0.45518376744509315,1,1.0
71,5,1,Direct,0.0831797288245512,0.0831797288245512,1,1.0
71,5,12,Direct,0.3991968503639813,0.3991968503639813,1,1.0
71,6,5,Direct,35.88103650984375,35.88103650984375,1,1.0
71,6,8,Direct,0.8310062138319434,0.8310062138319434,1,1.0
71,6,13,Direct,0.02430333142875763,0.02430333142875763,1,1.0
71,7,3,Direct,0.018297584411146785,0.018297584411146785,1,1.0
71,8,5,Direct,0.0754808482273822,0.0754808482273822,1,1.0
71,8,6,Direct,5.117121501724216,5.117121501724216,1,1.0
71,9,3,ViaRelay,12.944533635800465,12.944533635800465,1,1.0
71,10,3,ViaRelay,77.50444671724505,77.50444671724505,1,1.0
71,10,4,Direct,0.06301074381852359,0.06301074381852359,1,1.0
71,10,6,Direct,1.3298360975177945,1.3298360975177945,1,1.0
71,10,9,Direct,1.0100090375617778,1.0100090375617778,1,1.0
71,11,6,Direct,15.624205783384864,15.624205783384864,1,1.0
71,11,7,Direct,0.08042969902881798,0.08042969902881798,1,1.0
71,12,12,ViaRelay,251.15926505989384,251.15926505989384,1,1.0
71,13,5,Direct,53.72570619653257,53.72570619653257,1,1.0
71,13,8,Direct,0.6813027297666715,0.6813027297666715,1,1.0
71,13,12,ViaRelay,146.820565869613,146.820565869613,1,1.0
71,13,14,Direct,0.07330806016251873,0.07330806016251873,1,1.0
71,14,14,Direct,12.59029265525268,12.59029265525268,1,1.0
71,15,1,Direct,0.025165043543799163,0.025165043543799163,1,1.0
71,15,5,Direct,4.3639846604479695,4.3639846604479695,1,1.0
71,16,0,Direct,0.016433578753074995,0.016433578753074995,1,1.0
71,16,7,Direct,54.15697435156278,54.15697435156278,1,1.0
71,16,11,Direct,256.0,256.0,1,1.0
71,16,13,Direct,0.012647215138463641,0.012647215138463641,1,1.0
71,19,3,Direct,0.017719082847952577,0.017719082847952577,1,1.0
71,19,7,Direct,12.512182617030756,12.512182617030756,1,1.0
71,20,1,Direct,12.896094505583086,12.896094505583086,1,1.0
71,20,5,Direct,14.549345126829692,14.549345126829692,1,1.0
71,20,6,Direct,1.221208330296638,1.221208330296638,1,1.0
71,20,15,Direct,7.490749179878627,7.490749179878627,1,1.0
71,21,3,Direct,0.01564927743812829,0.01564927743812829,1,1.0
71,21,5,Direct,1.3752907673289212,1.3752907673289212,1,1.0
71,21,9,Direct,0.061238765932675625,0.061238765932675625,1,1.0
71,21,11,Direct,0.04372580416382156,0.04372580416382156,1,1.0
72,2,2,Direct,3.409507390853263,3.409507390853263,1,1.0
72,2,6,Direct,0.4794379532559079,0.4794379532559079,1,1.0
72,2,9,Direct,0.013752792809423193,0.013752792809423193,1,1.0
72,2,14,Direct,1.3508498407804463,1.3508498407804463,1,1.0
72,3,5,Direct,17.968263035069302,17.968263035069302,1,1.0
72,3,7,Direct,4.142916693814205,4.142916693814205,1,1.0
72,4,11,Direct,0.09692582630298471,0.09692582630298471,1,1.0
72,6,11,Direct,0.12379796006286405,0.12379796006286405,1,1.0
72,6,14,Direct,0.012685293163648815,0.012685293163648815,1,1.0
72,7,0,Direct,0.06366634054396494,0.06366634054396494,1,1.0
72,7,6,Direct,7.374250262228148,7.374250262228148,1,1.0
72,7,7,Direct,31.524621428798763,31.524621428798763,1,1.0
72,7,11,Direct,41.7730747624295,41.7730747624295,1,1.0
72,8,0,Direct,0.1000479170605338,0.1000479170605338,1,1.0
72,8,3,Direct,0.19740351957201013,0.19740351957201013,1,1.0
72,9,6,Direct,11.974493114695914,11.974493114695914,1,1.0
72,9,14,Direct,0.0746314745269364,0.0746314745269364,1,1.0
72,10,0,Direct,0.012203438664170545,0.012203438664170545,1,1.0
72,11,6,Direct,0.014485627699458194,0.014485627699458194,1,1.0
72,12,4,Direct,1.105982212845091,1.105982212845091,1,1.0
72,12,9,Direct,1.2040626554060412,1.2040626554060412,1,1.0
72,12,15,Direct,0.8179023976165898,0.8179023976165898,1,1.0
72,13,11,Direct,11.345234664123966,11.345234664123966,1,1.0
72,14,4,Direct,1.2347593072790124,1.2347593072790124,1,1.0
72,14,9,Direct,0.014737527634017715,0.014737527634017715,1,1.0
72,15,1,Direct,0.03283941239808461,0.03283941239808461,1,1.0
72,15,7,Direct,0.0963932123287505,0.0963932123287505,1,1.0
72,15,9,Direct,0.0553993817292029,0.0553993817292029,1,1.0
72,15,15,Direct,0.03745689374627866,0.03745689374627866,1,1.0
72,16,0,Direct,1.1128626645786153,1.1128626645786153,1,1.0
72,16,11,Direct,256.0,256.0,1,1.0
72,17,0,Direct,0.018980648883597392,0.018980648883597392,1,1.0
72,18,6,Direct,23.462175839188937,23.462175839188937,1,1.0
72,18,7,Direct,0.06349440356871781,0.06349440356871781,1,1.0
72,19,1,Direct,0.033032971138151346,0.033032971138151346,1,1.0
72,19,2,Direct,0.015749956305302765,0.015749956305302765,1,1.0
72,19,5,Direct,11.920841695161867,11.920841695161867,1,1.0
72,19,7,Direct,70.57639410586224,70.57639410586224,1,1.0
72,20,2,Direct,0.39882597653289775,0.39882597653289775,1,1.0
72,20,7,Direct,0.023913977944137087,0.023913977944137087,1,1.0
72,20,8,Direct,20.914831234465012,20.914831234465012,1,1.0
72,21,1,Direct,0.8412811183026742,0.8412811183026742,1,1.0
72,21,8,Direct,13.569688624987386,13.569688624987386,1,1.0
72,21,11,Direct,49.579958366427725,49.579958366427725,1,1.0
72,22,1,Direct,13.465907030561658,13.465907030561658,1,1.0
72,23,0,Direct,3.083374355403756,3.083374355403756,1,1.0
72,23,7,Direct,43.761087631870566,43.761087631870566,1,1.0
73,0,1,Direct,2.657608050191065,2.657608050191065,1,1.0
73,0,6,Direct,0.016532406799301104,0.016532406799301104,1,1.0
73,0,7,Direct,12.197182420314507,12.197182420314507,1,1.0
73,1,4,Direct,0.06274627534606984,0.06274627534606984,1,1.0
73,1,8,Direct,0.019759613983267015,0.019759613983267015,1,1.0
73,1,9,Direct,5.657883893830268,5.657883893830268,1,1.0
73,2,0,Direct,10.78818343027004,10.78818343027004,1,1.0
73,2,7,Direct,0.02555185553707687,0.02555185553707687,1,1.0
73,3,6,Direct,1.2239472504865965,1.2239472504865965,1,1.0
73,4,0,Direct,5.29604270017978,5.29604270017978,1,1.0
73,4,6,Direct,0.13720747490988486,0.13720747490988486,1,1.0
73,4,11,Direct,0.06901737667226651,0.06901737667226651,1,1.0
73,6,6,Direct,0.14520673144193827,0.14520673144193827,1,1.0
73,6,7,Direct,18.64698946393776,18.64698946393776,1,1.0
73,6,8,Direct,2.2362201628566374,2.2362201628566374,1,1.0
73,7,0,Direct,9.391128164521298,9.391128164521298,1,1.0
73,7,1,Direct,0.018021345960082907,0.018021345960082907,1,1.0
73,7,7,Direct,0.03135386356906206,0.03135386356906206,1,1.0
73,7,8,Direct,0.08428921109665113,0.08428921109665113,1,1.0
73,7,9,Direct,5.138203173178893,5.138203173178893,1,1.0
73,8,5,Direct,0.07414421656221903,0.07414421656221903,1,1.0
73,8,8,Direct,14.287834951661832,14.287834951661832,1,1.0
73,9,0,Direct,20.618537085448782,20.618537085448782,1,1.0
73,9,5,Direct,42.452428059787486,42.452428059787486,1,1.0
73,10,4,Direct,82.75810649711819,82.75810649711819,1,1.0
73,10,8,Direct,13.853919614496204,13.853919614496204,1,1.0
73,11,0,Direct,0.11102371582124776,0.11102371582124776,1,1.0
73,12,0,ViaRelay,84.6392084406441,84.6392084406441,1,1.0
73,13,5,Direct,0.15396910464576793,0.15396910464576793,1,1.0
73,13,7,Direct,0.01670260260990844,0.01670260260990844,1,1.0
73,13,14,Direct,26.56515623560589,26.56515623560589,1,1.0
73,14,11,ViaRelay,35.435396722736165,35.435396722736165,1,1.0
73,15,0,Direct,8.088268496040248,8.088268496040248,1,1.0
73,15,12,Direct,111.65523807150274,111.65523807150274,1,1.0
73,16,4,Direct,0.043039810850014404,0.043039810850014404,1,1.0
73,16,12,Direct,95.83311158907473,95.83311158907473,1,1.0
73,17,0,Direct,0.04781877832367365,0.04781877832367365,1,1.0
73,18,5,Direct,0.018653408204710363,0.018653408204710363,1,1.0
73,18,8,Direct,0.33493365999559704,0.33493365999559704,1,1.0
73,20,4,Direct,0.03700207122949451,0.03700207122949451,1,1.0
73,20,8,ViaRelay,28.287836285689927,28.287836285689927,1,1.0
73,21,4,Direct,2.8907961520058465,2.8907961520058465,1,1.0
73,21,8,Direct,17.391635856631645,17.391635856631645,1,1.0
73,21,12,Direct,159.87241232459948,159.87241232459948,1,1.0
73,22,4,ViaRelay,56.12719571419981,56.12719571419981,1,1.0
73,22,5,Direct,0.09035543481191656,0.09035543481191656,1,1.0
73,22,6,Direct,6.8367424810995905,6.8367424810995905,1,1.0
73,22,14,Direct,0.9351655284288525,0.9351655284288525,1,1.0
73,23,0,Direct,0.0292456016901921,0.0292456016901921,1,1.0
73,23,5,Direct,0.1320207063156453,0.1320207063156453,1,1.0
74,0,1,Direct,0.08183156021071614,0.08183156021071614,1,1.0
74,0,4,Direct,0.05570779290549859,0.05570779290549859,1,1.0
74,0,10,Direct,0.8611898834921236,0.8611898834921236,1,1.0
74,1,10,Direct,44.35200309684865,44.35200309684865,1,1.0
74,2,1,Direct,0.5764070455114592,0.5764070455114592,1,1.0
74,2,7,Direct,0.031717428816036564,0.031717428816036564,1,1.0
74,3,8,Direct,0.09891620364949401,0.09891620364949401,1,1.0
74,3,13,Direct,0.05762413340885584,0.05762413340885584,1,1.0
74,4,1,Direct,0.015502202930259343,0.015502202930259343,1,1.0
74,4,4,Direct,0.04060636668337796,0.04060636668337796,1,1.0
74,4,6,Direct,2.8343606499930516,2.8343606499930516,1,1.0
74,4,8,Direct,27.51320980749928,27.51320980749928,1,1.0
74,5,5,Direct,1.2428832965632186,1.2428832965632186,1,1.0
74,5,8,Direct,0.020191657517258956,0.020191657517258956,1,1.0
74,5,11,Direct,202.17191285430704,202.17191285430704,1,1.0
74,6,8,Direct,0.358593915077008,0.358593915077008,1,1.0
74,6,9,Direct,0.015195449928639516,0.015195449928639516,1,1.0
74,7,2,Direct,1.533494195085536,1.533494195085536,1,1.0
74,7,5,Direct,1.1529740379644686,1.1529740379644686,1,1.0
74,7,10,Direct,5.88124032321177,5.88124032321177,1,1.0
74,8,2,Direct,0.08200164353730095,0.08200164353730095,1,1.0
74,8,8,Direct,0.737223995817104,0.737223995817104,1,1.0
74,8,10,Direct,0.6456480728292593,0.6456480728292593,1,1.0
74,9,2,Direct,0.015571325636031903,0.015571325636031903,1,1.0
74,9,7,Direct,8.23288763835206,8.23288763835206,1,1.0
74,9,11,ViaRelay,198.0874020187518,198.0874020187518,1,1.0
74,10,6,Direct,0.15893876900142762,0.15893876900142762,1,1.0
74,11,1,Direct,24.735474700697146,24.735474700697146,1,1.0
74,11,9,Direct,0.2977086186840123,0.2977086186840123,1,1.0
74,12,2,Direct,22.611249826675177,22.611249826675177,1,1.0
74,13,2,Direct,0.30397317686594294,0.30397317686594294,1,1.0
74,13,10,Direct,0.03233886874410586,0.03233886874410586,1,1.0
74,13,11,Direct,0.08196481308931079,0.08196481308931079,1,1.0
74,14,11,Direct,0.1144295306448399,0.1144295306448399,1,1.0
74,16,2,Direct,8.015103295871713,8.015103295871713,1,1.0
74,17,5,Direct,0.9127730347924287,0.9127730347924287,1,1.0
74,17,6,Direct,0.2729176256840814,0.2729176256840814,1,1.0
74,18,9,Direct,2.527316588766034,2.527316588766034,1,1.0
74,18,11,Direct,0.6276999095022023,0.6276999095022023,1,1.0
74,19,5,Direct,0.022088924555274326,0.022088924555274326,1,1.0
74,20,1,Direct,3.9171050579867686,3.9171050579867686,1,1.0
74,20,8,Direct,0.04221120152884036,0.04221120152884036,1,1.0
74,21,6,Direct,7.062767415273611,7.062767415273611,1,1.0
74,21,8,Direct,0.015604241105640165,0.015604241105640165,1,1.0
74,23,4,Direct,0.08664592161739434,0.08664592161739434,1,1.0
74,23,12,Direct,81.51456974992463,81.51456974992463,1,1.0
75,0,12,Direct,24.446295595489254,24.446295595489254,1,1.0
75,1,3,Direct,8.757146381712541,8.757146381712541,1,1.0
75,2,2,Direct,0.036802766653576395,0.036802766653576395,1,1.0
75,2,3,Direct,0.011694120867624662,0.011694120867624662,1,1.0
75,2,6,Direct,31.413124543028303,31.413124543028303,1,1.0
75,2,11,Direct,0.5185737177902893,0.5185737177902893,1,1.0
75,3,14,Direct,0.12177895909649233,0.12177895909649233,1,1.0
75,4,2,Direct,0.013078141118274135,0.013078141118274135,1,1.0
75,4,8,Direct,27.59095855211036,27.59095855211036,1,1.0
75,4,13,Direct,5.474075397262075,5.474075397262075,1,1.0
75,5,0,Direct,0.029210536463293614,0.029210536463293614,1,1.0
75,5,10,Direct,105.84916642806347,105.84916642806347,1,1.0
75,5,14,Direct,10.279400423819446,10.279400423819446,1,1.0
75,6,12,Direct,21.822702853217532,21.822702853217532,1,1.0
75,6,14,Direct,4.312630648792626,4.312630648792626,1,1.0
75,7,8,Direct,16.13468079194366,16.13468079194366,1,1.0
75,9,6,Direct,13.077460910729172,13.077460910729172,1,1.0
75,11,3,Direct,0.5032606521905215,0.5032606521905215,1,1.0
75,11,12,Direct,4.401532532339265,4.401532532339265,1,1.0
75,12,0,Direct,0.1502313329232346,0.1502313329232346,1,1.0
75,12,11,Direct,0.04053084708791709,0.04053084708791709,1,1.0
75,12,12,Direct,0.4150975387461608,0.4150975387461608,1,1.0
75,13,8,Direct,12.835210369095135,12.835210369095135,1,1.0
75,13,13,Direct,6.383152713916836,6.383152713916836,1,1.0
75,15,15,Direct,28.92549089810203,28.92549089810203,1,1.0
75,16,1,Direct,20.169566769779102,20.169566769779102,1,1.0
75,16,6,Direct,0.03609970953407363,0.03609970953407363,1,1.0
75,17,3,Direct,0.01564442761120666,0.01564442761120666,1,1.0
75,17,8,Direct,1.5980517901622608,1.5980517901622608,1,1.0
75,18,11,Direct,43.76079981696668,43.76079981696668,1,1.0
75,20,7,Direct,0.039393849443415785,0.039393849443415785,1,1.0
75,20,12,Direct,0.04620554539707386,0.04620554539707386,1,1.0
75,21,0,Direct,0.02041173873626496,0.02041173873626496,1,1.0
75,21,1,Direct,0.019111477678669584,0.019111477678669584,1,1.0
75,21,3,Direct,32.21015244163842,32.21015244163842,1,1.0
75,21,13,Direct,0.023125530072517424,0.023125530072517424,1,1.0
75,22,1,Direct,0.03533553364372546,0.03533553364372546,1,1.0
75,22,4,Direct,40.58607148232166,40.58607148232166,1,1.0
75,22,13,Direct,1.0780859316848102,1.0780859316848102,1,1.0
75,23,11,Direct,36.91873304495396,36.91873304495396,1,1.0
76,1,2,Direct,0.02513973405955121,0.02513973405955121,1,1.0
76,1,4,Direct,1.0972717489182822,1.0972717489182822,1,1.0
76,1,12,Direct,0.3752317051449463,0.3752317051449463,1,1.0
76,2,2,Direct,3.7476776469278805,3.7476776469278805,1,1.0
76,2,15,Direct,0.22421753530790622,0.22421753530790622,1,1.0
76,3,10,Direct,0.8207650791031693,0.8207650791031693,1,1.0
76,3,15,Direct,0.2899140588374457,0.2899140588374457,1,1.0
76,4,8,Direct,20.16986505177164,20.16986505177164,1,1.0
76,4,15,Direct,6.420538980960347,6.420538980960347,1,1.0
76,5,2,Direct,0.03330489304348543,0.03330489304348543,1,1.0
76,5,9,Direct,0.20802691581234942,0.20802691581234942,1,1.0
76,6,2,Direct,1.3055785574566365,1.3055785574566365,1,1.0
76,6,4,Direct,0.10210000937407968,0.10210000937407968,1,1.0
76,6,9,Direct,0.032751577343272394,0.032751577343272394,1,1.0
76,7,9,Direct,0.13161981160012684,0.13161981160012684,1,1.0
76,7,14,Direct,6.763290892297398,6.763290892297398,1,1.0
76,8,2,Direct,42.38462866256627,42.38462866256627,1,1.0
76,9,0,Direct,0.022820999247310864,0.022820999247310864,1,1.0
76,10,2,Direct,0.04285191798756094,0.04285191798756094,1,1.0
76,11,4,Direct,56.57375932932984,56.57375932932984,1,1.0
76,12,2,Direct,0.02231568622120384,0.02231568622120384,1,1.0
76,12,7,Direct,2.7128855442235156,2.7128855442235156,1,1.0
76,13,2,Direct,0.011166834787535338,0.011166834787535338,1,1.0
76,13,7,Direct,14.562273240397332,14.562273240397332,1,1.0
76,15,2,Direct,0.15433196836100221,0.15433196836100221,1,1.0
76,17,0,Direct,25.51615816713363,25.51615816713363,1,1.0
76,17,12,Direct,29.116032111346343,29.116032111346343,1,1.0
76,18,0,Direct,12.429076355034478,12.429076355034478,1,1.0
76,18,5,Direct,0.11787458186583431,0.11787458186583431,1,1.0
76,18,6,Direct,0.044135353276453154,0.044135353276453154,1,1.0
76,18,9,Direct,0.28726048854845293,0.28726048854845293,1,1.0
76,19,3,Direct,0.04203665811752005,0.04203665811752005,1,1.0
76,19,5,Direct,87.49580268515831,87.49580268515831,1,1.0
76,21,2,Direct,0.11709092861790697,0.11709092861790697,1,1.0
76,21,9,Direct,1.8474036831376188,1.8474036831376188,1,1.0
76,21,10,Direct,0.0677819285401282,0.0677819285401282,1,1.0
76,22,0,Direct,14.051553074927089,14.051553074927089,1,1.0
76,22,9,Direct,0.010454737483224523,0.010454737483224523,1,1.0
76,22,12,Direct,0.2145419866825189,0.2145419866825189,1,1.0
77,2,5,Direct,35.04741796771582,35.04741796771582,1,1.0
77,3,4,Direct,37.0942539304847,37.0942539304847,1,1.0
77,3,10,Direct,0.9241186164276782,0.9241186164276782,1,1.0
77,3,11,ViaRelay,2.2321850832618697,2.2321850832618697,1,1.0
77,4,4,Direct,88.96803233059642,88.96803233059642,1,1.0
77,5,7,Direct,4.132999028018762,4.132999028018762,1,1.0
77,5,11,Direct,6.551286065433059,6.551286065433059,1,1.0
77,5,13,Direct,0.01698344940147466,0.01698344940147466,1,1.0
77,6,5,Direct,0.9290866043852821,0.9290866043852821,1,1.0
77,6,12,Direct,256.0,256.0,1,1.0
77,7,10,Direct,0.04562874410260027,0.04562874410260027,1,1.0
77,8,10,Direct,55.60902073979679,55.60902073979679,1,1.0
77,8,11,Direct,0.04790280484363838,0.04790280484363838,1,1.0
77,8,15,Direct,2.6532315856012554,2.6532315856012554,1,1.0
77,9,4,Direct,1.3725123543760325,1.3725123543760325,1,1.0
77,9,13,Direct,9.99845495542311,9.99845495542311,1,1.0
77,9,14,Direct,0.5726078199960098,0.5726078199960098,1,1.0
77,10,5,Direct,8.07239705284921,8.07239705284921,1,1.0
77,11,11,Direct,41.42807860315444,41.42807860315444,1,1.0
77,11,14,Direct,0.719419540360945,0.719419540360945,1,1.0
77,12,13,Direct,0.018668928294750618,0.018668928294750618,1,1.0
77,12,14,Direct,2.6902243408578452,2.6902243408578452,1,1.0
77,12,15,Direct,0.011175981474312556,0.011175981474312556,1,1.0
77,14,13,Direct,1.3957658144161946,1.3957658144161946,1,1.0
77,15,4,Direct,0.020357841276117596,0.020357841276117596,1,1.0
77,15,11,ViaRelay,19.22347165532698,19.22347165532698,1,1.0
77,16,13,Direct,15.086049831853344,15.086049831853344,1,1.0
77,17,6,Direct,0.010267739693554942,0.010267739693554942,1,1.0
77,17,8,Direct,3.5400445663426607,3.5400445663426607,1,1.0
77,17,10,Direct,0.021064176059128664,0.021064176059128664,1,1.0
77,18,6,Direct,0.17812565737820776,0.17812565737820776,1,1.0
77,19,5,Direct,0.0390931357111829,0.0390931357111829,1,1.0
77,21,6,Direct,7.988268118427044,7.988268118427044,1,1.0
77,21,10,Direct,0.4421262978938589,0.4421262978938589,1,1.0
77,23,6,Direct,0.06015530072255829,0.06015530072255829,1,1.0
77,23,8,Direct,0.12897914491991083,0.12897914491991083,1,1.0
77,23,12,Direct,16.71493386439067,16.71493386439067,1,1.0
77,23,14,Direct,1.3635144431683401,1.3635144431683401,1,1.0
78,0,0,Direct,0.20803829092888942,0.20803829092888942,1,1.0
78,1,2,Direct,0.07036685943263309,0.07036685943263309,1,1.0
78,3,2,Direct,0.04568883626291379,0.04568883626291379,1,1.0
78,4,15,Direct,0.020633280251776107,0.020633280251776107,1,1.0
78,5,0,Direct,0.10967103988620114,0.10967103988620114,1,1.0
78,5,14,Direct,0.1791175692898227,0.1791175692898227,1,1.0
78,7,0,Direct,0.9922370226659503,0.9922370226659503,1,1.0
78,7,9,Direct,0.03599025193451213,0.03599025193451213,1,1.0
78,8,8,Direct,0.02226253000694604,0.02226253000694604,1,1.0
78,8,9,Direct,1.8567589881768984,1.8567589881768984,1,1.0
78,9,4,Direct,256.0,256.0,1,1.0
78,9,9,Direct,0.03773096157870659,0.03773096157870659,1,1.0
78,9,10,Direct,0.05102785936523466,0.05102785936523466,1,1.0
78,10,3,Direct,0.05193539209682675,0.05193539209682675,1,1.0
78,11,1,Direct,0.6695558841810171,0.6695558841810171,1,1.0
78,11,11,Direct,1.5445957405105943,1.5445957405105943,1,1.0
78,12,3,Direct,3.2624844597299107,3.2624844597299107,1,1.0
78,13,3,Direct,0.020542304622721334,0.020542304622721334,1,1.0
78,13,10,Direct,256.0,256.0,1,1.0
78,13,14,Direct,0.03420607756267655,0.03420607756267655,1,1.0
78,14,4,Direct,0.48189412901453105,0.48189412901453105,1,1.0
78,15,3,Direct,0.009309341653260925,0.009309341653260925,1,1.0
78,15,15,Direct,15.739898417192537,15.739898417192537,1,1.0
78,16,13,Direct,0.03886076779685431,0.03886076779685431,1,1.0
78,16,15,Direct,11.064194511862455,11.064194511862455,1,1.0
78,17,10,Direct,4.232722533438692,4.232722533438692,1,1.0
78,18,0,Direct,6.94295319732732,6.94295319732732,1,1.0
78,19,4,Direct,1.5041767079857464,1.5041767079857464,1,1.0
78,19,6,Direct,0.012888737357168095,0.012888737357168095,1,1.0
78,19,11,Direct,0.055096768581911766,0.055096768581911766,1,1.0
78,19,13,Direct,1.0870124152171525,1.0870124152171525,1,1.0
78,20,4,Direct,0.07234848228722697,0.07234848228722697,1,1.0
78,21,0,Direct,0.05519255168716934,0.05519255168716934,1,1.0
78,21,1,Direct,0.22826826302562078,0.22826826302562078,1,1.0
78,21,11,Direct,59.50217407891068,59.50217407891068,1,1.0
78,22,8,Direct,8.498009273564893,8.498009273564893,1,1.0
78,22,15,Direct,0.5645053231296326,0.5645053231296326,1,1.0
78,23,0,Direct,16.95605429560268,16.95605429560268,1,1.0
78,23,9,Direct,0.010138108460216098,0.010138108460216098,1,1.0
79,0,7,Direct,5.043263177853082,5.043263177853082,1,1.0
79,1,3,Direct,0.01452163673901793,0.01452163673901793,1,1.0
79,1,12,ViaRelay,131.53491393973263,131.53491393973263,1,1.0
79,2,6,Direct,0.39659068075447856,0.39659068075447856,1,1.0
79,2,10,Direct,0.02339230523278093,0.02339230523278093,1,1.0
79,2,13,Direct,17.183436357313656,17.183436357313656,1,1.0
79,3,1,Direct,6.63375585893095,6.63375585893095,1,1.0
79,3,10,Direct,29.825637500680905,29.825637500680905,1,1.0
79,4,1,Direct,0.05905105838978778,0.05905105838978778,1,1.0
79,4,3,Direct,0.08490748116803822,0.08490748116803822,1,1.0
79,4,7,Direct,0.16624938716924115,0.16624938716924115,1,1.0
79,6,6,Direct,0.26771032765331576,0.26771032765331576,1,1.0
79,9,15,Direct,0.05445772031761502,0.05445772031761502,1,1.0
79,10,3,Direct,3.575985583881974,3.575985583881974,1,1.0
79,10,15,Direct,0.01802558731994327,0.01802558731994327,1,1.0
79,11,1,Direct,0.03556617998064088,0.03556617998064088,1,1.0
79,12,12,Direct,1.8056517806086454,1.8056517806086454,1,1.0
79,12,13,Direct,0.020387893299576538,0.020387893299576538,1,1.0
79,13,6,Direct,0.014448996323605943,0.014448996323605943,1,1.0
79,13,7,Direct,12.945904285504836,12.945904285504836,1,1.0
79,14,4,Direct,125.29642926174098,125.29642926174098,1,1.0
79,14,5,Direct,4.021475523842763,4.021475523842763,1,1.0
79,15,4,Direct,0.17574407379792456,0.17574407379792456,1,1.0
79,15,12,Direct,0.09672622936939215,0.09672622936939215,1,1.0
79,16,4,Direct,1.5282376726086773,1.5282376726086773,1,1.0
79,16,5,Direct,0.020736575660634065,0.020736575660634065,1,1.0
79,17,1,Direct,0.2600400956994168,0.2600400956994168,1,1.0
79,17,4,Direct,1.1923058255010242,1.1923058255010242,1,1.0
79,18,1,Direct,44.23249319152116,44.23249319152116,1,1.0
79,18,5,Direct,7.723789317061532,7.723789317061532,1,1.0
79,18,6,Direct,6.044039251805315,6.044039251805315,1,1.0
79,19,5,Direct,0.2575718904764151,0.2575718904764151,1,1.0
79,19,6,Direct,0.05809482809521199,0.05809482809521199,1,1.0
79,19,13,Direct,0.04362903343216852,0.04362903343216852,1,1.0
79,20,3,Direct,0.4776066474135171,0.4776066474135171,1,1.0
79,20,9,Direct,0.007199724504974753,0.007199724504974753,1,1.0
79,21,7,Direct,31.109636179235938,31.109636179235938,1,1.0
79,21,13,Direct,0.3480294368486678,0.3480294368486678,1,1.0
79,23,6,Direct,0.014766363553579307,0.014766363553579307,1,1.0
79,23,10,Direct,0.04459047614651789,0.04459047614651789,1,1.0
79,23,14,Direct,0.09141645204245685,0.09141645204245685,1,1.0
80,0,0,Direct,0.012931441049721628,0.012931441049721628,1,1.0
80,0,6,Direct,1.1681242170975836,1.1681242170975836,1,1.0
80,0,8,Direct,0.6314740281380471,0.6314740281380471,1,1.0
80,0,10,Direct,0.03928141651992745,0.03928141651992745,1,1.0
80,0,14,Direct,0.05977059653742911,0.05977059653742911,1,1.0
80,1,8,Direct,3.401144545430679,3.401144545430679,1,1.0
80,1,10,Direct,0.026856080034419996,0.026856080034419996,1,1.0
80,2,10,Direct,25.081848025184097,25.081848025184097,1,1.0
80,4,2,Direct,5.0567505325236395,5.0567505325236395,1,1.0
80,4,9,Direct,0.04111136830523191,0.04111136830523191,1,1.0
80,5,1,Direct,0.098929051583576,0.098929051583576,1,1.0
80,5,9,Direct,0.014653412291041537,0.014653412291041537,1,1.0
80,6,2,Direct,0.01598794610329677,0.01598794610329677,1,1.0
80,6,3,Direct,0.008739361980915863,0.008739361980915863,1,1.0
80,6,7,Direct,0.023614968668022818,0.023614968668022818,1,1.0
80,6,10,Direct,0.0159043633222275,0.0159043633222275,1,1.0
80,6,14,Direct,0.04640687008417289,0.04640687008417289,1,1.0
80,9,14,Direct,115.37924025062226,115.37924025062226,1,1.0
80,11,8,Direct,0.29949894566855884,0.29949894566855884,1,1.0
80,11,10,Direct,0.7351071120222938,0.7351071120222938,1,1.0
80,12,6,Direct,4.209543017797134,4.209543017797134,1,1.0
80,12,7,Direct,0.1398723251902228,0.1398723251902228,1,1.0
80,12,14,Direct,10.096572878272667,10.096572878272667,1,1.0
80,13,0,Direct,0.0270105276586101,0.0270105276586101,1,1.0
80,13,2,Direct,0.035859819599880514,0.035859819599880514,1,1.0
80,13,6,Direct,0.04951163546828609,0.04951163546828609,1,1.0
80,14,10,Direct,0.47241508084321554,0.47241508084321554,1,1.0
80,15,0,Direct,15.59099645753111,15.59099645753111,1,1.0
80,15,13,Direct,1.8248330229624625,1.8248330229624625,1,1.0
80,18,4,Direct,71.75299880157242,71.75299880157242,1,1.0
80,20,7,Direct,0.07988168318642193,0.07988168318642193,1,1.0
80,21,4,Direct,1.5247544506574193,1.5247544506574193,1,1.0
80,22,1,Direct,4.061856096826062,4.061856096826062,1,1.0
80,22,7,Direct,0.057939176795419024,0.057939176795419024,1,1.0
80,23,1,Direct,0.6324803312009855,0.6324803312009855,1,1.0
80,23,6,Direct,14.799768844313567,14.799768844313567,1,1.0
81,0,2,Direct,111.098439568213,111.098439568213,1,1.0
81,0,7,Direct,0.01874917783021891,0.01874917783021891,1,1.0
81,0,15,Direct,0.21562744194260597,0.21562744194260597,1,1.0
81,1,6,Direct,2.1630531186133832,2.1630531186133832,1,1.0
81,3,12,Direct,0.05977423508827134,0.05977423508827134,1,1.0
81,4,3,Direct,0.9599348186433244,0.9599348186433244,1,1.0
81,5,0,Direct,0.1389095285164404,0.1389095285164404,1,1.0
81,5,5,Direct,1.9012130491774901,1.9012130491774901,1,1.0
81,5,7,Direct,21.42748387060153,21.42748387060153,1,1.0
81,5,13,Direct,0.10972459677343706,0.10972459677343706,1,1.0
81,8,1,Direct,2.286112457164141,2.286112457164141,1,1.0
81,9,1,Direct,0.11784552602176705,0.11784552602176705,1,1.0
81,9,2,Direct,0.06506144621192177,0.06506144621192177,1,1.0
81,9,5,Direct,1.653682972601844,1.653682972601844,1,1.0
81,10,5,Direct,179.91044257285088,179.91044257285088,1,1.0
81,10,13,Direct,0.19414505603849325,0.19414505603849325,1,1.0
81,11,2,Direct,17.941299027269185,17.941299027269185,1,1.0
81,11,9,Direct,0.01073780533365635,0.01073780533365635,1,1.0
81,13,0,Direct,0.09326140869264628,0.09326140869264628,1,1.0
81,13,9,Direct,0.009292552760241157,0.009292552760241157,1,1.0
81,14,15,Direct,0.6726094989984831,0.6726094989984831,1,1.0
81,15,9,Direct,0.9060273735531814,0.9060273735531814,1,1.0
81,16,2,Direct,7.748316175436256,7.748316175436256,1,1.0
81,16,6,Direct,0.03675975866243719,0.03675975866243719,1,1.0
81,16,10,Direct,62.012583851285946,62.012583851285946,1,1.0
81,16,14,Direct,0.04802961067527551,0.04802961067527551,1,1.0
81,17,7,Direct,20.35678680237078,20.35678680237078,1,1.0
81,17,13,Direct,1.6825784146749323,1.6825784146749323,1,1.0
81,18,1,Direct,11.035297070761459,11.035297070761459,1,1.0
81,19,5,Direct,0.17505228981765641,0.17505228981765641,1,1.0
81,19,12,Direct,20.813057220586966,20.813057220586966,1,1.0
81,19,13,Direct,0.016332390096992715,0.016332390096992715,1,1.0
81,20,0,Direct,0.11745044024224015,0.11745044024224015,1,1.0
81,20,6,Direct,0.01980210305212879,0.01980210305212879,1,1.0
81,21,0,Direct,3.1226230864567097,3.1226230864567097,1,1.0
81,21,8,Direct,0.7303570402412434,0.7303570402412434,1,1.0
81,22,13,Direct,0.018982089788878404,0.018982089788878404,1,1.0
81,23,5,Direct,60.10044948425892,60.10044948425892,1,1.0
81,23,8,Direct,0.020711979524406596,0.020711979524406596,1,1.0
81,23,9,Direct,0.014090528610977465,0.014090528610977465,1,1.0
81,23,13,Direct,0.01250016425163777,0.01250016425163777,1,1.0
82,0,9,Direct,0.9755518852126503,0.9755518852126503,1,1.0
82,0,10,Direct,196.56160652398384,196.56160652398384,1,1.0
82,1,4,Direct,0.03407016446278559,0.03407016446278559,1,1.0
82,2,11,Direct,36.325292253715894,36.325292253715894,1,1.0
82,2,15,Direct,0.13153845450353602,0.13153845450353602,1,1.0
82,3,0,Direct,36.22966492120383,36.22966492120383,1,1.0
82,3,14,Direct,12.312740866431195,12.312740866431195,1,1.0
82,4,0,Direct,9.95845473854952,9.95845473854952,1,1.0
82,7,6,Direct,0.020148675571486096,0.020148675571486096,1,1.0
82,7,7,Direct,14.135528107706993,14.135528107706993,1,1.0
82,7,9,Direct,4.239068837624833,4.239068837624833,1,1.0
82,7,14,Direct,0.3378687334977769,0.3378687334977769,1,1.0
82,9,14,Direct,0.28135032801897286,0.28135032801897286,1,1.0
82,10,0,Direct,0.019475713318986204,0.019475713318986204,1,1.0
82,10,10,Direct,4.853102734532968,4.853102734532968,1,1.0
82,11,3,Direct,3.4254401636718,3.4254401636718,1,1.0
82,11,9,Direct,3.992791000374864,3.992791000374864,1,1.0
82,13,6,Direct,0.3313517192508481,0.3313517192508481,1,1.0
82,13,8,Direct,0.45871499767607804,0.45871499767607804,1,1.0
82,14,10,Direct,1.1516493089621547,1.1516493089621547,1,1.0
82,14,13,Direct,0.030192491157622715,0.030192491157622715,1,1.0
82,15,13,Direct,10.429404024477435,10.429404024477435,1,1.0
82,15,14,Direct,15.134415223348427,15.134415223348427,1,1.0
82,17,10,Direct,0.3225788764127917,0.3225788764127917,1,1.0
82,17,11,Direct,77.87864052681188,77.87864052681188,1,1.0
82,18,0,Direct,20.38516742707412,20.38516742707412,1,1.0
82,18,4,Direct,0.9095850738946942,0.9095850738946942,1,1.0
82,18,15,Direct,43.193810903850924,43.193810903850924,1,1.0
82,19,6,Direct,0.9475906627785664,0.9475906627785664,1,1.0
83,0,2,Direct,0.03920874281608073,0.03920874281608073,1,1.0
83,1,2,Direct,0.16047035168241694,0.16047035168241694,1,1.0
83,1,7,Direct,0.13666088162173218,0.13666088162173218,1,1.0
83,2,7,Direct,0.26427100644335216,0.26427100644335216,1,1.0
83,2,11,Direct,0.21757724272505458,0.21757724272505458,1,1.0
83,3,4,Direct,0.0804711983598249,0.0804711983598249,1,1.0
83,3,13,Direct,0.2378219642270386,0.2378219642270386,1,1.0
83,3,14,Direct,0.08724452429698641,0.08724452429698641,1,1.0
83,4,0,Direct,2.0987651477649,2.0987651477649,1,1.0
83,5,13,Direct,0.10588022618812072,0.10588022618812072,1,1.0
83,7,12,Direct,0.8610098264585372,0.8610098264585372,1,1.0
83,7,15,Direct,9.525318683092664,9.525318683092664,1,1.0
83,8,0,Direct,0.012024972800972802,0.012024972800972802,1,1.0
83,8,7,Direct,70.08989485962563,70.08989485962563,1,1.0
83,10,7,Direct,41.83583642990197,41.83583642990197,1,1.0
83,11,13,Direct,18.2101279855484,18.2101279855484,1,1.0
83,11,15,Direct,0.030773850890317027,0.030773850890317027,1,1.0
83,12,12,Direct,0.5991488004593332,0.5991488004593332,1,1.0
83,13,7,Direct,10.664547062975439,10.664547062975439,1,1.0
83,13,13,Direct,0.04562427170534625,0.04562427170534625,1,1.0
83,14,0,Direct,0.38634760191089124,0.38634760191089124,1,1.0
83,14,7,Direct,6.683211624007412,6.683211624007412,1,1.0
83,14,13,Direct,0.049464000392120094,0.049464000392120094,1,1.0
83,15,2,Direct,0.37235108075231826,0.37235108075231826,1,1.0
83,15,12,Direct,11.694622862545513,11.694622862545513,1,1.0
83,16,0,Direct,0.25040632799078943,0.25040632799078943,1,1.0
83,17,1,Direct,0.03261571206362098,0.03261571206362098,1,1.0
83,17,15,Direct,0.015599662715528326,0.015599662715528326,1,1.0
83,20,3,Direct,0.012473523517540995,0.012473523517540995,1,1.0
83,20,4,Direct,0.054358726868424474,0.054358726868424474,1,1.0
83,21,3,Direct,0.803802636364659,0.803802636364659,1,1.0
83,21,9,Direct,2.316270262658921,2.316270262658921,1,1.0
83,21,14,Direct,32.49443036505123,32.49443036505123,1,1.0
83,23,0,Direct,0.06318420033721903,0.06318420033721903,1,1.0
83,23,2,Direct,21.804836041066242,21.804836041066242,1,1.0
84,0,9,Direct,0.020838731097285377,0.020838731097285377,1,1.0
84,1,10,ViaRelay,150.63818107579186,150.63818107579186,1,1.0
84,2,6,Direct,1.6871967867378734,1.6871967867378734,1,1.0
84,3,2,Direct,4.610007576205383,4.610007576205383,1,1.0
84,3,5,ViaRelay,36.75406379237534,36.75406379237534,1,1.0
84,3,11,Direct,9.374989107367039,9.374989107367039,1,1.0
84,4,5,Direct,7.200286955631449,7.200286955631449,1,1.0
84,4,10,Direct,0.2104649891575672,0.2104649891575672,1,1.0
84,5,3,Direct,0.014159599104500323,0.014159599104500323,1,1.0
84,6,6,Direct,1.6620382212267073,1.6620382212267073,1,1.0
84,6,11,Direct,0.042635926735459614,0.042635926735459614,1,1.0
84,6,14,Direct,0.0627812086315776,0.0627812086315776,1,1.0
84,6,15,Direct,0.009979456101843542,0.009979456101843542,1,1.0
84,7,2,Direct,0.0808321493619943,0.0808321493619943,1,1.0
84,7,9,Direct,0.7243784071161374,0.7243784071161374,1,1.0
84,7,10,Direct,0.1476194536819017,0.1476194536819017,1,1.0
84,7,12,Direct,1.8492473255735753,1.8492473255735753,1,1.0
84,8,3,Direct,0.15589084791350083,0.15589084791350083,1,1.0
84,8,5,Direct,0.6350622917176303,0.6350622917176303,1,1.0
84,9,10,ViaRelay,104.61364844546945,104.61364844546945,1,1.0
84,9,15,Direct,0.03966359696888781,0.03966359696888781,1,1.0
84,10,0,Direct,2.3483733491996466,2.3483733491996466,1,1.0
84,10,1,Direct,8.34214774933345,8.34214774933345,1,1.0
84,10,5,ViaRelay,54.10337526797496,54.10337526797496,1,1.0
84,10,9,Direct,4.021462293278941,4.021462293278941,1,1.0
84,11,0,Direct,0.05595143610035591,0.05595143610035591,1,1.0
84,11,5,Direct,0.21103086021681822,0.21103086021681822,1,1.0
84,12,2,Direct,9.117719852849653,9.117719852849653,1,1.0
84,13,6,Direct,3.354893328110831,3.354893328110831,1,1.0
84,14,6,Direct,0.3125450200097029,0.3125450200097029,1,1.0
84,14,10,Direct,0.9453910835833037,0.9453910835833037,1,1.0
84,15,0,Direct,28.790260496756993,28.790260496756993,1,1.0
84,15,2,Direct,0.0235356302083662,0.0235356302083662,1,1.0
84,15,10,Direct,1.0579581479869264,1.0579581479869264,1,1.0
84,16,14,Direct,0.47841304901133985,0.47841304901133985,1,1.0
84,17,0,Direct,0.05518194791717062,0.05518194791717062,1,1.0
84,18,1,Direct,0.03623421752878869,0.03623421752878869,1,1.0
84,19,1,Direct,5.543255006842512,5.543255006842512,1,1.0
84,19,14,Direct,2.345692728251997,2.345692728251997,1,1.0
84,20,2,Direct,0.03475586310404614,0.03475586310404614,1,1.0
84,21,6,Direct,0.6790319265033751,0.6790319265033751,1,1.0
84,21,10,Direct,0.1635874801436692,0.1635874801436692,1,1.0
84,21,12,Direct,0.5681804799656347,0.5681804799656347,1,1.0
84,22,2,Direct,7.118578585758645,7.118578585758645,1,1.0
84,22,6,Direct,0.06559445670788029,0.06559445670788029,1,1.0
84,22,9,Direct,18.41955037310196,18.41955037310196,1,1.0
84,22,10,Direct,0.028367446660887936,0.028367446660887936,1,1.0
84,23,7,Direct,44.09548599690779,44.09548599690779,1,1.0
85,2,4,Direct,5.15151830771851,5.15151830771851,1,1.0
85,2,9,Direct,0.7739332990774185,0.7739332990774185,1,1.0
85,4,0,Direct,0.3168973122241751,0.3168973122241751,1,1.0
85,5,0,Direct,0.027273023577819567,0.027273023577819567,1,1.0
85,5,10,Direct,1.6525993264879524,1.6525993264879524,1,1.0
85,5,11,Direct,0.4267168538183738,0.4267168538183738,1,1.0
85,6,9,Direct,7.611169664547573,7.611169664547573,1,1.0
85,7,2,Direct,13.548124454620304,13.548124454620304,1,1.0
85,8,0,Direct,0.014277254151179352,0.014277254151179352,1,1.0
85,8,7,Direct,0.032306253604712336,0.032306253604712336,1,1.0
85,8,9,Direct,0.01835010943262075,0.01835010943262075,1,1.0
85,8,15,Direct,0.06237248710899296,0.06237248710899296,1,1.0
85,11,0,Direct,0.08763521076399532,0.08763521076399532,1,1.0
85,11,4,Direct,0.09147404777559218,0.09147404777559218,1,1.0
85,12,10,Direct,0.13602677546790923,0.13602677546790923,1,1.0
85,13,4,Direct,198.21071316082566,198.21071316082566,1,1.0
85,13,8,Direct,4.2066124195327,4.2066124195327,1,1.0
85,13,11,Direct,70.1588561052227,70.1588561052227,1,1.0
85,14,2,Direct,1.7951333029026897,1.7951333029026897,1,1.0
85,14,10,Direct,1.6543462502598287,1.6543462502598287,1,1.0
85,15,15,Direct,19.95465270890972,19.95465270890972,1,1.0
85,17,0,Direct,0.015418285327861941,0.015418285327861941,1,1.0
85,17,13,Direct,0.022488058191545833,0.022488058191545833,1,1.0
85,19,4,Direct,0.04439584977308358,0.04439584977308358,1,1.0
85,19,9,Direct,0.03781497887087971,0.03781497887087971,1,1.0
85,20,2,Direct,0.571840376882975,0.571840376882975,1,1.0
85,20,6,Direct,0.06470819884578002,0.06470819884578002,1,1.0
85,22,0,Direct,7.61039670876282,7.61039670876282,1,1.0
85,22,1,Direct,0.6177914154716988,0.6177914154716988,1,1.0
85,22,6,Direct,7.326827473008707,7.326827473008707,1,1.0
85,22,10,Direct,0.41598548859104345,0.41598548859104345,1,1.0
85,23,6,Direct,0.1466971254093518,0.1466971254093518,1,1.0
85,23,8,Direct,26.583343194556456,26.583343194556456,1,1.0
86,0,4,Direct,64.15308185682527,64.15308185682527,1,1.0
86,0,6,Direct,0.07579567640210169,0.07579567640210169,1,1.0
86,0,8,Direct,3.3166969656108387,3.3166969656108387,1,1.0
86,1,3,Direct,0.4378562211228701,0.4378562211228701,1,1.0
86,1,4,Direct,5.887131021277602,5.887131021277602,1,1.0
86,1,6,Direct,0.1250743359162334,0.1250743359162334,1,1.0
86,2,3,Direct,12.285947745160705,12.285947745160705,1,1.0
86,2,8,Direct,0.02871080704513999,0.02871080704513999,1,1.0
86,2,13,Direct,0.028207675035894327,0.028207675035894327,1,1.0
86,2,15,Direct,0.047897668259606986,0.047897668259606986,1,1.0
86,3,3,Direct,5.186752172343757,5.186752172343757,1,1.0
86,3,11,Direct,3.4622352424007556,3.4622352424007556,1,1.0
86,3,15,Direct,0.0202294491886907,0.0202294491886907,1,1.0
86,6,6,Direct,0.01684208452769632,0.01684208452769632,1,1.0
86,7,0,Direct,0.04921720123774304,0.04921720123774304,1,1.0
86,7,8,Direct,1.7533074971727245,1.7533074971727245,1,1.0
86,8,3,Direct,0.39483451581946627,0.39483451581946627,1,1.0
86,8,5,Direct,12.658351381995788,12.658351381995788,1,1.0
86,8,6,Direct,3.009744865831918,3.009744865831918,1,1.0
86,8,10,ViaRelay,5.8613206192625045,5.8613206192625045,1,1.0
86,9,4,Direct,138.18131839795396,138.18131839795396,1,1.0
86,9,10,Direct,0.11596787613120725,0.11596787613120725,1,1.0
86,11,2,Direct,0.013356732291803636,0.013356732291803636,1,1.0
86,11,3,Direct,7.548122293876357,7.548122293876357,1,1.0
86,11,4,Direct,0.026612627698654513,0.026612627698654513,1,1.0
86,11,9,Direct,0.012943070167173967,0.012943070167173967,1,1.0
86,12,7,Direct,0.03782523971696119,0.03782523971696119,1,1.0
86,13,4,Direct,1.6836413660662863,1.6836413660662863,1,1.0
86,14,6,Direct,0.02706313666859735,0.02706313666859735,1,1.0
86,15,3,Direct,0.07580066536913799,0.07580066536913799,1,1.0
86,15,13,Direct,0.0175910222799862,0.0175910222799862,1,1.0
86,16,15,Direct,10.360897177526127,10.360897177526127,1,1.0
86,17,3,Direct,11.922968061952645,11.922968061952645,1,1.0
86,17,6,Direct,0.21790562746330264,0.21790562746330264,1,1.0
86,17,9,Direct,0.014500513659784149,0.014500513659784149,1,1.0
86,17,10,Direct,1.1647809097164157,1.1647809097164157,1,1.0
86,18,7,Direct,6.930590780059524,6.930590780059524,1,1.0
86,18,8,Direct,13.825993913496488,13.825993913496488,1,1.0
86,18,11,Direct,4.698217848573737,4.698217848573737,1,1.0
86,19,5,Direct,8.77313666731589,8.77313666731589,1,1.0
86,20,3,Direct,57.10066053440885,57.10066053440885,1,1.0
86,20,4,Direct,0.11984700468323271,0.11984700468323271,1,1.0
86,20,15,Direct,3.5069294036723875,3.5069294036723875,1,1.0
86,21,12,Direct,256.0,256.0,1,1.0
86,21,13,Direct,0.5837832090186112,0.5837832090186112,1,1.0
86,21,15,Direct,0.04496267945756441,0.04496267945756441,1,1.0
86,22,3,Direct,0.042514447025083765,0.042514447025083765,1,1.0
86,23,4,Direct,256.0,256.0,1,1.0
86,23,9,Direct,0.009930900515553972,0.009930900515553972,1,1.0
87,0,4,Direct,110.14500317752501,110.14500317752501,1,1.0
87,0,11,Direct,8.255438194040064,8.255438194040064,1,1.0
87,0,13,Direct,1.4875383126744977,1.4875383126744977,1,1.0
87,2,4,Direct,6.4075197242077095,6.4075197242077095,1,1.0
87,2,12,Direct,30.47404587179996,30.47404587179996,1,1.0
87,3,9,Direct,0.0086045081942043,0.0086045081942043,1,1.0
87,3,12,Direct,5.0764058160092445,5.0764058160092445,1,1.0
87,5,12,Direct,0.28324100915441575,0.28324100915441575,1,1.0
87,6,4,Direct,23.540249016653384,23.540249016653384,1,1.0
87,7,9,Direct,0.009845160630089231,0.009845160630089231,1,1.0
87,7,11,Direct,2.041477251419065,2.041477251419065,1,1.0
87,8,13,Direct,0.07671413861918888,0.07671413861918888,1,1.0
87,9,4,Direct,0.23512581848615471,0.23512581848615471,1,1.0
87,9,13,Direct,0.07978428414378423,0.07978428414378423,1,1.0
87,9,14,Direct,56.790746449208996,56.790746449208996,1,1.0
87,10,4,Direct,0.1521505448045339,0.1521505448045339,1,1.0
87,10,9,Direct,7.811073079490401,7.811073079490401,1,1.0
87,10,12,ViaRelay,241.65778721072766,241.65778721072766,1,1.0
87,11,9,Direct,0.03936094516599808,0.03936094516599808,1,1.0
87,12,9,Direct,0.04350421095970253,0.04350421095970253,1,1.0
87,13,11,Direct,103.6885689125573,103.6885689125573,1,1.0
87,15,4,Direct,0.10225637780980576,0.10225637780980576,1,1.0
87,15,11,Direct,28.674041013833158,28.674041013833158,1,1.0
87,16,11,Direct,3.891490616218461,3.891490616218461,1,1.0
87,18,14,Direct,0.3809900089965785,0.3809900089965785,1,1.0
87,19,15,Direct,16.337247238287564,16.337247238287564,1,1.0
87,20,9,Direct,1.2171427493004503,1.2171427493004503,1,1.0
87,22,4,ViaRelay,205.43632066071697,205.43632066071697,1,1.0
87,23,7,Direct,8.929773037548365,8.929773037548365,1,1.0
88,0,15,Direct,0.03691203640848894,0.03691203640848894,1,1.0
88,1,2,Direct,0.0715613254833025,0.0715613254833025,1,1.0
88,1,3,Direct,12.811185396544863,12.811185396544863,1,1.0
88,1,7,Direct,2.30613177320965,2.30613177320965,1,1.0
88,1,11,Direct,0.10576535394679211,0.10576535394679211,1,1.0
88,1,12,Direct,0.26239540663563254,0.26239540663563254,1,1.0
88,1,15,Direct,3.012810645029833,3.012810645029833,1,1.0
88,2,3,Direct,1.5313084376028911,1.5313084376028911,1,1.0
88,3,13,Direct,11.825898744941842,11.825898744941842,1,1.0
88,4,6,Direct,0.07968622779565625,0.07968622779565625,1,1.0
88,5,0,Direct,11.223948902742874,11.223948902742874,1,1.0
88,5,1,Direct,3.5934234846970328,3.5934234846970328,1,1.0
88,5,5,Direct,0.5423274557976346,0.5423274557976346,1,1.0
88,7,0,Direct,75.33563657366622,75.33563657366622,1,1.0
88,7,12,Direct,0.4102210492702459,0.4102210492702459,1,1.0
88,8,7,Direct,0.13294584564009934,0.13294584564009934,1,1.0
88,8,11,Direct,0.07445188163189648,0.07445188163189648,1,1.0
88,8,12,Direct,10.603187840460214,10.603187840460214,1,1.0
88,9,3,Direct,0.17539861199285695,0.17539861199285695,1,1.0
88,9,6,Direct,0.022047694230808098,0.022047694230808098,1,1.0
88,9,7,Direct,26.346367912242936,26.346367912242936,1,1.0
88,9,10,Direct,0.5508763084823999,0.5508763084823999,1,1.0
88,10,3,Direct,0.020992706714193867,0.020992706714193867,1,1.0
88,10,10,Direct,6.2699060258541035,6.2699060258541035,1,1.0
88,10,13,Direct,0.03224505361122748,0.03224505361122748,1,1.0
88,11,2,Direct,0.10306177746942452,0.10306177746942452,1,1.0
88,11,7,Direct,4.355810481050226,4.355810481050226,1,1.0
88,12,6,Direct,0.043238463122504886,0.043238463122504886,1,1.0
88,13,11,Direct,0.5121150305476159,0.5121150305476159,1,1.0
88,14,5,Direct,5.490561069806209,5.490561069806209,1,1.0
88,14,11,Direct,0.12805809120279305,0.12805809120279305,1,1.0
88,15,0,Direct,0.03537253342607634,0.03537253342607634,1,1.0
88,16,11,Direct,256.0,256.0,1,1.0
88,16,14,Direct,4.936162163234321,4.936162163234321,1,1.0
88,17,4,Direct,17.558790923016186,17.558790923016186,1,1.0
88,18,0,Direct,20.246188586565737,20.246188586565737,1,1.0
88,18,10,Direct,0.09680764278366905,0.09680764278366905,1,1.0
88,18,14,Direct,0.02587889711785124,0.02587889711785124,1,1.0
88,19,0,Direct,0.04503223130546746,0.04503223130546746,1,1.0
88,19,2,Direct,0.021494183073035918,0.021494183073035918,1,1.0
88,19,11,Direct,36.61186444595577,36.61186444595577,1,1.0
88,20,0,Direct,0.058041780022065004,0.058041780022065004,1,1.0
88,20,6,Direct,0.019042243930349367,0.019042243930349367,1,1.0
88,21,4,Direct,0.030641441586204864,0.030641441586204864,1,1.0
88,21,11,Direct,0.2867849345539985,0.2867849345539985,1,1.0
88,22,10,Direct,0.2030789386059122,0.2030789386059122,1,1.0
88,22,11,Direct,0.05908052284191355,0.05908052284191355,1,1.0
88,23,1,Direct,22.396642261361634,22.396642261361634,1,1.0
88,23,10,Direct,5.403853253808639,5.403853253808639,1,1.0
88,23,11,Direct,0.048371154338148106,0.048371154338148106,1,1.0
88,23,13,Direct,7.290682927711909,7.290682927711909,1,1.0
89,0,7,Direct,0.2543619028228568,0.2543619028228568,1,1.0
89,1,7,Direct,3.639930247110536,3.639930247110536,1,1.0
89,2,2,Direct,2.346625395744318,2.346625395744318,1,1.0
89,2,8,Direct,22.423777611974817,22.423777611974817,1,1.0
89,3,4,Direct,109.67671704514592,109.67671704514592,1,1.0
89,3,8,Direct,0.17802791020222605,0.17802791020222605,1,1.0
89,3,10,Direct,0.12592127621891638,0.12592127621891638,1,1.0
89,4,15,Direct,0.5423810955234855,0.5423810955234855,1,1.0
89,5,5,Direct,1.9436013295222734,1.9436013295222734,1,1.0
89,5,12,Direct,1.240162005172902,1.240162005172902,1,1.0
89,6,6,Direct,14.591025900762643,14.591025900762643,1,1.0
89,6,8,Direct,0.0838245124132227,0.0838245124132227,1,1.0
89,6,10,Direct,43.25922766519074,43.25922766519074,1,1.0
89,7,5,Direct,38.83930590220928,38.83930590220928,1,1.0
89,8,4,Direct,1.7188199488732843,1.7188199488732843,1,1.0
89,9,12,Direct,36.986668141941,36.986668141941,1,1.0
89,12,10,Direct,0.8706266470464031,0.8706266470464031,1,1.0
89,12,15,Direct,0.5135046201710081,0.5135046201710081,1,1.0
89,13,5,Direct,0.03554071195569416,0.03554071195569416,1,1.0
89,14,3,Direct,23.901620697616526,23.901620697616526,1,1.0
89,14,5,Direct,0.18544089731675426,0.18544089731675426,1,1.0
89,14,8,Direct,0.030626895068405637,0.030626895068405637,1,1.0
89,15,5,Direct,0.03480750079388444,0.03480750079388444,1,1.0
89,15,13,Direct,8.47031597932392,8.47031597932392,1,1.0
89,16,3,Direct,0.06454097489584032,0.06454097489584032,1,1.0
89,16,10,Direct,0.2900637403668176,0.2900637403668176,1,1.0
89,16,13,Direct,0.054130833155227986,0.054130833155227986,1,1.0
89,17,3,Direct,0.5353474497688095,0.5353474497688095,1,1.0
89,17,5,Direct,0.04719518792762816,0.04719518792762816,1,1.0
89,17,7,Direct,7.068588910423716,7.068588910423716,1,1.0
89,17,15,Direct,2.7191297606016307,2.7191297606016307,1,1.0
89,18,2,Direct,4.623867424498135,4.623867424498135,1,1.0
89,18,6,Direct,0.013299573282167463,0.013299573282167463,1,1.0
89,19,2,Direct,10.18258050426858,10.18258050426858,1,1.0
89,20,7,ViaRelay,15.528706293994903,15.528706293994903,1,1.0
89,21,12,Direct,256.0,256.0,1,1.0
89,21,13,Direct,0.019893869800594474,0.019893869800594474,1,1.0
89,22,3,Direct,0.059725575873162184,0.059725575873162184,1,1.0
89,22,5,Direct,0.3299084400571607,0.3299084400571607,1,1.0
89,22,7,Direct,0.9974367719304794,0.9974367719304794,1,1.0
89,22,13,Direct,0.6782973217043134,0.6782973217043134,1,1.0
89,22,15,Direct,0.026751065316905638,0.026751065316905638,1,1.0
89,23,7,Direct,1.5782196901853318,1.5782196901853318,1,1.0
90,1,11,Direct,0.09879000549777471,0.09879000549777471,1,1.0
90,1,13,Direct,0.008583103245129836,0.008583103245129836,1,1.0
90,1,14,ViaRelay,30.39684855801621,30.39684855801621,1,1.0
90,1,15,Direct,0.11302837770925712,0.11302837770925712,1,1.0
90,2,5,Direct,3.1533288062809826,3.1533288062809826,1,1.0
90,4,4,Direct,1.0832859241561934,1.0832859241561934,1,1.0
90,4,14,Direct,2.790337051807288,2.790337051807288,1,1.0
90,5,4,Direct,0.07191027660235305,0.07191027660235305,1,1.0
90,5,5,Direct,36.22775835227214,36.22775835227214,1,1.0
90,5,7,Direct,0.018486614208090408,0.018486614208090408,1,1.0
90,5,14,Direct,85.08668626994174,85.08668626994174,1,1.0
90,6,6,Direct,0.6387849721554983,0.6387849721554983,1,1.0
90,6,14,Direct,0.033083872778717285,0.033083872778717285,1,1.0
90,7,5,Direct,114.04841093328449,114.04841093328449,1,1.0
90,7,8,Direct,21.888429601699677,21.888429601699677,1,1.0
90,8,6,Direct,13.68840699468422,13.68840699468422,1,1.0
90,8,13,Direct,0.05410675139891889,0.05410675139891889,1,1.0
90,9,12,Direct,1.6378319269238546,1.6378319269238546,1,1.0
90,10,14,Direct,65.02769239804255,65.02769239804255,1,1.0
90,12,5,Direct,26.251279150089708,26.251279150089708,1,1.0
90,13,11,Direct,0.07351382044429587,0.07351382044429587,1,1.0
90,14,7,Direct,0.25374198678479676,0.25374198678479676,1,1.0
90,14,13,Direct,0.041407078329358936,0.041407078329358936,1,1.0
90,15,6,Direct,9.557134000714917,9.557134000714917,1,1.0
90,15,11,Direct,5.038422536425108,5.038422536425108,1,1.0
90,16,14,Direct,0.08091660858936206,0.08091660858936206,1,1.0
90,17,4,Direct,0.8315900610423703,0.8315900610423703,1,1.0
90,17,7,Direct,0.9169043713115935,0.9169043713115935,1,1.0
90,17,8,Direct,0.41676655797799655,0.41676655797799655,1,1.0
90,18,15,Direct,0.023539234770076446,0.023539234770076446,1,1.0
90,19,7,Direct,0.061713739897859395,0.061713739897859395,1,1.0
90,20,15,Direct,14.571932274535053,14.571932274535053,1,1.0
90,21,7,Direct,0.23010408706965654,0.23010408706965654,1,1.0
90,22,6,Direct,0.012550553750316377,0.012550553750316377,1,1.0
90,22,11,Direct,0.08025787525827843,0.08025787525827843,1,1.0
90,22,12,Direct,0.3513798005024516,0.3513798005024516,1,1.0
90,23,7,Direct,0.015580092640748215,0.015580092640748215,1,1.0
91,0,5,Direct,0.027827225967026265,0.027827225967026265,1,1.0
91,4,6,Direct,0.6216774611464829,0.6216774611464829,1,1.0
91,4,9,Direct,0.3889643976731502,0.3889643976731502,1,1.0
91,4,14,Direct,27.244229435924773,27.244229435924773,1,1.0
91,6,0,Direct,0.31169359067179664,0.31169359067179664,1,1.0
91,6,14,Direct,122.94477677384123,122.94477677384123,1,1.0
91,7,9,Direct,0.014387349222028159,0.014387349222028159,1,1.0
91,8,6,Direct,0.050769267610467704,0.050769267610467704,1,1.0
91,9,9,Direct,3.2796969551734607,3.2796969551734607,1,1.0
91,11,5,Direct,10.154925380631639,10.154925380631639,1,1.0
91,11,7,Direct,26.02229130839611,26.02229130839611,1,1.0
91,12,0,Direct,1.6783454718684856,1.6783454718684856,1,1.0
91,13,6,Direct,0.026324879390169666,0.026324879390169666,1,1.0
91,13,8,Direct,9.011547516356508,9.011547516356508,1,1.0
91,16,0,Direct,0.017649957015879996,0.017649957015879996,1,1.0
91,17,3,Direct,3.1985135760480525,3.1985135760480525,1,1.0
91,17,8,Direct,0.02013117505951008,0.02013117505951008,1,1.0
91,17,9,Direct,4.24539448395663,4.24539448395663,1,1.0
91,17,12,Direct,0.9119827331632937,0.9119827331632937,1,1.0
91,18,3,Direct,2.001416154003632,2.001416154003632,1,1.0
91,18,6,Direct,0.01651395019899002,0.01651395019899002,1,1.0
91,19,0,Direct,10.1193241635253,10.1193241635253,1,1.0
91,19,4,Direct,20.739574992940394,20.739574992940394,1,1.0
91,19,12,Direct,2.4949507563565465,2.4949507563565465,1,1.0
91,20,0,Direct,14.596605182061221,14.596605182061221,1,1.0
91,20,12,Direct,0.9136001077393119,0.9136001077393119,1,1.0
91,21,3,Direct,0.011674657134735101,0.011674657134735101,1,1.0
91,21,5,Direct,14.23050334970725,14.23050334970725,1,1.0
91,21,6,Direct,0.11860523071492934,0.11860523071492934,1,1.0
91,22,12,Direct,4.260939283027146,4.260939283027146,1,1.0
91,23,8,Direct,0.01936365070325042,0.01936365070325042,1,1.0
91,23,9,Direct,0.14925452470140252,0.14925452470140252,1,1.0
92,0,4,Direct,0.22334956979402446,0.22334956979402446,1,1.0
92,0,15,Direct,0.021334067963180752,0.021334067963180752,1,1.0
92,1,14,Direct,0.054658416595222636,0.054658416595222636,1,1.0
92,2,0,Direct,18.968824498465757,18.968824498465757,1,1.0
92,2,6,Direct,2.7135374353296076,2.7135374353296076,1,1.0
92,2,7,Direct,0.01694462179047987,0.01694462179047987,1,1.0
92,3,5,Direct,24.510416822768747,24.510416822768747,1,1.0
92,4,4,Direct,122.73419671414972,122.73419671414972,1,1.0
92,4,5,Direct,72.24582059411104,72.24582059411104,1,1.0
92,4,15,Direct,12.881993202021727,12.881993202021727,1,1.0
92,7,0,Direct,0.024988862924273096,0.024988862924273096,1,1.0
92,8,7,Direct,0.12242986656315401,0.12242986656315401,1,1.0
92,8,15,Direct,0.03418119945353237,0.03418119945353237,1,1.0
92,9,0,Direct,0.01745521389545829,0.01745521389545829,1,1.0
92,9,1,Direct,2.9921887678399575,2.9921887678399575,1,1.0
92,9,3,Direct,0.06451334987222955,0.06451334987222955,1,1.0
92,9,7,Direct,0.0365749532510105,0.0365749532510105,1,1.0
92,10,10,Direct,14.83462506991098,14.83462506991098,1,1.0
92,11,7,Direct,0.5982632337066829,0.5982632337066829,1,1.0
92,12,5,Direct,8.93749660086247,8.93749660086247,1,1.0
92,14,3,Direct,0.694812821026267,0.694812821026267,1,1.0
92,16,6,Direct,0.48868618179435963,0.48868618179435963,1,1.0
92,17,3,Direct,0.028075845959947037,0.028075845959947037,1,1.0
92,17,15,Direct,7.6266592970190015,7.6266592970190015,1,1.0
92,18,1,Direct,18.695131107813125,18.695131107813125,1,1.0
92,18,14,Direct,0.04995591421151229,0.04995591421151229,1,1.0
92,19,5,Direct,62.9813841281635,62.9813841281635,1,1.0
92,20,3,Direct,3.0640671578248058,3.0640671578248058,1,1.0
92,20,5,Direct,1.4865204698124026,1.4865204698124026,1,1.0
92,20,14,Direct,0.28947624998383714,0.28947624998383714,1,1.0
92,21,5,Direct,82.41472384323981,82.41472384323981,1,1.0
92,22,0,Direct,10.984979206435803,10.984979206435803,1,1.0
92,22,4,Direct,9.23860244099678,9.23860244099678,1,1.0
92,22,5,Direct,93.95685321749832,93.95685321749832,1,1.0
92,23,0,Direct,12.061728362376837,12.061728362376837,1,1.0
92,23,15,Direct,0.5124114491354702,0.5124114491354702,1,1.0
93,0,3,Direct,8.309437241061596,8.309437241061596,1,1.0
93,0,15,Direct,0.03909589950770295,0.03909589950770295,1,1.0
93,1,1,Direct,0.27360622340366453,0.27360622340366453,1,1.0
93,2,7,Direct,0.2543632702187635,0.2543632702187635,1,1.0
93,3,6,Direct,3.30207396066915,3.30207396066915,1,1.0
93,3,11,Direct,35.415615591176646,35.415615591176646,1,1.0
93,4,1,Direct,0.03175424648901894,0.03175424648901894,1,1.0
93,5,6,Direct,16.29178863822655,16.29178863822655,1,1.0
93,5,15,Direct,46.87062840197732,46.87062840197732,1,1.0
93,6,11,Direct,256.0,256.0,1,1.0
93,6,14,Direct,1.1873301660754279,1.1873301660754279,1,1.0
93,7,15,Direct,0.029511841828699738,0.029511841828699738,1,1.0
93,8,6,Direct,0.09367955696530503,0.09367955696530503,1,1.0
93,8,15,Direct,0.023407650919736532,0.023407650919736532,1,1.0
93,9,4,Direct,25.05344762153476,25.05344762153476,1,1.0
93,9,6,Direct,1.08563476306131,1.08563476306131,1,1.0
93,9,10,Direct,2.9291418603608137,2.9291418603608137,1,1.0
93,9,15,Direct,0.017987421944187978,0.017987421944187978,1,1.0
93,10,3,Direct,0.0207596245870341,0.0207596245870341,1,1.0
93,10,8,Direct,0.3750141490732041,0.3750141490732041,1,1.0
93,11,8,Direct,0.1738860564067782,0.1738860564067782,1,1.0
93,11,11,Direct,0.11554518758832631,0.11554518758832631,1,1.0
93,12,1,Direct,1.0270036931444682,1.0270036931444682,1,1.0
93,12,3,Direct,10.162271735247186,10.162271735247186,1,1.0
93,12,4,Direct,0.48431458727286403,0.48431458727286403,1,1.0
93,12,8,Direct,5.279289425406632,5.279289425406632,1,1.0
93,12,10,Direct,38.6069022478346,38.6069022478346,1,1.0
93,13,1,Direct,9.486786216259965,9.486786216259965,1,1.0
93,13,14,Direct,0.10352251775992609,0.10352251775992609,1,1.0
93,14,4,Direct,1.4395477646968473,1.4395477646968473,1,1.0
93,14,6,Direct,3.898425447811641,3.898425447811641,1,1.0
93,15,4,Direct,0.7966915086035924,0.7966915086035924,1,1.0
93,15,5,Direct,5.191467678164607,5.191467678164607,1,1.0
93,15,6,Direct,58.940165919626146,58.940165919626146,1,1.0
93,15,7,Direct,0.056170076221606816,0.056170076221606816,1,1.0
93,16,14,Direct,0.045234831384012374,0.045234831384012374,1,1.0
93,17,1,Direct,1.768552567664904,1.768552567664904,1,1.0
93,17,3,Direct,5.908443557767678,5.908443557767678,1,1.0
93,17,8,Direct,68.7505385788456,68.7505385788456,1,1.0
93,17,10,Direct,4.237641064737454,4.237641064737454,1,1.0
93,17,14,Direct,0.08269222238967636,0.08269222238967636,1,1.0
93,18,0,Direct,0.019235374896734606,0.019235374896734606,1,1.0
93,18,1,Direct,0.027180638845430205,0.027180638845430205,1,1.0
93,18,3,Direct,0.038127548543222256,0.038127548543222256,1,1.0
93,18,14,Direct,28.19864988750192,28.19864988750192,1,1.0
93,19,10,Direct,2.6992711835855894,2.6992711835855894,1,1.0
93,20,1,Direct,0.3726282665697068,0.3726282665697068,1,1.0
93,21,1,Direct,0.008639146993561409,0.008639146993561409,1,1.0
93,21,6,Direct,1.2037365441567747,1.2037365441567747,1,1.0
93,22,6,Direct,0.049923103452471106,0.049923103452471106,1,1.0
93,23,3,Direct,0.06862435369167352,0.06862435369167352,1,1.0
94,0,10,Direct,0.05188778422027284,0.05188778422027284,1,1.0
94,0,15,Direct,0.17392010155712292,0.17392010155712292,1,1.0
94,1,11,Direct,2.8885449876485954,2.8885449876485954,1,1.0
94,2,3,Direct,0.023782546240552215,0.023782546240552215,1,1.0
94,2,4,Direct,3.426987806609073,3.426987806609073,1,1.0
94,2,12,Direct,0.034755382811806665,0.034755382811806665,1,1.0
94,3,1,Direct,7.45949501051214,7.45949501051214,1,1.0
94,3,12,Direct,60.285343974112884,60.285343974112884,1,1.0
94,3,13,Direct,0.10177515831204437,0.10177515831204437,1,1.0
94,4,11,Direct,1.108462840924595,1.108462840924595,1,1.0
94,6,15,Direct,1.173201875108725,1.173201875108725,1,1.0
94,7,3,Direct,0.029511222419280496,0.029511222419280496,1,1.0
94,7,13,Direct,13.788239847694062,13.788239847694062,1,1.0
94,8,1,Direct,0.025550693897924144,0.025550693897924144,1,1.0
94,8,3,Direct,0.06359273328881264,0.06359273328881264,1,1.0
94,8,5,Direct,7.0875473440185255,7.0875473440185255,1,1.0
94,9,14,Direct,4.96359284849784,4.96359284849784,1,1.0
94,10,2,Direct,2.3754761666261612,2.3754761666261612,1,1.0
94,10,10,Direct,2.267634633951143,2.267634633951143,1,1.0
94,11,9,Direct,0.10814080199059345,0.10814080199059345,1,1.0
94,12,1,Direct,0.013056893525824335,0.013056893525824335,1,1.0
94,12,13,Direct,0.03760581642054783,0.03760581642054783,1,1.0
94,13,1,Direct,26.970676734996914,26.970676734996914,1,1.0
94,13,5,Direct,5.674122620349318,5.674122620349318,1,1.0
94,13,11,Direct,62.09425762226562,62.09425762226562,1,1.0
94,13,13,Direct,0.35146296709191666,0.35146296709191666,1,1.0
94,15,11,Direct,12.17087611679994,12.17087611679994,1,1.0
94,16,15,Direct,0.02893341053023818,0.02893341053023818,1,1.0
94,17,1,Direct,0.02586646071393198,0.02586646071393198,1,1.0
94,17,4,Direct,256.0,256.0,1,1.0
94,17,13,Direct,4.163982778195622,4.163982778195622,1,1.0
94,18,9,Direct,0.0091123380008896,0.0091123380008896,1,1.0
94,20,0,Direct,0.21607877770242154,0.21607877770242154,1,1.0
94,20,12,Direct,59.84549516815997,59.84549516815997,1,1.0
94,20,13,Direct,0.024105170179421213,0.024105170179421213,1,1.0
94,21,1,Direct,0.766112849438837,0.766112849438837,1,1.0
94,21,10,Direct,0.11080276854172784,0.11080276854172784,1,1.0
94,22,3,Direct,0.018093435486995796,0.018093435486995796,1,1.0
94,22,5,Direct,11.018848207723197,11.018848207723197,1,1.0
94,22,9,Direct,0.03049415710299182,0.03049415710299182,1,1.0
94,23,0,Direct,0.023946034329027692,0.023946034329027692,1,1.0
94,23,5,Direct,0.7862134073295695,0.7862134073295695,1,1.0
95,0,4,Direct,256.0,256.0,1,1.0
95,0,15,Direct,0.021872524775377093,0.021872524775377093,1,1.0
95,1,13,Direct,0.01905767694410707,0.01905767694410707,1,1.0
95,3,3,Direct,0.12088937462656225,0.12088937462656225,1,1.0
95,4,3,Direct,6.848010800822025,6.848010800822025,1,1.0
95,4,15,Direct,0.03187681710683741,0.03187681710683741,1,1.0
95,5,3,Direct,0.007599897560890818,0.007599897560890818,1,1.0
95,7,15,Direct,0.7219450014969092,0.7219450014969092,1,1.0
95,9,1,Direct,0.02267019054602923,0.02267019054602923,1,1.0
95,10,3,Direct,0.015190405613330729,0.015190405613330729,1,1.0
95,10,8,Direct,0.5814855987315064,0.5814855987315064,1,1.0
95,11,5,Direct,3.520202955794358,3.520202955794358,1,1.0
95,11,11,Direct,0.29311305704501145,0.29311305704501145,1,1.0
95,11,15,Direct,0.08003771173881838,0.08003771173881838,1,1.0
95,12,6,Direct,0.1321876281540386,0.1321876281540386,1,1.0
95,12,15,Direct,0.0370026786171078,0.0370026786171078,1,1.0
95,13,1,Direct,12.678243978001024,12.678243978001024,1,1.0
95,13,3,Direct,0.05539990699672117,0.05539990699672117,1,1.0
95,14,0,Direct,0.04987981074938741,0.04987981074938741,1,1.0
95,14,6,Direct,0.061870142052617705,0.061870142052617705,1,1.0
95,14,11,Direct,33.730936681808956,33.730936681808956,1,1.0
95,16,0,Direct,2.843073107801411,2.843073107801411,1,1.0
95,19,0,Direct,6.113069898677006,6.113069898677006,1,1.0
95,19,1,Direct,9.554166498364399,9.554166498364399,1,1.0
95,20,0,Direct,0.04958355381148287,0.04958355381148287,1,1.0
95,20,1,Direct,0.018948768510435695,0.018948768510435695,1,1.0
95,20,3,Direct,1.189335438678583,1.189335438678583,1,1.0
95,21,15,Direct,0.038382924107774136,0.038382924107774136,1,1.0
95,22,5,Direct,0.06268155150102381,0.06268155150102381,1,1.0
95,22,13,Direct,0.02982862082799343,0.02982862082799343,1,1.0
95,22,15,Direct,0.031920393430877,0.031920393430877,1,1.0
95,23,8,Direct,0.2979424035106031,0.2979424035106031,1,1.0
96,0,0,Direct,0.34178745535482324,0.34178745535482324,1,1.0
96,0,13,Direct,0.07830915504092623,0.07830915504092623,1,1.0
96,1,7,Direct,88.52118277305959,88.52118277305959,1,1.0
96,1,12,Direct,5.646213934516254,5.646213934516254,1,1.0
96,2,0,Direct,1.6479705671803244,1.6479705671803244,1,1.0
96,3,6,Direct,0.021602863975967557,0.021602863975967557,1,1.0
96,3,11,Direct,3.06253576872843,3.06253576872843,1,1.0
96,4,12,Direct,0.06020771216848126,0.06020771216848126,1,1.0
96,4,14,Direct,3.0370705712110633,3.0370705712110633,1,1.0
96,5,6,Direct,0.17604011210048462,0.17604011210048462,1,1.0
96,7,7,Direct,0.0628379184670033,0.0628379184670033,1,1.0
96,8,0,Direct,6.165679471795268,6.165679471795268,1,1.0
96,9,7,Direct,0.10541402070600797,0.10541402070600797,1,1.0
96,9,11,Direct,10.959528280137476,10.959528280137476,1,1.0
96,11,0,Direct,19.667230643919332,19.667230643919332,1,1.0
96,11,12,Direct,256.0,256.0,1,1.0
96,12,7,Direct,0.06044749422404497,0.06044749422404497,1,1.0
96,12,13,Direct,0.024674430654395337,0.024674430654395337,1,1.0
96,13,9,Direct,5.886001748019334,5.886001748019334,1,1.0
96,15,1,Direct,0.02504923624830363,0.02504923624830363,1,1.0
96,16,9,Direct,1.220666751570668,1.220666751570668,1,1.0
96,16,13,Direct,0.03795835727157627,0.03795835727157627,1,1.0
96,17,12,Direct,20.74814067283366,20.74814067283366,1,1.0
96,18,7,Direct,0.030391933892285394,0.030391933892285394,1,1.0
96,18,12,Direct,218.68871410247885,218.68871410247885,1,1.0
96,19,7,Direct,0.7494222992975647,0.7494222992975647,1,1.0
96,20,0,Direct,0.09331534758243153,0.09331534758243153,1,1.0
96,20,5,Direct,0.15432975408269775,0.15432975408269775,1,1.0
96,20,6,Direct,1.7164880889355065,1.7164880889355065,1,1.0
96,20,7,Direct,33.81133580965895,33.81133580965895,1,1.0
96,20,11,Direct,256.0,256.0,1,1.0
96,20,13,Direct,0.047324390441400535,0.047324390441400535,1,1.0
96,21,0,Direct,0.009845221746325425,0.009845221746325425,1,1.0
96,21,3,Direct,0.11010540772727594,0.11010540772727594,1,1.0
96,21,15,Direct,7.0006164857714515,7.0006164857714515,1,1.0
96,23,3,Direct,3.028680867217317,3.028680867217317,1,1.0
96,23,4,Direct,5.417281192336353,5.417281192336353,1,1.0
96,23,5,Direct,0.16119366510700175,0.16119366510700175,1,1.0
97,1,4,Direct,0.043716622114815584,0.043716622114815584,1,1.0
97,1,7,Direct,0.06055212178922452,0.06055212178922452,1,1.0
97,1,10,Direct,180.36850529344807,180.36850529344807,1,1.0
97,3,13,Direct,0.8225211834270335,0.8225211834270335,1,1.0
97,3,15,Direct,0.012109755314604504,0.012109755314604504,1,1.0
97,6,12,Direct,1.7662871324230827,1.7662871324230827,1,1.0
97,7,4,Direct,0.07621869075384761,0.07621869075384761,1,1.0
97,7,11,Direct,0.3712163882514766,0.3712163882514766,1,1.0
97,7,15,Direct,18.907019424389873,18.907019424389873,1,1.0
97,8,0,Direct,0.021404309713225485,0.021404309713225485,1,1.0
97,8,4,Direct,0.2117180729153165,0.2117180729153165,1,1.0
97,8,12,Direct,0.22907676219883466,0.22907676219883466,1,1.0
97,9,0,Direct,0.3517930444958268,0.3517930444958268,1,1.0
97,9,1,Direct,0.27714729844621444,0.27714729844621444,1,1.0
97,9,10,Direct,0.539880998902341,0.539880998902341,1,1.0
97,10,9,Direct,0.010758123463236966,0.010758123463236966,1,1.0
97,10,14,Direct,22.93972064891009,22.93972064891009,1,1.0
97,12,0,Direct,3.595210669157056,3.595210669157056,1,1.0
97,12,5,Direct,0.5047654154306797,0.5047654154306797,1,1.0
97,12,10,Direct,48.184837914490835,48.184837914490835,1,1.0
97,13,3,Direct,3.201165503500443,3.201165503500443,1,1.0
97,13,4,Direct,2.3560381310333165,2.3560381310333165,1,1.0
97,13,5,Direct,0.27939654116458146,0.27939654116458146,1,1.0
97,13,7,Direct,2.413524280449085,2.413524280449085,1,1.0
97,13,9,Direct,0.07020638988144298,0.07020638988144298,1,1.0
97,14,3,Direct,0.059819861217128546,0.059819861217128546,1,1.0
97,14,9,Direct,1.5919154615390723,1.5919154615390723,1,1.0
97,14,10,Direct,0.5542416861325443,0.5542416861325443,1,1.0
97,15,10,Direct,0.22726414634970327,0.22726414634970327,1,1.0
97,15,11,Direct,7.551789823517003,7.551789823517003,1,1.0
97,16,9,Direct,0.023170857948053875,0.023170857948053875,1,1.0
97,17,2,Direct,10.91181752846469,10.91181752846469,1,1.0
97,17,5,Direct,0.5783876709972621,0.5783876709972621,1,1.0
97,17,7,Direct,0.020314637006151708,0.020314637006151708,1,1.0
97,18,3,Direct,0.054244532330003654,0.054244532330003654,1,1.0
97,18,4,Direct,0.12806424650436934,0.12806424650436934,1,1.0
97,18,15,Direct,4.636968610247864,4.636968610247864,1,1.0
97,19,1,Direct,0.6294919367687462,0.6294919367687462,1,1.0
97,19,2,Direct,0.2176263598690253,0.2176263598690253,1,1.0
97,19,7,Direct,0.11429547957896835,0.11429547957896835,1,1.0
97,19,10,Direct,80.28189142896196,80.28189142896196,1,1.0
97,20,0,Direct,0.013909450826132385,0.013909450826132385,1,1.0
97,20,1,Direct,0.06666645595342656,0.06666645595342656,1,1.0
97,20,5,Direct,24.890031026224168,24.890031026224168,1,1.0
97,20,15,Direct,0.01900462474085138,0.01900462474085138,1,1.0
97,21,2,Direct,3.2757120758883236,3.2757120758883236,1,1.0
97,21,4,Direct,0.06102043610648599,0.06102043610648599,1,1.0
97,21,7,Direct,15.465566346374098,15.465566346374098,1,1.0
97,22,5,Direct,66.44858845259064,66.44858845259064,1,1.0
97,22,9,Direct,3.3351775750773207,3.3351775750773207,1,1.0
97,22,10,Direct,45.612449101141245,45.612449101141245,1,1.0
97,23,2,Direct,6.8476637026121425,6.8476637026121425,1,1.0
98,0,0,Direct,0.47309237421492156,0.47309237421492156,1,1.0
98,1,7,Direct,1.575463128249426,1.575463128249426,1,1.0
98,3,4,Direct,0.0887104645192396,0.0887104645192396,1,1.0
98,3,6,Direct,12.980555962699606,12.980555962699606,1,1.0
98,4,0,Direct,0.013522018255219908,0.013522018255219908,1,1.0
98,4,11,Direct,13.720565511078975,13.720565511078975,1,1.0
98,5,2,Direct,0.0358797544710541,0.0358797544710541,1,1.0
98,5,3,Direct,0.009877514399335338,0.009877514399335338,1,1.0
98,5,15,Direct,0.14391304960044957,0.14391304960044957,1,1.0
98,6,6,Direct,0.0264139389894672,0.0264139389894672,1,1.0
98,7,6,Direct,86.29290678725165,86.29290678725165,1,1.0
98,8,0,Direct,3.7101218141743555,3.7101218141743555,1,1.0
98,8,6,Direct,3.824360188290279,3.824360188290279,1,1.0
98,9,10,Direct,0.06710419055435728,0.06710419055435728,1,1.0
98,9,11,Direct,42.93539263581659,42.93539263581659,1,1.0
98,11,4,Direct,0.09640951337732472,0.09640951337732472,1,1.0
98,11,6,Direct,0.020087784014892807,0.020087784014892807,1,1.0
98,12,6,Direct,0.0099110922974686,0.0099110922974686,1,1.0
98,12,15,Direct,0.023326898788747257,0.023326898788747257,1,1.0
98,13,4,Direct,0.1353149783701106,0.1353149783701106,1,1.0
98,13,5,Direct,0.12752578746334936,0.12752578746334936,1,1.0
98,13,11,Direct,42.450454554020205,42.450454554020205,1,1.0
98,14,15,Direct,0.10912933965709974,0.10912933965709974,1,1.0
98,15,5,Direct,0.22179243090870587,0.22179243090870587,1,1.0
98,17,2,Direct,2.763380090850272,2.763380090850272,1,1.0
98,18,0,Direct,0.9882434365117225,0.9882434365117225,1,1.0
98,19,5,Direct,2.0412093813948533,2.0412093813948533,1,1.0
98,20,5,Direct,6.694489923369539,6.694489923369539,1,1.0
98,20,12,ViaRelay,58.55592655933936,58.55592655933936,1,1.0
98,21,0,Direct,0.0449084431567936,0.0449084431567936,1,1.0
98,21,3,Direct,10.664828602627388,10.664828602627388,1,1.0
98,22,2,Direct,0.15715206752088437,0.15715206752088437,1,1.0
98,22,15,Direct,49.26547918392979,49.26547918392979,1,1.0
99,0,1,Direct,0.024399875971038484,0.024399875971038484,1,1.0
99,0,7,Direct,0.16864497717313734,0.16864497717313734,1,1.0
99,1,8,Direct,22.591550726683902,22.591550726683902,1,1.0
99,2,3,Direct,4.703612188874313,4.703612188874313,1,1.0
99,2,15,Direct,0.32767384165849184,0.32767384165849184,1,1.0
99,3,8,Direct,23.556842841191116,23.556842841191116,1,1.0
99,3,13,Direct,1.2373284071071138,1.2373284071071138,1,1.0
99,4,8,Direct,0.04715162403860219,0.04715162403860219,1,1.0
99,5,3,Direct,0.06172582434424313,0.06172582434424313,1,1.0
99,5,4,Direct,1.1933959708008939,1.1933959708008939,1,1.0
99,6,8,Direct,0.07636175710161305,0.07636175710161305,1,1.0
99,6,15,Direct,0.3297798571870979,0.3297798571870979,1,1.0
99,8,1,Direct,1.9183076552214842,1.9183076552214842,1,1.0
99,8,5,Direct,47.569725708201666,47.569725708201666,1,1.0
99,9,10,Direct,100.5416679267909,100.5416679267909,1,1.0
99,10,7,Direct,2.9972194679240793,2.9972194679240793,1,1.0
99,10,15,Direct,5.72343674931681,5.72343674931681,1,1.0
99,11,3,Direct,0.009845909560111976,0.009845909560111976,1,1.0
99,11,5,Direct,71.65688617235811,71.65688617235811,1,1.0
99,12,3,Direct,0.019067985281971928,0.019067985281971928,1,1.0
99,13,1,Direct,0.013159017089525897,0.013159017089525897,1,1.0
99,13,12,Direct,0.523698624647548,0.523698624647548,1,1.0
99,13,13,Direct,0.029331449055394608,0.029331449055394608,1,1.0
99,14,5,Direct,59.88716652474401,59.88716652474401,1,1.0
99,14,7,Direct,0.03620741074141338,0.03620741074141338,1,1.0
99,14,10,Direct,170.44392571037466,170.44392571037466,1,1.0
99,14,12,Direct,1.0353481209841253,1.0353481209841253,1,1.0
99,16,1,Direct,0.029099139180091722,0.029099139180091722,1,1.0
99,16,3,Direct,24.48133726608276,24.48133726608276,1,1.0
99,16,7,Direct,0.01807684034664511,0.01807684034664511,1,1.0
99,18,6,Direct,8.6485954229642,8.6485954229642,1,1.0
99,18,15,Direct,0.029978267986370048,0.029978267986370048,1,1.0
99,19,1,Direct,2.4601540561540935,2.4601540561540935,1,1.0
99,20,3,Direct,0.042846547752864055,0.042846547752864055,1,1.0
99,20,4,Direct,13.42236974849565,13.42236974849565,1,1.0
99,20,7,Direct,0.022706865671835386,0.022706865671835386,1,1.0
99,20,10,Direct,0.3210839385404228,0.3210839385404228,1,1.0
99,20,15,Direct,0.06397948318986149,0.06397948318986149,1,1.0
99,21,1,Direct,0.08958772881005593,0.08958772881005593,1,1.0
99,21,4,Direct,0.13315815302302922,0.13315815302302922,1,1.0
99,22,1,Direct,0.06894389022196551,0.06894389022196551,1,1.0
99,23,3,Direct,4.077478461638856,4.077478461638856,1,1.0
100,1,3,Direct,2.495828268614735,2.495828268614735,1,1.0
100,1,4,Direct,4.0946058982778375,4.0946058982778375,1,1.0
100,1,6,Direct,0.5337451897849946,0.5337451897849946,1,1.0
100,2,4,Direct,3.5374872803213946,3.5374872803213946,1,1.0
100,2,14,Direct,0.03992499089991489,0.03992499089991489,1,1.0
100,3,6,Direct,0.2423181035393243,0.2423181035393243,1,1.0
100,3,12,Direct,3.4190810191618572,3.4190810191618572,1,1.0
100,3,13,Direct,4.02525376637052,4.02525376637052,1,1.0
100,4,12,Direct,5.2780803561153045,5.2780803561153045,1,1.0
100,5,6,Direct,2.8913059801750713,2.8913059801750713,1,1.0
100,5,13,Direct,0.018149411969923746,0.018149411969923746,1,1.0
100,6,7,Direct,0.11409742124898073,0.11409742124898073,1,1.0
100,6,14,Direct,5.8026718737760135,5.8026718737760135,1,1.0
100,7,7,Direct,15.935275973034877,15.935275973034877,1,1.0
100,8,4,Direct,63.35918710295185,63.35918710295185,1,1.0
100,9,5,Direct,0.06458171919640789,0.06458171919640789,1,1.0
100,9,6,Direct,3.462718796706478,3.462718796706478,1,1.0
100,9,12,Direct,17.34583448044523,17.34583448044523,1,1.0
100,11,0,Direct,0.07663912863235896,0.07663912863235896,1,1.0
100,11,7,Direct,1.155033870277555,1.155033870277555,1,1.0
100,12,6,Direct,0.07335486655821608,0.07335486655821608,1,1.0
100,18,0,Direct,0.02336902289297418,0.02336902289297418,1,1.0
100,19,0,Direct,0.016976457638867577,0.016976457638867577,1,1.0
100,19,5,Direct,1.4123564609173782,1.4123564609173782,1,1.0
100,22,7,Direct,0.5493898049737229,0.5493898049737229,1,1.0
100,23,3,Direct,0.7311972623335539,0.7311972623335539,1,1.0
101,1,13,Direct,6.034533821478018,6.034533821478018,1,1.0
101,2,4,Direct,7.58045070090299,7.58045070090299,1,1.0
101,3,8,Direct,0.0928958333096421,0.0928958333096421,1,1.0
101,3,13,Direct,0.040304232709113756,0.040304232709113756,1,1.0
101,5,12,Direct,0.74139887261414,0.74139887261414,1,1.0
101,7,8,Direct,0.14865341581989117,0.14865341581989117,1,1.0
101,7,13,Direct,5.813256391145812,5.813256391145812,1,1.0
101,8,1,Direct,0.02438983529648267,0.02438983529648267,1,1.0
101,9,4,Direct,0.14696216106563947,0.14696216106563947,1,1.0
101,9,7,Direct,0.023554604095453045,0.023554604095453045,1,1.0
101,10,7,Direct,1.2270164075797565,1.2270164075797565,1,1.0
101,10,10,Direct,0.02295380959492386,0.02295380959492386,1,1.0
101,11,8,Direct,35.89108523507436,35.89108523507436,1,1.0
101,12,7,Direct,0.3661776336875618,0.3661776336875618,1,1.0
101,12,12,Direct,10.365470596244009,10.365470596244009,1,1.0
101,13,8,Direct,0.033922064067965704,0.033922064067965704,1,1.0
101,13,9,Direct,0.015001553360199349,0.015001553360199349,1,1.0
101,14,8,Direct,6.4471939546178945,6.4471939546178945,1,1.0
101,14,9,Direct,4.911195348247866,4.911195348247866,1,1.0
101,14,10,Direct,84.33497384358161,84.33497384358161,1,1.0
101,14,12,Direct,10.972776701837132,10.972776701837132,1,1.0
101,15,1,Direct,0.11140053733400562,0.11140053733400562,1,1.0
101,15,3,Direct,2.7094952513171173,2.7094952513171173,1,1.0
101,15,10,Direct,0.08681746196748145,0.08681746196748145,1,1.0
101,15,12,Direct,0.2780726412966878,0.2780726412966878,1,1.0
101,16,0,Direct,3.0709179822868498,3.0709179822868498,1,1.0
101,16,9,Direct,0.13327416058438657,0.13327416058438657,1,1.0
101,16,10,Direct,44.813570079486645,44.813570079486645,1,1.0
101,18,9,Direct,0.008929244184697913,0.008929244184697913,1,1.0
101,18,13,Direct,0.11200555772185579,0.11200555772185579,1,1.0
101,19,1,Direct,5.9394986639792515,5.9394986639792515,1,1.0
101,19,7,Direct,0.026763388964342726,0.026763388964342726,1,1.0
101,19,8,Direct,57.78338259197467,57.78338259197467,1,1.0
101,19,10,Direct,0.13628208095634964,0.13628208095634964,1,1.0
101,20,10,Direct,0.37680293850189045,0.37680293850189045,1,1.0
101,21,4,Direct,0.029133920176682225,0.029133920176682225,1,1.0
101,21,7,Direct,3.526922802571811,3.526922802571811,1,1.0
101,21,12,Direct,13.418454557528458,13.418454557528458,1,1.0
101,21,13,Direct,0.06398683691178128,0.06398683691178128,1,1.0
101,22,1,Direct,16.134835866682003,16.134835866682003,1,1.0
102,0,0,Direct,0.014339878209768822,0.014339878209768822,1,1.0
102,1,4,Direct,93.84994274137121,93.84994274137121,1,1.0
102,1,7,Direct,120.05306968854225,120.05306968854225,1,1.0
102,1,13,Direct,0.38347942407457497,0.38347942407457497,1,1.0
102,1,15,Direct,0.9896989098736643,0.9896989098736643,1,1.0
102,2,4,Direct,7.07399136436545,7.07399136436545,1,1.0
102,2,6,Direct,5.429187653866262,5.429187653866262,1,1.0
102,3,2,Direct,2.8671498344902018,2.8671498344902018,1,1.0
102,3,4,Direct,0.1457390123137474,0.1457390123137474,1,1.0
102,3,6,Direct,0.02148712000957031,0.02148712000957031,1,1.0
102,3,10,Direct,84.37321167310756,84.37321167310756,1,1.0
102,3,13,Direct,0.48317788930566963,0.48317788930566963,1,1.0
102,3,15,Direct,0.026851608069953063,0.026851608069953063,1,1.0
102,4,8,Direct,80.64206104312537,80.64206104312537,1,1.0
102,4,12,Direct,150.5752776750226,150.5752776750226,1,1.0
102,7,3,Direct,0.024487722127108612,0.024487722127108612,1,1.0
102,7,6,Direct,0.06960746310642914,0.06960746310642914,1,1.0
102,9,2,Direct,0.0952524551051234,0.0952524551051234,1,1.0
102,9,8,Direct,0.022032535015442053,0.022032535015442053,1,1.0
102,9,13,Direct,3.248276075545368,3.248276075545368,1,1.0
102,9,15,Direct,0.05882319185729665,0.05882319185729665,1,1.0
102,10,10,Direct,9.497612267191176,9.497612267191176,1,1.0
102,11,4,Direct,0.07016051350088637,0.07016051350088637,1,1.0
102,12,3,Direct,4.3415238217221575,4.3415238217221575,1,1.0
102,13,0,Direct,2.5199119009083137,2.5199119009083137,1,1.0
102,13,5,Direct,182.8325334940444,182.8325334940444,1,1.0
102,13,6,Direct,12.52830865973198,12.52830865973198,1,1.0
102,13,15,Direct,0.02358810903215955,0.02358810903215955,1,1.0
102,14,6,Direct,0.22458318611434455,0.22458318611434455,1,1.0
102,14,10,Direct,7.301023778214478,7.301023778214478,1,1.0
102,14,12,Direct,0.5040529827540358,0.5040529827540358,1,1.0
102,15,8,Direct,1.4053288675841182,1.4053288675841182,1,1.0
102,15,10,Direct,0.38420267614520787,0.38420267614520787,1,1.0
102,16,13,Direct,0.017370051979537466,0.017370051979537466,1,1.0
102,17,3,Direct,0.22886387119409177,0.22886387119409177,1,1.0
102,18,4,Direct,0.15383178240707215,0.15383178240707215,1,1.0
102,18,12,Direct,22.62891559820397,22.62891559820397,1,1.0
102,19,8,Direct,37.600906020060854,37.600906020060854,1,1.0
102,19,12,Direct,2.548848992995448,2.548848992995448,1,1.0
102,20,3,Direct,6.017409189276673,6.017409189276673,1,1.0
102,20,4,Direct,0.9103842764975874,0.9103842764975874,1,1.0
102,21,2,Direct,0.021776521220675298,0.021776521220675298,1,1.0
102,21,12,Direct,0.27560944140736204,0.27560944140736204,1,1.0
102,23,2,Direct,0.016790212746987145,0.016790212746987145,1,1.0
102,23,5,Direct,1.9394497816901541,1.9394497816901541,1,1.0
102,23,8,Direct,0.4559111633779036,0.4559111633779036,1,1.0
102,23,15,Direct,0.02726507182972921,0.02726507182972921,1,1.0
103,0,14,Direct,0.08877485047041413,0.08877485047041413,1,1.0
103,1,8,Direct,0.06155607630628544,0.06155607630628544,1,1.0
103,1,14,ViaRelay,8.936944842549831,8.936944842549831,1,1.0
103,2,10,Direct,256.0,256.0,1,1.0
103,3,14,Direct,0.029420405356509242,0.029420405356509242,1,1.0
103,4,1,Direct,16.774732197238414,16.774732197238414,1,1.0
103,5,0,Direct,5.8205169803223535,5.8205169803223535,1,1.0
103,5,3,Direct,0.027732272105756035,0.027732272105756035,1,1.0
103,6,2,Direct,0.45290414662230744,0.45290414662230744,1,1.0
103,7,1,Direct,11.221976400581198,11.221976400581198,1,1.0
103,7,10,Direct,2.3904765515713415,2.3904765515713415,1,1.0
103,7,13,Direct,0.301277519548215,0.301277519548215,1,1.0
103,9,1,Direct,3.32904757808616,3.32904757808616,1,1.0
103,9,2,Direct,8.726460724264113,8.726460724264113,1,1.0
103,9,8,Direct,4.708231143209452,4.708231143209452,1,1.0
103,9,10,Direct,0.04824630701997899,0.04824630701997899,1,1.0
103,9,13,Direct,0.338095462833815,0.338095462833815,1,1.0
103,10,0,Direct,19.206209652567402,19.206209652567402,1,1.0
103,10,11,Direct,159.49641741937168,159.49641741937168,1,1.0
103,12,4,Direct,0.09213443715084157,0.09213443715084157,1,1.0
103,12,10,Direct,0.06426388513509021,0.06426388513509021,1,1.0
103,13,10,Direct,0.014531396202427362,0.014531396202427362,1,1.0
103,13,14,Direct,0.09460304527533715,0.09460304527533715,1,1.0
103,15,4,Direct,132.51371874922586,132.51371874922586,1,1.0
103,16,3,Direct,12.016856709116295,12.016856709116295,1,1.0
103,17,4,Direct,17.49412868777161,17.49412868777161,1,1.0
103,17,5,Direct,256.0,256.0,1,1.0
103,17,8,Direct,19.68897923041678,19.68897923041678,1,1.0
103,17,10,Direct,0.06190992528455283,0.06190992528455283,1,1.0
103,18,0,Direct,0.3130007452867541,0.3130007452867541,1,1.0
103,18,3,Direct,0.011732900543988728,0.011732900543988728,1,1.0
103,19,4,Direct,1.480579216420748,1.480579216420748,1,1.0
103,19,8,Direct,0.01469742449823839,0.01469742449823839,1,1.0
103,20,5,Direct,0.04222161540566393,0.04222161540566393,1,1.0
103,20,10,Direct,0.0706309181921973,0.0706309181921973,1,1.0
103,21,11,Direct,0.2709439143681354,0.2709439143681354,1,1.0
103,22,7,Direct,0.17697949939020488,0.17697949939020488,1,1.0
104,0,3,Direct,0.0159715979240791,0.0159715979240791,1,1.0
104,0,7,Direct,3.4665123476849717,3.4665123476849717,1,1.0
104,0,10,Direct,11.76931398948355,11.76931398948355,1,1.0
104,1,5,Direct,0.11665486924904873,0.11665486924904873,1,1.0
104,1,12,Direct,256.0,256.0,1,1.0
104,1,13,Direct,0.5459641125153485,0.5459641125153485,1,1.0
104,2,3,Direct,4.770234674384257,4.770234674384257,1,1.0
104,2,8,Direct,1.1880871881107544,1.1880871881107544,1,1.0
104,2,15,Direct,0.6977461298348087,0.6977461298348087,1,1.0
104,3,4,Direct,256.0,256.0,1,1.0
104,3,7,Direct,10.57226213059093,10.57226213059093,1,1.0
104,3,15,Direct,47.84853186564909,47.84853186564909,1,1.0
104,5,0,Direct,13.941858603403736,13.941858603403736,1,1.0
104,5,4,Direct,29.4479452529099,29.4479452529099,1,1.0
104,6,0,Direct,1.1091627155496115,1.1091627155496115,1,1.0
104,7,3,Direct,0.025478059929585694,0.025478059929585694,1,1.0
104,7,4,Direct,0.022852261554376346,0.022852261554376346,1,1.0
104,9,6,Direct,27.058168852708786,27.058168852708786,1,1.0
104,9,8,Direct,0.01693809727259809,0.01693809727259809,1,1.0
104,9,12,Direct,0.25497049561206225,0.25497049561206225,1,1.0
104,9,13,Direct,0.392423405557581,0.392423405557581,1,1.0
104,10,0,Direct,0.4015738438911129,0.4015738438911129,1,1.0
104,10,9,Direct,0.19596720190970832,0.19596720190970832,1,1.0
104,11,10,Direct,0.03901333881708369,0.03901333881708369,1,1.0
104,12,3,Direct,4.872631006733126,4.872631006733126,1,1.0
104,13,8,Direct,110.47109843091907,110.47109843091907,1,1.0
104,13,12,Direct,0.33742337642668174,0.33742337642668174,1,1.0
104,14,8,Direct,4.90432678206111,4.90432678206111,1,1.0
104,14,15,Direct,23.271049493239655,23.271049493239655,1,1.0
104,16,1,Direct,0.026076501344251025,0.026076501344251025,1,1.0
104,16,14,Direct,30.52209457914812,30.52209457914812,1,1.0
104,17,9,Direct,0.015864808737292967,0.015864808737292967,1,1.0
104,17,13,Direct,0.02144135496465606,0.02144135496465606,1,1.0
104,18,0,Direct,0.01255948561473155,0.01255948561473155,1,1.0
104,18,1,Direct,0.007184005222604942,0.007184005222604942,1,1.0
104,18,3,Direct,0.0605519600506704,0.0605519600506704,1,1.0
104,18,11,Direct,0.04328467850551037,0.04328467850551037,1,1.0
104,18,13,Direct,7.294476384521879,7.294476384521879,1,1.0
104,18,14,Direct,2.611872208038553,2.611872208038553,1,1.0
104,19,0,Direct,0.03704686734255868,0.03704686734255868,1,1.0
104,19,12,Direct,0.38339231516017,0.38339231516017,1,1.0
104,20,10,Direct,0.014789618404441644,0.014789618404441644,1,1.0
104,20,11,Direct,28.75933477265087,28.75933477265087,1,1.0
104,20,12,Direct,0.5552003084587319,0.5552003084587319,1,1.0
104,20,14,Direct,11.00850277871852,11.00850277871852,1,1.0
104,20,15,Direct,0.03330953446695117,0.03330953446695117,1,1.0
104,21,13,Direct,12.292598416071394,12.292598416071394,1,1.0
104,22,13,Direct,0.023348103862447796,0.023348103862447796,1,1.0
104,23,3,Direct,0.026274518238556182,0.026274518238556182,1,1.0
104,23,13,Direct,0.013604220731960086,0.013604220731960086,1,1.0
105,0,4,Direct,0.3828563827302188,0.3828563827302188,1,1.0
105,0,12,ViaRelay,145.68589925046084,145.68589925046084,1,1.0
105,1,1,Direct,2.859200307297226,2.859200307297226,1,1.0
105,1,9,Direct,0.007757091071398924,0.007757091071398924,1,1.0
105,1,11,Direct,82.06823303645614,82.06823303645614,1,1.0
105,1,12,ViaRelay,193.89639256844865,193.89639256844865,1,1.0
105,2,9,Direct,2.865391461198509,2.865391461198509,1,1.0
105,3,9,Direct,0.035954517872657174,0.035954517872657174,1,1.0
105,4,2,Direct,0.17167148595936765,0.17167148595936765,1,1.0
105,4,12,Direct,1.8390955621874783,1.8390955621874783,1,1.0
105,5,5,Direct,0.10091774281340801,0.10091774281340801,1,1.0
105,6,2,Direct,6.083598278285471,6.083598278285471,1,1.0
105,6,7,Direct,24.222873576800517,24.222873576800517,1,1.0
105,6,10,Direct,0.0703491063458115,0.0703491063458115,1,1.0
105,6,12,Direct,0.07207765932649592,0.07207765932649592,1,1.0
105,7,2,Direct,4.290862246100587,4.290862246100587,1,1.0
105,7,6,Direct,0.061262533381624525,0.061262533381624525,1,1.0
105,7,11,Direct,0.39124668009974856,0.39124668009974856,1,1.0
105,8,1,Direct,0.01902182058384167,0.01902182058384167,1,1.0
105,8,5,Direct,0.05773275926568452,0.05773275926568452,1,1.0
105,8,9,Direct,0.07872995325563718,0.07872995325563718,1,1.0
105,9,15,Direct,0.031647067434025566,0.031647067434025566,1,1.0
105,10,15,Direct,0.018624463813594512,0.018624463813594512,1,1.0
105,11,5,Direct,37.928677692823214,37.928677692823214,1,1.0
105,11,9,Direct,0.05170741698595381,0.05170741698595381,1,1.0
105,12,2,Direct,0.15312966816937873,0.15312966816937873,1,1.0
105,12,4,Direct,8.344671549555144,8.344671549555144,1,1.0
105,12,5,Direct,18.859496504518205,18.859496504518205,1,1.0
105,12,6,Direct,0.034520334000455316,0.034520334000455316,1,1.0
105,12,7,Direct,0.020223797199589017,0.020223797199589017,1,1.0
105,13,2,Direct,0.022789084669113537,0.022789084669113537,1,1.0
105,13,4,Direct,0.12490153747536425,0.12490153747536425,1,1.0
105,13,8,Direct,0.03681744118262642,0.03681744118262642,1,1.0
105,14,6,Direct,0.05071229082123238,0.05071229082123238,1,1.0
105,14,12,Direct,0.17760763054792603,0.17760763054792603,1,1.0
105,16,8,Direct,12.28020429137335,12.28020429137335,1,1.0
105,17,5,Direct,0.023139133262958633,0.023139133262958633,1,1.0
105,18,8,Direct,1.3808018817491645,1.3808018817491645,1,1.0
105,18,12,Direct,256.0,256.0,1,1.0
105,19,6,Direct,0.012322370742990224,0.012322370742990224,1,1.0
105,19,9,Direct,0.21255845232730966,0.21255845232730966,1,1.0
105,20,2,Direct,0.010510094227388578,0.010510094227388578,1,1.0
105,20,5,Direct,8.36798996237853,8.36798996237853,1,1.0
105,20,9,Direct,0.0274204261234079,0.0274204261234079,1,1.0
105,21,9,Direct,0.011120804305157205,0.011120804305157205,1,1.0
105,22,1,Direct,40.823396445556064,40.823396445556064,1,1.0
105,22,4,Direct,0.07838054998198854,0.07838054998198854,1,1.0
105,23,4,Direct,0.14326003967740925,0.14326003967740925,1,1.0
105,23,5,Direct,27.4148962345888,27.4148962345888,1,1.0
106,0,4,Direct,0.175193430862598,0.175193430862598,1,1.0
106,0,8,Direct,138.16978360769443,138.16978360769443,1,1.0
106,0,15,Direct,24.440100719484946,24.440100719484946,1,1.0
106,1,4,Direct,0.10890343377474568,0.10890343377474568,1,1.0
106,2,5,Direct,2.2873202369679735,2.2873202369679735,1,1.0
106,2,8,Direct,1.1984616711851623,1.1984616711851623,1,1.0
106,3,8,Direct,51.606691417594334,51.606691417594334,1,1.0
106,4,1,Direct,0.8950235004984994,0.8950235004984994,1,1.0
106,7,3,Direct,0.03860895517080556,0.03860895517080556,1,1.0
106,7,6,Direct,19.946642429962072,19.946642429962072,1,1.0
106,7,10,Direct,196.92432738269676,196.92432738269676,1,1.0
106,7,15,Direct,3.640420801641479,3.640420801641479,1,1.0
106,8,10,Direct,0.5737050125085756,0.5737050125085756,1,1.0
106,9,5,ViaRelay,18.431052705595903,18.431052705595903,1,1.0
106,9,12,Direct,18.47082994932357,18.47082994932357,1,1.0
106,9,14,Direct,0.036381619215490546,0.036381619215490546,1,1.0
106,10,10,Direct,0.0168158899951135,0.0168158899951135,1,1.0
106,10,15,Direct,1.5000069554219908,1.5000069554219908,1,1.0
106,12,6,Direct,4.881286852760442,4.881286852760442,1,1.0
106,12,12,Direct,23.044379082872208,23.044379082872208,1,1.0
106,14,10,Direct,1.2805207311308702,1.2805207311308702,1,1.0
106,14,12,Direct,174.28590042414956,174.28590042414956,1,1.0
106,16,12,Direct,1.83496398000322,1.83496398000322,1,1.0
106,16,15,Direct,20.63887485034408,20.63887485034408,1,1.0
106,17,1,Direct,25.91654475381584,25.91654475381584,1,1.0
106,17,15,Direct,0.011584039922345237,0.011584039922345237,1,1.0
106,20,12,Direct,6.766982103543187,6.766982103543187,1,1.0
106,20,15,Direct,11.97382354346635,11.97382354346635,1,1.0
106,22,6,Direct,0.02448000380836648,0.02448000380836648,1,1.0
106,22,14,Direct,72.75585411553415,72.75585411553415,1,1.0
106,23,1,Direct,0.012438080299280835,0.012438080299280835,1,1.0
106,23,12,Direct,256.0,256.0,1,1.0
107,0,6,Direct,2.373719428496972,2.373719428496972,1,1.0
107,4,5,Direct,18.107034865969933,18.107034865969933,1,1.0
107,4,8,Direct,0.9760395181383473,0.9760395181383473,1,1.0
107,4,10,Direct,0.07976367854549024,0.07976367854549024,1,1.0
107,5,3,Direct,0.5406115404894009,0.5406115404894009,1,1.0
107,6,4,Direct,0.12430895620008334,0.12430895620008334,1,1.0
107,6,7,Direct,1.2438929732512178,1.2438929732512178,1,1.0
107,7,4,Direct,145.8049286274109,145.8049286274109,1,1.0
107,7,5,Direct,4.125558546912255,4.125558546912255,1,1.0
107,8,14,Direct,27.245714859142637,27.245714859142637,1,1.0
107,9,5,Direct,14.749841091549305,14.749841091549305,1,1.0
107,10,4,Direct,64.23886650839765,64.23886650839765,1,1.0
107,11,3,Direct,5.075827002733446,5.075827002733446,1,1.0
107,11,14,Direct,43.29448252826528,43.29448252826528,1,1.0
107,11,15,Direct,0.01354033648785597,0.01354033648785597,1,1.0
107,13,5,Direct,4.730044732171524,4.730044732171524,1,1.0
107,13,6,Direct,0.13815226420495774,0.13815226420495774,1,1.0
107,14,12,Direct,0.041191940916693884,0.041191940916693884,1,1.0
107,14,13,Direct,0.010447136468143197,0.010447136468143197,1,1.0
107,15,3,Direct,11.369600101180064,11.369600101180064,1,1.0
107,15,8,Direct,0.018004845299509784,0.018004845299509784,1,1.0
107,15,14,Direct,0.050369682829971944,0.050369682829971944,1,1.0
107,15,15,Direct,2.3234035890829303,2.3234035890829303,1,1.0
107,16,3,Direct,0.08590690657864206,0.08590690657864206,1,1.0
107,17,5,Direct,20.88932017575966,20.88932017575966,1,1.0
107,17,7,Direct,0.1105501883148743,0.1105501883148743,1,1.0
107,18,4,Direct,0.1596003476395389,0.1596003476395389,1,1.0
107,18,5,Direct,7.478346903277445,7.478346903277445,1,1.0
107,18,14,Direct,0.629578768651801,0.629578768651801,1,1.0
107,19,7,Direct,0.04876414455011657,0.04876414455011657,1,1.0
107,21,3,Direct,0.06806729137899593,0.06806729137899593,1,1.0
107,22,8,Direct,0.061541527755323344,0.061541527755323344,1,1.0
107,22,14,Direct,1.6934198064002208,1.6934198064002208,1,1.0
107,23,3,Direct,1.1383457921327895,1.1383457921327895,1,1.0
107,23,14,Direct,31.98830332709237,31.98830332709237,1,1.0
108,0,12,Direct,256.0,256.0,1,1.0
108,1,13,Direct,0.03979726352867988,0.03979726352867988,1,1.0
108,3,8,Direct,29.171704711546163,29.171704711546163,1,1.0
108,3,12,Direct,0.21126001462574323,0.21126001462574323,1,1.0
108,6,0,Direct,0.15041753429111446,0.15041753429111446,1,1.0
108,6,9,Direct,0.019210869714770522,0.019210869714770522,1,1.0
108,7,7,Direct,12.802098029777449,12.802098029777449,1,1.0
108,7,8,Direct,0.021547872252092867,0.021547872252092867,1,1.0
108,8,0,Direct,8.193864394798522,8.193864394798522,1,1.0
108,9,0,Direct,0.13271146149823454,0.13271146149823454,1,1.0
108,9,8,Direct,0.2180561457413237,0.2180561457413237,1,1.0
108,9,11,Direct,18.716525875892348,18.716525875892348,1,1.0
108,10,15,Direct,0.5752735489147014,0.5752735489147014,1,1.0
108,12,0,Direct,37.00369716481161,37.00369716481161,1,1.0
108,12,15,Direct,0.015447352789594752,0.015447352789594752,1,1.0
108,13,0,Direct,17.197140422895107,17.197140422895107,1,1.0
108,13,1,Direct,11.104900503173809,11.104900503173809,1,1.0
108,13,13,Direct,0.22931516068210905,0.22931516068210905,1,1.0
108,14,1,Direct,0.08373601307227253,0.08373601307227253,1,1.0
108,14,9,Direct,0.022439776875949738,0.022439776875949738,1,1.0
108,14,15,Direct,12.096204041277106,12.096204041277106,1,1.0
108,15,8,Direct,6.409032815992578,6.409032815992578,1,1.0
108,15,9,Direct,2.109567361920904,2.109567361920904,1,1.0
108,16,6,Direct,0.26541245199453656,0.26541245199453656,1,1.0
108,18,6,Direct,0.05656778157871291,0.05656778157871291,1,1.0
108,18,15,Direct,0.051404848581870805,0.051404848581870805,1,1.0
108,19,0,Direct,0.5780726065963412,0.5780726065963412,1,1.0
108,19,7,Direct,0.026729615789632555,0.026729615789632555,1,1.0
108,20,1,Direct,0.0397631121962766,0.0397631121962766,1,1.0
108,20,8,Direct,0.02698399669471804,0.02698399669471804,1,1.0
108,21,8,Direct,0.011040476153995697,0.011040476153995697,1,1.0
108,22,15,Direct,17.853665784556224,17.853665784556224,1,1.0
108,23,0,Direct,0.03367367888252719,0.03367367888252719,1,1.0
108,23,6,Direct,23.65890800929217,23.65890800929217,1,1.0
109,0,9,Direct,0.01450295760175428,0.01450295760175428,1,1.0
109,0,13,Direct,0.08159479950390383,0.08159479950390383,1,1.0
109,0,15,Direct,0.019967866934171696,0.019967866934171696,1,1.0
109,1,9,Direct,0.06520185003713679,0.06520185003713679,1,1.0
109,1,10,Direct,0.4004571119232238,0.4004571119232238,1,1.0
109,4,10,Direct,25.669440483588435,25.669440483588435,1,1.0
109,4,11,Direct,0.633194513030637,0.633194513030637,1,1.0
109,5,10,Direct,16.130749135212884,16.130749135212884,1,1.0
109,7,11,Direct,221.56502082247064,221.56502082247064,1,1.0
109,7,13,Direct,0.047011602925843894,0.047011602925843894,1,1.0
109,7,14,Direct,13.370903399189253,13.370903399189253,1,1.0
109,8,15,Direct,0.08266333457985878,0.08266333457985878,1,1.0
109,11,0,Direct,4.598843110472348,4.598843110472348,1,1.0
109,11,3,Direct,0.016083866516379438,0.016083866516379438,1,1.0
109,11,9,Direct,3.3308328952631956,3.3308328952631956,1,1.0
109,11,15,Direct,0.09792433338188242,0.09792433338188242,1,1.0
109,12,10,Direct,0.05596221511373018,0.05596221511373018,1,1.0
109,12,12,Direct,66.72518194056883,66.72518194056883,1,1.0
109,12,14,Direct,53.509974257746656,53.509974257746656,1,1.0
109,13,1,Direct,0.13793362020472727,0.13793362020472727,1,1.0
109,13,3,Direct,0.023996160876666568,0.023996160876666568,1,1.0
109,13,14,Direct,150.9774367305881,150.9774367305881,1,1.0
109,14,10,Direct,0.07916763306367343,0.07916763306367343,1,1.0
109,14,15,Direct,0.024742968169135248,0.024742968169135248,1,1.0
109,15,15,Direct,0.04316635143786004,0.04316635143786004,1,1.0
109,16,0,Direct,2.062319774655892,2.062319774655892,1,1.0
109,17,14,Direct,0.03699492591343981,0.03699492591343981,1,1.0
109,18,0,Direct,0.027562059187375226,0.027562059187375226,1,1.0
109,18,9,Direct,46.528052103896634,46.528052103896634,1,1.0
109,18,12,Direct,0.13815458721835994,0.13815458721835994,1,1.0
109,19,13,Direct,0.054513579359658386,0.054513579359658386,1,1.0
109,20,0,Direct,0.1535492237316089,0.1535492237316089,1,1.0
109,20,1,Direct,0.05631559307373855,0.05631559307373855,1,1.0
109,20,10,Direct,135.7397584567865,135.7397584567865,1,1.0
109,21,9,Direct,0.1709370540886247,0.1709370540886247,1,1.0
109,21,10,Direct,11.652963025035174,11.652963025035174,1,1.0
109,21,11,Direct,0.05807581922481719,0.05807581922481719,1,1.0
109,23,9,Direct,0.02496160726797724,0.02496160726797724,1,1.0
109,23,15,Direct,0.0356559865043883,0.0356559865043883,1,1.0
110,0,5,Direct,0.025944999147336854,0.025944999147336854,1,1.0
110,0,10,Direct,7.544238878326105,7.544238878326105,1,1.0
110,1,13,Direct,15.57013567855631,15.57013567855631,1,1.0
110,2,0,Direct,1.8776484747717013,1.8776484747717013,1,1.0
110,3,9,Direct,15.601990535190854,15.601990535190854,1,1.0
110,5,5,Direct,0.9813290983869533,0.9813290983869533,1,1.0
110,5,11,Direct,30.08953690185509,30.08953690185509,1,1.0
110,5,15,Direct,0.0774047890362567,0.0774047890362567,1,1.0
110,6,4,Direct,14.947190994255724,14.947190994255724,1,1.0
110,8,10,Direct,35.16960279569598,35.16960279569598,1,1.0
110,8,13,Direct,13.238956696199635,13.238956696199635,1,1.0
110,9,13,Direct,38.51915497122094,38.51915497122094,1,1.0
110,9,14,Direct,1.2593852193428843,1.2593852193428843,1,1.0
110,10,13,Direct,0.7237797600010826,0.7237797600010826,1,1.0
110,11,1,Direct,0.03516580476858026,0.03516580476858026,1,1.0
110,12,8,Direct,0.03454302257703031,0.03454302257703031,1,1.0
110,13,1,Direct,3.272420784382425,3.272420784382425,1,1.0
110,13,10,Direct,1.1406311702556204,1.1406311702556204,1,1.0
110,13,11,Direct,0.09102305546051165,0.09102305546051165,1,1.0
110,13,14,Direct,0.10758254228775517,0.10758254228775517,1,1.0
110,15,9,Direct,0.008430166971504508,0.008430166971504508,1,1.0
110,15,15,Direct,0.02250238441150478,0.02250238441150478,1,1.0
110,17,15,Direct,0.01072388075013444,0.01072388075013444,1,1.0
110,18,4,Direct,0.6541887973269387,0.6541887973269387,1,1.0
110,18,14,Direct,0.5107745090848603,0.5107745090848603,1,1.0
110,18,15,Direct,0.14255428674221032,0.14255428674221032,1,1.0
110,19,0,Direct,12.278607023493825,12.278607023493825,1,1.0
110,20,7,Direct,2.460616882167831,2.460616882167831,1,1.0
110,21,7,Direct,0.5960013528937224,0.5960013528937224,1,1.0
110,21,10,Direct,105.76121949018696,105.76121949018696,1,1.0
110,22,1,Direct,8.283228404227126,8.283228404227126,1,1.0
110,22,9,Direct,41.208412125506854,41.208412125506854,1,1.0
111,1,8,Direct,0.020381569016973817,0.020381569016973817,1,1.0
111,1,10,Direct,0.2497026580623322,0.2497026580623322,1,1.0
111,2,1,Direct,0.7733750699088068,0.7733750699088068,1,1.0
111,2,9,Direct,14.965704259589968,14.965704259589968,1,1.0
111,3,0,Direct,0.019638759580300126,0.019638759580300126,1,1.0
111,3,8,Direct,1.0430141908164403,1.0430141908164403,1,1.0
111,3,10,Direct,8.570619320244477,8.570619320244477,1,1.0
111,3,15,Direct,4.426870730566006,4.426870730566006,1,1.0
111,4,5,Direct,0.4252914128249223,0.4252914128249223,1,1.0
111,5,10,Direct,170.45194157818676,170.45194157818676,1,1.0
111,6,3,Direct,0.28663360399518745,0.28663360399518745,1,1.0
111,7,0,Direct,2.492989758195315,2.492989758195315,1,1.0
111,7,11,Direct,0.059792456735528174,0.059792456735528174,1,1.0
111,7,12,Direct,0.2368704880933584,0.2368704880933584,1,1.0
111,8,12,Direct,36.605956411116566,36.605956411116566,1,1.0
111,8,13,Direct,0.01929702609045328,0.01929702609045328,1,1.0
111,9,1,Direct,2.165861165064792,2.165861165064792,1,1.0
111,9,5,Direct,0.28530933633110905,0.28530933633110905,1,1.0
111,10,9,Direct,0.014018089795289415,0.014018089795289415,1,1.0
111,10,12,Direct,256.0,256.0,1,1.0
111,11,11,Direct,0.2080846079422828,0.2080846079422828,1,1.0
111,12,1,Direct,0.035639285378165915,0.035639285378165915,1,1.0
111,12,2,Direct,8.508748937693555,8.508748937693555,1,1.0
111,12,8,Direct,0.021964759566956264,0.021964759566956264,1,1.0
111,13,11,Direct,1.060249122623983,1.060249122623983,1,1.0
111,14,3,Direct,3.970343520018795,3.970343520018795,1,1.0
111,14,13,Direct,3.8785923172546917,3.8785923172546917,1,1.0
111,15,13,Direct,0.445543726251569,0.445543726251569,1,1.0
111,16,2,Direct,0.021448676937742224,0.021448676937742224,1,1.0
111,16,7,Direct,2.80286297271982,2.80286297271982,1,1.0
111,18,11,Direct,0.0646426694807661,0.0646426694807661,1,1.0
111,18,13,Direct,1.7166010653989694,1.7166010653989694,1,1.0
111,19,9,Direct,0.01027768538104261,0.01027768538104261,1,1.0
111,19,11,Direct,21.136971790236657,21.136971790236657,1,1.0
111,20,5,Direct,13.496844692000558,13.496844692000558,1,1.0
111,20,7,Direct,13.221270115870182,13.221270115870182,1,1.0
111,20,12,Direct,4.736362064816487,4.736362064816487,1,1.0
111,20,15,Direct,0.729058395409645,0.729058395409645,1,1.0
111,21,1,Direct,0.04586666978774315,0.04586666978774315,1,1.0
111,21,2,Direct,0.018067365590463094,0.018067365590463094,1,1.0
111,21,3,Direct,0.01187725112243196,0.01187725112243196,1,1.0
111,22,1,Direct,13.714132639435272,13.714132639435272,1,1.0
111,22,7,Direct,0.1752420541294938,0.1752420541294938,1,1.0
111,23,0,Direct,0.034111494610105535,0.034111494610105535,1,1.0
111,23,5,Direct,99.55747573003578,99.55747573003578,1,1.0
111,23,7,Direct,0.5215589289831996,0.5215589289831996,1,1.0
111,23,8,Direct,0.05181165690141327,0.05181165690141327,1,1.0
111,23,11,Direct,0.3520234108323201,0.3520234108323201,1,1.0
111,23,13,Direct,0.0506062316287864,0.0506062316287864,1,1.0
112,0,2,Direct,0.024413108252200322,0.024413108252200322,1,1.0
112,0,3,Direct,0.09892059186868486,0.09892059186868486,1,1.0
112,0,8,Direct,0.016965972006876967,0.016965972006876967,1,1.0
112,2,15,Direct,0.050970643751211894,0.050970643751211894,1,1.0
112,3,1,Direct,1.7215712516727255,1.7215712516727255,1,1.0
112,5,5,Direct,4.017257022393888,4.017257022393888,1,1.0
112,5,7,Direct,1.2115894178029394,1.2115894178029394,1,1.0
112,5,12,Direct,17.36467988573793,17.36467988573793,1,1.0
112,5,13,Direct,1.2579358967089727,1.2579358967089727,1,1.0
112,6,2,Direct,0.2289893209919449,0.2289893209919449,1,1.0
112,6,8,Direct,0.36559718447414524,0.36559718447414524,1,1.0
112,7,2,Direct,0.02020781497198478,0.02020781497198478,1,1.0
112,7,5,Direct,0.2969166618168978,0.2969166618168978,1,1.0
112,7,6,Direct,1.196377950247042,1.196377950247042,1,1.0
112,8,8,Direct,0.37508357596671305,0.37508357596671305,1,1.0
112,9,0,Direct,0.026715563140345386,0.026715563140345386,1,1.0
112,9,3,Direct,0.18586486796831486,0.18586486796831486,1,1.0
112,10,0,Direct,0.035783649304366956,0.035783649304366956,1,1.0
112,11,0,Direct,0.02004942555892966,0.02004942555892966,1,1.0
112,11,5,Direct,0.05502919468099468,0.05502919468099468,1,1.0
112,11,15,Direct,3.591649941262465,3.591649941262465,1,1.0
112,13,5,Direct,24.51077291370937,24.51077291370937,1,1.0
112,13,7,Direct,0.5104840419459611,0.5104840419459611,1,1.0
112,14,1,Direct,0.01423976407539166,0.01423976407539166,1,1.0
112,14,11,Direct,0.16287249169300333,0.16287249169300333,1,1.0
112,16,3,Direct,0.837217278557839,0.837217278557839,1,1.0
112,16,6,Direct,0.017123933395751297,0.017123933395751297,1,1.0
112,17,3,Direct,0.11226407664164656,0.11226407664164656,1,1.0
112,18,6,Direct,0.020932716584501805,0.020932716584501805,1,1.0
112,19,2,Direct,10.59601670799002,10.59601670799002,1,1.0
112,19,7,Direct,0.03921596857491184,0.03921596857491184,1,1.0
112,19,8,Direct,0.10105002841917991,0.10105002841917991,1,1.0
112,19,11,Direct,80.46798207272853,80.46798207272853,1,1.0
112,21,2,Direct,65.7960320815729,65.7960320815729,1,1.0
112,21,3,Direct,0.058104182417629054,0.058104182417629054,1,1.0
112,23,1,Direct,8.151971321029217,8.151971321029217,1,1.0
112,23,2,Direct,0.012681965111058268,0.012681965111058268,1,1.0
112,23,7,Direct,0.03254471219484391,0.03254471219484391,1,1.0
113,0,1,Direct,7.92837569369755,7.92837569369755,1,1.0
113,0,8,Direct,0.3204929841414671,0.3204929841414671,1,1.0
113,0,14,Direct,0.07778253903635171,0.07778253903635171,1,1.0
113,1,5,Direct,0.07615600493883203,0.07615600493883203,1,1.0
113,1,7,Direct,0.6346449116638672,0.6346449116638672,1,1.0
113,1,8,Direct,0.870122948219172,0.870122948219172,1,1.0
113,2,4,Direct,0.08727940348697671,0.08727940348697671,1,1.0
113,2,14,Direct,0.028718989166782356,0.028718989166782356,1,1.0
113,3,5,Direct,19.476412611720708,19.476412611720708,1,1.0
113,3,8,Direct,13.403526622234992,13.403526622234992,1,1.0
113,3,15,Direct,1.3375305050876942,1.3375305050876942,1,1.0
113,4,14,Direct,0.06158656341218216,0.06158656341218216,1,1.0
113,5,1,Direct,0.024133151413655015,0.024133151413655015,1,1.0
113,6,4,Direct,2.6526252584314376,2.6526252584314376,1,1.0
113,6,8,Direct,0.06779947544480006,0.06779947544480006,1,1.0
113,6,13,Direct,0.4552163881032957,0.4552163881032957,1,1.0
113,6,14,Direct,68.04558692626847,68.04558692626847,1,1.0
113,7,13,Direct,0.03235116965856451,0.03235116965856451,1,1.0
113,8,2,Direct,0.021740937789761487,0.021740937789761487,1,1.0
113,8,5,Direct,0.43615693537779016,0.43615693537779016,1,1.0
113,8,7,Direct,6.740375342790326,6.740375342790326,1,1.0
113,8,15,Direct,6.671426619814419,6.671426619814419,1,1.0
113,9,8,Direct,0.03008413773530817,0.03008413773530817,1,1.0
113,9,13,Direct,0.12066762305857617,0.12066762305857617,1,1.0
113,9,15,Direct,4.085411718482109,4.085411718482109,1,1.0
113,10,5,Direct,0.14600274264765795,0.14600274264765795,1,1.0
113,10,10,Direct,19.455753314608955,19.455753314608955,1,1.0
113,11,7,Direct,0.28825918681180007,0.28825918681180007,1,1.0
113,11,9,Direct,0.151149782181462,0.151149782181462,1,1.0
113,11,11,Direct,0.047452350546094424,0.047452350546094424,1,1.0
113,11,13,Direct,7.279508153845087,7.279508153845087,1,1.0
113,11,15,Direct,0.03697208676934387,0.03697208676934387,1,1.0
113,12,3,Direct,1.4111329775015395,1.4111329775015395,1,1.0
113,12,11,Direct,0.13861320726747076,0.13861320726747076,1,1.0
113,13,2,Direct,19.846525712756776,19.846525712756776,1,1.0
113,14,11,Direct,0.30447056883961404,0.30447056883961404,1,1.0
113,14,15,Direct,0.07486093330486387,0.07486093330486387,1,1.0
113,15,1,Direct,1.5387066164541967,1.5387066164541967,1,1.0
113,15,4,Direct,0.06451934420844395,0.06451934420844395,1,1.0
113,15,14,Direct,129.0633850492092,129.0633850492092,1,1.0
113,16,1,Direct,0.51862447135847,0.51862447135847,1,1.0
113,16,5,Direct,0.0979110168210631,0.0979110168210631,1,1.0
113,16,6,Direct,10.348981776631993,10.348981776631993,1,1.0
113,17,1,Direct,0.026860548259892352,0.026860548259892352,1,1.0
113,17,15,Direct,3.027143883370219,3.027143883370219,1,1.0
113,18,7,Direct,0.16545325699365543,0.16545325699365543,1,1.0
113,18,8,Direct,0.06131788256304936,0.06131788256304936,1,1.0
113,18,14,Direct,199.4744033797684,199.4744033797684,1,1.0
113,19,6,Direct,0.07607484013459359,0.07607484013459359,1,1.0
113,19,8,Direct,25.27913867201808,25.27913867201808,1,1.0
113,19,14,Direct,58.91306090395675,58.91306090395675,1,1.0
113,20,4,Direct,0.08143533092857587,0.08143533092857587,1,1.0
113,20,10,Direct,12.68875181137495,12.68875181137495,1,1.0
113,21,3,Direct,0.01828384480604034,0.01828384480604034,1,1.0
113,21,15,Direct,2.101964871475689,2.101964871475689,1,1.0
113,22,0,Direct,4.082973008780079,4.082973008780079,1,1.0
113,22,3,Direct,0.006935193988676188,0.006935193988676188,1,1.0
113,22,5,Direct,14.688201399670877,14.688201399670877,1,1.0
113,22,8,Direct,5.269498906205933,5.269498906205933,1,1.0
113,23,3,Direct,5.732628437292061,5.732628437292061,1,1.0
113,23,4,Direct,0.1735310887867321,0.1735310887867321,1,1.0
114,0,3,Direct,0.4543980116046883,0.4543980116046883,1,1.0
114,0,6,Direct,0.020269301875743877,0.020269301875743877,1,1.0
114,0,11,Direct,256.0,256.0,1,1.0
114,1,1,Direct,0.023256761060023046,0.023256761060023046,1,1.0
114,2,1,Direct,0.02805043176068495,0.02805043176068495,1,1.0
114,2,11,Direct,0.12754762509509823,0.12754762509509823,1,1.0
114,2,12,Direct,0.16092482541731015,0.16092482541731015,1,1.0
114,3,9,Direct,0.01110050821889468,0.01110050821889468,1,1.0
114,3,11,Direct,3.990871688242317,3.990871688242317,1,1.0
114,3,14,Direct,0.0654634473967228,0.0654634473967228,1,1.0
114,4,11,Direct,17.423969354583203,17.423969354583203,1,1.0
114,4,13,Direct,0.0292197922615648,0.0292197922615648,1,1.0
114,6,12,Direct,0.09758781970377642,0.09758781970377642,1,1.0
114,7,4,Direct,0.08234200253618128,0.08234200253618128,1,1.0
114,7,12,Direct,0.06635420526693972,0.06635420526693972,1,1.0
114,8,1,Direct,2.884351789345863,2.884351789345863,1,1.0
114,8,3,Direct,0.010783869543650489,0.010783869543650489,1,1.0
114,8,8,Direct,0.04382421895856656,0.04382421895856656,1,1.0
114,8,11,Direct,0.03117967686175912,0.03117967686175912,1,1.0
114,8,14,Direct,6.372694775456408,6.372694775456408,1,1.0
114,9,1,Direct,22.143364730985702,22.143364730985702,1,1.0
114,9,3,Direct,12.48737140656286,12.48737140656286,1,1.0
114,9,7,Direct,0.08584176255402161,0.08584176255402161,1,1.0
114,9,11,Direct,0.08231017509306805,0.08231017509306805,1,1.0
114,9,12,Direct,107.29260599786546,107.29260599786546,1,1.0
114,10,3,Direct,0.26407634036722655,0.26407634036722655,1,1.0
114,10,6,Direct,5.106859611687672,5.106859611687672,1,1.0
114,10,9,Direct,0.03323703154185709,0.03323703154185709,1,1.0
114,10,10,Direct,3.688571128977566,3.688571128977566,1,1.0
114,11,6,Direct,52.14849237546125,52.14849237546125,1,1.0
114,11,13,Direct,12.818535714749606,12.818535714749606,1,1.0
114,12,9,Direct,0.010669733697574166,0.010669733697574166,1,1.0
114,12,10,Direct,0.23627062255763923,0.23627062255763923,1,1.0
114,13,9,Direct,0.015396298341930698,0.015396298341930698,1,1.0
114,13,15,Direct,22.50198624995038,22.50198624995038,1,1.0
114,14,1,Direct,26.910638113260223,26.910638113260223,1,1.0
114,14,12,Direct,178.8488787411886,178.8488787411886,1,1.0
114,15,0,Direct,0.321100711673485,0.321100711673485,1,1.0
114,15,15,Direct,6.997056191054992,6.997056191054992,1,1.0
114,17,2,Direct,0.026480306460245275,0.026480306460245275,1,1.0
114,17,3,Direct,0.010502378545227828,0.010502378545227828,1,1.0
114,17,10,Direct,0.5239185773233397,0.5239185773233397,1,1.0
114,17,11,Direct,0.6038833407511744,0.6038833407511744,1,1.0
114,17,14,Direct,4.533585393931648,4.533585393931648,1,1.0
114,19,3,Direct,0.014128868724677088,0.014128868724677088,1,1.0
114,19,6,Direct,0.05886740097616051,0.05886740097616051,1,1.0
114,19,7,Direct,21.84980731319012,21.84980731319012,1,1.0
114,19,13,Direct,0.027011820561738207,0.027011820561738207,1,1.0
114,21,8,Direct,32.066811590229754,32.066811590229754,1,1.0
114,21,10,Direct,6.880859690294131,6.880859690294131,1,1.0
114,21,15,Direct,0.1285871356658182,0.1285871356658182,1,1.0
114,22,2,Direct,0.07698181798304332,0.07698181798304332,1,1.0
114,22,4,Direct,0.0826353178217552,0.0826353178217552,1,1.0
114,22,8,Direct,0.024475247684085766,0.024475247684085766,1,1.0
114,23,3,Direct,14.485903566974862,14.485903566974862,1,1.0
114,23,6,Direct,8.849032117057249,8.849032117057249,1,1.0
115,1,1,Direct,7.757843433917001,7.757843433917001,1,1.0
115,1,6,Direct,12.724522978691034,12.724522978691034,1,1.0
115,2,9,Direct,18.54240113289353,18.54240113289353,1,1.0
115,3,4,Direct,0.06376048912199471,0.06376048912199471,1,1.0
115,4,10,Direct,0.17797422512553893,0.17797422512553893,1,1.0
115,4,15,Direct,100.4172649418472,100.4172649418472,1,1.0
115,6,15,Direct,6.536055670435297,6.536055670435297,1,1.0
115,7,4,Direct,0.018740202058898158,0.018740202058898158,1,1.0
115,8,2,Direct,0.029461979008849774,0.029461979008849774,1,1.0
115,9,6,Direct,0.01601879655457857,0.01601879655457857,1,1.0
115,9,15,Direct,5.636878507203803,5.636878507203803,1,1.0
115,10,9,Direct,0.023528668329076626,0.023528668329076626,1,1.0
115,10,10,Direct,86.47570232820112,86.47570232820112,1,1.0
115,10,15,Direct,0.40952417262012575,0.40952417262012575,1,1.0
115,12,1,Direct,6.018602371736673,6.018602371736673,1,1.0
115,13,4,Direct,3.8424148936389897,3.8424148936389897,1,1.0
115,14,15,Direct,3.056790533285407,3.056790533285407,1,1.0
115,15,10,Direct,0.022772186300230396,0.022772186300230396,1,1.0
115,16,1,Direct,5.692516470805519,5.692516470805519,1,1.0
115,16,6,Direct,10.922066738374035,10.922066738374035,1,1.0
115,16,14,ViaRelay,4.526840510540425,4.526840510540425,1,1.0
115,17,1,Direct,4.521853081923155,4.521853081923155,1,1.0
115,17,4,Direct,129.09062127898045,129.09062127898045,1,1.0
115,17,6,Direct,0.02395018967727486,0.02395018967727486,1,1.0
115,18,15,Direct,0.02103186939624738,0.02103186939624738,1,1.0
115,23,4,Direct,0.08971618161547718,0.08971618161547718,1,1.0
115,23,9,Direct,0.020798131243588668,0.020798131243588668,1,1.0
115,23,15,Direct,12.399300934917845,12.399300934917845,1,1.0
116,0,6,Direct,0.01694810661947265,0.01694810661947265,1,1.0
116,0,8,Direct,2.513971378645574,2.513971378645574,1,1.0
116,0,11,Direct,0.045174130823142915,0.045174130823142915,1,1.0
116,1,8,Direct,2.154369949859278,2.154369949859278,1,1.0
116,1,15,Direct,0.33184890221017443,0.33184890221017443,1,1.0
116,2,12,Direct,5.040390452245698,5.040390452245698,1,1.0
116,3,10,Direct,1.1433070182784992,1.1433070182784992,1,1.0
116,5,2,Direct,0.01754513873636109,0.01754513873636109,1,1.0
116,6,1,Direct,256.0,256.0,1,1.0
116,6,8,Direct,0.046343469786296936,0.046343469786296936,1,1.0
116,8,6,Direct,10.25267570707944,10.25267570707944,1,1.0
116,8,8,Direct,40.8132035832925,40.8132035832925,1,1.0
116,9,2,Direct,0.009659165409036299,0.009659165409036299,1,1.0
116,9,14,Direct,0.14487006219967696,0.14487006219967696,1,1.0
116,11,6,Direct,0.008802329982391544,0.008802329982391544,1,1.0
116,12,10,Direct,2.118058197627205,2.118058197627205,1,1.0
116,12,13,Direct,0.5211927757780423,0.5211927757780423,1,1.0
116,13,6,Direct,0.039539033655204246,0.039539033655204246,1,1.0
116,13,10,Direct,31.984906283096226,31.984906283096226,1,1.0
116,15,2,Direct,1.0182764218745248,1.0182764218745248,1,1.0
116,15,3,Direct,1.4972472222030677,1.4972472222030677,1,1.0
116,15,13,Direct,0.03926797183930426,0.03926797183930426,1,1.0
116,15,14,Direct,0.15000814234464357,0.15000814234464357,1,1.0
116,16,4,Direct,0.38847671778097936,0.38847671778097936,1,1.0
116,17,2,Direct,1.4164750620689763,1.4164750620689763,1,1.0
116,17,3,Direct,0.03737150440579272,0.03737150440579272,1,1.0
116,18,1,Direct,3.5455607424339997,3.5455607424339997,1,1.0
116,18,2,Direct,0.10367004693743315,0.10367004693743315,1,1.0
116,18,4,Direct,0.3199998494498576,0.3199998494498576,1,1.0
116,19,3,Direct,0.019799776209946482,0.019799776209946482,1,1.0
116,19,4,Direct,256.0,256.0,1,1.0
116,19,12,Direct,0.9281118679551228,0.9281118679551228,1,1.0
116,20,11,Direct,19.946833052308946,19.946833052308946,1,1.0
116,21,5,Direct,45.73143348791048,45.73143348791048,1,1.0
116,21,6,Direct,0.028710565386443114,0.028710565386443114,1,1.0
116,21,11,Direct,25.352074838628482,25.352074838628482,1,1.0
116,21,14,Direct,38.20642176268848,38.20642176268848,1,1.0
116,22,4,Direct,55.559570523836946,55.559570523836946,1,1.0
116,23,2,Direct,0.015917457278742934,0.015917457278742934,1,1.0
116,23,10,Direct,50.97776886317874,50.97776886317874,1,1.0
117,1,3,Direct,0.026830724089780128,0.026830724089780128,1,1.0
117,1,4,Direct,0.06539035274527137,0.06539035274527137,1,1.0
117,1,10,Direct,0.11320031539815806,0.11320031539815806,1,1.0
117,1,13,Direct,0.1469855296969952,0.1469855296969952,1,1.0
117,2,0,Direct,14.956454310691237,14.956454310691237,1,1.0
117,2,2,Direct,3.691367400398718,3.691367400398718,1,1.0
117,2,7,Direct,0.013850667314847511,0.013850667314847511,1,1.0
117,3,11,Direct,0.06829565338263481,0.06829565338263481,1,1.0
117,3,13,Direct,0.3206360617000498,0.3206360617000498,1,1.0
117,4,15,Direct,0.04553489274152568,0.04553489274152568,1,1.0
117,6,7,Direct,0.14592341939980727,0.14592341939980727,1,1.0
117,9,2,Direct,0.06534821250318916,0.06534821250318916,1,1.0
117,10,13,Direct,16.36692561363665,16.36692561363665,1,1.0
117,12,0,Direct,9.050616988736756,9.050616988736756,1,1.0
117,12,7,Direct,4.62764315431916,4.62764315431916,1,1.0
117,13,4,Direct,0.026952075336252778,0.026952075336252778,1,1.0
117,13,8,Direct,0.07757027672887068,0.07757027672887068,1,1.0
117,13,11,Direct,24.180803917790865,24.180803917790865,1,1.0
117,15,4,Direct,19.801232434619237,19.801232434619237,1,1.0
117,15,8,Direct,0.015327299358919872,0.015327299358919872,1,1.0
117,15,9,Direct,8.617884151398847,8.617884151398847,1,1.0
117,16,2,Direct,0.054704967676364284,0.054704967676364284,1,1.0
117,16,10,Direct,0.028596656169087038,0.028596656169087038,1,1.0
117,17,3,Direct,0.012115659361164757,0.012115659361164757,1,1.0
117,18,7,Direct,9.411753374224402,9.411753374224402,1,1.0
117,18,13,Direct,0.013949102765207787,0.013949102765207787,1,1.0
117,19,2,Direct,0.014781522401688908,0.014781522401688908,1,1.0
117,19,11,Direct,0.1281773148588907,0.1281773148588907,1,1.0
117,20,9,Direct,0.3461903007028081,0.3461903007028081,1,1.0
117,20,14,Direct,163.71820444516757,163.71820444516757,1,1.0
117,21,0,Direct,0.016554903753066348,0.016554903753066348,1,1.0
117,21,2,Direct,0.02209495037414837,0.02209495037414837,1,1.0
117,22,2,Direct,0.013200842987304024,0.013200842987304024,1,1.0
117,22,5,Direct,0.1104033184809872,0.1104033184809872,1,1.0
117,22,13,Direct,2.1880565496635476,2.1880565496635476,1,1.0
117,23,2,Direct,8.529454055657979,8.529454055657979,1,1.0
117,23,4,Direct,0.05882268873640592,0.05882268873640592,1,1.0
118,0,6,Direct,0.19306947424364942,0.19306947424364942,1,1.0
118,0,10,Direct,0.49835522017050415,0.49835522017050415,1,1.0
118,0,11,Direct,52.702101166830474,52.702101166830474,1,1.0
118,1,0,Direct,4.760490559599802,4.760490559599802,1,1.0
118,1,5,ViaRelay,29.159614644804527,29.159614644804527,1,1.0
118,1,6,Direct,1.0836848886979566,1.0836848886979566,1,1.0
118,5,0,Direct,1.9804343046653525,1.9804343046653525,1,1.0
118,5,2,Direct,1.5940719804227976,1.5940719804227976,1,1.0
118,6,5,Direct,20.808756193705054,20.808756193705054,1,1.0
118,7,1,Direct,6.8409201913136695,6.8409201913136695,1,1.0
118,7,2,Direct,0.01741946671938073,0.01741946671938073,1,1.0
118,7,10,Direct,19.156050337677417,19.156050337677417,1,1.0
118,7,11,Direct,256.0,256.0,1,1.0
118,8,2,Direct,0.09982647720417047,0.09982647720417047,1,1.0
118,8,10,Direct,0.04083975295091809,0.04083975295091809,1,1.0
118,10,2,Direct,2.0062296992947664,2.0062296992947664,1,1.0
118,10,6,Direct,0.0128011925143304,0.0128011925143304,1,1.0
118,10,14,Direct,0.21484263199703305,0.21484263199703305,1,1.0
118,11,11,Direct,1.1858747059738022,1.1858747059738022,1,1.0
118,13,10,Direct,5.689104034556191,5.689104034556191,1,1.0
118,14,14,Direct,0.041693542384276694,0.041693542384276694,1,1.0
118,15,1,Direct,0.35464025489942874,0.35464025489942874,1,1.0
118,16,2,Direct,4.832924395762311,4.832924395762311,1,1.0
118,16,6,Direct,0.02957728281806954,0.02957728281806954,1,1.0
118,17,6,Direct,0.008793900824898084,0.008793900824898084,1,1.0
118,22,11,Direct,0.03331753851538278,0.03331753851538278,1,1.0
118,23,8,Direct,0.01237776184159679,0.01237776184159679,1,1.0
119,0,0,Direct,0.023976659456855495,0.023976659456855495,1,1.0
119,0,4,Direct,0.4129554790245813,0.4129554790245813,1,1.0
119,0,5,Direct,20.593149128601226,20.593149128601226,1,1.0
119,0,8,Direct,10.595145648319736,10.595145648319736,1,1.0
119,0,15,Direct,5.422143039959725,5.422143039959725,1,1.0
119,1,11,Direct,0.05135546611281508,0.05135546611281508,1,1.0
119,1,12,Direct,0.6800656333648888,0.6800656333648888,1,1.0
119,2,5,Direct,0.04434463101736508,0.04434463101736508,1,1.0
119,2,6,Direct,0.12471914188642017,0.12471914188642017,1,1.0
119,2,13,Direct,11.608831735155476,11.608831735155476,1,1.0
119,2,15,Direct,139.10709944784765,139.10709944784765,1,1.0
119,3,6,Direct,0.684726435816324,0.684726435816324,1,1.0
119,3,9,Direct,0.14985930126398767,0.14985930126398767,1,1.0
119,4,8,Direct,0.017794032469586715,0.017794032469586715,1,1.0
119,4,12,Direct,12.986161410413548,12.986161410413548,1,1.0
119,4,14,Direct,11.409910180870773,11.409910180870773,1,1.0
119,5,5,Direct,0.08576568268858586,0.08576568268858586,1,1.0
119,5,9,Direct,0.06206286467589308,0.06206286467589308,1,1.0
119,5,12,Direct,3.0768662551822015,3.0768662551822015,1,1.0
119,6,5,Direct,0.2876740877937811,0.2876740877937811,1,1.0
119,6,7,Direct,0.1901070613743297,0.1901070613743297,1,1.0
119,6,9,Direct,1.507868178817895,1.507868178817895,1,1.0
119,6,14,Direct,0.11272712792492218,0.11272712792492218,1,1.0
119,7,5,Direct,0.1073470410759703,0.1073470410759703,1,1.0
119,7,12,Direct,3.6727815805223565,3.6727815805223565,1,1.0
119,8,1,Direct,6.462404366685109,6.462404366685109,1,1.0
119,8,6,Direct,0.03482880405353779,0.03482880405353779,1,1.0
119,8,10,Direct,0.13546815109142757,0.13546815109142757,1,1.0
119,8,12,Direct,11.73749266833699,11.73749266833699,1,1.0
119,9,0,Direct,0.06180300379836483,0.06180300379836483,1,1.0
119,9,4,Direct,4.718441259591043,4.718441259591043,1,1.0
119,9,7,Direct,8.60750809258642,8.60750809258642,1,1.0
119,9,15,Direct,5.738422839178163,5.738422839178163,1,1.0
119,10,0,Direct,0.02355023406042204,0.02355023406042204,1,1.0
119,10,8,Direct,35.58644851979756,35.58644851979756,1,1.0
119,11,4,Direct,0.052802296104618715,0.052802296104618715,1,1.0
119,11,9,Direct,0.024154863998980303,0.024154863998980303,1,1.0
119,11,13,Direct,3.4497585750319577,3.4497585750319577,1,1.0
119,12,3,Direct,0.032057934841868065,0.032057934841868065,1,1.0
119,12,8,Direct,18.84383947566603,18.84383947566603,1,1.0
119,13,9,Direct,2.2135511360057487,2.2135511360057487,1,1.0
119,13,12,Direct,29.451672805845313,29.451672805845313,1,1.0
119,14,1,Direct,8.514693134293882,8.514693134293882,1,1.0
119,14,10,Direct,0.020041246090845434,0.020041246090845434,1,1.0
119,14,14,Direct,9.094108761828089,9.094108761828089,1,1.0
119,15,1,Direct,0.021447537450781855,0.021447537450781855,1,1.0
119,15,3,Direct,0.010766298123402893,0.010766298123402893,1,1.0
119,15,4,Direct,0.04560340394574874,0.04560340394574874,1,1.0
119,15,5,Direct,0.013440789751115692,0.013440789751115692,1,1.0
119,16,12,Direct,0.15521851893929756,0.15521851893929756,1,1.0
119,16,13,Direct,0.10302346157919977,0.10302346157919977,1,1.0
119,17,12,Direct,0.44668074844990413,0.44668074844990413,1,1.0
119,17,15,Direct,0.01498321981794714,0.01498321981794714,1,1.0
119,18,3,Direct,0.04252635214691031,0.04252635214691031,1,1.0
119,18,8,Direct,0.011656441046077983,0.011656441046077983,1,1.0
119,18,10,Direct,30.29281579071342,30.29281579071342,1,1.0
119,18,13,Direct,0.0678820298340991,0.0678820298340991,1,1.0
119,18,15,Direct,0.4591099362212978,0.4591099362212978,1,1.0
119,19,10,Direct,0.2232364668324466,0.2232364668324466,1,1.0
119,20,0,Direct,0.008680899105283817,0.008680899105283817,1,1.0
119,20,3,Direct,0.0150438522038228,0.0150438522038228,1,1.0
119,20,4,Direct,0.16843949449528314,0.16843949449528314,1,1.0
119,20,5,Direct,0.024635678972989225,0.024635678972989225,1,1.0
119,20,8,Direct,0.046507585500764385,0.046507585500764385,1,1.0
119,21,4,Direct,0.01787142781910437,0.01787142781910437,1,1.0
119,22,4,Direct,0.1750469672501213,0.1750469672501213,1,1.0
119,22,10,Direct,2.699983403687629,2.699983403687629,1,1.0
119,23,0,Direct,0.011387625381841134,0.011387625381841134,1,1.0
120,0,2,Direct,22.480291719136407,22.480291719136407,1,1.0
120,1,0,Direct,1.4230072817935127,1.4230072817935127,1,1.0
120,1,3,Direct,5.39784774598737,5.39784774598737,1,1.0
120,1,4,Direct,0.051442416281905656,0.051442416281905656,1,1.0
120,2,3,Direct,6.324345270354141,6.324345270354141,1,1.0
120,2,12,Direct,0.39469553817018765,0.39469553817018765,1,1.0
120,3,6,ViaRelay,6.302625204550475,6.302625204550475,1,1.0
120,3,10,Direct,0.8248779794520277,0.8248779794520277,1,1.0
120,4,0,Direct,0.5026863561666987,0.5026863561666987,1,1.0
120,4,10,Direct,0.07599546167973223,0.07599546167973223,1,1.0
120,4,12,Direct,0.11551788975592094,0.11551788975592094,1,1.0
120,5,4,Direct,0.05072842148031273,0.05072842148031273,1,1.0
120,5,14,Direct,2.8683151245604517,2.8683151245604517,1,1.0
120,6,6,Direct,9.449637137921403,9.449637137921403,1,1.0
120,6,9,Direct,0.011937070984961336,0.011937070984961336,1,1.0
120,7,2,Direct,0.22295588391000554,0.22295588391000554,1,1.0
120,7,15,Direct,0.01712702550995993,0.01712702550995993,1,1.0
120,8,0,Direct,1.3123133766683492,1.3123133766683492,1,1.0
120,9,3,Direct,1.0063986023185765,1.0063986023185765,1,1.0
120,10,9,Direct,0.010507273142756979,0.010507273142756979,1,1.0
120,11,3,Direct,0.0346682300935241,0.0346682300935241,1,1.0
120,11,6,Direct,0.296482120012355,0.296482120012355,1,1.0
120,12,2,Direct,0.08818207891731654,0.08818207891731654,1,1.0
120,14,3,Direct,0.011761054217843032,0.011761054217843032,1,1.0
120,14,12,Direct,256.0,256.0,1,1.0
120,15,10,Direct,0.13776094593924273,0.13776094593924273,1,1.0
120,16,15,Direct,53.58064496913313,53.58064496913313,1,1.0
120,17,2,Direct,0.09599331261933061,0.09599331261933061,1,1.0
120,17,13,Direct,0.042332247814504814,0.042332247814504814,1,1.0
120,19,4,Direct,0.060936763247336524,0.060936763247336524,1,1.0
120,19,6,Direct,4.145978487554852,4.145978487554852,1,1.0
120,19,12,Direct,0.25876878420435556,0.25876878420435556,1,1.0
120,20,4,Direct,0.051297124996205194,0.051297124996205194,1,1.0
120,21,15,Direct,1.1713785268097308,1.1713785268097308,1,1.0
120,22,0,Direct,0.015872615131074422,0.015872615131074422,1,1.0
120,22,3,Direct,0.062002819537370864,0.062002819537370864,1,1.0
120,22,6,Direct,33.24505283383455,33.24505283383455,1,1.0
120,23,0,Direct,21.402233237837045,21.402233237837045,1,1.0
120,23,10,Direct,0.07696762242134453,0.07696762242134453,1,1.0
121,0,6,Direct,36.67289337665514,36.67289337665514,1,1.0
121,0,14,Direct,0.0263789132979704,0.0263789132979704,1,1.0
121,1,2,Direct,0.02143801601645659,0.02143801601645659,1,1.0
121,1,5,Direct,14.364860116670402,14.364860116670402,1,1.0
121,1,6,Direct,0.07155585335682439,0.07155585335682439,1,1.0
121,1,11,Direct,0.26028665536003937,0.26028665536003937,1,1.0
121,2,5,Direct,7.217198693404899,7.217198693404899,1,1.0
121,2,13,Direct,0.026954698793287327,0.026954698793287327,1,1.0
121,3,8,Direct,0.01920750070500685,0.01920750070500685,1,1.0
121,3,15,Direct,47.91371935295824,47.91371935295824,1,1.0
121,4,11,Direct,19.228239180498022,19.228239180498022,1,1.0
121,4,15,Direct,0.3448544712402827,0.3448544712402827,1,1.0
121,5,5,Direct,2.373159460683198,2.373159460683198,1,1.0
121,5,14,Direct,21.024601025790346,21.024601025790346,1,1.0
121,5,15,Direct,0.527477857376705,0.527477857376705,1,1.0
121,7,1,Direct,2.5922622216422724,2.5922622216422724,1,1.0
121,7,2,Direct,11.447696543805563,11.447696543805563,1,1.0
121,7,8,Direct,0.2218459440880935,0.2218459440880935,1,1.0
121,7,11,Direct,91.22619725526009,91.22619725526009,1,1.0
121,9,8,Direct,0.04325029684380892,0.04325029684380892,1,1.0
121,10,2,Direct,0.022698963090924774,0.022698963090924774,1,1.0
121,11,8,Direct,0.05094903597493757,0.05094903597493757,1,1.0
121,12,6,Direct,1.522926309498244,1.522926309498244,1,1.0
121,13,14,Direct,0.9891256350241201,0.9891256350241201,1,1.0
121,14,6,Direct,0.01731287446954735,0.01731287446954735,1,1.0
121,14,13,Direct,0.48828953390954305,0.48828953390954305,1,1.0
121,15,2,Direct,0.015172728837384703,0.015172728837384703,1,1.0
121,15,11,Direct,256.0,256.0,1,1.0
121,16,11,Direct,3.29728901059257,3.29728901059257,1,1.0
121,16,15,Direct,2.250851397519527,2.250851397519527,1,1.0
121,17,2,Direct,1.2930298344722047,1.2930298344722047,1,1.0
121,17,6,Direct,0.08075238823434765,0.08075238823434765,1,1.0
121,17,10,Direct,2.1325499175486047,2.1325499175486047,1,1.0
121,17,14,Direct,28.645081385880502,28.645081385880502,1,1.0
121,18,9,Direct,0.029193802611903557,0.029193802611903557,1,1.0
121,18,13,Direct,0.03504382832595028,0.03504382832595028,1,1.0
121,21,6,Direct,0.05665424002754885,0.05665424002754885,1,1.0
121,21,14,Direct,6.497181253868007,6.497181253868007,1,1.0
121,23,0,Direct,0.027894131738898147,0.027894131738898147,1,1.0
121,23,1,Direct,67.0274391286489,67.0274391286489,1,1.0
121,23,11,Direct,0.23446572275909985,0.23446572275909985,1,1.0
121,23,15,Direct,34.872475625815945,34.872475625815945,1,1.0
122,0,8,Direct,0.013251560520780189,0.013251560520780189,1,1.0
122,0,9,Direct,0.34284912786314736,0.34284912786314736,1,1.0
122,0,10,Direct,0.0710654977862296,0.0710654977862296,1,1.0
122,0,13,Direct,0.017587242713489798,0.017587242713489798,1,1.0
122,2,9,Direct,0.007208961090593354,0.007208961090593354,1,1.0
122,2,11,Direct,256.0,256.0,1,1.0
122,4,10,Direct,8.904836749843042,8.904836749843042,1,1.0
122,5,10,Direct,0.049775094515516614,0.049775094515516614,1,1.0
122,5,11,Direct,221.24028375085283,221.24028375085283,1,1.0
122,6,8,Direct,0.08584956893780518,0.08584956893780518,1,1.0
122,8,13,Direct,6.175176506982414,6.175176506982414,1,1.0
122,10,11,Direct,0.07294378592983841,0.07294378592983841,1,1.0
122,10,13,Direct,23.6973297183067,23.6973297183067,1,1.0
122,12,10,Direct,2.602229965100028,2.602229965100028,1,1.0
122,13,9,Direct,0.007445627615665371,0.007445627615665371,1,1.0
122,13,13,Direct,0.01399701292458998,0.01399701292458998,1,1.0
122,14,0,Direct,0.15863447748754209,0.15863447748754209,1,1.0
122,15,6,Direct,0.04492527491410563,0.04492527491410563,1,1.0
122,16,7,ViaRelay,7.988949968526957,7.988949968526957,1,1.0
122,16,9,Direct,1.8194765191608044,1.8194765191608044,1,1.0
122,16,12,Direct,0.12282525446610898,0.12282525446610898,1,1.0
122,17,8,Direct,35.133055031163224,35.133055031163224,1,1.0
122,17,13,Direct,0.38052893660738973,0.38052893660738973,1,1.0
122,18,9,Direct,0.017437641996164984,0.017437641996164984,1,1.0
122,18,13,Direct,0.11843605298993025,0.11843605298993025,1,1.0
122,19,12,Direct,0.07444732530739735,0.07444732530739735,1,1.0
122,20,13,Direct,0.12129513138103495,0.12129513138103495,1,1.0
122,21,10,ViaRelay,243.11540778800156,243.11540778800156,1,1.0
122,22,0,Direct,2.2603879523492383,2.2603879523492383,1,1.0
122,22,11,Direct,0.180109214328247,0.180109214328247,1,1.0
122,22,12,Direct,3.2241649574576887,3.2241649574576887,1,1.0
122,23,8,Direct,0.3655220980083504,0.3655220980083504,1,1.0
123,2,4,Direct,2.18694335542074,2.18694335542074,1,1.0
123,2,9,Direct,0.6896817494998159,0.6896817494998159,1,1.0
123,2,11,Direct,27.837091390791926,27.837091390791926,1,1.0
123,3,11,Direct,211.13468684048047,211.13468684048047,1,1.0
123,4,6,Direct,0.03304123797431861,0.03304123797431861,1,1.0
123,5,4,Direct,0.04932329305517963,0.04932329305517963,1,1.0
123,5,8,Direct,5.453645438686707,5.453645438686707,1,1.0
123,6,8,Direct,0.035347489140809436,0.035347489140809436,1,1.0
123,6,10,Direct,24.589180590146473,24.589180590146473,1,1.0
123,7,0,Direct,0.013933082660908942,0.013933082660908942,1,1.0
123,7,1,Direct,17.814348500338465,17.814348500338465,1,1.0
123,7,9,Direct,0.060935743188800864,0.060935743188800864,1,1.0
123,7,14,Direct,0.7569418514190736,0.7569418514190736,1,1.0
123,8,0,Direct,0.031810838062160306,0.031810838062160306,1,1.0
123,8,2,Direct,0.00838916562258202,0.00838916562258202,1,1.0
123,8,4,Direct,1.6384591778980564,1.6384591778980564,1,1.0
123,9,1,Direct,2.0246974436266347,2.0246974436266347,1,1.0
123,9,8,Direct,0.02593105141792967,0.02593105141792967,1,1.0
123,9,10,Direct,0.028701442831902672,0.028701442831902672,1,1.0
123,10,3,Direct,0.01675284895197755,0.01675284895197755,1,1.0
123,10,6,Direct,0.035308836418491106,0.035308836418491106,1,1.0
123,10,8,Direct,0.2662800907864296,0.2662800907864296,1,1.0
123,11,3,Direct,0.26434432644081607,0.26434432644081607,1,1.0
123,12,0,Direct,0.03863589865266109,0.03863589865266109,1,1.0
123,12,4,Direct,0.025115024058716233,0.025115024058716233,1,1.0
123,12,10,Direct,0.2918742987263905,0.2918742987263905,1,1.0
123,13,10,Direct,0.560163115219693,0.560163115219693,1,1.0
123,14,3,Direct,0.009290582797005915,0.009290582797005915,1,1.0
123,14,8,Direct,6.352587129417523,6.352587129417523,1,1.0
123,15,1,Direct,2.6276549921389645,2.6276549921389645,1,1.0
123,15,14,Direct,0.011512124309139225,0.011512124309139225,1,1.0
123,16,0,Direct,0.8799630503655912,0.8799630503655912,1,1.0
123,16,2,Direct,0.9665070506307142,0.9665070506307142,1,1.0
123,16,10,Direct,5.683104424505041,5.683104424505041,1,1.0
123,16,12,Direct,2.9180685662581807,2.9180685662581807,1,1.0
123,17,11,Direct,20.158891840902516,20.158891840902516,1,1.0
123,18,0,Direct,6.168998730711787,6.168998730711787,1,1.0
123,19,6,Direct,0.01903626808519001,0.01903626808519001,1,1.0
123,20,4,Direct,69.75497050485379,69.75497050485379,1,1.0
123,21,4,Direct,0.06279710654838991,0.06279710654838991,1,1.0
123,21,8,Direct,0.01879035792481157,0.01879035792481157,1,1.0
123,21,10,Direct,0.06866330060970213,0.06866330060970213,1,1.0
123,21,12,Direct,1.9927915791553155,1.9927915791553155,1,1.0
123,21,14,Direct,14.93022313712595,14.93022313712595,1,1.0
123,22,12,Direct,31.43030049553066,31.43030049553066,1,1.0
123,23,6,Direct,0.1625289726231732,0.1625289726231732,1,1.0
124,2,1,Direct,44.072546842142486,44.072546842142486,1,1.0
124,2,7,Direct,0.02372888101851551,0.02372888101851551,1,1.0
124,2,12,Direct,2.588319991363409,2.588319991363409,1,1.0
124,4,14,Direct,0.10282140522378315,0.10282140522378315,1,1.0
124,5,13,Direct,0.021747380216678047,0.021747380216678047,1,1.0
124,5,14,Direct,0.05768571815381838,0.05768571815381838,1,1.0
124,6,9,Direct,10.244284884809149,10.244284884809149,1,1.0
124,7,13,Direct,0.01857867298412334,0.01857867298412334,1,1.0
124,8,7,Direct,2.1906099502830076,2.1906099502830076,1,1.0
124,9,2,Direct,2.3527930647002218,2.3527930647002218,1,1.0
124,11,1,Direct,1.3102699217525735,1.3102699217525735,1,1.0
124,11,5,Direct,0.13493560200640142,0.13493560200640142,1,1.0
124,12,1,Direct,0.558262767844843,0.558262767844843,1,1.0
124,12,7,Direct,30.518611413697528,30.518611413697528,1,1.0
124,12,9,Direct,0.010809731893085347,0.010809731893085347,1,1.0
124,12,15,Direct,5.100688618739939,5.100688618739939,1,1.0
124,13,7,Direct,24.072634044909364,24.072634044909364,1,1.0
124,13,10,Direct,0.08907204965676983,0.08907204965676983,1,1.0
124,13,15,Direct,2.6144520386336687,2.6144520386336687,1,1.0
124,15,1,Direct,0.02269454378126256,0.02269454378126256,1,1.0
124,15,7,Direct,132.44938263666717,132.44938263666717,1,1.0
124,15,14,Direct,3.3048325709824913,3.3048325709824913,1,1.0
124,17,5,Direct,0.06636872711983402,0.06636872711983402,1,1.0
124,17,10,Direct,0.4521899814123934,0.4521899814123934,1,1.0
124,17,13,Direct,0.024004473871189015,0.024004473871189015,1,1.0
124,17,15,Direct,2.3397644440422587,2.3397644440422587,1,1.0
124,18,8,Direct,10.930626606330328,10.930626606330328,1,1.0
124,18,13,Direct,0.030424815354196572,0.030424815354196572,1,1.0
124,18,15,Direct,0.1124822391468647,0.1124822391468647,1,1.0
124,19,7,Direct,0.025365152180553064,0.025365152180553064,1,1.0
124,19,9,Direct,0.0673366655430201,0.0673366655430201,1,1.0
124,20,15,Direct,25.312255487749727,25.312255487749727,1,1.0
124,21,14,Direct,1.313337295892762,1.313337295892762,1,1.0
124,22,1,Direct,58.66576818130461,58.66576818130461,1,1.0
124,22,9,Direct,0.7008647514796187,0.7008647514796187,1,1.0
124,22,13,Direct,0.08703576304852699,0.08703576304852699,1,1.0
124,23,1,Direct,1.9174956485176298,1.9174956485176298,1,1.0
124,23,7,Direct,0.01501191226228157,0.01501191226228157,1,1.0
125,0,12,Direct,62.57940942857977,62.57940942857977,1,1.0
125,1,8,Direct,0.028846592129301254,0.028846592129301254,1,1.0
125,1,10,Direct,0.5256806523913254,0.5256806523913254,1,1.0
125,1,14,Direct,4.912540017092424,4.912540017092424,1,1.0
125,2,8,Direct,7.255268194641696,7.255268194641696,1,1.0
125,4,1,Direct,0.07479516170041725,0.07479516170041725,1,1.0
125,4,8,Direct,12.854277647513753,12.854277647513753,1,1.0
125,5,7,Direct,0.038067619137212266,0.038067619137212266,1,1.0
125,6,6,Direct,0.28530743266761155,0.28530743266761155,1,1.0
125,6,13,Direct,4.690752116477712,4.690752116477712,1,1.0
125,6,14,Direct,33.948202327777736,33.948202327777736,1,1.0
125,7,7,Direct,0.7417254946270345,0.7417254946270345,1,1.0
125,8,3,Direct,9.057088624133625,9.057088624133625,1,1.0
125,8,8,Direct,19.785852165310388,19.785852165310388,1,1.0
125,8,15,Direct,46.144529340326514,46.144529340326514,1,1.0
125,10,3,Direct,12.871790124587758,12.871790124587758,1,1.0
125,10,10,Direct,0.07073030250627833,0.07073030250627833,1,1.0
125,11,3,Direct,0.007291567452655,0.007291567452655,1,1.0
125,11,6,Direct,0.027558349016383793,0.027558349016383793,1,1.0
125,13,8,Direct,0.03831787148401062,0.03831787148401062,1,1.0
125,13,12,Direct,3.241659784375497,3.241659784375497,1,1.0
125,14,12,Direct,1.0174971414097558,1.0174971414097558,1,1.0
125,15,10,Direct,0.05958222682191564,0.05958222682191564,1,1.0
125,15,13,Direct,0.6508376508051577,0.6508376508051577,1,1.0
125,15,15,Direct,5.355674421282814,5.355674421282814,1,1.0
125,17,3,Direct,0.010956013415316972,0.010956013415316972,1,1.0
125,18,14,Direct,0.05634215731872697,0.05634215731872697,1,1.0
125,18,15,Direct,0.019335641592213654,0.019335641592213654,1,1.0
125,19,13,Direct,0.23872196746420893,0.23872196746420893,1,1.0
125,19,14,Direct,31.137116618036032,31.137116618036032,1,1.0
125,20,7,Direct,0.016866709621955057,0.016866709621955057,1,1.0
125,20,12,Direct,4.469448143886058,4.469448143886058,1,1.0
125,21,8,Direct,16.36838752558872,16.36838752558872,1,1.0
125,21,9,Direct,0.09072447990185144,0.09072447990185144,1,1.0
125,22,11,Direct,10.585876584491237,10.585876584491237,1,1.0
125,23,7,Direct,0.39621050701958965,0.39621050701958965,1,1.0
125,23,12,Direct,6.776397673378866,6.776397673378866,1,1.0
126,0,6,Direct,3.445697539389626,3.445697539389626,1,1.0
126,0,12,Direct,0.33158440025496755,0.33158440025496755,1,1.0
126,1,9,Direct,0.012113481445501631,0.012113481445501631,1,1.0
126,1,12,Direct,0.36617267859993335,0.36617267859993335,1,1.0
126,1,13,Direct,0.09380422712315689,0.09380422712315689,1,1.0
126,2,6,Direct,0.15071397528978964,0.15071397528978964,1,1.0
126,2,11,Direct,1.4222465207397574,1.4222465207397574,1,1.0
126,3,4,Direct,7.074301803891922,7.074301803891922,1,1.0
126,3,7,Direct,0.02418628321384319,0.02418628321384319,1,1.0
126,3,13,Direct,23.098332761921334,23.098332761921334,1,1.0
126,5,6,Direct,0.6812447124369869,0.6812447124369869,1,1.0
126,5,14,Direct,0.15121603380950804,0.15121603380950804,1,1.0
126,6,6,Direct,14.875990536455554,14.875990536455554,1,1.0
126,6,7,Direct,0.07647726840854746,0.07647726840854746,1,1.0
126,7,0,Direct,0.018960613095863,0.018960613095863,1,1.0
126,7,12,Direct,0.1977149554285301,0.1977149554285301,1,1.0
126,8,0,Direct,0.014353421398843158,0.014353421398843158,1,1.0
126,8,11,Direct,0.07210544073529924,0.07210544073529924,1,1.0
126,9,15,Direct,0.017659827485027424,0.017659827485027424,1,1.0
126,10,7,Direct,0.12335350331958665,0.12335350331958665,1,1.0
126,12,6,Direct,0.03377808110762852,0.03377808110762852,1,1.0
126,12,9,Direct,0.009091680740580416,0.009091680740580416,1,1.0
126,12,14,Direct,0.44330253316589413,0.44330253316589413,1,1.0
126,12,15,Direct,0.020630318641574604,0.020630318641574604,1,1.0
126,13,1,Direct,13.179773692944917,13.179773692944917,1,1.0
126,14,4,Direct,0.33988116719367845,0.33988116719367845,1,1.0
126,14,14,Direct,0.12043185413853143,0.12043185413853143,1,1.0
126,15,9,Direct,0.03732847728214441,0.03732847728214441,1,1.0
126,15,13,Direct,0.027589368245908432,0.027589368245908432,1,1.0
126,16,9,Direct,0.016466153215954772,0.016466153215954772,1,1.0
126,16,11,Direct,59.386965419367264,59.386965419367264,1,1.0
126,16,15,Direct,0.5370079129991603,0.5370079129991603,1,1.0
126,17,4,Direct,0.33142960677517913,0.33142960677517913,1,1.0
126,17,14,Direct,0.038686485350990285,0.038686485350990285,1,1.0
126,18,11,Direct,138.67525868193408,138.67525868193408,1,1.0
126,18,12,Direct,0.9332121034579955,0.9332121034579955,1,1.0
126,21,0,Direct,13.553806071436206,13.553806071436206,1,1.0
126,21,12,Direct,256.0,256.0,1,1.0
126,21,15,Direct,0.010183302305916419,0.010183302305916419,1,1.0
126,22,6,Direct,6.026917732104733,6.026917732104733,1,1.0
126,22,13,Direct,0.023550678735263564,0.023550678735263564,1,1.0
127,0,8,Direct,0.060240782067779934,0.060240782067779934,1,1.0
127,1,5,Direct,3.8167664716192706,3.8167664716192706,1,1.0
127,1,10,Direct,0.13610895563475595,0.13610895563475595,1,1.0
127,1,12,Direct,0.12741128176680694,0.12741128176680694,1,1.0
127,2,9,Direct,36.167193850127575,36.167193850127575,1,1.0
127,5,8,Direct,0.029450982040343698,0.029450982040343698,1,1.0
127,6,2,Direct,0.013664517478129362,0.013664517478129362,1,1.0
127,6,9,Direct,0.5058405233528086,0.5058405233528086,1,1.0
127,8,9,Direct,0.014576329168078737,0.014576329168078737,1,1.0
127,8,11,Direct,1.359212418928203,1.359212418928203,1,1.0
127,9,2,Direct,0.017945295578251627,0.017945295578251627,1,1.0
127,9,5,Direct,0.05871071299733327,0.05871071299733327,1,1.0
127,10,2,Direct,0.14863266108381812,0.14863266108381812,1,1.0
127,11,2,Direct,0.021550788285233415,0.021550788285233415,1,1.0
127,11,9,Direct,0.007781019192350905,0.007781019192350905,1,1.0
127,11,12,Direct,0.12355996196119969,0.12355996196119969,1,1.0
127,12,11,Direct,3.1681398462767114,3.1681398462767114,1,1.0
127,13,1,Direct,0.03991548664508331,0.03991548664508331,1,1.0
127,13,6,Direct,3.52738465300648,3.52738465300648,1,1.0
127,13,8,Direct,0.04809036895882581,0.04809036895882581,1,1.0
127,13,10,Direct,0.680639871583782,0.680639871583782,1,1.0
127,13,12,Direct,10.158257448488026,10.158257448488026,1,1.0
127,14,1,Direct,0.05705246352318326,0.05705246352318326,1,1.0
127,14,4,Direct,10.344525231770373,10.344525231770373,1,1.0
127,14,8,Direct,0.0494292776268007,0.0494292776268007,1,1.0
127,14,9,Direct,0.013390428735348495,0.013390428735348495,1,1.0
127,15,0,Direct,0.0200156764188906,0.0200156764188906,1,1.0
127,17,2,Direct,4.272713693863138,4.272713693863138,1,1.0
127,17,5,Direct,0.26107172320400046,0.26107172320400046,1,1.0
127,17,10,Direct,0.057245036795620804,0.057245036795620804,1,1.0
127,17,12,Direct,10.967978009525561,10.967978009525561,1,1.0
127,18,8,Direct,0.03251761937659186,0.03251761937659186,1,1.0
127,18,9,Direct,0.00846368860559289,0.00846368860559289,1,1.0
127,19,2,Direct,1.1580660713645323,1.1580660713645323,1,1.0
127,19,11,Direct,0.10478034792914907,0.10478034792914907,1,1.0
127,20,8,Direct,0.01724067366404958,0.01724067366404958,1,1.0
127,20,11,Direct,75.39623163592894,75.39623163592894,1,1.0
127,21,9,Direct,3.624723408087514,3.624723408087514,1,1.0
127,21,11,Direct,49.63200919407419,49.63200919407419,1,1.0
127,21,14,Direct,5.158025608201663,5.158025608201663,1,1.0
127,22,8,Direct,2.7046963488881004,2.7046963488881004,1,1.0
127,22,9,Direct,3.2561859112210283,3.2561859112210283,1,1.0
128,0,1,Direct,3.9518552917055874,3.9518552917055874,1,1.0
128,0,8,Direct,0.13262710247763976,0.13262710247763976,1,1.0
128,1,14,Direct,0.05596543594373261,0.05596543594373261,1,1.0
128,2,5,Direct,1.6549515796711611,1.6549515796711611,1,1.0
128,2,9,Direct,0.012150108242657961,0.012150108242657961,1,1.0
128,3,5,Direct,0.021019273085572523,0.021019273085572523,1,1.0
128,3,8,Direct,17.52086157916665,17.52086157916665,1,1.0
128,3,9,Direct,0.015465817963749096,0.015465817963749096,1,1.0
128,3,11,Direct,0.060403248058953474,0.060403248058953474,1,1.0
128,4,9,Direct,0.014145249638456526,0.014145249638456526,1,1.0
128,5,4,Direct,0.0828732883905462,0.0828732883905462,1,1.0
128,5,11,Direct,0.6641917391597619,0.6641917391597619,1,1.0
128,5,14,Direct,0.1300917298911347,0.1300917298911347,1,1.0
128,6,1,Direct,0.7733820614722514,0.7733820614722514,1,1.0
128,6,5,Direct,0.060824546548348846,0.060824546548348846,1,1.0
128,7,0,Direct,5.694381722776357,5.694381722776357,1,1.0
128,7,1,Direct,0.01846958531714659,0.01846958531714659,1,1.0
128,8,0,Direct,0.6700280181853696,0.6700280181853696,1,1.0
128,9,11,Direct,0.6369009527372089,0.6369009527372089,1,1.0
128,10,9,Direct,87.24199642975726,87.24199642975726,1,1.0
128,10,12,Direct,14.595841434356997,14.595841434356997,1,1.0
128,11,0,Direct,1.5485058680042352,1.5485058680042352,1,1.0
128,11,8,Direct,2.0240909109792526,2.0240909109792526,1,1.0
128,12,4,Direct,0.040653714944033345,0.040653714944033345,1,1.0
128,12,6,Direct,13.137236290245914,13.137236290245914,1,1.0
128,12,11,Direct,0.19338680681606363,0.19338680681606363,1,1.0
128,13,4,Direct,0.036906643590626,0.036906643590626,1,1.0
128,13,11,Direct,137.63844015237248,137.63844015237248,1,1.0
128,14,8,Direct,0.020429798856914278,0.020429798856914278,1,1.0
128,15,0,Direct,0.03503936534190941,0.03503936534190941,1,1.0
128,15,2,Direct,0.0237265186801582,0.0237265186801582,1,1.0
128,15,4,Direct,0.08570368774324312,0.08570368774324312,1,1.0
128,15,8,Direct,0.08251114434032972,0.08251114434032972,1,1.0
128,15,14,Direct,2.2868489164919934,2.2868489164919934,1,1.0
128,16,9,Direct,0.01122220923305677,0.01122220923305677,1,1.0
128,16,10,Direct,0.21194939361469947,0.21194939361469947,1,1.0
128,16,12,Direct,28.041220407510636,28.041220407510636,1,1.0
128,17,6,Direct,0.2541107902614566,0.2541107902614566,1,1.0
128,17,13,Direct,5.365341519968123,5.365341519968123,1,1.0
128,18,4,Direct,11.221372181120326,11.221372181120326,1,1.0
128,18,6,Direct,0.15860844671676236,0.15860844671676236,1,1.0
128,18,12,Direct,139.25996995623493,139.25996995623493,1,1.0
128,19,1,Direct,0.021213400546016697,0.021213400546016697,1,1.0
128,19,2,Direct,0.007603855705227063,0.007603855705227063,1,1.0
128,19,5,Direct,0.019774079862581614,0.019774079862581614,1,1.0
128,19,12,Direct,0.6090113702726379,0.6090113702726379,1,1.0
128,20,4,Direct,88.88505424478272,88.88505424478272,1,1.0
128,20,8,Direct,19.728530778917982,19.728530778917982,1,1.0
128,21,13,Direct,0.05765091810113225,0.05765091810113225,1,1.0
128,23,0,Direct,0.012474161263863751,0.012474161263863751,1,1.0
128,23,1,Direct,3.72918660941649,3.72918660941649,1,1.0
128,23,14,Direct,0.15512159890208888,0.15512159890208888,1,1.0
129,0,0,Direct,0.040512049145596675,0.040512049145596675,1,1.0
129,0,10,Direct,53.188837564580474,53.188837564580474,1,1.0
129,1,4,Direct,0.06128361821157613,0.06128361821157613,1,1.0
129,1,15,Direct,0.5054141031281103,0.5054141031281103,1,1.0
129,2,0,Direct,0.026390330580997805,0.026390330580997805,1,1.0
129,4,10,Direct,0.0720167564090741,0.0720167564090741,1,1.0
129,4,11,Direct,0.4513599021968721,0.4513599021968721,1,1.0
129,4,14,Direct,0.07475344817991293,0.07475344817991293,1,1.0
129,4,15,Direct,22.62171664344025,22.62171664344025,1,1.0
129,5,11,Direct,0.1018771781635092,0.1018771781635092,1,1.0
129,6,3,Direct,0.013094595319985936,0.013094595319985936,1,1.0
129,6,5,Direct,0.02905116907250646,0.02905116907250646,1,1.0
129,8,5,Direct,3.5541471713760724,3.5541471713760724,1,1.0
129,8,8,Direct,22.139115654887494,22.139115654887494,1,1.0
129,9,4,Direct,0.5261354638927015,0.5261354638927015,1,1.0
129,10,5,Direct,0.12065046036523223,0.12065046036523223,1,1.0
129,10,11,Direct,6.322335275201531,6.322335275201531,1,1.0
129,12,3,Direct,0.04227579953708759,0.04227579953708759,1,1.0
129,12,4,Direct,12.766612176496547,12.766612176496547,1,1.0
129,13,2,Direct,0.9030551053494505,0.9030551053494505,1,1.0
129,13,10,Direct,18.339508689695528,18.339508689695528,1,1.0
129,13,15,Direct,0.009147505405206592,0.009147505405206592,1,1.0
129,14,0,Direct,0.034512390883106064,0.034512390883106064,1,1.0
129,14,5,Direct,81.88135177225283,81.88135177225283,1,1.0
129,14,8,Direct,2.3574676731201505,2.3574676731201505,1,1.0
129,14,13,Direct,0.5716930362381459,0.5716930362381459,1,1.0
129,15,5,Direct,0.5992349419919138,0.5992349419919138,1,1.0
129,16,0,Direct,2.456162040143417,2.456162040143417,1,1.0
129,16,15,Direct,0.03330553906866237,0.03330553906866237,1,1.0
129,17,4,Direct,50.519443467631135,50.519443467631135,1,1.0
129,17,5,Direct,0.0806676884464366,0.0806676884464366,1,1.0
129,18,5,Direct,119.50428499685174,119.50428499685174,1,1.0
129,18,11,Direct,0.12077920173023385,0.12077920173023385,1,1.0
129,18,14,Direct,58.30727781112337,58.30727781112337,1,1.0
129,18,15,Direct,0.9062722334682471,0.9062722334682471,1,1.0
129,19,2,Direct,1.6921822719475885,1.6921822719475885,1,1.0
129,22,11,Direct,0.07878205800851046,0.07878205800851046,1,1.0
129,22,14,Direct,10.72083775525246,10.72083775525246,1,1.0
129,23,8,Direct,0.016784425586540322,0.016784425586540322,1,1.0
129,23,10,Direct,102.4078499578841,102.4078499578841,1,1.0
130,0,0,Direct,0.01028548710161761,0.01028548710161761,1,1.0
130,0,8,Direct,3.126696355232909,3.126696355232909,1,1.0
130,0,14,Direct,0.03524258829451538,0.03524258829451538,1,1.0
130,1,4,Direct,0.021186525893039612,0.021186525893039612,1,1.0
130,1,5,Direct,1.2405957424736591,1.2405957424736591,1,1.0
130,1,9,Direct,0.014195784323148228,0.014195784323148228,1,1.0
130,2,5,Direct,30.960830884732623,30.960830884732623,1,1.0
130,2,13,Direct,0.8536510088530627,0.8536510088530627,1,1.0
130,3,6,Direct,0.016759188971835905,0.016759188971835905,1,1.0
130,3,14,Direct,0.05031633722990752,0.05031633722990752,1,1.0
130,4,0,Direct,2.1816740778439794,2.1816740778439794,1,1.0
130,4,13,Direct,0.07506150806636484,0.07506150806636484,1,1.0
130,4,14,Direct,0.9369769508185657,0.9369769508185657,1,1.0
130,5,5,Direct,2.8781705932494237,2.8781705932494237,1,1.0
130,5,6,Direct,0.019563799418755558,0.019563799418755558,1,1.0
130,6,2,Direct,17.32380733096017,17.32380733096017,1,1.0
130,6,5,Direct,0.051825518670473004,0.051825518670473004,1,1.0
130,6,8,Direct,0.017773520300622833,0.017773520300622833,1,1.0
130,6,13,Direct,0.019571761415411573,0.019571761415411573,1,1.0
130,6,14,Direct,0.01812228702613619,0.01812228702613619,1,1.0
130,8,2,Direct,0.5549364513563271,0.5549364513563271,1,1.0
130,8,4,Direct,34.318666945709,34.318666945709,1,1.0
130,8,5,Direct,0.10332517289057086,0.10332517289057086,1,1.0
130,8,14,Direct,82.12907087442463,82.12907087442463,1,1.0
130,9,0,Direct,0.01313661101384417,0.01313661101384417,1,1.0
130,10,0,Direct,10.302396604541679,10.302396604541679,1,1.0
130,10,7,Direct,34.76523270930225,34.76523270930225,1,1.0
130,11,8,Direct,0.7515817943158007,0.7515817943158007,1,1.0
130,12,5,Direct,0.01817374389300993,0.01817374389300993,1,1.0
130,12,14,ViaRelay,21.17664396463317,21.17664396463317,1,1.0
130,13,6,Direct,0.017982126693736722,0.017982126693736722,1,1.0
130,14,3,Direct,1.545417304072317,1.545417304072317,1,1.0
130,14,7,Direct,11.651229110700411,11.651229110700411,1,1.0
130,15,0,Direct,0.8514399502120453,0.8514399502120453,1,1.0
130,15,9,Direct,0.009666078657656965,0.009666078657656965,1,1.0
130,15,13,Direct,0.36652744442192947,0.36652744442192947,1,1.0
130,16,3,Direct,0.30755896934930066,0.30755896934930066,1,1.0
130,16,7,Direct,0.9293713089062614,0.9293713089062614,1,1.0
130,17,9,Direct,0.011136476758705422,0.011136476758705422,1,1.0
130,17,11,Direct,0.19160864313368892,0.19160864313368892,1,1.0
130,18,2,Direct,0.017884679203934658,0.017884679203934658,1,1.0
130,18,8,Direct,13.723825657617883,13.723825657617883,1,1.0
130,19,0,Direct,1.7862715120576524,1.7862715120576524,1,1.0
130,19,8,Direct,0.025300014483886454,0.025300014483886454,1,1.0
130,19,9,Direct,0.6986109712088169,0.6986109712088169,1,1.0
130,19,14,Direct,44.28441196517321,44.28441196517321,1,1.0
130,20,0,Direct,0.5653332619260916,0.5653332619260916,1,1.0
130,20,2,Direct,0.20208958978943156,0.20208958978943156,1,1.0
130,20,5,Direct,1.7113108441283116,1.7113108441283116,1,1.0
130,20,7,Direct,0.09362596865480413,0.09362596865480413,1,1.0
130,21,8,Direct,11.862462806155332,11.862462806155332,1,1.0
130,21,9,Direct,0.01619471740449111,0.01619471740449111,1,1.0
130,21,12,ViaRelay,202.41293759706463,202.41293759706463,1,1.0
130,21,14,Direct,0.03936253168843856,0.03936253168843856,1,1.0
130,23,6,Direct,0.011594181547803117,0.011594181547803117,1,1.0
130,23,7,Direct,9.5915542960079,9.5915542960079,1,1.0
130,23,8,Direct,7.014440486379819,7.014440486379819,1,1.0
130,23,11,Direct,3.2616784776136942,3.2616784776136942,1,1.0
131,0,4,Direct,0.056910849716072395,0.056910849716072395,1,1.0
131,0,6,Direct,0.12205531741047836,0.12205531741047836,1,1.0
131,0,12,Direct,1.8732147923237406,1.8732147923237406,1,1.0
131,0,15,Direct,0.30196474576446874,0.30196474576446874,1,1.0
131,1,0,Direct,0.04119084099289618,0.04119084099289618,1,1.0
131,1,7,Direct,9.583598586728451,9.583598586728451,1,1.0
131,2,5,Direct,10.054865506890161,10.054865506890161,1,1.0
131,3,10,Direct,256.0,256.0,1,1.0
131,3,14,ViaRelay,6.124856613905423,6.124856613905423,1,1.0
131,5,4,Direct,1.403790309650548,1.403790309650548,1,1.0
131,5,11,Direct,256.0,256.0,1,1.0
131,6,0,Direct,0.5984724693855801,0.5984724693855801,1,1.0
131,7,4,Direct,0.014559161564193067,0.014559161564193067,1,1.0
131,7,11,Direct,4.819550852876568,4.819550852876568,1,1.0
131,8,2,Direct,0.01904898671895407,0.01904898671895407,1,1.0
131,8,6,Direct,0.07376458717564865,0.07376458717564865,1,1.0
131,8,12,Direct,110.6987730699771,110.6987730699771,1,1.0
131,9,10,Direct,1.8470658653234928,1.8470658653234928,1,1.0
131,10,3,Direct,0.7767576253329757,0.7767576253329757,1,1.0
131,10,8,Direct,7.651241940676149,7.651241940676149,1,1.0
131,11,0,Direct,0.015690020355407123,0.015690020355407123,1,1.0
131,11,3,Direct,0.03958590979933921,0.03958590979933921,1,1.0
131,12,2,Direct,0.07406925305258927,0.07406925305258927,1,1.0
131,13,4,Direct,71.0350810183375,71.0350810183375,1,1.0
131,13,7,Direct,0.05602000288214447,0.05602000288214447,1,1.0
131,14,0,Direct,0.13984671818323957,0.13984671818323957,1,1.0
131,14,2,Direct,0.02143887390075534,0.02143887390075534,1,1.0
131,14,13,Direct,0.1431757334849756,0.1431757334849756,1,1.0
131,15,3,Direct,14.408426975828558,14.408426975828558,1,1.0
131,15,5,Direct,0.04175856461181595,0.04175856461181595,1,1.0
131,15,8,Direct,0.012865048741368302,0.012865048741368302,1,1.0
131,15,10,Direct,0.11220640682445857,0.11220640682445857,1,1.0
131,16,2,Direct,0.020956700250548816,0.020956700250548816,1,1.0
131,16,3,Direct,0.45594919559847163,0.45594919559847163,1,1.0
131,16,7,Direct,1.3711494204843808,1.3711494204843808,1,1.0
131,16,15,Direct,0.01790184535196425,0.01790184535196425,1,1.0
131,17,12,Direct,115.20551491125822,115.20551491125822,1,1.0
131,18,12,Direct,256.0,256.0,1,1.0
131,18,13,Direct,0.07179058349444373,0.07179058349444373,1,1.0
131,19,2,Direct,0.012019870039649952,0.012019870039649952,1,1.0
131,19,5,Direct,15.254123514614925,15.254123514614925,1,1.0
131,19,10,Direct,194.48247285518127,194.48247285518127,1,1.0
131,19,14,Direct,0.06355800944197358,0.06355800944197358,1,1.0
131,20,6,Direct,30.534494242707968,30.534494242707968,1,1.0
131,20,10,Direct,0.06473896822631103,0.06473896822631103,1,1.0
131,21,5,Direct,0.05767846709760325,0.05767846709760325,1,1.0
131,21,8,Direct,2.869434556760515,2.869434556760515,1,1.0
131,21,10,Direct,102.55817787302432,102.55817787302432,1,1.0
131,21,15,Direct,0.17556938358667762,0.17556938358667762,1,1.0
131,22,3,Direct,11.762204387136208,11.762204387136208,1,1.0
131,22,7,Direct,0.014491667620864675,0.014491667620864675,1,1.0
131,22,12,Direct,11.389609179375405,11.389609179375405,1,1.0
131,23,6,Direct,8.66357944653835,8.66357944653835,1,1.0
131,23,15,Direct,41.246851405920395,41.246851405920395,1,1.0
132,0,0,Direct,1.3692057828358104,1.3692057828358104,1,1.0
132,1,11,Direct,0.08837265027148784,0.08837265027148784,1,1.0
132,2,1,Direct,1.3139651727233101,1.3139651727233101,1,1.0
132,2,9,Direct,0.05659998686140321,0.05659998686140321,1,1.0
132,2,11,Direct,256.0,256.0,1,1.0
132,6,1,Direct,0.041506640435417005,0.041506640435417005,1,1.0
132,6,8,Direct,0.029839262755512318,0.029839262755512318,1,1.0
132,7,10,Direct,0.09218149859082159,0.09218149859082159,1,1.0
132,8,0,Direct,0.10554562747373607,0.10554562747373607,1,1.0
132,8,8,Direct,0.032776428167295535,0.032776428167295535,1,1.0
132,9,5,Direct,0.0880988872012778,0.0880988872012778,1,1.0
132,10,11,Direct,0.08506145781500855,0.08506145781500855,1,1.0
132,11,3,Direct,4.5002468884206435,4.5002468884206435,1,1.0
132,11,5,Direct,0.22544418903194924,0.22544418903194924,1,1.0
132,11,9,Direct,0.014251639959024,0.014251639959024,1,1.0
132,11,12,Direct,0.14635086443443557,0.14635086443443557,1,1.0
132,12,3,Direct,0.47389389256233977,0.47389389256233977,1,1.0
132,13,1,Direct,0.01361820066334427,0.01361820066334427,1,1.0
132,13,8,Direct,0.009728407021207343,0.009728407021207343,1,1.0
132,13,11,Direct,3.5652154583405995,3.5652154583405995,1,1.0
132,15,1,Direct,0.020427347964835463,0.020427347964835463,1,1.0
132,15,9,Direct,0.008540282895529994,0.008540282895529994,1,1.0
132,16,9,Direct,0.01183812444382503,0.01183812444382503,1,1.0
132,17,4,Direct,22.50917123684808,22.50917123684808,1,1.0
132,17,10,Direct,3.549194904330064,3.549194904330064,1,1.0
132,17,11,Direct,171.72588826645463,171.72588826645463,1,1.0
132,18,0,Direct,0.10063492725821806,0.10063492725821806,1,1.0
132,18,8,Direct,1.4914036596978621,1.4914036596978621,1,1.0
132,18,12,Direct,256.0,256.0,1,1.0
132,19,1,Direct,37.24442129317206,37.24442129317206,1,1.0
132,20,8,Direct,42.76014860803025,42.76014860803025,1,1.0
132,20,11,Direct,3.8586066260372673,3.8586066260372673,1,1.0
132,21,1,Direct,18.363020468203597,18.363020468203597,1,1.0
132,21,10,Direct,0.13876783996453812,0.13876783996453812,1,1.0
132,21,12,Direct,110.87660530214764,110.87660530214764,1,1.0
132,23,10,Direct,0.10518138222744068,0.10518138222744068,1,1.0
133,0,5,Direct,256.0,256.0,1,1.0
133,0,11,Direct,7.969465856570573,7.969465856570573,1,1.0
133,1,9,Direct,0.06770862949363127,0.06770862949363127,1,1.0
133,1,10,Direct,0.7092985439689742,0.7092985439689742,1,1.0
133,2,2,Direct,0.008951552014713652,0.008951552014713652,1,1.0
133,2,14,Direct,1.7457720902384526,1.7457720902384526,1,1.0
133,4,4,Direct,0.06328104849558053,0.06328104849558053,1,1.0
133,4,6,Direct,0.05918820107395442,0.05918820107395442,1,1.0
133,4,13,Direct,3.303095057684256,3.303095057684256,1,1.0
133,5,2,Direct,0.02374437951973398,0.02374437951973398,1,1.0
133,5,7,Direct,0.8021174251100045,0.8021174251100045,1,1.0
133,5,8,Direct,6.821997602485493,6.821997602485493,1,1.0
133,6,5,Direct,2.0167510663489856,2.0167510663489856,1,1.0
133,7,5,Direct,10.662762881975974,10.662762881975974,1,1.0
133,9,1,Direct,14.330702084082134,14.330702084082134,1,1.0
133,10,1,Direct,0.08991636982938252,0.08991636982938252,1,1.0
133,10,10,Direct,68.75325136917994,68.75325136917994,1,1.0
133,11,1,Direct,0.1092757316413626,0.1092757316413626,1,1.0
133,11,7,Direct,1.737280279732236,1.737280279732236,1,1.0
133,11,9,Direct,0.014443195910996302,0.014443195910996302,1,1.0
133,11,10,Direct,0.053384973880801344,0.053384973880801344,1,1.0
133,11,11,ViaRelay,53.987136273083465,53.987136273083465,1,1.0
133,11,14,Direct,0.022517265108482506,0.022517265108482506,1,1.0
133,12,2,Direct,0.1845801744197221,0.1845801744197221,1,1.0
133,13,11,Direct,7.785683990541096,7.785683990541096,1,1.0
133,14,10,Direct,0.05230794001004196,0.05230794001004196,1,1.0
133,15,10,Direct,1.7352778161789222,1.7352778161789222,1,1.0
133,15,14,Direct,0.06692253569074723,0.06692253569074723,1,1.0
133,16,6,Direct,0.011735899976714021,0.011735899976714021,1,1.0
133,17,13,Direct,0.015165337040484506,0.015165337040484506,1,1.0
133,18,11,Direct,4.22123113377296,4.22123113377296,1,1.0
133,20,2,Direct,0.014535268761978129,0.014535268761978129,1,1.0
133,20,4,Direct,0.12210183804262388,0.12210183804262388,1,1.0
133,21,4,Direct,1.2347086317570204,1.2347086317570204,1,1.0
133,21,14,Direct,166.328797122242,166.328797122242,1,1.0
133,22,5,Direct,7.104034552646571,7.104034552646571,1,1.0
133,22,8,Direct,0.0336827376338992,0.0336827376338992,1,1.0
133,23,10,Direct,0.30723502966912497,0.30723502966912497,1,1.0
134,0,10,Direct,0.04075391374225073,0.04075391374225073,1,1.0
134,1,1,Direct,3.2947267630534447,3.2947267630534447,1,1.0
134,1,5,Direct,10.84019889585648,10.84019889585648,1,1.0
134,1,6,Direct,8.456371090231855,8.456371090231855,1,1.0
134,1,7,Direct,0.10862842732071219,0.10862842732071219,1,1.0
134,1,8,Direct,0.03482113055920541,0.03482113055920541,1,1.0
134,2,0,Direct,0.030734601007770902,0.030734601007770902,1,1.0
134,2,10,Direct,0.06784300197769638,0.06784300197769638,1,1.0
134,3,7,Direct,0.4383058613133898,0.4383058613133898,1,1.0
134,3,11,Direct,0.3033837321433559,0.3033837321433559,1,1.0
134,4,12,Direct,29.345731679043904,29.345731679043904,1,1.0
134,6,5,Direct,0.048156560621523375,0.048156560621523375,1,1.0
134,6,10,Direct,0.07742709756099053,0.07742709756099053,1,1.0
134,6,12,Direct,46.73540691923128,46.73540691923128,1,1.0
134,6,15,Direct,0.011204946290495843,0.011204946290495843,1,1.0
134,7,8,Direct,0.018743816475193343,0.018743816475193343,1,1.0
134,7,10,Direct,0.1079183102638089,0.1079183102638089,1,1.0
134,7,12,Direct,0.6518602425850135,0.6518602425850135,1,1.0
134,8,0,Direct,0.5030040780889804,0.5030040780889804,1,1.0
134,8,7,Direct,19.386343225029073,19.386343225029073,1,1.0
134,8,11,Direct,0.21583954102138608,0.21583954102138608,1,1.0
134,9,0,Direct,0.08251004339347599,0.08251004339347599,1,1.0
134,9,2,Direct,0.08694897627344499,0.08694897627344499,1,1.0
134,9,6,Direct,0.41550148400768844,0.41550148400768844,1,1.0
134,10,1,Direct,0.7280424301964411,0.7280424301964411,1,1.0
134,11,9,Direct,0.015983543190326355,0.015983543190326355,1,1.0
134,12,7,Direct,24.546006575279492,24.546006575279492,1,1.0
134,12,8,Direct,41.1217214632505,41.1217214632505,1,1.0
134,13,15,Direct,0.14011032135953194,0.14011032135953194,1,1.0
134,14,0,Direct,4.594080102496751,4.594080102496751,1,1.0
134,14,15,Direct,0.02257018825733066,0.02257018825733066,1,1.0
134,15,5,Direct,30.5023404251661,30.5023404251661,1,1.0
134,15,6,Direct,5.510705641572466,5.510705641572466,1,1.0
134,15,8,Direct,0.9286431835772969,0.9286431835772969,1,1.0
134,16,11,Direct,0.5765162228401878,0.5765162228401878,1,1.0
134,16,12,Direct,232.61469823758304,232.61469823758304,1,1.0
134,17,11,Direct,256.0,256.0,1,1.0
134,18,6,Direct,0.13114436188265313,0.13114436188265313,1,1.0
134,18,14,Direct,8.740517872597747,8.740517872597747,1,1.0
134,20,9,Direct,0.5640065274819996,0.5640065274819996,1,1.0
134,20,11,Direct,0.09537399952658741,0.09537399952658741,1,1.0
134,21,12,Direct,1.4057055209021043,1.4057055209021043,1,1.0
134,21,14,Direct,0.07673336045516288,0.07673336045516288,1,1.0
134,21,15,Direct,84.67896351393355,84.67896351393355,1,1.0
134,22,1,Direct,73.7893230098583,73.7893230098583,1,1.0
134,22,6,Direct,0.028048244700808873,0.028048244700808873,1,1.0
134,22,9,Direct,0.030213676070640107,0.030213676070640107,1,1.0
134,22,12,Direct,256.0,256.0,1,1.0
134,23,15,Direct,0.00997333247895105,0.00997333247895105,1,1.0
135,0,6,Direct,0.03323019265490315,0.03323019265490315,1,1.0
135,0,7,Direct,1.4391558413152372,1.4391558413152372,1,1.0
135,0,14,Direct,0.02370562492148908,0.02370562492148908,1,1.0
135,1,6,Direct,0.023725762869965614,0.023725762869965614,1,1.0
135,1,7,Direct,48.97051632388322,48.97051632388322,1,1.0
135,2,2,Direct,10.271009281464025,10.271009281464025,1,1.0
135,2,5,Direct,18.160839746972055,18.160839746972055,1,1.0
135,2,13,Direct,12.632499738720925,12.632499738720925,1,1.0
135,3,6,Direct,0.035876603071934014,0.035876603071934014,1,1.0
135,3,10,Direct,0.6790972392901832,0.6790972392901832,1,1.0
135,4,2,Direct,0.15841318862697934,0.15841318862697934,1,1.0
135,4,4,Direct,88.05584190951939,88.05584190951939,1,1.0
135,4,5,Direct,0.19202342008399317,0.19202342008399317,1,1.0
135,4,8,Direct,0.05950064590614975,0.05950064590614975,1,1.0
135,5,12,Direct,0.7631939548411638,0.7631939548411638,1,1.0
135,5,13,Direct,6.961912046108247,6.961912046108247,1,1.0
135,6,12,Direct,0.8365514977138677,0.8365514977138677,1,1.0
135,6,15,Direct,6.891726373379289,6.891726373379289,1,1.0
135,7,2,Direct,0.02876537446711508,0.02876537446711508,1,1.0
135,7,7,Direct,0.2751373270372425,0.2751373270372425,1,1.0
135,8,8,Direct,0.08301891303071046,0.08301891303071046,1,1.0
135,9,5,Direct,0.861395557064352,0.861395557064352,1,1.0
135,10,12,Direct,2.4777567098223945,2.4777567098223945,1,1.0
135,11,2,Direct,1.6626793702656508,1.6626793702656508,1,1.0
135,11,10,Direct,15.290128607384855,15.290128607384855,1,1.0
135,12,3,Direct,0.1772246256556878,0.1772246256556878,1,1.0
135,12,6,Direct,0.3412193350819696,0.3412193350819696,1,1.0
135,12,14,Direct,0.15458159334944946,0.15458159334944946,1,1.0
135,13,3,Direct,0.07669791817462697,0.07669791817462697,1,1.0
135,13,5,Direct,0.0683894662280871,0.0683894662280871,1,1.0
135,13,6,Direct,0.12697479889399005,0.12697479889399005,1,1.0
135,13,13,Direct,0.008649892540275553,0.008649892540275553,1,1.0
135,14,10,Direct,16.687529104231274,16.687529104231274,1,1.0
135,14,15,Direct,0.7058245784081145,0.7058245784081145,1,1.0
135,15,8,Direct,4.337098535796746,4.337098535796746,1,1.0
135,15,10,Direct,256.0,256.0,1,1.0
135,15,12,Direct,0.3190039119710677,0.3190039119710677,1,1.0
135,15,15,Direct,8.395012456211212,8.395012456211212,1,1.0
135,16,6,Direct,0.08789605633779761,0.08789605633779761,1,1.0
135,17,0,Direct,2.5764810330380787,2.5764810330380787,1,1.0
135,17,6,Direct,8.343508990200316,8.343508990200316,1,1.0
135,17,13,Direct,0.04980512967653972,0.04980512967653972,1,1.0
135,18,5,Direct,0.04260646308302423,0.04260646308302423,1,1.0
135,18,12,Direct,0.08630337510927955,0.08630337510927955,1,1.0
135,19,2,Direct,0.0238431713410282,0.0238431713410282,1,1.0
135,19,13,Direct,0.010435841249855783,0.010435841249855783,1,1.0
135,19,15,Direct,3.8859027144140246,3.8859027144140246,1,1.0
135,20,0,Direct,0.41920747197427183,0.41920747197427183,1,1.0
135,20,2,Direct,0.4464482012980139,0.4464482012980139,1,1.0
135,20,6,Direct,30.726286228067263,30.726286228067263,1,1.0
135,20,13,Direct,0.01190910676788964,0.01190910676788964,1,1.0
135,20,14,Direct,0.06093595244323792,0.06093595244323792,1,1.0
135,20,15,Direct,0.00986470868388307,0.00986470868388307,1,1.0
135,22,2,Direct,0.3305037046802754,0.3305037046802754,1,1.0
135,22,6,Direct,5.763478852821652,5.763478852821652,1,1.0
135,23,15,Direct,11.030258200764559,11.030258200764559,1,1.0
136,0,1,Direct,3.041261232987512,3.041261232987512,1,1.0
136,0,12,Direct,0.11767392965332141,0.11767392965332141,1,1.0
136,1,9,Direct,2.3964922539604423,2.3964922539604423,1,1.0
136,2,13,Direct,0.03215483118280221,0.03215483118280221,1,1.0
136,3,12,Direct,4.084262831946609,4.084262831946609,1,1.0
136,4,0,Direct,0.010247698033641032,0.010247698033641032,1,1.0
136,4,14,Direct,3.7647921410816805,3.7647921410816805,1,1.0
136,5,1,Direct,0.04882492610565166,0.04882492610565166,1,1.0
136,5,5,Direct,0.9279976857946612,0.9279976857946612,1,1.0
136,9,0,Direct,0.5506568254323451,0.5506568254323451,1,1.0
136,9,1,Direct,4.223180676821991,4.223180676821991,1,1.0
136,9,5,Direct,40.97046974556097,40.97046974556097,1,1.0
136,9,12,Direct,1.4297304153729296,1.4297304153729296,1,1.0
136,10,0,Direct,6.52460103800988,6.52460103800988,1,1.0
136,10,12,Direct,256.0,256.0,1,1.0
136,12,1,Direct,0.7621239862437801,0.7621239862437801,1,1.0
136,14,0,Direct,16.14380035759643,16.14380035759643,1,1.0
136,15,0,Direct,5.807644114332941,5.807644114332941,1,1.0
136,15,14,Direct,12.478083274307618,12.478083274307618,1,1.0
136,16,1,Direct,3.074032288920616,3.074032288920616,1,1.0
136,19,12,Direct,0.12742637650927183,0.12742637650927183,1,1.0
136,20,1,Direct,0.09914460566897317,0.09914460566897317,1,1.0
136,20,12,Direct,0.24353360162146448,0.24353360162146448,1,1.0
136,21,12,Direct,0.48036860453305374,0.48036860453305374,1,1.0
136,23,14,Direct,0.04005714805571305,0.04005714805571305,1,1.0
137,0,10,Direct,0.4306882122624626,0.4306882122624626,1,1.0
137,0,13,Direct,31.197545422562506,31.197545422562506,1,1.0
137,0,15,Direct,8.3702640786578,8.3702640786578,1,1.0
137,1,5,Direct,8.691526458338272,8.691526458338272,1,1.0
137,1,11,Direct,187.41912025816902,187.41912025816902,1,1.0
137,2,10,Direct,16.962414212674844,16.962414212674844,1,1.0
137,2,11,Direct,1.4969891276040415,1.4969891276040415,1,1.0
137,2,12,Direct,0.04027673424460251,0.04027673424460251,1,1.0
137,2,13,Direct,0.01690268116765087,0.01690268116765087,1,1.0
137,3,1,Direct,0.08552399177904749,0.08552399177904749,1,1.0
137,3,13,Direct,0.011574862034166045,0.011574862034166045,1,1.0
137,4,2,Direct,0.08054210623712878,0.08054210623712878,1,1.0
137,5,13,Direct,4.929778523092984,4.929778523092984,1,1.0
137,6,2,Direct,160.40298485387896,160.40298485387896,1,1.0
137,6,10,Direct,0.15842311228472458,0.15842311228472458,1,1.0
137,8,10,Direct,0.14759845177979228,0.14759845177979228,1,1.0
137,11,2,Direct,21.060433529750945,21.060433529750945,1,1.0
137,11,15,Direct,3.127093497099052,3.127093497099052,1,1.0
137,12,11,Direct,0.09911365512981353,0.09911365512981353,1,1.0
137,12,14,Direct,3.7365058838165663,3.7365058838165663,1,1.0
137,15,14,Direct,0.47868634308310565,0.47868634308310565,1,1.0
137,16,15,Direct,0.02688882861667288,0.02688882861667288,1,1.0
137,18,2,Direct,7.4990146002588585,7.4990146002588585,1,1.0
137,19,10,Direct,33.92743938417817,33.92743938417817,1,1.0
137,19,13,Direct,0.011540204262133974,0.011540204262133974,1,1.0
137,19,15,Direct,28.91450764604187,28.91450764604187,1,1.0
137,20,1,Direct,0.2928176422120234,0.2928176422120234,1,1.0
137,20,8,Direct,79.15774357758353,79.15774357758353,1,1.0
137,20,12,Direct,1.8575310087342207,1.8575310087342207,1,1.0
137,20,14,Direct,0.0581317474583904,0.0581317474583904,1,1.0
137,21,13,Direct,0.3278765726353235,0.3278765726353235,1,1.0
137,21,15,Direct,0.2958133864870433,0.2958133864870433,1,1.0
137,22,11,Direct,47.43140386581285,47.43140386581285,1,1.0
137,22,14,Direct,0.11491729926112296,0.11491729926112296,1,1.0
137,23,8,Direct,18.703193936641377,18.703193936641377,1,1.0
138,0,2,Direct,0.2467960792655444,0.2467960792655444,1,1.0
138,0,11,Direct,184.89876155183129,184.89876155183129,1,1.0
138,1,10,Direct,0.0919454752996735,0.0919454752996735,1,1.0
138,3,11,Direct,28.38157254866068,28.38157254866068,1,1.0
138,6,0,Direct,0.02501488014125901,0.02501488014125901,1,1.0
138,6,4,Direct,32.27983949818319,32.27983949818319,1,1.0
138,8,2,Direct,0.01213335710915874,0.01213335710915874,1,1.0
138,9,5,Direct,2.4793558340419697,2.4793558340419697,1,1.0
138,9,8,Direct,0.024353328099731137,0.024353328099731137,1,1.0
138,9,10,Direct,109.34986105342571,109.34986105342571,1,1.0
138,10,2,Direct,0.015370578486860168,0.015370578486860168,1,1.0
138,10,4,Direct,8.600959589461487,8.600959589461487,1,1.0
138,10,8,Direct,6.0562873244049715,6.0562873244049715,1,1.0
138,10,11,Direct,0.19695303040333786,0.19695303040333786,1,1.0
138,11,8,Direct,48.80805668975095,48.80805668975095,1,1.0
138,11,13,Direct,61.856070141287134,61.856070141287134,1,1.0
138,13,0,Direct,0.06757296048581245,0.06757296048581245,1,1.0
138,13,13,Direct,49.558095320078145,49.558095320078145,1,1.0
138,14,3,Direct,0.3014115234169093,0.3014115234169093,1,1.0
138,14,4,Direct,0.29084961926585573,0.29084961926585573,1,1.0
138,14,5,Direct,45.95260334777878,45.95260334777878,1,1.0
138,14,8,Direct,0.3282649212679165,0.3282649212679165,1,1.0
138,14,12,Direct,0.11864973010704666,0.11864973010704666,1,1.0
138,14,13,Direct,0.022152077238461926,0.022152077238461926,1,1.0
138,16,0,Direct,3.469907204588131,3.469907204588131,1,1.0
138,17,13,Direct,0.02092801701967263,0.02092801701967263,1,1.0
138,20,3,Direct,0.024394685344717885,0.024394685344717885,1,1.0
138,23,4,Direct,9.342089739247065,9.342089739247065,1,1.0
139,0,13,Direct,6.582120144856457,6.582120144856457,1,1.0
139,1,10,Direct,0.11712705856487719,0.11712705856487719,1,1.0
139,2,6,Direct,0.11831349855004997,0.11831349855004997,1,1.0
139,2,7,Direct,33.02512760183226,33.02512760183226,1,1.0
139,2,8,Direct,0.019403824057725668,0.019403824057725668,1,1.0
139,2,11,Direct,2.7845860562107716,2.7845860562107716,1,1.0
139,4,0,Direct,0.37677769213370005,0.37677769213370005,1,1.0
139,4,6,Direct,4.376030628668301,4.376030628668301,1,1.0
139,4,8,Direct,0.519167217108231,0.519167217108231,1,1.0
139,4,10,Direct,0.6369879277514597,0.6369879277514597,1,1.0
139,5,7,Direct,42.78331959750971,42.78331959750971,1,1.0
139,5,14,Direct,180.60887443135582,180.60887443135582,1,1.0
139,6,7,Direct,5.434191298064199,5.434191298064199,1,1.0
139,7,1,Direct,7.939029563811017,7.939029563811017,1,1.0
139,7,2,Direct,20.23272261118473,20.23272261118473,1,1.0
139,7,10,Direct,0.03355657912149281,0.03355657912149281,1,1.0
139,7,13,Direct,3.7562599308738793,3.7562599308738793,1,1.0
139,8,2,Direct,0.015952770688196047,0.015952770688196047,1,1.0
139,8,11,Direct,256.0,256.0,1,1.0
139,9,0,Direct,0.12163995425386954,0.12163995425386954,1,1.0
139,10,9,Direct,0.034079407709728914,0.034079407709728914,1,1.0
139,11,0,Direct,0.04429597979813241,0.04429597979813241,1,1.0
139,12,2,Direct,0.011683386329979562,0.011683386329979562,1,1.0
139,13,0,Direct,0.09644962662734337,0.09644962662734337,1,1.0
139,13,2,Direct,0.12399280131365924,0.12399280131365924,1,1.0
139,13,6,Direct,0.23401730832553144,0.23401730832553144,1,1.0
139,14,13,Direct,8.937233324160319,8.937233324160319,1,1.0
139,14,15,Direct,0.06243030632919873,0.06243030632919873,1,1.0
139,15,2,Direct,0.018382163143541984,0.018382163143541984,1,1.0
139,16,0,Direct,0.20131791487759257,0.20131791487759257,1,1.0
139,16,7,Direct,0.024357505881085918,0.024357505881085918,1,1.0
139,17,9,Direct,3.4394862454306554,3.4394862454306554,1,1.0
139,18,1,Direct,0.05873190513804581,0.05873190513804581,1,1.0
139,18,7,Direct,23.111195239709023,23.111195239709023,1,1.0
139,18,9,Direct,0.02237702364897901,0.02237702364897901,1,1.0
139,18,11,Direct,256.0,256.0,1,1.0
139,20,7,Direct,1.4088116971159497,1.4088116971159497,1,1.0
139,21,2,Direct,14.447095264998046,14.447095264998046,1,1.0
139,21,8,Direct,0.02062785988507714,0.02062785988507714,1,1.0
139,22,1,Direct,9.238202910357225,9.238202910357225,1,1.0
139,22,2,Direct,0.01685056948196707,0.01685056948196707,1,1.0
139,23,6,Direct,0.10583007561369748,0.10583007561369748,1,1.0
139,23,11,Direct,3.491709012245733,3.491709012245733,1,1.0
140,0,15,Direct,0.023486335890946716,0.023486335890946716,1,1.0
140,1,0,Direct,0.4262397958713501,0.4262397958713501,1,1.0
140,1,2,Direct,3.068462842774168,3.068462842774168,1,1.0
140,1,6,Direct,0.03982167341095792,0.03982167341095792,1,1.0
140,4,1,Direct,16.77862134573239,16.77862134573239,1,1.0
140,4,13,Direct,0.010338393486517536,0.010338393486517536,1,1.0
140,6,0,Direct,0.02683296552930621,0.02683296552930621,1,1.0
140,7,10,Direct,6.589192130447508,6.589192130447508,1,1.0
140,7,14,Direct,0.5722875097758315,0.5722875097758315,1,1.0
140,9,15,Direct,0.010919037119467762,0.010919037119467762,1,1.0
140,11,6,Direct,5.518756148863909,5.518756148863909,1,1.0
140,11,11,Direct,0.0605970434845965,0.0605970434845965,1,1.0
140,12,6,Direct,0.22640038608569482,0.22640038608569482,1,1.0
140,13,11,Direct,256.0,256.0,1,1.0
140,13,15,Direct,9.794620729724656,9.794620729724656,1,1.0
140,14,0,Direct,18.49966505619451,18.49966505619451,1,1.0
140,14,6,Direct,0.02086763153625593,0.02086763153625593,1,1.0
140,15,0,Direct,0.22747022039942272,0.22747022039942272,1,1.0
140,15,5,Direct,2.082080182157865,2.082080182157865,1,1.0
140,15,14,Direct,13.85573914876689,13.85573914876689,1,1.0
140,15,15,Direct,0.143057050830688,0.143057050830688,1,1.0
140,16,5,Direct,3.410580346528879,3.410580346528879,1,1.0
140,16,14,Direct,0.020175722957202442,0.020175722957202442,1,1.0
140,17,0,Direct,0.6080349394949631,0.6080349394949631,1,1.0
140,17,6,Direct,6.062117871389452,6.062117871389452,1,1.0
140,18,1,Direct,0.05128749495705213,0.05128749495705213,1,1.0
140,18,5,Direct,0.056899572576591395,0.056899572576591395,1,1.0
140,19,5,Direct,0.04409049203168763,0.04409049203168763,1,1.0
140,19,15,Direct,6.174878645812077,6.174878645812077,1,1.0
140,21,0,Direct,1.1027869826824837,1.1027869826824837,1,1.0
140,21,14,Direct,14.494314443093343,14.494314443093343,1,1.0
140,21,15,Direct,18.752970783617982,18.752970783617982,1,1.0
140,22,1,Direct,2.4950683055896614,2.4950683055896614,1,1.0
140,22,14,Direct,0.06477667111618952,0.06477667111618952,1,1.0
141,3,6,Direct,0.3090625983747884,0.3090625983747884,1,1.0
141,3,10,Direct,3.1604519708498224,3.1604519708498224,1,1.0
141,4,9,Direct,0.01843733184767803,0.01843733184767803,1,1.0
141,4,12,Direct,256.0,256.0,1,1.0
141,5,5,Direct,3.915227918123952,3.915227918123952,1,1.0
141,6,10,Direct,0.7076993954679844,0.7076993954679844,1,1.0
141,6,11,Direct,0.04766734977845868,0.04766734977845868,1,1.0
141,6,12,Direct,79.167161413397,79.167161413397,1,1.0
141,6,14,Direct,0.038338559571181804,0.038338559571181804,1,1.0
141,9,6,Direct,0.10726232440820414,0.10726232440820414,1,1.0
141,9,11,Direct,256.0,256.0,1,1.0
141,12,0,Direct,0.5402362779489235,0.5402362779489235,1,1.0
141,13,1,Direct,0.5656551268270767,0.5656551268270767,1,1.0
141,13,8,Direct,0.027247134218932923,0.027247134218932923,1,1.0
141,14,8,Direct,15.795791971976127,15.795791971976127,1,1.0
141,15,5,Direct,0.05073987660228753,0.05073987660228753,1,1.0
141,15,10,Direct,25.853354228701157,25.853354228701157,1,1.0
141,16,5,Direct,0.039201387554123786,0.039201387554123786,1,1.0
141,16,6,Direct,0.019686701535907777,0.019686701535907777,1,1.0
141,16,8,Direct,3.8518661116060513,3.8518661116060513,1,1.0
141,16,10,Direct,0.04260368050012276,0.04260368050012276,1,1.0
141,16,11,Direct,10.703734962095776,10.703734962095776,1,1.0
141,18,0,Direct,10.749108865518558,10.749108865518558,1,1.0
141,20,10,Direct,30.494482302468125,30.494482302468125,1,1.0
141,21,6,Direct,1.8487210548375466,1.8487210548375466,1,1.0
141,21,9,Direct,0.09969745001336254,0.09969745001336254,1,1.0
141,22,9,Direct,0.04017104742654433,0.04017104742654433,1,1.0
141,22,14,Direct,0.043925574875220676,0.043925574875220676,1,1.0
141,23,0,Direct,58.06454708563855,58.06454708563855,1,1.0
142,0,0,Direct,122.42034257309757,122.42034257309757,1,1.0
142,0,8,Direct,0.3584546857902,0.3584546857902,1,1.0
142,0,12,Direct,256.0,256.0,1,1.0
142,0,14,Direct,11.911637523190393,11.911637523190393,1,1.0
142,1,0,Direct,5.989989580797429,5.989989580797429,1,1.0
142,1,5,Direct,0.04271895254081206,0.04271895254081206,1,1.0
142,2,8,Direct,0.013039085777616541,0.013039085777616541,1,1.0
142,3,4,Direct,0.3737535321525138,0.3737535321525138,1,1.0
142,3,13,Direct,0.015318972410094108,0.015318972410094108,1,1.0
142,4,0,Direct,0.036386710997322734,0.036386710997322734,1,1.0
142,4,4,Direct,0.026683953491014187,0.026683953491014187,1,1.0
142,5,2,Direct,9.233040806679302,9.233040806679302,1,1.0
142,5,3,Direct,0.3843318544986429,0.3843318544986429,1,1.0
142,5,5,Direct,64.228412793403,64.228412793403,1,1.0
142,5,9,Direct,3.601096976198934,3.601096976198934,1,1.0
142,5,10,Direct,10.794867117936073,10.794867117936073,1,1.0
142,6,3,Direct,11.181840868372262,11.181840868372262,1,1.0
142,6,6,Direct,0.019638006149101373,0.019638006149101373,1,1.0
142,7,10,Direct,0.17599878175288136,0.17599878175288136,1,1.0
142,8,4,Direct,29.240288731245595,29.240288731245595,1,1.0
142,8,5,Direct,0.02172072916750302,0.02172072916750302,1,1.0
142,9,9,Direct,0.2963926410619573,0.2963926410619573,1,1.0
142,10,11,Direct,12.860972728944247,12.860972728944247,1,1.0
142,11,4,Direct,0.09505070720082716,0.09505070720082716,1,1.0
142,11,6,Direct,2.886130101563887,2.886130101563887,1,1.0
142,11,13,Direct,0.03474649115046044,0.03474649115046044,1,1.0
142,12,0,Direct,0.07716819889621,0.07716819889621,1,1.0
142,12,5,Direct,0.223903071470537,0.223903071470537,1,1.0
142,12,6,Direct,4.199493583832009,4.199493583832009,1,1.0
142,13,2,Direct,1.0068841043705672,1.0068841043705672,1,1.0
142,14,2,Direct,0.016522546268637514,0.016522546268637514,1,1.0
142,14,3,Direct,0.011671110049147858,0.011671110049147858,1,1.0
142,15,3,Direct,17.38285673613142,17.38285673613142,1,1.0
142,15,8,Direct,35.841392829637094,35.841392829637094,1,1.0
142,15,11,Direct,1.1172548002762377,1.1172548002762377,1,1.0
142,16,0,Direct,0.4715416024157239,0.4715416024157239,1,1.0
142,16,14,Direct,31.586595468612323,31.586595468612323,1,1.0
142,17,2,Direct,29.87074167976984,29.87074167976984,1,1.0
142,17,5,Direct,26.102689463001752,26.102689463001752,1,1.0
142,17,9,Direct,6.067490072024077,6.067490072024077,1,1.0
142,18,7,Direct,0.012119619701689411,0.012119619701689411,1,1.0
142,19,3,Direct,15.246234708275647,15.246234708275647,1,1.0
142,21,0,Direct,1.6328272002746715,1.6328272002746715,1,1.0
142,21,8,Direct,0.09622311901553827,0.09622311901553827,1,1.0
142,22,3,Direct,13.682431673589665,13.682431673589665,1,1.0
142,23,14,Direct,0.1327410589631311,0.1327410589631311,1,1.0
143,0,10,Direct,9.243207170408363,9.243207170408363,1,1.0
143,1,2,Direct,0.012250211614173057,0.012250211614173057,1,1.0
143,2,7,Direct,113.72507337203578,113.72507337203578,1,1.0
143,2,11,Direct,6.15923411497133,6.15923411497133,1,1.0
143,3,12,Direct,7.423989353781934,7.423989353781934,1,1.0
143,4,10,Direct,36.925658281431936,36.925658281431936,1,1.0
143,5,6,Direct,0.022069180250638386,0.022069180250638386,1,1.0
143,6,1,Direct,60.61195979784663,60.61195979784663,1,1.0
143,6,6,Direct,0.301941006231749,0.301941006231749,1,1.0
143,6,9,Direct,0.3061435222319892,0.3061435222319892,1,1.0
143,6,12,Direct,256.0,256.0,1,1.0
143,7,3,Direct,0.006508616793116112,0.006508616793116112,1,1.0
143,8,1,Direct,13.263515697687556,13.263515697687556,1,1.0
143,8,6,Direct,0.0699974135391814,0.0699974135391814,1,1.0
143,9,6,Direct,0.09082568317368928,0.09082568317368928,1,1.0
143,9,7,Direct,0.04094556869960877,0.04094556869960877,1,1.0
143,9,8,Direct,0.03440650603323446,0.03440650603323446,1,1.0
143,10,0,Direct,2.9922540150763486,2.9922540150763486,1,1.0
143,10,6,Direct,0.04114097924061639,0.04114097924061639,1,1.0
143,11,1,Direct,0.18576897890483396,0.18576897890483396,1,1.0
143,11,3,Direct,2.5940035143003963,2.5940035143003963,1,1.0
143,11,8,Direct,0.03389594126837702,0.03389594126837702,1,1.0
143,12,0,Direct,6.9181924816709275,6.9181924816709275,1,1.0
143,12,3,Direct,0.018011434734935626,0.018011434734935626,1,1.0
143,12,8,Direct,0.36281488137028384,0.36281488137028384,1,1.0
143,14,9,Direct,0.02267529910184544,0.02267529910184544,1,1.0
143,15,1,Direct,0.028487794972781217,0.028487794972781217,1,1.0
143,15,4,Direct,20.016578087837853,20.016578087837853,1,1.0
143,15,10,Direct,0.04955469158950388,0.04955469158950388,1,1.0
143,16,11,Direct,0.22623213617621285,0.22623213617621285,1,1.0
143,18,10,Direct,0.05433533744421535,0.05433533744421535,1,1.0
143,19,2,Direct,13.922373953803,13.922373953803,1,1.0
143,19,3,Direct,6.560140658402837,6.560140658402837,1,1.0
143,19,6,Direct,9.505397606069383,9.505397606069383,1,1.0
143,19,7,Direct,3.262603399644435,3.262603399644435,1,1.0
143,19,8,Direct,6.689955100603868,6.689955100603868,1,1.0
143,19,14,Direct,1.0721491540809174,1.0721491540809174,1,1.0
143,20,1,Direct,0.432939555444972,0.432939555444972,1,1.0
143,20,7,Direct,0.03737814689562794,0.03737814689562794,1,1.0
143,21,7,Direct,0.03333975544422231,0.03333975544422231,1,1.0
143,22,8,Direct,0.6096841747086666,0.6096841747086666,1,1.0
143,22,12,Direct,94.07334299286906,94.07334299286906,1,1.0
143,23,2,Direct,0.15868217749667768,0.15868217749667768,1,1.0
143,23,8,Direct,0.028132002652456956,0.028132002652456956,1,1.0
143,23,11,Direct,14.257733183906648,14.257733183906648,1,1.0
143,23,12,Direct,0.4857325500110831,0.4857325500110831,1,1.0
144,0,2,Direct,0.1533977401301103,0.1533977401301103,1,1.0
144,1,2,Direct,0.8934484927045669,0.8934484927045669,1,1.0
144,3,0,Direct,0.030856575580544745,0.030856575580544745,1,1.0
144,3,4,Direct,0.08909439294826497,0.08909439294826497,1,1.0
144,3,7,Direct,2.1377244902895955,2.1377244902895955,1,1.0
144,3,13,Direct,0.11546326810159259,0.11546326810159259,1,1.0
144,4,0,Direct,0.01665644579348824,0.01665644579348824,1,1.0
144,5,4,Direct,44.88176218978013,44.88176218978013,1,1.0
144,5,12,ViaRelay,25.46646446793353,25.46646446793353,1,1.0
144,5,15,Direct,0.058309689001676226,0.058309689001676226,1,1.0
144,6,10,Direct,26.577313112334906,26.577313112334906,1,1.0
144,7,0,Direct,0.011005295866154556,0.011005295866154556,1,1.0
144,7,9,Direct,0.011582660644755615,0.011582660644755615,1,1.0
144,7,13,Direct,0.10287782393996052,0.10287782393996052,1,1.0
144,7,14,Direct,109.57195230178144,109.57195230178144,1,1.0
144,8,7,Direct,8.834773134447675,8.834773134447675,1,1.0
144,8,10,Direct,0.7182098954705647,0.7182098954705647,1,1.0
144,8,15,Direct,0.597729954903179,0.597729954903179,1,1.0
144,9,10,Direct,43.757457539963,43.757457539963,1,1.0
144,9,12,Direct,1.967980861983459,1.967980861983459,1,1.0
144,9,13,Direct,23.87271994444176,23.87271994444176,1,1.0
144,10,2,Direct,0.016378933256734757,0.016378933256734757,1,1.0
144,10,4,Direct,9.963637165193202,9.963637165193202,1,1.0
144,10,7,Direct,3.638605806988489,3.638605806988489,1,1.0
144,10,10,Direct,0.6669711798481615,0.6669711798481615,1,1.0
144,10,11,Direct,19.827438962482933,19.827438962482933,1,1.0
144,10,15,Direct,32.822845566656426,32.822845566656426,1,1.0
144,12,4,Direct,0.1403194471562267,0.1403194471562267,1,1.0
144,12,7,Direct,17.889252524366363,17.889252524366363,1,1.0
144,12,11,Direct,0.4371277046567205,0.4371277046567205,1,1.0
144,13,2,Direct,0.6898585755579963,0.6898585755579963,1,1.0
144,13,7,Direct,0.01692417319516502,0.01692417319516502,1,1.0
144,13,10,Direct,0.07107102622331146,0.07107102622331146,1,1.0
144,13,15,Direct,5.309817790785622,5.309817790785622,1,1.0
144,14,2,Direct,0.496414442110754,0.496414442110754,1,1.0
144,14,10,Direct,0.586878497099829,0.586878497099829,1,1.0
144,15,12,Direct,0.3566787926709384,0.3566787926709384,1,1.0
144,17,2,Direct,12.297630429151388,12.297630429151388,1,1.0
144,17,9,Direct,8.08320419090345,8.08320419090345,1,1.0
144,18,4,Direct,0.04945521144470452,0.04945521144470452,1,1.0
144,18,15,Direct,0.7245868615555829,0.7245868615555829,1,1.0
144,20,0,Direct,9.99897685540115,9.99897685540115,1,1.0
144,20,4,Direct,15.07974475660169,15.07974475660169,1,1.0
144,20,7,Direct,12.82489927486741,12.82489927486741,1,1.0
144,20,9,Direct,0.04553686052649708,0.04553686052649708,1,1.0
144,20,13,Direct,10.870323820200108,10.870323820200108,1,1.0
144,21,0,Direct,3.0701769377078434,3.0701769377078434,1,1.0
144,22,9,Direct,0.011192311166702898,0.011192311166702898,1,1.0
144,22,11,Direct,0.054694866716709124,0.054694866716709124,1,1.0
144,22,12,Direct,2.414480658504387,2.414480658504387,1,1.0
144,22,14,Direct,29.459161953709046,29.459161953709046,1,1.0
144,23,10,Direct,1.909659785711154,1.909659785711154,1,1.0
144,23,11,Direct,0.06987899478818017,0.06987899478818017,1,1.0
145,0,3,Direct,1.1251548594152867,1.1251548594152867,1,1.0
145,0,5,Direct,31.227764133657836,31.227764133657836,1,1.0
145,0,12,Direct,0.48819097249781185,0.48819097249781185,1,1.0
145,1,6,Direct,0.020448900024511885,0.020448900024511885,1,1.0
145,2,0,Direct,33.08071025780183,33.08071025780183,1,1.0
145,2,12,Direct,0.20366932314159952,0.20366932314159952,1,1.0
145,2,15,Direct,20.83794395959321,20.83794395959321,1,1.0
145,3,11,Direct,0.049865900612927706,0.049865900612927706,1,1.0
145,4,10,Direct,34.35527254960747,34.35527254960747,1,1.0
145,5,3,Direct,0.4407981876189526,0.4407981876189526,1,1.0
145,5,5,Direct,22.507105750813025,22.507105750813025,1,1.0
145,6,3,Direct,0.048300966172841395,0.048300966172841395,1,1.0
145,7,10,Direct,0.47819452294500325,0.47819452294500325,1,1.0
145,8,4,Direct,0.08628226689465865,0.08628226689465865,1,1.0
145,8,10,ViaRelay,132.51911134471385,132.51911134471385,1,1.0
145,9,2,Direct,3.7367980372277865,3.7367980372277865,1,1.0
145,9,4,Direct,0.13134672690957727,0.13134672690957727,1,1.0
145,9,10,Direct,24.52150068382168,24.52150068382168,1,1.0
145,10,2,Direct,2.8935054905923097,2.8935054905923097,1,1.0
145,10,5,Direct,0.8129830941993663,0.8129830941993663,1,1.0
145,10,6,Direct,0.042362361485333365,0.042362361485333365,1,1.0
145,11,0,Direct,0.03919714267882645,0.03919714267882645,1,1.0
145,11,3,Direct,0.18081458461551692,0.18081458461551692,1,1.0
145,11,5,Direct,72.65092653069661,72.65092653069661,1,1.0
145,12,4,Direct,0.21149329924808707,0.21149329924808707,1,1.0
145,12,10,Direct,12.938170587549525,12.938170587549525,1,1.0
145,12,11,Direct,112.05638080838999,112.05638080838999,1,1.0
145,13,10,Direct,0.06415356018395142,0.06415356018395142,1,1.0
145,14,7,Direct,16.70517961010893,16.70517961010893,1,1.0
145,15,3,Direct,0.3995167087622748,0.3995167087622748,1,1.0
145,15,11,Direct,0.0882885957379735,0.0882885957379735,1,1.0
145,16,0,Direct,0.03143677907651797,0.03143677907651797,1,1.0
145,16,5,Direct,8.890230748375016,8.890230748375016,1,1.0
145,16,7,Direct,0.046552465119842484,0.046552465119842484,1,1.0
145,17,0,Direct,3.9224563295621913,3.9224563295621913,1,1.0
145,17,2,Direct,0.03993236478011608,0.03993236478011608,1,1.0
145,18,3,Direct,0.009378579224550324,0.009378579224550324,1,1.0
145,19,7,Direct,0.04100473437788576,0.04100473437788576,1,1.0
145,19,10,Direct,6.511763393615805,6.511763393615805,1,1.0
145,21,2,Direct,0.19434890864533744,0.19434890864533744,1,1.0
145,21,7,Direct,0.03882474126297059,0.03882474126297059,1,1.0
145,21,10,Direct,64.53316953440724,64.53316953440724,1,1.0
145,22,6,Direct,0.01805718358583956,0.01805718358583956,1,1.0
145,22,10,Direct,0.1177676436081313,0.1177676436081313,1,1.0
145,22,11,Direct,0.02760901193461103,0.02760901193461103,1,1.0
145,23,0,Direct,0.010829736009755132,0.010829736009755132,1,1.0
146,2,11,Direct,38.437886805571694,38.437886805571694,1,1.0
146,3,11,Direct,0.7687519460433845,0.7687519460433845,1,1.0
146,5,4,Direct,0.01907018719481283,0.01907018719481283,1,1.0
146,5,10,Direct,0.0788571967290897,0.0788571967290897,1,1.0
146,6,1,Direct,0.8228725214002495,0.8228725214002495,1,1.0
146,6,4,Direct,0.06772166890432668,0.06772166890432668,1,1.0
146,7,2,Direct,0.013137599036192776,0.013137599036192776,1,1.0
146,8,12,Direct,0.1242894402444694,0.1242894402444694,1,1.0
146,9,9,Direct,0.9067737301444458,0.9067737301444458,1,1.0
146,10,5,Direct,0.2954036974403904,0.2954036974403904,1,1.0
146,10,7,Direct,0.07616509001238746,0.07616509001238746,1,1.0
146,11,9,Direct,0.5219577729071838,0.5219577729071838,1,1.0
146,12,5,Direct,0.07975548670305363,0.07975548670305363,1,1.0
146,12,10,Direct,256.0,256.0,1,1.0
146,13,3,Direct,0.060658383612390246,0.060658383612390246,1,1.0
146,14,11,Direct,39.43186561695398,39.43186561695398,1,1.0
146,14,13,Direct,4.381954799142865,4.381954799142865,1,1.0
146,15,7,Direct,0.050940102367162406,0.050940102367162406,1,1.0
146,16,7,Direct,3.0939073544697857,3.0939073544697857,1,1.0
146,16,10,Direct,0.02462434644442355,0.02462434644442355,1,1.0
146,17,5,Direct,0.04676380748863736,0.04676380748863736,1,1.0
146,18,7,Direct,0.04004708880677937,0.04004708880677937,1,1.0
146,18,13,Direct,7.991296477315169,7.991296477315169,1,1.0
146,19,2,Direct,4.112940235537324,4.112940235537324,1,1.0
146,19,11,Direct,0.12208831394844988,0.12208831394844988,1,1.0
146,20,2,Direct,0.038774925591752524,0.038774925591752524,1,1.0
146,20,12,Direct,0.20554401231605804,0.20554401231605804,1,1.0
146,21,0,Direct,0.020158638894130117,0.020158638894130117,1,1.0
146,21,1,Direct,4.9738040064920295,4.9738040064920295,1,1.0
146,21,2,Direct,10.32846367227105,10.32846367227105,1,1.0
146,22,5,Direct,256.0,256.0,1,1.0
146,22,10,Direct,1.0885681594065868,1.0885681594065868,1,1.0
146,23,2,Direct,12.309260594721318,12.309260594721318,1,1.0
147,0,6,Direct,6.833314861252103,6.833314861252103,1,1.0
147,1,0,Direct,0.01945313796713395,0.01945313796713395,1,1.0
147,1,3,Direct,0.019777092819315372,0.019777092819315372,1,1.0
147,1,13,Direct,3.322772221195862,3.322772221195862,1,1.0
147,2,2,Direct,12.337234737790656,12.337234737790656,1,1.0
147,2,3,Direct,0.007969940419785874,0.007969940419785874,1,1.0
147,2,13,Direct,0.11617738543164614,0.11617738543164614,1,1.0
147,3,0,Direct,0.4483426343958337,0.4483426343958337,1,1.0
147,3,1,Direct,0.011741666023460374,0.011741666023460374,1,1.0
147,4,2,Direct,0.02180481764294212,0.02180481764294212,1,1.0
147,4,9,Direct,1.039283338124198,1.039283338124198,1,1.0
147,4,12,Direct,256.0,256.0,1,1.0
147,5,4,Direct,8.577637462193758,8.577637462193758,1,1.0
147,5,12,Direct,256.0,256.0,1,1.0
147,6,6,Direct,0.02538005949037695,0.02538005949037695,1,1.0
147,7,0,Direct,9.899719344407668,9.899719344407668,1,1.0
147,7,3,Direct,1.8710409313781349,1.8710409313781349,1,1.0
147,8,5,Direct,0.039244940749826894,0.039244940749826894,1,1.0
147,8,9,Direct,0.15200520002642806,0.15200520002642806,1,1.0
147,8,11,Direct,1.0865731036008905,1.0865731036008905,1,1.0
147,9,9,Direct,0.3727814403111915,0.3727814403111915,1,1.0
147,9,11,Direct,5.334497964782959,5.334497964782959,1,1.0
147,9,13,Direct,0.013733614548175876,0.013733614548175876,1,1.0
147,10,2,Direct,0.011817100668447753,0.011817100668447753,1,1.0
147,10,3,Direct,0.02465250334806946,0.02465250334806946,1,1.0
147,10,5,Direct,0.5098159708999495,0.5098159708999495,1,1.0
147,11,4,Direct,4.2241576222727755,4.2241576222727755,1,1.0
147,11,13,Direct,0.05625768423863124,0.05625768423863124,1,1.0
147,12,2,Direct,0.029015313763793377,0.029015313763793377,1,1.0
147,13,0,Direct,2.857622765078092,2.857622765078092,1,1.0
147,13,1,Direct,4.129659036769158,4.129659036769158,1,1.0
147,13,5,Direct,0.0418887941461001,0.0418887941461001,1,1.0
147,13,15,Direct,0.03498182314641928,0.03498182314641928,1,1.0
147,14,1,Direct,0.03480267592412913,0.03480267592412913,1,1.0
147,15,0,Direct,0.017186266698693806,0.017186266698693806,1,1.0
147,15,9,Direct,0.013360397607200513,0.013360397607200513,1,1.0
147,15,11,Direct,0.8359533301499921,0.8359533301499921,1,1.0
147,16,6,Direct,2.2346867964590547,2.2346867964590547,1,1.0
147,16,12,Direct,256.0,256.0,1,1.0
147,16,13,Direct,0.01008444099722423,0.01008444099722423,1,1.0
147,17,2,Direct,2.7185954839833,2.7185954839833,1,1.0
147,17,11,Direct,256.0,256.0,1,1.0
147,17,12,Direct,1.8052803704265379,1.8052803704265379,1,1.0
147,18,0,Direct,0.2419269552650539,0.2419269552650539,1,1.0
147,18,1,Direct,0.03297171525174231,0.03297171525174231,1,1.0
147,18,4,Direct,11.31216971597373,11.31216971597373,1,1.0
147,18,5,Direct,13.563692545980958,13.563692545980958,1,1.0
147,18,6,Direct,16.83467294772273,16.83467294772273,1,1.0
147,19,3,Direct,4.128150666523762,4.128150666523762,1,1.0
147,20,1,Direct,122.57919857654343,122.57919857654343,1,1.0
147,20,5,Direct,38.625666481655564,38.625666481655564,1,1.0
147,20,6,Direct,0.042181899649701274,0.042181899649701274,1,1.0
147,21,4,Direct,2.057180563013601,2.057180563013601,1,1.0
147,22,2,Direct,0.056844168942155895,0.056844168942155895,1,1.0
147,22,12,Direct,256.0,256.0,1,1.0
147,23,4,ViaRelay,80.19605055076246,80.19605055076246,1,1.0
148,0,3,Direct,10.910432745911784,10.910432745911784,1,1.0
148,1,0,Direct,0.011133215592346729,0.011133215592346729,1,1.0
148,1,4,Direct,174.4709459791251,174.4709459791251,1,1.0
148,3,5,Direct,1.109585145613353,1.109585145613353,1,1.0
148,5,5,Direct,1.8335772599466356,1.8335772599466356,1,1.0
148,11,3,Direct,5.116464980310463,5.116464980310463,1,1.0
148,12,9,Direct,0.9693088114279697,0.9693088114279697,1,1.0
148,13,3,Direct,0.02473826399315093,0.02473826399315093,1,1.0
148,13,4,Direct,5.652855817381229,5.652855817381229,1,1.0
148,14,3,Direct,0.024518903016357483,0.024518903016357483,1,1.0
148,14,4,Direct,0.042321658856016665,0.042321658856016665,1,1.0
148,14,8,Direct,2.2254285293549523,2.2254285293549523,1,1.0
148,15,5,Direct,4.23942908533235,4.23942908533235,1,1.0
148,18,0,Direct,0.7968038720358168,0.7968038720358168,1,1.0
148,19,4,Direct,4.038727181609233,4.038727181609233,1,1.0
148,19,9,Direct,0.007987862632833565,0.007987862632833565,1,1.0
148,23,6,Direct,0.46873993201362074,0.46873993201362074,1,1.0
149,0,0,Direct,2.3959037300858874,2.3959037300858874,1,1.0
149,0,4,Direct,210.00653016797094,210.00653016797094,1,1.0
149,0,10,ViaRelay,177.84679527004047,177.84679527004047,1,1.0
149,0,15,Direct,0.7799207850311985,0.7799207850311985,1,1.0
149,1,3,Direct,0.05013913631603001,0.05013913631603001,1,1.0
149,1,4,Direct,33.016779332859926,33.016779332859926,1,1.0
149,1,10,Direct,0.04319465055070885,0.04319465055070885,1,1.0
149,1,11,Direct,0.8125838461489764,0.8125838461489764,1,1.0
149,2,0,Direct,10.161135548198711,10.161135548198711,1,1.0
149,2,2,Direct,2.4800375628424467,2.4800375628424467,1,1.0
149,2,4,Direct,0.24579943355226647,0.24579943355226647,1,1.0
149,2,9,Direct,0.023312015884079305,0.023312015884079305,1,1.0
149,3,4,Direct,0.9479637899903587,0.9479637899903587,1,1.0
149,3,10,Direct,0.10057689716270185,0.10057689716270185,1,1.0
149,3,15,Direct,0.024463737811714296,0.024463737811714296,1,1.0
149,4,4,Direct,7.497720750388216,7.497720750388216,1,1.0
149,4,15,Direct,10.94624268320295,10.94624268320295,1,1.0
149,6,0,Direct,28.59070950634546,28.59070950634546,1,1.0
149,6,11,Direct,0.07949985482684893,0.07949985482684893,1,1.0
149,7,8,Direct,30.668332763934814,30.668332763934814,1,1.0
149,8,9,Direct,0.05822936506759753,0.05822936506759753,1,1.0
149,8,12,Direct,3.452239489111766,3.452239489111766,1,1.0
149,9,0,Direct,44.63839372413123,44.63839372413123,1,1.0
149,10,0,Direct,0.010464864240033754,0.010464864240033754,1,1.0
149,10,1,Direct,1.5437310656742305,1.5437310656742305,1,1.0
149,10,3,Direct,6.462695952001132,6.462695952001132,1,1.0
149,11,3,Direct,0.02741832243456639,0.02741832243456639,1,1.0
149,11,5,Direct,0.05057794942101023,0.05057794942101023,1,1.0
149,11,11,Direct,2.1197756865735653,2.1197756865735653,1,1.0
149,11,14,Direct,0.059418011184243835,0.059418011184243835,1,1.0
149,12,9,Direct,2.2049392511884927,2.2049392511884927,1,1.0
149,12,12,Direct,256.0,256.0,1,1.0
149,13,2,Direct,0.032345342724030834,0.032345342724030834,1,1.0
149,13,4,Direct,0.06049336810162668,0.06049336810162668,1,1.0
149,13,8,Direct,14.801502942748728,14.801502942748728,1,1.0
149,13,10,Direct,0.1129863847025065,0.1129863847025065,1,1.0
149,14,3,Direct,0.009519322135238954,0.009519322135238954,1,1.0
149,14,10,Direct,3.8180569480969733,3.8180569480969733,1,1.0
149,14,11,Direct,0.0435231031379066,0.0435231031379066,1,1.0
149,15,4,Direct,76.72767315158345,76.72767315158345,1,1.0
149,15,5,Direct,0.3963379123563745,0.3963379123563745,1,1.0
149,16,15,Direct,1.9090359226444127,1.9090359226444127,1,1.0
149,17,4,Direct,0.023480065841772188,0.023480065841772188,1,1.0
149,17,9,Direct,0.008507097583928747,0.008507097583928747,1,1.0
149,17,10,Direct,49.88230459476206,49.88230459476206,1,1.0
149,17,11,Direct,2.738095846703838,2.738095846703838,1,1.0
149,17,12,Direct,0.5131324542061856,0.5131324542061856,1,1.0
149,18,3,Direct,0.033581841187212545,0.033581841187212545,1,1.0
149,18,9,Direct,0.014666020493037635,0.014666020493037635,1,1.0
149,18,10,Direct,0.5215054566146898,0.5215054566146898,1,1.0
149,18,14,Direct,256.0,256.0,1,1.0
149,19,8,Direct,52.3055717926652,52.3055717926652,1,1.0
149,19,10,Direct,0.2032924056251508,0.2032924056251508,1,1.0
149,20,0,Direct,0.02300407050004882,0.02300407050004882,1,1.0
149,20,1,Direct,0.010898537770966315,0.010898537770966315,1,1.0
149,20,10,Direct,5.606262440431776,5.606262440431776,1,1.0
149,21,9,Direct,14.445641554579778,14.445641554579778,1,1.0
149,21,11,Direct,10.42901335528674,10.42901335528674,1,1.0
149,21,12,Direct,0.23422677746817394,0.23422677746817394,1,1.0
149,21,14,Direct,34.64944944700837,34.64944944700837,1,1.0
149,22,0,Direct,0.038929880958104415,0.038929880958104415,1,1.0
149,22,1,Direct,5.063451218827299,5.063451218827299,1,1.0
149,22,14,Direct,0.3397442762620281,0.3397442762620281,1,1.0
149,23,14,Direct,2.0950448758372295,2.0950448758372295,1,1.0
150,0,8,Direct,54.42700661605603,54.42700661605603,1,1.0
150,0,9,Direct,4.357995760505734,4.357995760505734,1,1.0
150,0,11,Direct,0.46233411896536797,0.46233411896536797,1,1.0
150,1,13,Direct,0.02262246620424707,0.02262246620424707,1,1.0
150,2,2,Direct,0.025049351760190627,0.025049351760190627,1,1.0
150,3,3,Direct,0.9485210921837195,0.9485210921837195,1,1.0
150,3,15,Direct,30.997599652099794,30.997599652099794,1,1.0
150,4,4,Direct,0.23861725389689104,0.23861725389689104,1,1.0
150,4,9,Direct,0.016886495332130776,0.016886495332130776,1,1.0
150,5,3,Direct,0.026477202324952796,0.026477202324952796,1,1.0
150,5,5,Direct,5.150945207308768,5.150945207308768,1,1.0
150,6,15,Direct,87.52216357493694,87.52216357493694,1,1.0
150,8,8,Direct,0.3131271654936584,0.3131271654936584,1,1.0
150,9,6,Direct,20.03249856667816,20.03249856667816,1,1.0
150,9,9,Direct,0.0229668461361693,0.0229668461361693,1,1.0
150,9,13,Direct,4.916027623242526,4.916027623242526,1,1.0
150,9,15,Direct,0.029112706151485444,0.029112706151485444,1,1.0
150,10,2,Direct,3.6470823239877936,3.6470823239877936,1,1.0
150,10,6,Direct,5.41292470463073,5.41292470463073,1,1.0
150,10,15,Direct,2.9224228258105542,2.9224228258105542,1,1.0
150,11,4,Direct,0.04965854891203738,0.04965854891203738,1,1.0
150,11,10,Direct,0.043516530734115634,0.043516530734115634,1,1.0
150,11,11,Direct,1.0565973819963912,1.0565973819963912,1,1.0
150,12,5,Direct,7.61654787263752,7.61654787263752,1,1.0
150,13,9,Direct,0.027066268194178393,0.027066268194178393,1,1.0
150,13,10,Direct,0.16708025872263066,0.16708025872263066,1,1.0
150,13,11,Direct,29.231729177678023,29.231729177678023,1,1.0
150,14,3,Direct,7.268956145760111,7.268956145760111,1,1.0
150,14,7,Direct,1.7671992541167414,1.7671992541167414,1,1.0
150,16,3,Direct,0.10680898870191918,0.10680898870191918,1,1.0
150,17,2,Direct,0.012632834961067162,0.012632834961067162,1,1.0
150,17,4,Direct,1.5072546990845805,1.5072546990845805,1,1.0
150,18,7,Direct,0.15654314908732395,0.15654314908732395,1,1.0
150,18,11,Direct,0.18628751122939186,0.18628751122939186,1,1.0
150,19,3,Direct,1.4614475744843036,1.4614475744843036,1,1.0
150,19,4,Direct,0.8708261498458184,0.8708261498458184,1,1.0
150,19,5,Direct,0.08862052302655533,0.08862052302655533,1,1.0
150,19,13,Direct,0.01855003384682646,0.01855003384682646,1,1.0
150,20,4,Direct,3.795684002513657,3.795684002513657,1,1.0
150,20,11,Direct,0.07547863019677302,0.07547863019677302,1,1.0
150,21,4,Direct,0.23018596864077664,0.23018596864077664,1,1.0
150,21,7,Direct,5.283558398505529,5.283558398505529,1,1.0
150,21,15,Direct,0.1445266735581885,0.1445266735581885,1,1.0
150,22,6,Direct,0.9828175676039118,0.9828175676039118,1,1.0
150,22,10,Direct,7.88031716358349,7.88031716358349,1,1.0
151,1,6,Direct,0.5878146201497412,0.5878146201497412,1,1.0
151,1,12,Direct,1.357139771648303,1.357139771648303,1,1.0
151,2,4,ViaRelay,84.76193967374223,84.76193967374223,1,1.0
151,3,0,Direct,0.050389031440024164,0.050389031440024164,1,1.0
151,3,9,Direct,0.01903387230581078,0.01903387230581078,1,1.0
151,3,12,Direct,1.7720711530592352,1.7720711530592352,1,1.0
151,4,5,Direct,3.3283848612959592,3.3283848612959592,1,1.0
151,4,14,Direct,0.0208346422298,0.0208346422298,1,1.0
151,5,6,Direct,19.930183628246127,19.930183628246127,1,1.0
151,5,9,Direct,0.027482859932904526,0.027482859932904526,1,1.0
151,5,12,Direct,1.4005055258076557,1.4005055258076557,1,1.0
151,6,7,Direct,0.0381434911453594,0.0381434911453594,1,1.0
151,6,14,Direct,10.89416498847897,10.89416498847897,1,1.0
151,7,8,Direct,0.01387694385180117,0.01387694385180117,1,1.0
151,7,10,Direct,0.03134284259934404,0.03134284259934404,1,1.0
151,7,12,Direct,6.809137757378463,6.809137757378463,1,1.0
151,8,9,Direct,0.0690058742307937,0.0690058742307937,1,1.0
151,9,4,Direct,0.03992387728963884,0.03992387728963884,1,1.0
151,9,7,Direct,0.07786904404171743,0.07786904404171743,1,1.0
151,11,0,Direct,9.421913582338698,9.421913582338698,1,1.0
151,11,13,Direct,3.8867075493500414,3.8867075493500414,1,1.0
151,12,3,Direct,0.011325228222675503,0.011325228222675503,1,1.0
151,12,5,Direct,5.30020007240859,5.30020007240859,1,1.0
151,12,15,Direct,6.9600915283705955,6.9600915283705955,1,1.0
151,13,5,ViaRelay,102.29330179438719,102.29330179438719,1,1.0
151,13,15,Direct,0.2990371028507356,0.2990371028507356,1,1.0
151,14,7,ViaRelay,0.5806484670666398,0.5806484670666398,1,1.0
151,15,6,Direct,0.02732411141205275,0.02732411141205275,1,1.0
151,15,7,Direct,2.829360608189905,2.829360608189905,1,1.0
151,16,5,Direct,13.660906002720562,13.660906002720562,1,1.0
151,17,7,ViaRelay,4.162130297864867,4.162130297864867,1,1.0
151,18,14,Direct,0.06157301760875671,0.06157301760875671,1,1.0
151,18,15,Direct,21.722942658071045,21.722942658071045,1,1.0
151,19,14,Direct,0.16450100778770296,0.16450100778770296,1,1.0
151,20,6,Direct,0.20974398807500977,0.20974398807500977,1,1.0
151,20,12,Direct,0.11931728440418743,0.11931728440418743,1,1.0
151,20,13,Direct,0.051589615692035025,0.051589615692035025,1,1.0
151,22,3,Direct,6.067249575443975,6.067249575443975,1,1.0
151,22,13,Direct,14.130701713632618,14.130701713632618,1,1.0
151,23,3,Direct,2.075200146149748,2.075200146149748,1,1.0
151,23,13,Direct,0.01861741681721389,0.01861741681721389,1,1.0
152,0,5,Direct,17.858847611606855,17.858847611606855,1,1.0
152,2,7,Direct,84.3875674205927,84.3875674205927,1,1.0
152,2,10,Direct,0.08730663120778953,0.08730663120778953,1,1.0
152,2,12,ViaRelay,7.172714767187495,7.172714767187495,1,1.0
152,4,10,Direct,0.12148107550111745,0.12148107550111745,1,1.0
152,5,9,Direct,0.02501737521364433,0.02501737521364433,1,1.0
152,6,3,Direct,44.5768186023135,44.5768186023135,1,1.0
152,6,9,Direct,0.18313203842196865,0.18313203842196865,1,1.0
152,6,14,Direct,2.895781538958757,2.895781538958757,1,1.0
152,7,6,Direct,0.036915327899276075,0.036915327899276075,1,1.0
152,7,14,Direct,4.1665456311631965,4.1665456311631965,1,1.0
152,8,11,Direct,0.0628008612049746,0.0628008612049746,1,1.0
152,10,10,ViaRelay,167.36982956827305,167.36982956827305,1,1.0
152,10,12,Direct,8.451068441187543,8.451068441187543,1,1.0
152,10,14,ViaRelay,17.940404040012805,17.940404040012805,1,1.0
152,11,3,Direct,8.496891860259556,8.496891860259556,1,1.0
152,11,9,Direct,0.006381984370411774,0.006381984370411774,1,1.0
152,11,15,Direct,24.677815262257987,24.677815262257987,1,1.0
152,12,0,Direct,0.149515269848536,0.149515269848536,1,1.0
152,12,10,Direct,103.43923278918435,103.43923278918435,1,1.0
152,13,6,Direct,0.016852049976851382,0.016852049976851382,1,1.0
152,13,9,Direct,0.37123250941006747,0.37123250941006747,1,1.0
152,13,10,Direct,0.06696987054738392,0.06696987054738392,1,1.0
152,13,12,ViaRelay,88.21252522360247,88.21252522360247,1,1.0
152,15,3,Direct,0.009895098975646182,0.009895098975646182,1,1.0
152,15,14,Direct,0.07799581751337757,0.07799581751337757,1,1.0
152,16,3,Direct,0.012881400060569806,0.012881400060569806,1,1.0
152,16,14,Direct,43.186260485173335,43.186260485173335,1,1.0
152,17,1,Direct,0.0573034990328556,0.0573034990328556,1,1.0
152,17,6,Direct,1.4790721583256312,1.4790721583256312,1,1.0
152,18,3,Direct,0.011912105419848149,0.011912105419848149,1,1.0
152,19,3,Direct,0.008679940897617288,0.008679940897617288,1,1.0
152,19,14,Direct,0.02878275410390521,0.02878275410390521,1,1.0
152,20,3,Direct,0.016787749689729386,0.016787749689729386,1,1.0
152,20,6,Direct,0.015295823157402041,0.015295823157402041,1,1.0
152,20,11,Direct,52.02271008579662,52.02271008579662,1,1.0
152,22,1,Direct,0.058605962699066434,0.058605962699066434,1,1.0
152,22,7,Direct,30.28168685074622,30.28168685074622,1,1.0
152,22,9,Direct,0.023855198329425998,0.023855198329425998,1,1.0
152,22,12,Direct,256.0,256.0,1,1.0
152,23,1,Direct,8.325827138496303,8.325827138496303,1,1.0
152,23,6,Direct,0.012611137231744679,0.012611137231744679,1,1.0
153,0,13,Direct,0.06955773845029867,0.06955773845029867,1,1.0
153,2,13,Direct,10.831403188393956,10.831403188393956,1,1.0
153,3,2,Direct,1.8033597608545646,1.8033597608545646,1,1.0
153,4,1,Direct,0.07044128622434816,0.07044128622434816,1,1.0
153,6,0,Direct,0.015697898341509364,0.015697898341509364,1,1.0
153,6,3,Direct,0.025212085044286174,0.025212085044286174,1,1.0
153,6,4,Direct,0.0245965882551013,0.0245965882551013,1,1.0
153,6,13,Direct,0.011739301637567512,0.011739301637567512,1,1.0
153,7,8,Direct,0.04844576792416354,0.04844576792416354,1,1.0
153,9,0,Direct,0.16343407476472743,0.16343407476472743,1,1.0
153,10,10,Direct,39.90576179118585,39.90576179118585,1,1.0
153,10,13,Direct,0.03245482885378022,0.03245482885378022,1,1.0
153,11,0,Direct,8.363075464310652,8.363075464310652,1,1.0
153,11,12,Direct,256.0,256.0,1,1.0
153,12,4,Direct,4.465110911807464,4.465110911807464,1,1.0
153,13,4,Direct,0.29681984400826666,0.29681984400826666,1,1.0
153,14,12,Direct,192.28868718307123,192.28868718307123,1,1.0
153,16,1,Direct,0.03361904005597023,0.03361904005597023,1,1.0
153,18,10,Direct,41.81159908496305,41.81159908496305,1,1.0
153,19,2,Direct,0.11892408106209103,0.11892408106209103,1,1.0
153,22,3,Direct,0.05994536143626963,0.05994536143626963,1,1.0
154,0,3,Direct,0.023569787945871737,0.023569787945871737,1,1.0
154,0,14,Direct,0.88780405510889,0.88780405510889,1,1.0
154,1,1,Direct,0.0335490273184242,0.0335490273184242,1,1.0
154,1,3,Direct,0.025970414257140563,0.025970414257140563,1,1.0
154,1,5,Direct,0.02803691627497536,0.02803691627497536,1,1.0
154,2,5,Direct,0.0863225337227533,0.0863225337227533,1,1.0
154,2,7,Direct,1.027495427930146,1.027495427930146,1,1.0
154,2,14,Direct,0.02117066738379883,0.02117066738379883,1,1.0
154,3,2,Direct,0.024066274299212716,0.024066274299212716,1,1.0
154,3,6,Direct,28.03987543717921,28.03987543717921,1,1.0
154,3,14,Direct,0.02711882534346857,0.02711882534346857,1,1.0
154,4,2,Direct,0.028963984504793427,0.028963984504793427,1,1.0
154,4,3,Direct,0.011411989134607314,0.011411989134607314,1,1.0
154,4,7,Direct,0.6421261387223526,0.6421261387223526,1,1.0
154,4,9,Direct,9.370460093150866,9.370460093150866,1,1.0
154,5,6,Direct,0.024875585675193396,0.024875585675193396,1,1.0
154,5,15,Direct,0.03319923552688142,0.03319923552688142,1,1.0
154,6,6,Direct,0.29536955442010815,0.29536955442010815,1,1.0
154,6,9,Direct,0.011549903809202214,0.011549903809202214,1,1.0
154,6,12,Direct,256.0,256.0,1,1.0
154,6,14,Direct,154.92471264222414,154.92471264222414,1,1.0
154,7,14,Direct,0.03484206409106086,0.03484206409106086,1,1.0
154,7,15,Direct,0.8758003524070219,0.8758003524070219,1,1.0
154,8,0,Direct,0.12992519971173255,0.12992519971173255,1,1.0
154,8,2,Direct,11.787474027540206,11.787474027540206,1,1.0
154,8,7,Direct,0.012725962134071437,0.012725962134071437,1,1.0
154,8,12,Direct,256.0,256.0,1,1.0
154,9,0,Direct,0.00922641840796907,0.00922641840796907,1,1.0
154,9,5,Direct,0.28536181114206405,0.28536181114206405,1,1.0
154,10,1,Direct,5.847809987282206,5.847809987282206,1,1.0
154,10,12,Direct,0.22413914198630985,0.22413914198630985,1,1.0
154,10,15,Direct,0.14780302807975626,0.14780302807975626,1,1.0
154,11,12,Direct,256.0,256.0,1,1.0
154,11,13,Direct,0.011521991205147786,0.011521991205147786,1,1.0
154,12,13,Direct,0.011845612934727601,0.011845612934727601,1,1.0
154,13,3,Direct,0.03122710685807594,0.03122710685807594,1,1.0
154,14,4,Direct,0.46088372048709075,0.46088372048709075,1,1.0
154,14,5,Direct,0.049152175277736465,0.049152175277736465,1,1.0
154,15,5,Direct,0.1886318209587474,0.1886318209587474,1,1.0
154,15,6,Direct,69.92754144704617,69.92754144704617,1,1.0
154,17,14,Direct,0.050922981193148656,0.050922981193148656,1,1.0
154,18,7,Direct,10.543804332109087,10.543804332109087,1,1.0
154,19,4,Direct,77.8722933391818,77.8722933391818,1,1.0
154,19,9,Direct,0.17685210321102893,0.17685210321102893,1,1.0
154,19,10,Direct,82.55960669779678,82.55960669779678,1,1.0
154,20,5,Direct,0.02530415787840846,0.02530415787840846,1,1.0
154,20,9,Direct,0.010167882520685975,0.010167882520685975,1,1.0
154,21,9,Direct,0.04994764005925865,0.04994764005925865,1,1.0
154,22,6,Direct,0.020844976757443692,0.020844976757443692,1,1.0
154,22,8,Direct,0.124628884013776,0.124628884013776,1,1.0
154,23,1,Direct,0.022171183757505725,0.022171183757505725,1,1.0
154,23,7,Direct,0.07925539478690376,0.07925539478690376,1,1.0
155,2,11,Direct,256.0,256.0,1,1.0
155,3,10,Direct,36.81943238844918,36.81943238844918,1,1.0
155,3,13,Direct,3.175871313909661,3.175871313909661,1,1.0
155,4,11,Direct,256.0,256.0,1,1.0
155,4,13,Direct,0.04724234960773614,0.04724234960773614,1,1.0
155,6,14,Direct,0.016475910848959184,0.016475910848959184,1,1.0
155,9,10,Direct,0.051430208035431156,0.051430208035431156,1,1.0
155,9,14,Direct,0.061360780698126,0.061360780698126,1,1.0
155,9,15,Direct,38.2173477956992,38.2173477956992,1,1.0
155,10,8,Direct,0.3374665004760079,0.3374665004760079,1,1.0
155,10,10,Direct,47.20632177778219,47.20632177778219,1,1.0
155,10,14,Direct,0.7923116532896229,0.7923116532896229,1,1.0
155,12,14,Direct,0.021437833888374943,0.021437833888374943,1,1.0
155,14,10,Direct,24.354600880191686,24.354600880191686,1,1.0
155,15,13,Direct,0.4591388304809962,0.4591388304809962,1,1.0
155,17,10,Direct,3.4297136272763526,3.4297136272763526,1,1.0
155,17,13,Direct,0.009753357558830947,0.009753357558830947,1,1.0
155,18,8,Direct,0.01902287489526898,0.01902287489526898,1,1.0
155,19,13,Direct,0.01838745188911307,0.01838745188911307,1,1.0
155,21,8,Direct,0.0299931153293886,0.0299931153293886,1,1.0
155,22,13,Direct,0.1171211132149427,0.1171211132149427,1,1.0
155,23,14,Direct,0.02018285300105254,0.02018285300105254,1,1.0
156,1,3,Direct,0.02340676827500761,0.02340676827500761,1,1.0
156,1,7,Direct,0.07099241736867766,0.07099241736867766,1,1.0
156,1,9,Direct,5.672788093344218,5.672788093344218,1,1.0
156,1,12,Direct,0.22101480026306414,0.22101480026306414,1,1.0
156,2,3,Direct,0.13352833991338345,0.13352833991338345,1,1.0
156,3,0,Direct,0.012042342122645088,0.012042342122645088,1,1.0
156,3,12,Direct,2.738054029177582,2.738054029177582,1,1.0
156,4,5,Direct,12.469316479565048,12.469316479565048,1,1.0
156,4,6,Direct,0.018933367151253426,0.018933367151253426,1,1.0
156,5,1,Direct,0.01153295550493033,0.01153295550493033,1,1.0
156,5,6,Direct,0.016483581472376132,0.016483581472376132,1,1.0
156,7,8,Direct,18.251464843411053,18.251464843411053,1,1.0
156,7,9,Direct,4.657618909427484,4.657618909427484,1,1.0
156,8,10,Direct,46.0730376854855,46.0730376854855,1,1.0
156,9,0,Direct,0.015524164984095357,0.015524164984095357,1,1.0
156,9,6,Direct,0.034836255391947346,0.034836255391947346,1,1.0
156,9,12,Direct,10.48490323866714,10.48490323866714,1,1.0
156,9,14,Direct,21.701166718522682,21.701166718522682,1,1.0
156,10,6,Direct,24.820994363167994,24.820994363167994,1,1.0
156,11,9,Direct,5.105745131097314,5.105745131097314,1,1.0
156,11,12,Direct,256.0,256.0,1,1.0
156,12,6,Direct,0.08607099693680731,0.08607099693680731,1,1.0
156,12,9,Direct,0.01879088046427061,0.01879088046427061,1,1.0
156,13,15,Direct,18.403917349101263,18.403917349101263,1,1.0
156,14,1,Direct,0.03340009182329725,0.03340009182329725,1,1.0
156,14,5,Direct,34.46010611748571,34.46010611748571,1,1.0
156,14,12,Direct,0.11585060923206526,0.11585060923206526,1,1.0
156,16,10,Direct,0.5242900872669973,0.5242900872669973,1,1.0
156,16,15,Direct,3.7688434394187853,3.7688434394187853,1,1.0
156,17,1,Direct,5.9759640503364295,5.9759640503364295,1,1.0
156,17,5,Direct,20.831718382146743,20.831718382146743,1,1.0
156,17,10,Direct,138.44399420787423,138.44399420787423,1,1.0
156,19,9,Direct,0.027939555032014507,0.027939555032014507,1,1.0
156,19,10,Direct,0.02850644542319317,0.02850644542319317,1,1.0
156,19,15,Direct,0.013954069032104699,0.013954069032104699,1,1.0
156,20,0,Direct,0.14539445353455493,0.14539445353455493,1,1.0
156,20,5,Direct,0.03996583450085218,0.03996583450085218,1,1.0
156,20,7,Direct,0.9133982685596191,0.9133982685596191,1,1.0
156,21,15,Direct,15.631121123631713,15.631121123631713,1,1.0
156,22,6,Direct,41.38300901273802,41.38300901273802,1,1.0
156,22,10,Direct,18.089813279638282,18.089813279638282,1,1.0
156,22,15,Direct,4.617711267283397,4.617711267283397,1,1.0
156,23,7,Direct,0.0437275693590658,0.0437275693590658,1,1.0
157,0,1,Direct,0.014612436427355664,0.014612436427355664,1,1.0
157,1,4,Direct,0.05675663575346207,0.05675663575346207,1,1.0
157,2,1,Direct,0.021702239460667412,0.021702239460667412,1,1.0
157,2,4,Direct,84.69868342926318,84.69868342926318,1,1.0
157,2,7,Direct,2.229700799845894,2.229700799845894,1,1.0
157,2,9,Direct,4.254630656857335,4.254630656857335,1,1.0
157,2,14,Direct,5.902149856121986,5.902149856121986,1,1.0
157,3,4,Direct,0.07100080208067876,0.07100080208067876,1,1.0
157,3,9,Direct,0.08270090428361654,0.08270090428361654,1,1.0
157,5,14,Direct,0.508243169326881,0.508243169326881,1,1.0
157,6,4,Direct,133.4716150173349,133.4716150173349,1,1.0
157,6,9,Direct,0.058342678943837066,0.058342678943837066,1,1.0
157,7,0,Direct,0.022229108133385876,0.022229108133385876,1,1.0
157,8,8,Direct,0.02377730267356389,0.02377730267356389,1,1.0
157,9,4,Direct,10.537997141761643,10.537997141761643,1,1.0
157,9,7,Direct,26.452129627422188,26.452129627422188,1,1.0
157,9,12,Direct,0.0987103139734246,0.0987103139734246,1,1.0
157,10,5,Direct,0.032538748932704406,0.032538748932704406,1,1.0
157,10,9,Direct,7.485500933585627,7.485500933585627,1,1.0
157,11,14,Direct,0.12417172902609358,0.12417172902609358,1,1.0
157,11,15,Direct,1.6184549182769057,1.6184549182769057,1,1.0
157,12,8,Direct,2.0345662898772416,2.0345662898772416,1,1.0
157,13,7,Direct,18.126923238067043,18.126923238067043,1,1.0
157,13,9,Direct,1.367888420648102,1.367888420648102,1,1.0
157,13,14,Direct,0.5661924268438164,0.5661924268438164,1,1.0
157,14,4,Direct,0.08184628886408905,0.08184628886408905,1,1.0
157,14,7,Direct,1.844684558458774,1.844684558458774,1,1.0
157,14,14,Direct,0.049314395881469034,0.049314395881469034,1,1.0
157,15,4,Direct,0.0654739486630317,0.0654739486630317,1,1.0
157,15,12,Direct,0.21343558487273467,0.21343558487273467,1,1.0
157,15,14,Direct,0.37846310818604606,0.37846310818604606,1,1.0
157,16,4,Direct,34.2822516522768,34.2822516522768,1,1.0
157,16,5,Direct,0.09175407904514515,0.09175407904514515,1,1.0
157,16,7,Direct,0.046467126644972996,0.046467126644972996,1,1.0
157,16,8,Direct,34.00857898583285,34.00857898583285,1,1.0
157,16,12,Direct,47.19101334618988,47.19101334618988,1,1.0
157,17,4,Direct,256.0,256.0,1,1.0
157,18,4,Direct,55.852927703683115,55.852927703683115,1,1.0
157,20,14,Direct,0.201706971289853,0.201706971289853,1,1.0
157,20,15,Direct,0.021619685857465033,0.021619685857465033,1,1.0
157,22,7,Direct,0.016988620261872853,0.016988620261872853,1,1.0
157,23,4,Direct,48.33927049259617,48.33927049259617,1,1.0
157,23,5,Direct,5.127271000269182,5.127271000269182,1,1.0
157,23,15,Direct,6.594541445741164,6.594541445741164,1,1.0
158,0,11,Direct,0.03921253185218162,0.03921253185218162,1,1.0
158,1,0,Direct,2.5524048557940326,2.5524048557940326,1,1.0
158,1,6,Direct,0.00849677969178484,0.00849677969178484,1,1.0
158,1,12,Direct,0.21018617609003099,0.21018617609003099,1,1.0
158,2,7,Direct,0.02975053026830625,0.02975053026830625,1,1.0
158,3,4,Direct,41.571751330267915,41.571751330267915,1,1.0
158,4,4,Direct,163.66562180434298,163.66562180434298,1,1.0
158,4,9,Direct,5.96700798556327,5.96700798556327,1,1.0
158,4,11,Direct,11.305153348985568,11.305153348985568,1,1.0
158,4,15,Direct,30.648952712934125,30.648952712934125,1,1.0
158,5,4,Direct,0.0969677015716743,0.0969677015716743,1,1.0
158,5,8,Direct,0.06957120088975026,0.06957120088975026,1,1.0
158,7,3,Direct,6.169378498875325,6.169378498875325,1,1.0
158,8,0,Direct,0.0595875053978979,0.0595875053978979,1,1.0
158,8,7,Direct,0.07144781811017707,0.07144781811017707,1,1.0
158,8,10,ViaRelay,6.189410174386557,6.189410174386557,1,1.0
158,9,0,Direct,0.9818418450874626,0.9818418450874626,1,1.0
158,9,5,Direct,23.393553257534958,23.393553257534958,1,1.0
158,9,11,Direct,0.10482963966072739,0.10482963966072739,1,1.0
158,10,5,Direct,11.756407098825912,11.756407098825912,1,1.0
158,10,13,Direct,1.3580857150341483,1.3580857150341483,1,1.0
158,10,14,Direct,0.5114763701249051,0.5114763701249051,1,1.0
158,10,15,Direct,8.452593356708924,8.452593356708924,1,1.0
158,11,4,Direct,0.11179970442805703,0.11179970442805703,1,1.0
158,11,6,Direct,2.66695838152143,2.66695838152143,1,1.0
158,11,9,Direct,0.3639312151446824,0.3639312151446824,1,1.0
158,11,10,Direct,0.02156735878814662,0.02156735878814662,1,1.0
158,12,13,Direct,16.154326971554514,16.154326971554514,1,1.0
158,13,7,Direct,3.9389383428972318,3.9389383428972318,1,1.0
158,13,10,Direct,0.11147707046856173,0.11147707046856173,1,1.0
158,13,11,Direct,38.39948515859602,38.39948515859602,1,1.0
158,14,10,Direct,0.034919626936968255,0.034919626936968255,1,1.0
158,14,12,Direct,1.7294980819187404,1.7294980819187404,1,1.0
158,15,4,Direct,0.2666526244750307,0.2666526244750307,1,1.0
158,15,7,Direct,1.7427072516115258,1.7427072516115258,1,1.0
158,15,8,Direct,17.718878489165043,17.718878489165043,1,1.0
158,15,9,Direct,2.8575860612238575,2.8575860612238575,1,1.0
158,15,15,Direct,13.9106018374078,13.9106018374078,1,1.0
158,16,1,Direct,17.40488563594557,17.40488563594557,1,1.0
158,16,3,Direct,0.03484025410424875,0.03484025410424875,1,1.0
158,16,14,Direct,45.24996829971548,45.24996829971548,1,1.0
158,16,15,Direct,8.866825253811621,8.866825253811621,1,1.0
158,17,7,Direct,23.772700162997328,23.772700162997328,1,1.0
158,18,0,Direct,5.051044332335479,5.051044332335479,1,1.0
158,18,8,Direct,42.29388292914052,42.29388292914052,1,1.0
158,19,11,Direct,0.17962484186410516,0.17962484186410516,1,1.0
158,20,3,Direct,3.6040234793690473,3.6040234793690473,1,1.0
158,20,5,Direct,0.10047178180680477,0.10047178180680477,1,1.0
158,20,12,Direct,13.74600317013625,13.74600317013625,1,1.0
158,20,13,Direct,5.137300952707166,5.137300952707166,1,1.0
158,21,1,Direct,7.34950086707798,7.34950086707798,1,1.0
158,21,6,Direct,0.014638707000815392,0.014638707000815392,1,1.0
158,21,11,Direct,256.0,256.0,1,1.0
158,22,4,Direct,105.38066349878713,105.38066349878713,1,1.0
158,22,6,Direct,0.19728964412433778,0.19728964412433778,1,1.0
158,23,4,Direct,256.0,256.0,1,1.0
159,0,10,Direct,0.7079382004079233,0.7079382004079233,1,1.0
159,0,11,Direct,90.89756301150102,90.89756301150102,1,1.0
159,0,15,Direct,19.723121129266456,19.723121129266456,1,1.0
159,1,4,Direct,107.85360458564932,107.85360458564932,1,1.0
159,1,12,ViaRelay,85.42041327693316,85.42041327693316,1,1.0
159,1,15,Direct,7.918531009052543,7.918531009052543,1,1.0
159,2,1,Direct,0.033102197140709624,0.033102197140709624,1,1.0
159,2,4,Direct,85.43935263651964,85.43935263651964,1,1.0
159,2,10,Direct,0.024029396099790545,0.024029396099790545,1,1.0
159,2,11,Direct,29.65812500976137,29.65812500976137,1,1.0
159,2,12,ViaRelay,55.518525768856236,55.518525768856236,1,1.0
159,4,6,Direct,3.330680236769761,3.330680236769761,1,1.0
159,5,5,Direct,0.21962582513384618,0.21962582513384618,1,1.0
159,5,10,Direct,10.775266536347136,10.775266536347136,1,1.0
159,6,4,Direct,12.582219263887712,12.582219263887712,1,1.0
159,6,10,Direct,256.0,256.0,1,1.0
159,6,11,Direct,34.828835280632624,34.828835280632624,1,1.0
159,7,1,Direct,0.027101266006947834,0.027101266006947834,1,1.0
159,7,15,Direct,0.263667361768179,0.263667361768179,1,1.0
159,8,4,Direct,0.06777092745039331,0.06777092745039331,1,1.0
159,8,5,Direct,88.2945717756092,88.2945717756092,1,1.0
159,8,15,Direct,0.03663994152452528,0.03663994152452528,1,1.0
159,9,4,Direct,15.693806321420562,15.693806321420562,1,1.0
159,9,7,Direct,0.15545486646076923,0.15545486646076923,1,1.0
159,9,15,Direct,0.011910970742270937,0.011910970742270937,1,1.0
159,10,6,Direct,0.2503408239922161,0.2503408239922161,1,1.0
159,11,7,Direct,0.038766545058067294,0.038766545058067294,1,1.0
159,11,12,Direct,8.079664503964773,8.079664503964773,1,1.0
159,12,5,Direct,0.0423215108469282,0.0423215108469282,1,1.0
159,13,1,Direct,13.15296898569061,13.15296898569061,1,1.0
159,13,6,Direct,0.016558835717408276,0.016558835717408276,1,1.0
159,16,1,Direct,6.080553844010258,6.080553844010258,1,1.0
159,16,7,Direct,9.712731716394153,9.712731716394153,1,1.0
159,16,11,Direct,14.715924895416963,14.715924895416963,1,1.0
159,17,4,Direct,63.51935629632904,63.51935629632904,1,1.0
159,17,6,Direct,0.7346446658923629,0.7346446658923629,1,1.0
159,17,11,Direct,51.02272037632341,51.02272037632341,1,1.0
159,18,11,Direct,1.315089839801927,1.315089839801927,1,1.0
159,18,13,Direct,0.08219307349618231,0.08219307349618231,1,1.0
159,19,4,Direct,0.029499346973247065,0.029499346973247065,1,1.0
159,19,5,Direct,0.019765533512745247,0.019765533512745247,1,1.0
159,19,10,Direct,48.486600988037644,48.486600988037644,1,1.0
159,20,4,Direct,58.28842690958252,58.28842690958252,1,1.0
159,20,7,Direct,1.0798107753690607,1.0798107753690607,1,1.0
159,20,11,Direct,0.057529427625943576,0.057529427625943576,1,1.0
159,21,4,ViaRelay,153.83773578459207,153.83773578459207,1,1.0
159,22,4,ViaRelay,180.76001480522416,180.76001480522416,1,1.0
159,22,7,Direct,13.986281406891623,13.986281406891623,1,1.0
159,23,1,Direct,0.18405891133837235,0.18405891133837235,1,1.0
159,23,10,Direct,8.349574397289738,8.349574397289738,1,1.0
159,23,11,Direct,256.0,256.0,1,1.0
160,1,5,Direct,4.3074643794545295,4.3074643794545295,1,1.0
160,1,6,Direct,0.39563416064583534,0.39563416064583534,1,1.0
160,1,9,Direct,1.3200364295086269,1.3200364295086269,1,1.0
160,2,4,Direct,0.07625866852290887,0.07625866852290887,1,1.0
160,2,5,Direct,0.03305670773647649,0.03305670773647649,1,1.0
160,2,7,Direct,1.0517772993711654,1.0517772993711654,1,1.0
160,3,6,Direct,20.959412862414744,20.959412862414744,1,1.0
160,3,9,Direct,2.021573124921152,2.021573124921152,1,1.0
160,4,6,Direct,3.925636585767774,3.925636585767774,1,1.0
160,4,9,Direct,8.660932671271212,8.660932671271212,1,1.0
160,5,4,Direct,27.66532538058847,27.66532538058847,1,1.0
160,5,6,Direct,3.0657547348935115,3.0657547348935115,1,1.0
160,5,7,Direct,16.663243531656963,16.663243531656963,1,1.0
160,5,11,Direct,0.046076771488170465,0.046076771488170465,1,1.0
160,6,10,Direct,0.07355145362908168,0.07355145362908168,1,1.0
160,6,11,Direct,256.0,256.0,1,1.0
160,7,1,Direct,1.0609605373015478,1.0609605373015478,1,1.0
160,7,4,Direct,1.5499298559765513,1.5499298559765513,1,1.0
160,7,6,Direct,0.6287762925684092,0.6287762925684092,1,1.0
160,7,7,Direct,0.2501131430390473,0.2501131430390473,1,1.0
160,7,11,Direct,1.251487576575393,1.251487576575393,1,1.0
160,8,7,Direct,0.10183323457440994,0.10183323457440994,1,1.0
160,9,9,Direct,0.043821463862626184,0.043821463862626184,1,1.0
160,9,12,Direct,0.31593690123128493,0.31593690123128493,1,1.0
160,10,1,Direct,0.14364259260677908,0.14364259260677908,1,1.0
160,10,12,Direct,2.5609547173145026,2.5609547173145026,1,1.0
160,11,5,Direct,17.07392181510821,17.07392181510821,1,1.0
160,11,6,Direct,0.08110854498533067,0.08110854498533067,1,1.0
160,11,9,Direct,0.043158996727902896,0.043158996727902896,1,1.0
160,12,10,Direct,151.11918347465365,151.11918347465365,1,1.0
160,12,11,Direct,0.14618584830094877,0.14618584830094877,1,1.0
160,13,2,Direct,0.01635328005993601,0.01635328005993601,1,1.0
160,13,8,Direct,58.138636705781366,58.138636705781366,1,1.0
160,14,3,Direct,0.013881300813827392,0.013881300813827392,1,1.0
160,14,9,Direct,0.009652005181843936,0.009652005181843936,1,1.0
160,15,2,Direct,0.02711516480301075,0.02711516480301075,1,1.0
160,15,4,Direct,0.038881030251099104,0.038881030251099104,1,1.0
160,15,6,Direct,0.011253053249253811,0.011253053249253811,1,1.0
160,16,6,Direct,0.10875012937285916,0.10875012937285916,1,1.0
160,17,4,Direct,4.424849965069984,4.424849965069984,1,1.0
160,17,8,Direct,0.015579751591005206,0.015579751591005206,1,1.0
160,17,10,Direct,6.987857252008379,6.987857252008379,1,1.0
160,19,3,Direct,4.179035582175277,4.179035582175277,1,1.0
160,19,7,Direct,0.07859110609824208,0.07859110609824208,1,1.0
160,19,8,Direct,2.8561054488865807,2.8561054488865807,1,1.0
160,19,9,Direct,0.1250718689512652,0.1250718689512652,1,1.0
160,19,12,Direct,256.0,256.0,1,1.0
160,20,5,Direct,0.11075769084184839,0.11075769084184839,1,1.0
160,20,8,Direct,0.02734452497050862,0.02734452497050862,1,1.0
160,21,12,Direct,256.0,256.0,1,1.0
160,22,5,Direct,0.06874750198544906,0.06874750198544906,1,1.0
160,22,11,Direct,0.1812942572985917,0.1812942572985917,1,1.0
160,23,4,Direct,34.178226510598556,34.178226510598556,1,1.0
160,23,5,Direct,8.922863106860678,8.922863106860678,1,1.0
161,0,0,Direct,0.0385877416532723,0.0385877416532723,1,1.0
161,1,15,Direct,39.449160284737474,39.449160284737474,1,1.0
161,3,1,Direct,0.20763027018358607,0.20763027018358607,1,1.0
161,3,13,Direct,21.668473468259318,21.668473468259318,1,1.0
161,4,1,Direct,0.023623807065788857,0.023623807065788857,1,1.0
161,5,1,Direct,0.1469941687241679,0.1469941687241679,1,1.0
161,6,15,Direct,0.11977463052477706,0.11977463052477706,1,1.0
161,8,9,Direct,0.8240530605560809,0.8240530605560809,1,1.0
161,9,15,Direct,46.109472119418996,46.109472119418996,1,1.0
161,10,15,Direct,0.4286531010196266,0.4286531010196266,1,1.0
161,11,1,Direct,0.10775486561482057,0.10775486561482057,1,1.0
161,13,9,Direct,1.7632285493028663,1.7632285493028663,1,1.0
161,14,3,Direct,1.1824064724261127,1.1824064724261127,1,1.0
161,14,13,Direct,12.64141125568169,12.64141125568169,1,1.0
161,16,12,Direct,2.306851903250153,2.306851903250153,1,1.0
161,17,3,Direct,0.021834829676564187,0.021834829676564187,1,1.0
161,18,0,Direct,1.9871962849044105,1.9871962849044105,1,1.0
161,18,3,Direct,0.020735625979012427,0.020735625979012427,1,1.0
161,19,3,Direct,6.000052133741838,6.000052133741838,1,1.0
161,21,1,Direct,0.03192759909250369,0.03192759909250369,1,1.0
161,21,9,Direct,0.07620890479428116,0.07620890479428116,1,1.0
161,21,13,Direct,4.441513154164407,4.441513154164407,1,1.0
161,22,5,Direct,0.04303327552763216,0.04303327552763216,1,1.0
161,22,9,Direct,0.01502038050422724,0.01502038050422724,1,1.0
161,22,12,Direct,0.04181265585331103,0.04181265585331103,1,1.0
162,0,0,Direct,0.044320128503989156,0.044320128503989156,1,1.0
162,0,1,Direct,82.16006941240757,82.16006941240757,1,1.0
162,0,5,Direct,0.06485826027674511,0.06485826027674511,1,1.0
162,0,13,Direct,0.037900288003195955,0.037900288003195955,1,1.0
162,1,14,Direct,13.433908012405023,13.433908012405023,1,1.0
162,2,1,Direct,0.03406598432154559,0.03406598432154559,1,1.0
162,3,13,Direct,0.15250112714523856,0.15250112714523856,1,1.0
162,3,14,Direct,12.346701264445652,12.346701264445652,1,1.0
162,6,13,Direct,0.7777313355073577,0.7777313355073577,1,1.0
162,10,0,Direct,5.459661392085185,5.459661392085185,1,1.0
162,10,13,Direct,0.9301224515415052,0.9301224515415052,1,1.0
162,11,0,Direct,0.009927579090624127,0.009927579090624127,1,1.0
162,13,4,Direct,6.633872376445542,6.633872376445542,1,1.0
162,15,0,Direct,0.01632298775956926,0.01632298775956926,1,1.0
162,20,0,Direct,6.416798242832644,6.416798242832644,1,1.0
162,20,8,Direct,0.05064559477838899,0.05064559477838899,1,1.0
162,22,0,Direct,0.03299667969971032,0.03299667969971032,1,1.0
162,22,8,Direct,0.5440710490228293,0.5440710490228293,1,1.0
162,23,1,Direct,0.023368597125714256,0.023368597125714256,1,1.0
163,0,15,Direct,34.94571989776822,34.94571989776822,1,1.0
163,1,13,Direct,0.028639556906803396,0.028639556906803396,1,1.0
163,2,10,Direct,5.489515543748025,5.489515543748025,1,1.0
163,3,4,Direct,0.576902641792691,0.576902641792691,1,1.0
163,3,9,Direct,0.00840599016647063,0.00840599016647063,1,1.0
163,4,13,Direct,0.16185545590676642,0.16185545590676642,1,1.0
163,5,4,Direct,8.483029602265258,8.483029602265258,1,1.0
163,6,5,Direct,1.1087876590452368,1.1087876590452368,1,1.0
163,6,9,Direct,2.106124728191276,2.106124728191276,1,1.0
163,7,2,Direct,3.5969802091809817,3.5969802091809817,1,1.0
163,10,3,Direct,8.154818276819908,8.154818276819908,1,1.0
163,11,2,Direct,0.031029598939800212,0.031029598939800212,1,1.0
163,12,2,Direct,0.06890711336632421,0.06890711336632421,1,1.0
163,14,0,Direct,4.220590600471427,4.220590600471427,1,1.0
163,14,10,Direct,0.263594364607254,0.263594364607254,1,1.0
163,15,3,Direct,0.02757369858728922,0.02757369858728922,1,1.0
163,15,9,Direct,1.7385459682132913,1.7385459682132913,1,1.0
163,15,10,Direct,0.3120540594656645,0.3120540594656645,1,1.0
163,15,15,Direct,0.33930702452869876,0.33930702452869876,1,1.0
163,16,2,Direct,0.01827822053589037,0.01827822053589037,1,1.0
163,17,0,Direct,0.021133312503141606,0.021133312503141606,1,1.0
163,17,3,Direct,0.02855594607082715,0.02855594607082715,1,1.0
163,17,13,Direct,6.992378829081094,6.992378829081094,1,1.0
163,19,9,Direct,0.12024337771012751,0.12024337771012751,1,1.0
163,20,2,Direct,0.043475894717053626,0.043475894717053626,1,1.0
163,20,9,Direct,0.008409586344967438,0.008409586344967438,1,1.0
163,20,10,Direct,0.044289702607616645,0.044289702607616645,1,1.0
163,21,10,Direct,0.9722941368098292,0.9722941368098292,1,1.0
163,22,3,Direct,2.8126602719439,2.8126602719439,1,1.0
163,22,5,Direct,5.501838662536567,5.501838662536567,1,1.0
163,22,15,Direct,0.031528998622666476,0.031528998622666476,1,1.0
163,23,2,Direct,2.400812694074238,2.400812694074238,1,1.0
163,23,10,Direct,0.05145024237220778,0.05145024237220778,1,1.0
164,0,4,Direct,0.057463197098287754,0.057463197098287754,1,1.0
164,0,14,Direct,0.03397900680891322,0.03397900680891322,1,1.0
164,2,10,Direct,253.48755032200543,253.48755032200543,1,1.0
164,2,15,Direct,0.015289094846536084,0.015289094846536084,1,1.0
164,3,2,Direct,6.193578890529296,6.193578890529296,1,1.0
164,3,4,Direct,0.1355201513215365,0.1355201513215365,1,1.0
164,3,9,Direct,0.18452022729990286,0.18452022729990286,1,1.0
164,3,14,Direct,27.74961703275068,27.74961703275068,1,1.0
164,5,9,Direct,0.013111472011151513,0.013111472011151513,1,1.0
164,6,10,Direct,0.02545938519513289,0.02545938519513289,1,1.0
164,6,14,Direct,5.3118357856632406,5.3118357856632406,1,1.0
164,7,13,Direct,5.523704478953136,5.523704478953136,1,1.0
164,8,6,Direct,0.038702427069517445,0.038702427069517445,1,1.0
164,8,9,Direct,0.45440824724219897,0.45440824724219897,1,1.0
164,8,12,Direct,6.933349570230323,6.933349570230323,1,1.0
164,9,5,Direct,0.40666158229118293,0.40666158229118293,1,1.0
164,9,9,Direct,0.021072536520082417,0.021072536520082417,1,1.0
164,9,10,Direct,21.556821752484044,21.556821752484044,1,1.0
164,9,12,Direct,0.11157053794562592,0.11157053794562592,1,1.0
164,10,6,Direct,1.2528188128942164,1.2528188128942164,1,1.0
164,11,13,Direct,0.07635238415859939,0.07635238415859939,1,1.0
164,12,13,Direct,0.38406402311056115,0.38406402311056115,1,1.0
164,13,1,Direct,18.25030137342048,18.25030137342048,1,1.0
164,14,13,Direct,7.640099786803561,7.640099786803561,1,1.0
164,15,6,Direct,0.15942620022392157,0.15942620022392157,1,1.0
164,15,9,Direct,0.24022997272596205,0.24022997272596205,1,1.0
164,15,15,Direct,0.025250869748187115,0.025250869748187115,1,1.0
164,16,4,Direct,0.09006882807509713,0.09006882807509713,1,1.0
164,16,7,Direct,2.055434790483738,2.055434790483738,1,1.0
164,17,1,Direct,23.144524538455105,23.144524538455105,1,1.0
164,17,4,Direct,116.27983629282018,116.27983629282018,1,1.0
164,18,12,ViaRelay,61.7275023483582,61.7275023483582,1,1.0
164,19,5,Direct,0.0515931500234316,0.0515931500234316,1,1.0
164,19,6,Direct,0.09182472198840903,0.09182472198840903,1,1.0
164,20,14,Direct,53.252246033834616,53.252246033834616,1,1.0
164,21,15,Direct,0.013287778009280998,0.013287778009280998,1,1.0
164,22,14,Direct,0.04762023804940948,0.04762023804940948,1,1.0
164,23,2,Direct,0.04533139975830292,0.04533139975830292,1,1.0
164,23,5,Direct,0.44835186972689317,0.44835186972689317,1,1.0
164,23,6,Direct,0.05085977633164816,0.05085977633164816,1,1.0
164,23,7,Direct,0.837626086056805,0.837626086056805,1,1.0
164,23,12,Direct,256.0,256.0,1,1.0
165,0,8,Direct,0.018580004997626468,0.018580004997626468,1,1.0
165,1,1,Direct,4.30137716578907,4.30137716578907,1,1.0
165,1,10,Direct,0.04972012386143072,0.04972012386143072,1,1.0
165,1,14,Direct,0.014849655945752162,0.014849655945752162,1,1.0
165,3,2,Direct,0.01740209318971917,0.01740209318971917,1,1.0
165,4,10,Direct,0.09200599072006753,0.09200599072006753,1,1.0
165,5,15,Direct,0.04293778070675483,0.04293778070675483,1,1.0
165,6,7,Direct,13.49120949197383,13.49120949197383,1,1.0
165,6,10,Direct,12.056394946624284,12.056394946624284,1,1.0
165,8,14,Direct,0.04681458083736838,0.04681458083736838,1,1.0
165,9,1,Direct,0.02273850889059506,0.02273850889059506,1,1.0
165,9,5,Direct,0.03626544327012516,0.03626544327012516,1,1.0
165,10,13,Direct,0.01576576404310799,0.01576576404310799,1,1.0
165,12,14,Direct,0.2256711260531202,0.2256711260531202,1,1.0
165,13,10,Direct,0.04136561279966293,0.04136561279966293,1,1.0
165,14,10,Direct,0.021968334369618158,0.021968334369618158,1,1.0
165,16,1,Direct,0.043476560546493674,0.043476560546493674,1,1.0
165,16,2,Direct,0.023500441604942145,0.023500441604942145,1,1.0
165,16,7,Direct,0.48937060057210097,0.48937060057210097,1,1.0
165,16,14,Direct,54.346276935224665,54.346276935224665,1,1.0
165,17,4,Direct,0.21828847237464394,0.21828847237464394,1,1.0
165,18,14,Direct,0.30436397424078515,0.30436397424078515,1,1.0
165,19,8,Direct,0.04094787507478011,0.04094787507478011,1,1.0
165,20,1,Direct,0.03221411201366649,0.03221411201366649,1,1.0
165,21,4,Direct,0.11357696088934872,0.11357696088934872,1,1.0
165,21,10,Direct,0.031215439243487568,0.031215439243487568,1,1.0
165,21,15,Direct,0.02889031222026435,0.02889031222026435,1,1.0
165,23,2,Direct,0.05501544547515435,0.05501544547515435,1,1.0
165,23,4,Direct,0.05310329175621903,0.05310329175621903,1,1.0
166,0,15,Direct,6.83086811302041,6.83086811302041,1,1.0
166,1,8,Direct,0.07191689416725118,0.07191689416725118,1,1.0
166,3,1,Direct,0.021717712201931035,0.021717712201931035,1,1.0
166,3,2,Direct,14.390651622157373,14.390651622157373,1,1.0
166,3,6,Direct,0.018704951843338983,0.018704951843338983,1,1.0
166,4,6,Direct,42.86606345894911,42.86606345894911,1,1.0
166,4,8,Direct,0.9499007086052695,0.9499007086052695,1,1.0
166,4,15,Direct,4.852452409102499,4.852452409102499,1,1.0
166,5,4,Direct,14.22412973919647,14.22412973919647,1,1.0
166,5,11,Direct,10.397840085545743,10.397840085545743,1,1.0
166,5,14,Direct,0.17977012580417176,0.17977012580417176,1,1.0
166,6,3,Direct,2.5267653369166636,2.5267653369166636,1,1.0
166,6,6,Direct,8.706434325549534,8.706434325549534,1,1.0
166,8,3,Direct,0.009159479636722158,0.009159479636722158,1,1.0
166,8,4,Direct,1.1453516924803302,1.1453516924803302,1,1.0
166,8,5,Direct,2.160855807301258,2.160855807301258,1,1.0
166,8,14,Direct,0.02191488645819993,0.02191488645819993,1,1.0
166,8,15,Direct,2.245903580272532,2.245903580272532,1,1.0
166,9,11,Direct,0.20116262927750983,0.20116262927750983,1,1.0
166,9,12,Direct,0.34836906138942786,0.34836906138942786,1,1.0
166,9,14,Direct,8.962043328870973,8.962043328870973,1,1.0
166,10,11,Direct,0.28353926453836137,0.28353926453836137,1,1.0
166,11,8,Direct,0.48444182453360485,0.48444182453360485,1,1.0
166,12,13,Direct,3.38429236862313,3.38429236862313,1,1.0
166,13,1,Direct,0.09454125509716212,0.09454125509716212,1,1.0
166,13,5,Direct,0.07074013900791008,0.07074013900791008,1,1.0
166,14,6,Direct,23.414484634386564,23.414484634386564,1,1.0
166,14,8,Direct,0.009813263885758096,0.009813263885758096,1,1.0
166,14,14,Direct,0.04178875370767128,0.04178875370767128,1,1.0
166,15,2,Direct,0.018066221459999473,0.018066221459999473,1,1.0
166,15,4,Direct,0.08884280389778175,0.08884280389778175,1,1.0
166,15,13,Direct,0.13397880224338068,0.13397880224338068,1,1.0
166,15,15,Direct,3.0667633585092835,3.0667633585092835,1,1.0
166,16,6,Direct,9.12029103024738,9.12029103024738,1,1.0
166,16,11,Direct,7.988345658287549,7.988345658287549,1,1.0
166,16,13,Direct,0.012611473592453565,0.012611473592453565,1,1.0
166,16,14,Direct,57.00793052380879,57.00793052380879,1,1.0
166,17,1,Direct,0.04545419970264425,0.04545419970264425,1,1.0
166,17,11,Direct,15.139642789219367,15.139642789219367,1,1.0
166,17,15,Direct,0.02294224595805247,0.02294224595805247,1,1.0
166,18,1,Direct,1.7615277205897852,1.7615277205897852,1,1.0
166,18,2,Direct,33.14785344918036,33.14785344918036,1,1.0
166,18,3,Direct,1.1972684055556349,1.1972684055556349,1,1.0
166,18,5,Direct,0.10703886911042038,0.10703886911042038,1,1.0
166,19,2,Direct,3.45401970433004,3.45401970433004,1,1.0
166,19,4,Direct,1.099258649726001,1.099258649726001,1,1.0
166,20,8,Direct,0.43352545548383864,0.43352545548383864,1,1.0
166,22,2,Direct,46.63771393371483,46.63771393371483,1,1.0
166,22,5,Direct,65.12279969183844,65.12279969183844,1,1.0
166,22,14,Direct,7.968272034620859,7.968272034620859,1,1.0
166,23,2,Direct,0.014613036617405414,0.014613036617405414,1,1.0
166,23,3,Direct,0.44866176485860376,0.44866176485860376,1,1.0
167,1,5,Direct,0.016086167660814013,0.016086167660814013,1,1.0
167,1,6,Direct,0.013119809836406555,0.013119809836406555,1,1.0
167,1,11,Direct,0.08736055967451765,0.08736055967451765,1,1.0
167,1,12,Direct,0.3907389761672618,0.3907389761672618,1,1.0
167,1,13,Direct,1.5667286367009774,1.5667286367009774,1,1.0
167,2,0,Direct,0.9102974655694139,0.9102974655694139,1,1.0
167,2,13,Direct,1.1048106144834573,1.1048106144834573,1,1.0
167,2,14,Direct,0.059273724392526025,0.059273724392526025,1,1.0
167,4,14,Direct,0.034107897618931654,0.034107897618931654,1,1.0
167,4,15,Direct,1.3951084730923722,1.3951084730923722,1,1.0
167,5,1,Direct,0.21084021442533607,0.21084021442533607,1,1.0
167,7,1,Direct,1.9137806079151243,1.9137806079151243,1,1.0
167,8,0,Direct,0.027004750289638738,0.027004750289638738,1,1.0
167,8,5,Direct,0.02867206390420123,0.02867206390420123,1,1.0
167,8,10,Direct,0.03578631576791448,0.03578631576791448,1,1.0
167,10,2,Direct,0.018396669681963358,0.018396669681963358,1,1.0
167,10,6,Direct,0.1799885975339553,0.1799885975339553,1,1.0
167,11,5,Direct,10.871657231751488,10.871657231751488,1,1.0
167,11,12,Direct,8.356284202164597,8.356284202164597,1,1.0
167,11,15,Direct,7.044615779849574,7.044615779849574,1,1.0
167,12,7,Direct,0.18794243361761317,0.18794243361761317,1,1.0
167,12,12,Direct,0.2688531662264387,0.2688531662264387,1,1.0
167,12,13,Direct,0.07124148120835742,0.07124148120835742,1,1.0
167,13,1,Direct,7.728783128731358,7.728783128731358,1,1.0
167,13,7,Direct,0.08463543657468423,0.08463543657468423,1,1.0
167,14,6,Direct,0.05339284169808872,0.05339284169808872,1,1.0
167,14,7,Direct,0.15955606454087148,0.15955606454087148,1,1.0
167,15,5,Direct,38.600696714868796,38.600696714868796,1,1.0
167,15,10,Direct,0.02511768749682734,0.02511768749682734,1,1.0
167,15,13,Direct,0.35081399378720046,0.35081399378720046,1,1.0
167,16,5,Direct,18.128123729994282,18.128123729994282,1,1.0
167,16,10,Direct,0.04575610045904738,0.04575610045904738,1,1.0
167,17,10,Direct,5.90875047931895,5.90875047931895,1,1.0
167,18,5,Direct,5.221307262390251,5.221307262390251,1,1.0
167,19,0,Direct,3.068912565413576,3.068912565413576,1,1.0
167,20,3,Direct,0.1069550174068855,0.1069550174068855,1,1.0
167,20,15,Direct,1.2522037343254682,1.2522037343254682,1,1.0
167,22,6,Direct,0.12167432502377595,0.12167432502377595,1,1.0
167,22,12,Direct,178.06924222136985,178.06924222136985,1,1.0
167,22,13,Direct,0.013986803044361128,0.013986803044361128,1,1.0
167,23,9,Direct,2.240990116906567,2.240990116906567,1,1.0
167,23,14,Direct,0.4317325346563917,0.4317325346563917,1,1.0
168,1,2,Direct,12.98198849206471,12.98198849206471,1,1.0
168,1,4,Direct,22.281408329775044,22.281408329775044,1,1.0
168,1,11,Direct,0.053704786201944556,0.053704786201944556,1,1.0
168,2,4,Direct,212.98227066429345,212.98227066429345,1,1.0
168,2,6,Direct,0.04015905775295173,0.04015905775295173,1,1.0
168,3,9,Direct,0.011113156867690542,0.011113156867690542,1,1.0
168,4,12,Direct,256.0,256.0,1,1.0
168,4,15,Direct,0.012789161804322569,0.012789161804322569,1,1.0
168,5,2,Direct,7.7898753671399925,7.7898753671399925,1,1.0
168,5,11,Direct,1.886052681736979,1.886052681736979,1,1.0
168,6,11,Direct,0.0754809067846298,0.0754809067846298,1,1.0
168,7,0,Direct,0.04839632412354714,0.04839632412354714,1,1.0
168,8,4,Direct,0.04283673971832126,0.04283673971832126,1,1.0
168,8,8,Direct,0.09305229285815632,0.09305229285815632,1,1.0
168,8,12,Direct,7.505591375419644,7.505591375419644,1,1.0
168,8,13,Direct,1.5365959400939277,1.5365959400939277,1,1.0
168,10,1,Direct,30.14413101335204,30.14413101335204,1,1.0
168,10,2,Direct,5.631808862122353,5.631808862122353,1,1.0
168,10,13,Direct,7.621448216846199,7.621448216846199,1,1.0
168,11,0,Direct,0.02636814821617937,0.02636814821617937,1,1.0
168,11,9,Direct,13.567625897181737,13.567625897181737,1,1.0
168,11,11,Direct,0.2606793542942729,0.2606793542942729,1,1.0
168,12,0,Direct,5.748327076087533,5.748327076087533,1,1.0
168,12,2,Direct,0.37765228891076585,0.37765228891076585,1,1.0
168,12,15,Direct,0.1418341199063654,0.1418341199063654,1,1.0
168,14,1,Direct,0.1299774227453629,0.1299774227453629,1,1.0
168,14,13,Direct,0.008792677432701821,0.008792677432701821,1,1.0
168,15,1,Direct,0.01667856482856601,0.01667856482856601,1,1.0
168,15,2,Direct,2.4954612127309717,2.4954612127309717,1,1.0
168,15,4,Direct,99.51209115926927,99.51209115926927,1,1.0
168,15,11,Direct,28.311806050920474,28.311806050920474,1,1.0
168,16,3,Direct,0.5434364535965647,0.5434364535965647,1,1.0
168,16,4,Direct,0.5122844206870292,0.5122844206870292,1,1.0
168,17,2,Direct,0.009753230781933417,0.009753230781933417,1,1.0
168,17,4,Direct,0.03442443752030464,0.03442443752030464,1,1.0
168,17,9,Direct,0.40393097775376746,0.40393097775376746,1,1.0
168,18,0,Direct,21.018590183743232,21.018590183743232,1,1.0
168,18,1,Direct,14.543493352321523,14.543493352321523,1,1.0
168,19,12,Direct,151.85099214608493,151.85099214608493,1,1.0
168,20,6,Direct,1.6296053697180573,1.6296053697180573,1,1.0
168,20,13,Direct,0.027158708022025562,0.027158708022025562,1,1.0
168,21,2,Direct,0.022797996539416512,0.022797996539416512,1,1.0
168,21,4,Direct,2.139743502682283,2.139743502682283,1,1.0
168,21,14,Direct,0.4015337880597173,0.4015337880597173,1,1.0
168,22,9,Direct,0.015183736800887635,0.015183736800887635,1,1.0
168,22,12,Direct,0.1264620530432371,0.1264620530432371,1,1.0
168,22,15,Direct,0.19767213836277114,0.19767213836277114,1,1.0
169,1,5,Direct,21.568513845028583,21.568513845028583,1,1.0
169,1,6,Direct,3.0661116459209574,3.0661116459209574,1,1.0
169,1,10,Direct,2.438557558962044,2.438557558962044,1,1.0
169,2,5,Direct,90.71810124552752,90.71810124552752,1,1.0
169,2,10,Direct,0.05652610497926433,0.05652610497926433,1,1.0
169,3,3,Direct,0.040189103275104075,0.040189103275104075,1,1.0
169,4,10,Direct,14.812108399443806,14.812108399443806,1,1.0
169,4,13,Direct,0.016744985091760888,0.016744985091760888,1,1.0
169,5,9,Direct,0.029690363945168385,0.029690363945168385,1,1.0
169,6,6,Direct,0.026252106007718153,0.026252106007718153,1,1.0
169,6,8,Direct,0.0195304832373827,0.0195304832373827,1,1.0
169,6,10,Direct,75.38843004334288,75.38843004334288,1,1.0
169,6,14,Direct,74.86024051004577,74.86024051004577,1,1.0
169,6,15,Direct,1.8086313551001405,1.8086313551001405,1,1.0
169,7,8,Direct,0.0359688772648148,0.0359688772648148,1,1.0
169,8,0,Direct,8.356298512023757,8.356298512023757,1,1.0
169,8,5,Direct,10.333186963824708,10.333186963824708,1,1.0
169,8,8,Direct,0.010585782213259924,0.010585782213259924,1,1.0
169,8,10,Direct,0.2444222505571533,0.2444222505571533,1,1.0
169,8,15,Direct,0.11894273347937559,0.11894273347937559,1,1.0
169,9,5,Direct,0.03608272391714515,0.03608272391714515,1,1.0
169,9,10,Direct,23.866540291375212,23.866540291375212,1,1.0
169,10,0,Direct,4.496873745969178,4.496873745969178,1,1.0
169,11,5,Direct,111.96861110582262,111.96861110582262,1,1.0
169,11,10,Direct,0.2439282486298714,0.2439282486298714,1,1.0
169,11,11,Direct,0.17903926031635997,0.17903926031635997,1,1.0
169,12,3,Direct,0.013726652909035115,0.013726652909035115,1,1.0
169,13,14,Direct,23.840808524062787,23.840808524062787,1,1.0
169,14,15,Direct,0.17101403065468376,0.17101403065468376,1,1.0
169,18,2,Direct,15.313661727839335,15.313661727839335,1,1.0
169,18,15,Direct,0.014020398136305479,0.014020398136305479,1,1.0
169,19,0,Direct,0.053097313396508965,0.053097313396508965,1,1.0
169,19,3,Direct,0.14739049653541225,0.14739049653541225,1,1.0
169,19,6,Direct,0.007064717278464198,0.007064717278464198,1,1.0
169,19,9,Direct,0.046347831468612745,0.046347831468612745,1,1.0
169,19,15,Direct,12.78562451563647,12.78562451563647,1,1.0
169,20,8,Direct,7.66010492547281,7.66010492547281,1,1.0
169,20,9,Direct,4.648892954352707,4.648892954352707,1,1.0
169,20,10,Direct,0.03750292104191329,0.03750292104191329,1,1.0
169,20,12,Direct,220.69896720284493,220.69896720284493,1,1.0
169,21,0,Direct,2.26883083109887,2.26883083109887,1,1.0
169,21,6,Direct,7.076413623196547,7.076413623196547,1,1.0
169,21,10,Direct,0.45811487988573407,0.45811487988573407,1,1.0
169,21,12,Direct,0.11340144469710628,0.11340144469710628,1,1.0
169,21,14,Direct,0.02127192114060818,0.02127192114060818,1,1.0
169,22,13,Direct,0.12512635198720562,0.12512635198720562,1,1.0
169,22,14,Direct,0.8065794472601918,0.8065794472601918,1,1.0
169,23,2,Direct,4.826618725297665,4.826618725297665,1,1.0
169,23,12,Direct,256.0,256.0,1,1.0
169,23,14,Direct,2.618152895249234,2.618152895249234,1,1.0
170,0,13,Direct,0.05121054040226557,0.05121054040226557,1,1.0
170,1,9,Direct,1.5497554502040913,1.5497554502040913,1,1.0
170,2,5,Direct,4.837505105793561,4.837505105793561,1,1.0
170,2,6,Direct,1.37324230615309,1.37324230615309,1,1.0
170,2,7,Direct,0.03242851099514989,0.03242851099514989,1,1.0
170,2,8,Direct,0.016130950775763833,0.016130950775763833,1,1.0
170,2,14,Direct,0.13386626477802444,0.13386626477802444,1,1.0
170,3,6,Direct,26.727931753152,26.727931753152,1,1.0
170,4,6,Direct,0.03771615751782955,0.03771615751782955,1,1.0
170,4,8,Direct,0.021713024680323857,0.021713024680323857,1,1.0
170,4,12,Direct,0.21362631028870896,0.21362631028870896,1,1.0
170,5,1,Direct,0.03233256384017719,0.03233256384017719,1,1.0
170,5,5,Direct,0.03137339540947337,0.03137339540947337,1,1.0
170,6,14,ViaRelay,39.871136093205884,39.871136093205884,1,1.0
170,7,6,Direct,2.0462363067488916,2.0462363067488916,1,1.0
170,7,7,Direct,0.04027544945385074,0.04027544945385074,1,1.0
170,7,12,Direct,0.3106434736442078,0.3106434736442078,1,1.0
170,8,1,Direct,0.45970527933482985,0.45970527933482985,1,1.0
170,8,8,Direct,0.06134357997632568,0.06134357997632568,1,1.0
170,11,6,Direct,0.019997581489915612,0.019997581489915612,1,1.0
170,12,9,Direct,0.03909637729206356,0.03909637729206356,1,1.0
170,12,14,Direct,0.024370390416037734,0.024370390416037734,1,1.0
170,13,7,Direct,6.251797407092871,6.251797407092871,1,1.0
170,14,3,Direct,7.035148205800924,7.035148205800924,1,1.0
170,15,5,Direct,0.20241561717901665,0.20241561717901665,1,1.0
170,15,6,Direct,3.501463373259327,3.501463373259327,1,1.0
170,18,3,Direct,2.3737841931367525,2.3737841931367525,1,1.0
170,18,13,Direct,3.008529743850981,3.008529743850981,1,1.0
170,20,8,Direct,19.798024885671804,19.798024885671804,1,1.0
170,20,12,ViaRelay,207.3077290001569,207.3077290001569,1,1.0
170,21,5,Direct,1.8898366316680748,1.8898366316680748,1,1.0
170,21,9,Direct,0.010476029815636145,0.010476029815636145,1,1.0
170,22,2,Direct,0.4027681652264135,0.4027681652264135,1,1.0
170,22,8,Direct,0.02274287984356169,0.02274287984356169,1,1.0
170,23,13,Direct,0.017528650045008934,0.017528650045008934,1,1.0
170,23,14,Direct,0.28056470324227745,0.28056470324227745,1,1.0
171,1,7,Direct,0.05080647003456664,0.05080647003456664,1,1.0
171,1,11,Direct,96.76801883005048,96.76801883005048,1,1.0
171,2,11,Direct,0.28347641697856835,0.28347641697856835,1,1.0
171,3,6,Direct,0.015057389728510367,0.015057389728510367,1,1.0
171,3,11,Direct,0.0377311729469036,0.0377311729469036,1,1.0
171,3,12,Direct,7.5429736013725215,7.5429736013725215,1,1.0
171,3,13,ViaRelay,10.172646647678091,10.172646647678091,1,1.0
171,3,14,Direct,4.57076382354937,4.57076382354937,1,1.0
171,4,1,Direct,0.021281044768201043,0.021281044768201043,1,1.0
171,5,6,Direct,0.04652182374464864,0.04652182374464864,1,1.0
171,6,1,Direct,4.913262129214544,4.913262129214544,1,1.0
171,6,13,Direct,2.142423003556758,2.142423003556758,1,1.0
171,8,7,Direct,55.588045235650064,55.588045235650064,1,1.0
171,8,15,Direct,5.150790382900497,5.150790382900497,1,1.0
171,9,2,Direct,0.021659149570000178,0.021659149570000178,1,1.0
171,9,13,Direct,0.010610228407636618,0.010610228407636618,1,1.0
171,10,13,Direct,0.06002288164084321,0.06002288164084321,1,1.0
171,10,15,Direct,3.7062021563793195,3.7062021563793195,1,1.0
171,11,11,Direct,1.7783081004925962,1.7783081004925962,1,1.0
171,12,0,Direct,8.949831827328538,8.949831827328538,1,1.0
171,12,11,Direct,0.3989023498674403,0.3989023498674403,1,1.0
171,12,12,Direct,0.31261381868415034,0.31261381868415034,1,1.0
171,13,14,Direct,33.375482345997355,33.375482345997355,1,1.0
171,14,0,Direct,0.06428681083856287,0.06428681083856287,1,1.0
171,14,6,Direct,0.03729165086230027,0.03729165086230027,1,1.0
171,15,6,Direct,0.019210801988624612,0.019210801988624612,1,1.0
171,16,11,Direct,256.0,256.0,1,1.0
171,17,1,Direct,7.918174635258879,7.918174635258879,1,1.0
171,17,10,Direct,0.5370534476181281,0.5370534476181281,1,1.0
171,17,11,Direct,2.1116502192922963,2.1116502192922963,1,1.0
171,18,5,Direct,0.5481763890965939,0.5481763890965939,1,1.0
171,18,12,ViaRelay,210.0051714734118,210.0051714734118,1,1.0
171,19,11,Direct,0.04220648228885702,0.04220648228885702,1,1.0
171,19,13,Direct,0.014112979949157224,0.014112979949157224,1,1.0
171,22,7,Direct,0.1805332265333131,0.1805332265333131,1,1.0
172,2,8,Direct,4.66225802886496,4.66225802886496,1,1.0
172,2,9,Direct,0.01134248350438906,0.01134248350438906,1,1.0
172,3,0,Direct,0.31958025182277133,0.31958025182277133,1,1.0
172,3,14,Direct,26.99656315783842,26.99656315783842,1,1.0
172,4,0,Direct,25.31331854076767,25.31331854076767,1,1.0
172,4,5,Direct,0.1304314892849646,0.1304314892849646,1,1.0
172,6,7,Direct,0.93949685815196,0.93949685815196,1,1.0
172,6,9,Direct,0.03359547098603089,0.03359547098603089,1,1.0
172,6,14,Direct,3.148232267495017,3.148232267495017,1,1.0
172,7,5,ViaRelay,142.0719436314865,142.0719436314865,1,1.0
172,7,15,Direct,4.662745891104702,4.662745891104702,1,1.0
172,9,5,Direct,0.5025048463339069,0.5025048463339069,1,1.0
172,9,8,Direct,2.1223170938609974,2.1223170938609974,1,1.0
172,10,1,Direct,1.1380160656282194,1.1380160656282194,1,1.0
172,10,3,Direct,0.015271282229957333,0.015271282229957333,1,1.0
172,10,8,Direct,9.255722816096647,9.255722816096647,1,1.0
172,11,8,Direct,0.4714884513880596,0.4714884513880596,1,1.0
172,11,11,Direct,134.94548916269653,134.94548916269653,1,1.0
172,12,8,Direct,0.019592377162737446,0.019592377162737446,1,1.0
172,13,10,Direct,0.023814596026768563,0.023814596026768563,1,1.0
172,14,5,Direct,0.10997396557798572,0.10997396557798572,1,1.0
172,14,9,Direct,5.3477228294392605,5.3477228294392605,1,1.0
172,15,7,Direct,15.739363999448422,15.739363999448422,1,1.0
172,16,14,Direct,19.536778779794204,19.536778779794204,1,1.0
172,16,15,Direct,0.02699399925289965,0.02699399925289965,1,1.0
172,17,8,Direct,0.019706804676320137,0.019706804676320137,1,1.0
172,17,9,Direct,14.759155923245558,14.759155923245558,1,1.0
172,18,0,Direct,0.01487002062562458,0.01487002062562458,1,1.0
172,19,0,Direct,168.2780917811511,168.2780917811511,1,1.0
172,19,1,Direct,0.7274956809581101,0.7274956809581101,1,1.0
172,20,7,Direct,0.8692635518583471,0.8692635518583471,1,1.0
172,20,13,Direct,0.6135719194706852,0.6135719194706852,1,1.0
172,21,5,Direct,84.61942334641512,84.61942334641512,1,1.0
172,21,9,Direct,0.10010573036012146,0.10010573036012146,1,1.0
172,21,15,Direct,19.951024155382406,19.951024155382406,1,1.0
172,22,6,Direct,0.024813839942474186,0.024813839942474186,1,1.0
172,22,8,Direct,2.0147374065116073,2.0147374065116073,1,1.0
172,23,8,Direct,1.189290224620591,1.189290224620591,1,1.0
173,1,7,Direct,0.11452718251437602,0.11452718251437602,1,1.0
173,1,14,Direct,17.20080583275594,17.20080583275594,1,1.0
173,2,3,Direct,0.3554718815977948,0.3554718815977948,1,1.0
173,2,9,Direct,3.8223013867691162,3.8223013867691162,1,1.0
173,2,14,Direct,0.5352472130460174,0.5352472130460174,1,1.0
173,3,13,Direct,36.63356778352855,36.63356778352855,1,1.0
173,4,10,Direct,118.19358095417914,118.19358095417914,1,1.0
173,5,3,Direct,14.63952603693996,14.63952603693996,1,1.0
173,5,9,Direct,0.019375198216749736,0.019375198216749736,1,1.0
173,6,6,Direct,14.623256518478804,14.623256518478804,1,1.0
173,6,12,ViaRelay,127.77794478539559,127.77794478539559,1,1.0
173,6,13,Direct,0.033590269300167445,0.033590269300167445,1,1.0
173,7,8,Direct,0.0827337258617102,0.0827337258617102,1,1.0
173,7,13,Direct,0.01921974170923944,0.01921974170923944,1,1.0
173,8,2,Direct,0.2664200433152585,0.2664200433152585,1,1.0
173,8,14,Direct,37.52786974844825,37.52786974844825,1,1.0
173,9,2,Direct,2.052856904622724,2.052856904622724,1,1.0
173,9,7,Direct,0.04176191057115957,0.04176191057115957,1,1.0
173,10,13,Direct,0.04244032237714279,0.04244032237714279,1,1.0
173,11,14,Direct,0.18921194852754405,0.18921194852754405,1,1.0
173,12,7,Direct,0.014600462243454699,0.014600462243454699,1,1.0
173,13,8,Direct,24.822381727646608,24.822381727646608,1,1.0
173,14,6,Direct,0.009318128183099706,0.009318128183099706,1,1.0
173,14,7,Direct,0.07762876067430867,0.07762876067430867,1,1.0
173,16,2,Direct,0.016821563537610464,0.016821563537610464,1,1.0
173,17,2,Direct,0.06797258760590005,0.06797258760590005,1,1.0
173,17,6,Direct,0.050038865535865444,0.050038865535865444,1,1.0
173,18,3,Direct,0.013612695609348918,0.013612695609348918,1,1.0
173,20,2,Direct,0.019875084721463442,0.019875084721463442,1,1.0
173,21,6,Direct,2.117859205115845,2.117859205115845,1,1.0
173,21,7,Direct,0.02640144633171644,0.02640144633171644,1,1.0
173,22,9,Direct,0.03770865589433245,0.03770865589433245,1,1.0
173,22,13,Direct,0.23518596338763675,0.23518596338763675,1,1.0
173,23,13,Direct,20.292530293075703,20.292530293075703,1,1.0
174,0,6,Direct,0.020354090010003267,0.020354090010003267,1,1.0
174,2,7,Direct,0.023044018278661232,0.023044018278661232,1,1.0
174,3,12,Direct,0.28722856914699,0.28722856914699,1,1.0
174,4,1,Direct,147.59648211063268,147.59648211063268,1,1.0
174,5,6,Direct,0.011510497375062802,0.011510497375062802,1,1.0
174,6,6,Direct,9.41637409650681,9.41637409650681,1,1.0
174,7,2,Direct,0.01603536379127308,0.01603536379127308,1,1.0
174,7,3,Direct,1.54481072176284,1.54481072176284,1,1.0
174,7,4,Direct,1.2504230523129618,1.2504230523129618,1,1.0
174,7,6,Direct,0.07474034896779203,0.07474034896779203,1,1.0
174,7,12,Direct,67.48604622669609,67.48604622669609,1,1.0
174,8,1,Direct,0.06512882280501715,0.06512882280501715,1,1.0
174,8,3,Direct,0.31413151448581544,0.31413151448581544,1,1.0
174,8,7,Direct,3.1461238548149013,3.1461238548149013,1,1.0
174,8,12,Direct,24.527304942839997,24.527304942839997,1,1.0
174,9,2,Direct,1.2351753360950182,1.2351753360950182,1,1.0
174,9,15,Direct,0.0620131871542398,0.0620131871542398,1,1.0
174,10,15,Direct,0.029278458189151316,0.029278458189151316,1,1.0
174,11,4,Direct,0.5055264761466931,0.5055264761466931,1,1.0
174,15,0,Direct,1.2599054573003776,1.2599054573003776,1,1.0
174,15,2,Direct,0.010924513384917697,0.010924513384917697,1,1.0
174,15,7,Direct,0.14853928529681235,0.14853928529681235,1,1.0
174,16,0,Direct,15.120894934452956,15.120894934452956,1,1.0
174,16,1,Direct,0.016878434030254116,0.016878434030254116,1,1.0
174,17,15,Direct,28.200820461483183,28.200820461483183,1,1.0
174,18,0,Direct,0.28324863812645934,0.28324863812645934,1,1.0
174,18,7,Direct,0.031668728444593335,0.031668728444593335,1,1.0
174,18,15,Direct,49.764823428554806,49.764823428554806,1,1.0
174,20,6,Direct,9.335698719893315,9.335698719893315,1,1.0
174,20,7,Direct,0.3682257762612118,0.3682257762612118,1,1.0
174,20,12,Direct,1.0575898121118907,1.0575898121118907,1,1.0
174,21,2,Direct,0.10224494778784471,0.10224494778784471,1,1.0
174,23,6,Direct,0.028818332360768365,0.028818332360768365,1,1.0
175,0,1,Direct,3.5960667758522575,3.5960667758522575,1,1.0
175,0,15,Direct,0.05429722308512427,0.05429722308512427,1,1.0
175,1,1,Direct,0.03765638367913132,0.03765638367913132,1,1.0
175,1,2,Direct,0.09957806231340431,0.09957806231340431,1,1.0
175,1,8,Direct,0.11250172160065634,0.11250172160065634,1,1.0
175,2,11,Direct,0.27309866614892053,0.27309866614892053,1,1.0
175,3,2,Direct,0.020012314670329524,0.020012314670329524,1,1.0
175,3,13,Direct,22.380472641809266,22.380472641809266,1,1.0
175,4,1,Direct,0.017390103919660203,0.017390103919660203,1,1.0
175,4,14,Direct,121.2422057426508,121.2422057426508,1,1.0
175,5,4,Direct,2.149276471955349,2.149276471955349,1,1.0
175,5,11,Direct,1.3854946940594408,1.3854946940594408,1,1.0
175,7,8,Direct,1.0945097905164887,1.0945097905164887,1,1.0
175,7,9,Direct,1.3599887619632895,1.3599887619632895,1,1.0
175,7,14,Direct,1.1435619449449663,1.1435619449449663,1,1.0
175,8,11,Direct,34.883202082167806,34.883202082167806,1,1.0
175,9,3,Direct,0.010987188814020898,0.010987188814020898,1,1.0
175,10,14,Direct,0.048645856954430335,0.048645856954430335,1,1.0
175,12,11,Direct,0.5008350437193637,0.5008350437193637,1,1.0
175,13,1,Direct,0.012604045817581238,0.012604045817581238,1,1.0
175,13,3,Direct,0.012923279510513372,0.012923279510513372,1,1.0
175,14,3,Direct,0.01566927580877298,0.01566927580877298,1,1.0
175,14,8,Direct,1.5274439190290245,1.5274439190290245,1,1.0
175,14,9,Direct,0.011224207532584279,0.011224207532584279,1,1.0
175,15,11,Direct,0.2673290149718641,0.2673290149718641,1,1.0
175,15,14,Direct,17.54452777803282,17.54452777803282,1,1.0
175,16,4,Direct,0.08206861972451839,0.08206861972451839,1,1.0
175,16,5,Direct,0.4445985710597788,0.4445985710597788,1,1.0
175,16,11,Direct,1.121424414527823,1.121424414527823,1,1.0
175,17,1,Direct,0.06392338696067054,0.06392338696067054,1,1.0
175,18,11,Direct,0.05696556837588443,0.05696556837588443,1,1.0
175,18,15,Direct,0.23346491389276622,0.23346491389276622,1,1.0
175,19,1,Direct,0.024233080679870435,0.024233080679870435,1,1.0
175,19,9,Direct,0.029735647089771944,0.029735647089771944,1,1.0
175,20,2,Direct,3.8930347006152513,3.8930347006152513,1,1.0
175,21,8,Direct,1.4017396592814642,1.4017396592814642,1,1.0
175,21,11,Direct,18.457769429688057,18.457769429688057,1,1.0
175,21,13,Direct,20.229177789359582,20.229177789359582,1,1.0
175,22,2,Direct,5.564792943824782,5.564792943824782,1,1.0
175,22,13,Direct,7.493431831782862,7.493431831782862,1,1.0
175,22,14,Direct,11.547105510914408,11.547105510914408,1,1.0
176,0,3,Direct,14.82644385701893,14.82644385701893,1,1.0
176,1,10,Direct,0.04088726046026732,0.04088726046026732,1,1.0
176,1,11,Direct,0.21707239593533728,0.21707239593533728,1,1.0
176,1,13,Direct,0.02778362995404986,0.02778362995404986,1,1.0
176,1,15,Direct,2.5788165130425442,2.5788165130425442,1,1.0
176,2,10,Direct,83.03433510219044,83.03433510219044,1,1.0
176,4,13,Direct,0.05439334180294643,0.05439334180294643,1,1.0
176,5,0,Direct,2.4636734310651534,2.4636734310651534,1,1.0
176,5,11,Direct,242.4352688155971,242.4352688155971,1,1.0
176,5,12,Direct,0.34316029036736334,0.34316029036736334,1,1.0
176,5,15,Direct,1.754800960528595,1.754800960528595,1,1.0
176,6,14,Direct,15.159025744046884,15.159025744046884,1,1.0
176,7,13,Direct,0.043624475845968104,0.043624475845968104,1,1.0
176,8,4,Direct,0.08206996131395197,0.08206996131395197,1,1.0
176,8,5,Direct,1.6886061566187158,1.6886061566187158,1,1.0
176,8,10,Direct,33.55590399351653,33.55590399351653,1,1.0
176,8,13,Direct,0.07270767229089353,0.07270767229089353,1,1.0
176,9,9,Direct,0.032832766014171635,0.032832766014171635,1,1.0
176,9,12,Direct,66.18253175917063,66.18253175917063,1,1.0
176,10,5,Direct,0.11026538353133686,0.11026538353133686,1,1.0
176,10,9,Direct,0.8239072371284997,0.8239072371284997,1,1.0
176,11,3,Direct,0.0148421362983264,0.0148421362983264,1,1.0
176,12,4,Direct,21.328406939314483,21.328406939314483,1,1.0
176,12,12,Direct,0.3027521199554363,0.3027521199554363,1,1.0
176,12,14,Direct,28.414905171534986,28.414905171534986,1,1.0
176,12,15,Direct,18.793027697610146,18.793027697610146,1,1.0
176,13,0,Direct,5.48827401414011,5.48827401414011,1,1.0
176,13,1,Direct,0.7141940643728971,0.7141940643728971,1,1.0
176,14,5,Direct,0.0177520592986818,0.0177520592986818,1,1.0
176,14,6,Direct,0.9424181709402285,0.9424181709402285,1,1.0
176,15,3,Direct,0.029019546651691704,0.029019546651691704,1,1.0
176,16,3,Direct,0.9802896060873585,0.9802896060873585,1,1.0
176,16,6,Direct,0.022365481700918538,0.022365481700918538,1,1.0
176,16,13,Direct,0.0321382220297129,0.0321382220297129,1,1.0
176,17,7,Direct,0.40202127158045314,0.40202127158045314,1,1.0
176,17,11,Direct,26.72332295207631,26.72332295207631,1,1.0
176,18,5,Direct,2.563509566673474,2.563509566673474,1,1.0
176,18,11,Direct,0.09783825618447102,0.09783825618447102,1,1.0
176,18,12,Direct,166.73638808598713,166.73638808598713,1,1.0
176,18,14,Direct,39.924911237757854,39.924911237757854,1,1.0
176,19,14,Direct,256.0,256.0,1,1.0
176,20,3,Direct,0.4530331915255758,0.4530331915255758,1,1.0
176,20,15,Direct,0.0108121231535425,0.0108121231535425,1,1.0
176,21,3,Direct,1.5462253908313972,1.5462253908313972,1,1.0
176,21,4,Direct,0.04933769231319068,0.04933769231319068,1,1.0
176,23,0,Direct,0.03643167401297043,0.03643167401297043,1,1.0
176,23,12,Direct,0.1090517162286976,0.1090517162286976,1,1.0
177,0,1,Direct,0.03724897688610844,0.03724897688610844,1,1.0
177,0,8,Direct,0.019638268412003442,0.019638268412003442,1,1.0
177,1,8,Direct,0.09833116191373759,0.09833116191373759,1,1.0
177,1,11,Direct,0.05507629781218117,0.05507629781218117,1,1.0
177,1,13,Direct,0.01811164350982699,0.01811164350982699,1,1.0
177,2,0,Direct,0.010252744575017037,0.010252744575017037,1,1.0
177,3,0,Direct,2.052955781518527,2.052955781518527,1,1.0
177,3,9,Direct,6.111237307352729,6.111237307352729,1,1.0
177,4,13,Direct,0.011838636682982743,0.011838636682982743,1,1.0
177,5,3,Direct,2.8468303044004757,2.8468303044004757,1,1.0
177,6,3,Direct,0.011944319591714903,0.011944319591714903,1,1.0
177,6,7,Direct,0.04407268082510156,0.04407268082510156,1,1.0
177,7,1,Direct,0.062033479254493686,0.062033479254493686,1,1.0
177,7,7,Direct,0.07516352288894813,0.07516352288894813,1,1.0
177,7,8,Direct,1.0007982920650709,1.0007982920650709,1,1.0
177,7,10,Direct,256.0,256.0,1,1.0
177,7,13,Direct,0.11328190910757281,0.11328190910757281,1,1.0
177,7,15,Direct,11.258476831662875,11.258476831662875,1,1.0
177,8,0,Direct,3.3069087994794746,3.3069087994794746,1,1.0
177,8,7,Direct,0.05701019885882229,0.05701019885882229,1,1.0
177,9,1,Direct,0.037902510203179855,0.037902510203179855,1,1.0
177,10,0,Direct,15.975262278775729,15.975262278775729,1,1.0
177,10,1,Direct,1.3562931396958924,1.3562931396958924,1,1.0
177,10,9,Direct,0.01602432536916561,0.01602432536916561,1,1.0
177,11,6,Direct,14.889848806820769,14.889848806820769,1,1.0
177,11,10,Direct,0.22412342782204103,0.22412342782204103,1,1.0
177,13,1,Direct,2.293636166870692,2.293636166870692,1,1.0
177,13,5,Direct,0.02413064430796702,0.02413064430796702,1,1.0
177,13,6,Direct,5.065626461250567,5.065626461250567,1,1.0
177,13,10,Direct,60.23300985976862,60.23300985976862,1,1.0
177,14,0,Direct,7.8946659378975745,7.8946659378975745,1,1.0
177,14,10,Direct,46.57111087600188,46.57111087600188,1,1.0
177,14,14,Direct,256.0,256.0,1,1.0
177,15,4,Direct,28.178425049426476,28.178425049426476,1,1.0
177,15,11,Direct,21.514942472503424,21.514942472503424,1,1.0
177,16,3,Direct,2.5105113332171665,2.5105113332171665,1,1.0
177,16,4,Direct,65.0307373472904,65.0307373472904,1,1.0
177,16,9,Direct,0.032590474447289984,0.032590474447289984,1,1.0
177,16,11,Direct,25.709370726921883,25.709370726921883,1,1.0
177,17,4,Direct,17.544787450841444,17.544787450841444,1,1.0
177,17,5,Direct,105.87210609103082,105.87210609103082,1,1.0
177,18,1,Direct,0.016547108429620424,0.016547108429620424,1,1.0
177,19,6,Direct,0.16882739856251597,0.16882739856251597,1,1.0
177,19,8,Direct,0.02817435179542448,0.02817435179542448,1,1.0
177,19,9,Direct,0.0166036024310305,0.0166036024310305,1,1.0
177,20,6,Direct,0.15009325153190822,0.15009325153190822,1,1.0
177,20,7,Direct,0.055404755762047043,0.055404755762047043,1,1.0
177,20,9,Direct,0.4157930149431994,0.4157930149431994,1,1.0
177,20,14,Direct,0.05023479833374394,0.05023479833374394,1,1.0
177,21,5,Direct,0.04041471528625183,0.04041471528625183,1,1.0
177,21,6,Direct,0.046208057754308314,0.046208057754308314,1,1.0
177,21,8,Direct,0.2736014104314891,0.2736014104314891,1,1.0
177,21,9,Direct,0.8828896103776577,0.8828896103776577,1,1.0
177,22,15,Direct,1.2671515822318076,1.2671515822318076,1,1.0
177,23,5,Direct,60.05107658558318,60.05107658558318,1,1.0
178,0,4,Direct,0.11120657274376514,0.11120657274376514,1,1.0
178,0,5,Direct,256.0,256.0,1,1.0
178,0,11,Direct,0.1121333037172601,0.1121333037172601,1,1.0
178,2,3,Direct,0.056201959859417575,0.056201959859417575,1,1.0
178,2,5,Direct,0.026921254277816938,0.026921254277816938,1,1.0
178,2,7,Direct,0.8085853773102645,0.8085853773102645,1,1.0
178,2,10,Direct,84.99058919974078,84.99058919974078,1,1.0
178,4,10,Direct,0.17788066868704047,0.17788066868704047,1,1.0
178,4,11,Direct,0.19936117261266878,0.19936117261266878,1,1.0
178,5,11,Direct,1.5267053275373694,1.5267053275373694,1,1.0
178,6,11,Direct,0.09729079052600245,0.09729079052600245,1,1.0
178,7,2,Direct,0.017338996701737237,0.017338996701737237,1,1.0
178,7,7,Direct,73.70527457517719,73.70527457517719,1,1.0
178,8,0,Direct,0.9330105651350122,0.9330105651350122,1,1.0
178,9,15,Direct,22.657706959865614,22.657706959865614,1,1.0
178,10,1,Direct,0.010337265874843243,0.010337265874843243,1,1.0
178,10,7,Direct,0.0667612054942048,0.0667612054942048,1,1.0
178,11,5,Direct,0.51322375787542,0.51322375787542,1,1.0
178,11,7,Direct,0.35385349661713744,0.35385349661713744,1,1.0
178,11,10,Direct,24.942476888749972,24.942476888749972,1,1.0
178,12,2,Direct,0.02179877140725531,0.02179877140725531,1,1.0
178,12,13,Direct,6.970949727244138,6.970949727244138,1,1.0
178,12,15,Direct,14.866660906524135,14.866660906524135,1,1.0
178,13,0,Direct,0.18135539049856483,0.18135539049856483,1,1.0
178,14,0,Direct,0.6986319175000959,0.6986319175000959,1,1.0
178,15,13,Direct,0.5795227073474222,0.5795227073474222,1,1.0
178,17,0,Direct,27.67433298299685,27.67433298299685,1,1.0
178,18,13,Direct,0.35531233269431123,0.35531233269431123,1,1.0
178,19,15,Direct,0.03607932806255711,0.03607932806255711,1,1.0
178,20,3,Direct,5.358641203324429,5.358641203324429,1,1.0
178,20,8,Direct,0.09411534781114492,0.09411534781114492,1,1.0
178,21,0,Direct,0.4621560331515589,0.4621560331515589,1,1.0
178,21,3,Direct,0.01320627493038151,0.01320627493038151,1,1.0
178,21,10,Direct,0.15613844549287917,0.15613844549287917,1,1.0
178,21,11,Direct,0.06283187888526678,0.06283187888526678,1,1.0
178,22,0,Direct,0.06862119784532653,0.06862119784532653,1,1.0
178,22,2,Direct,18.15794731731289,18.15794731731289,1,1.0
178,22,3,Direct,3.1675130726804985,3.1675130726804985,1,1.0
178,22,13,Direct,0.04993022263445822,0.04993022263445822,1,1.0
178,23,2,Direct,12.596729338936207,12.596729338936207,1,1.0
178,23,3,Direct,0.0166551426679513,0.0166551426679513,1,1.0
179,0,6,Direct,0.19962036053333257,0.19962036053333257,1,1.0
179,0,10,Direct,29.60492933665331,29.60492933665331,1,1.0
179,1,14,Direct,0.06644325997497849,0.06644325997497849,1,1.0
179,2,6,Direct,0.015084582612488922,0.015084582612488922,1,1.0
179,2,8,Direct,14.437837630647246,14.437837630647246,1,1.0
179,2,14,Direct,0.12214217127569064,0.12214217127569064,1,1.0
179,3,1,Direct,0.01728287209870838,0.01728287209870838,1,1.0
179,3,12,ViaRelay,17.42090411112087,17.42090411112087,1,1.0
179,6,1,Direct,256.0,256.0,1,1.0
179,6,13,Direct,1.2801334980024082,1.2801334980024082,1,1.0
179,7,12,Direct,1.260609852683828,1.260609852683828,1,1.0
179,8,8,Direct,32.608149541463284,32.608149541463284,1,1.0
179,10,12,Direct,0.5416666559334508,0.5416666559334508,1,1.0
179,10,13,Direct,15.961112514907239,15.961112514907239,1,1.0
179,12,2,Direct,14.143482977313566,14.143482977313566,1,1.0
179,12,6,Direct,2.3537823860374183,2.3537823860374183,1,1.0
179,13,13,ViaRelay,72.73282533147467,72.73282533147467,1,1.0
179,15,10,Direct,0.03045159425867615,0.03045159425867615,1,1.0
179,15,13,Direct,0.9542354510515966,0.9542354510515966,1,1.0
179,15,14,Direct,4.914103442151519,4.914103442151519,1,1.0
179,16,1,Direct,0.03318206068983905,0.03318206068983905,1,1.0
179,16,10,Direct,23.575182047203185,23.575182047203185,1,1.0
179,17,8,Direct,18.84938116678159,18.84938116678159,1,1.0
179,17,13,Direct,0.6552012116710251,0.6552012116710251,1,1.0
179,20,4,Direct,0.028013782575896616,0.028013782575896616,1,1.0
179,21,1,Direct,0.016997310011903254,0.016997310011903254,1,1.0
179,22,3,Direct,6.990791814379428,6.990791814379428,1,1.0
180,0,4,Direct,2.444719154013718,2.444719154013718,1,1.0
180,3,0,Direct,0.4943697916962625,0.4943697916962625,1,1.0
180,3,9,Direct,0.07993232695297799,0.07993232695297799,1,1.0
180,3,13,Direct,0.4333542098603912,0.4333542098603912,1,1.0
180,4,6,Direct,0.019978060167580372,0.019978060167580372,1,1.0
180,4,15,Direct,1.588901740206955,1.588901740206955,1,1.0
180,6,3,Direct,0.06862851231759723,0.06862851231759723,1,1.0
180,6,10,Direct,6.523515786368198,6.523515786368198,1,1.0
180,6,12,Direct,121.88711182091734,121.88711182091734,1,1.0
180,7,13,Direct,1.3814077947601042,1.3814077947601042,1,1.0
180,7,14,Direct,0.01986664576030661,0.01986664576030661,1,1.0
180,8,0,Direct,0.0659889360366946,0.0659889360366946,1,1.0
180,10,6,Direct,0.09627992322330454,0.09627992322330454,1,1.0
180,10,12,Direct,0.1109010804054937,0.1109010804054937,1,1.0
180,11,12,Direct,0.13886174348213018,0.13886174348213018,1,1.0
180,12,6,Direct,0.09603288252332105,0.09603288252332105,1,1.0
180,13,13,Direct,1.2398796414803477,1.2398796414803477,1,1.0
180,14,9,Direct,0.018344457879316375,0.018344457879316375,1,1.0
180,14,13,Direct,7.938562238492226,7.938562238492226,1,1.0
180,15,3,Direct,0.009704660195294219,0.009704660195294219,1,1.0
180,15,10,Direct,0.030540668913936857,0.030540668913936857,1,1.0
180,16,13,Direct,0.052663691109774625,0.052663691109774625,1,1.0
180,18,6,Direct,2.732689562971942,2.732689562971942,1,1.0
180,19,13,Direct,0.45293626100237255,0.45293626100237255,1,1.0
180,22,0,Direct,0.06289191922912682,0.06289191922912682,1,1.0
180,22,3,Direct,0.02175450034557291,0.02175450034557291,1,1.0
180,23,13,Direct,0.046199010529322515,0.046199010529322515,1,1.0
181,0,1,Direct,0.0689889039234363,0.0689889039234363,1,1.0
181,0,2,Direct,0.6654962914126251,0.6654962914126251,1,1.0
181,1,11,Direct,28.535901997741473,28.535901997741473,1,1.0
181,1,15,Direct,67.87083413075031,67.87083413075031,1,1.0
181,2,3,Direct,0.428499697012449,0.428499697012449,1,1.0
181,2,8,Direct,0.04416123535631608,0.04416123535631608,1,1.0
181,2,9,Direct,11.798854419064348,11.798854419064348,1,1.0
181,3,1,Direct,184.7773858692486,184.7773858692486,1,1.0
181,3,3,Direct,0.043187988794906464,0.043187988794906464,1,1.0
181,3,8,Direct,0.017233739519160383,0.017233739519160383,1,1.0
181,4,5,Direct,0.0759085943428685,0.0759085943428685,1,1.0
181,4,8,Direct,0.01953352217554936,0.01953352217554936,1,1.0
181,4,11,Direct,0.25105061099560416,0.25105061099560416,1,1.0
181,4,13,Direct,0.43307975245027797,0.43307975245027797,1,1.0
181,8,7,Direct,0.03499729583360014,0.03499729583360014,1,1.0
181,8,8,Direct,13.451705589089352,13.451705589089352,1,1.0
181,9,2,Direct,0.7495074018460451,0.7495074018460451,1,1.0
181,9,9,Direct,0.6019147776057087,0.6019147776057087,1,1.0
181,9,11,Direct,56.60437660614207,56.60437660614207,1,1.0
181,10,8,Direct,5.634442756564717,5.634442756564717,1,1.0
181,10,9,Direct,0.01531255187115492,0.01531255187115492,1,1.0
181,11,2,Direct,5.419654905764995,5.419654905764995,1,1.0
181,11,5,Direct,26.78922964808428,26.78922964808428,1,1.0
181,11,9,Direct,8.527673050211995,8.527673050211995,1,1.0
181,12,8,Direct,27.885592778931315,27.885592778931315,1,1.0
181,12,10,Direct,0.11771132241309214,0.11771132241309214,1,1.0
181,12,11,Direct,0.22376849888595568,0.22376849888595568,1,1.0
181,12,15,Direct,0.03245732612480326,0.03245732612480326,1,1.0
181,13,2,Direct,0.25981195340215674,0.25981195340215674,1,1.0
181,13,9,Direct,0.5742083569462445,0.5742083569462445,1,1.0
181,15,11,Direct,93.44539664741714,93.44539664741714,1,1.0
181,16,3,Direct,3.49046267029289,3.49046267029289,1,1.0
181,16,13,Direct,0.20846434919145065,0.20846434919145065,1,1.0
181,16,14,Direct,14.724533300449202,14.724533300449202,1,1.0
181,17,3,Direct,0.007255548079468082,0.007255548079468082,1,1.0
181,17,7,Direct,74.77798977563242,74.77798977563242,1,1.0
181,18,3,Direct,0.039311188897152204,0.039311188897152204,1,1.0
181,18,14,Direct,0.0632657463508351,0.0632657463508351,1,1.0
181,19,2,Direct,0.008465467248429356,0.008465467248429356,1,1.0
181,19,11,Direct,63.7305397972589,63.7305397972589,1,1.0
181,20,13,Direct,0.016521965274186416,0.016521965274186416,1,1.0
181,21,3,Direct,0.07277863802024166,0.07277863802024166,1,1.0
181,21,6,Direct,0.3572938190530094,0.3572938190530094,1,1.0
181,21,9,Direct,0.0191050488355736,0.0191050488355736,1,1.0
182,0,10,Direct,29.122076750408418,29.122076750408418,1,1.0
182,1,3,Direct,0.38869674297632323,0.38869674297632323,1,1.0
182,1,5,Direct,0.03250564267753415,0.03250564267753415,1,1.0
182,1,8,Direct,0.02994994776908106,0.02994994776908106,1,1.0
182,2,13,Direct,0.047245996189465074,0.047245996189465074,1,1.0
182,5,11,Direct,256.0,256.0,1,1.0
182,5,14,Direct,0.0845233726912722,0.0845233726912722,1,1.0
182,6,3,Direct,0.10309477232744242,0.10309477232744242,1,1.0
182,7,2,Direct,4.730871044757615,4.730871044757615,1,1.0
182,7,14,Direct,0.07942801025854143,0.07942801025854143,1,1.0
182,8,8,Direct,1.8619236895447604,1.8619236895447604,1,1.0
182,8,11,Direct,0.11138346691312184,0.11138346691312184,1,1.0
182,9,3,Direct,0.07658918985581939,0.07658918985581939,1,1.0
182,10,2,Direct,0.01634398956959375,0.01634398956959375,1,1.0
182,10,3,Direct,17.0125691048675,17.0125691048675,1,1.0
182,10,9,Direct,16.918399040532528,16.918399040532528,1,1.0
182,12,9,Direct,0.031236862008837022,0.031236862008837022,1,1.0
182,13,13,Direct,0.8862962992758473,0.8862962992758473,1,1.0
182,13,14,Direct,10.516382469267063,10.516382469267063,1,1.0
182,14,3,Direct,0.03686666540707147,0.03686666540707147,1,1.0
182,14,8,Direct,0.025039773184260705,0.025039773184260705,1,1.0
182,14,12,Direct,15.641830430967264,15.641830430967264,1,1.0
182,16,10,Direct,0.0272018411947873,0.0272018411947873,1,1.0
182,18,3,Direct,0.02404331240827171,0.02404331240827171,1,1.0
182,19,8,Direct,0.019517184897763867,0.019517184897763867,1,1.0
182,20,3,Direct,0.13333168261498468,0.13333168261498468,1,1.0
182,20,14,Direct,0.08859011547410697,0.08859011547410697,1,1.0
182,21,8,Direct,0.016414965022507506,0.016414965022507506,1,1.0
182,22,12,Direct,1.3334879958299248,1.3334879958299248,1,1.0
182,23,12,Direct,143.24670931620167,143.24670931620167,1,1.0
183,0,1,Direct,0.027160755033636776,0.027160755033636776,1,1.0
183,0,8,Direct,17.899036250602332,17.899036250602332,1,1.0
183,0,13,Direct,10.248428145198584,10.248428145198584,1,1.0
183,1,13,Direct,0.02731418843435797,0.02731418843435797,1,1.0
183,2,3,Direct,0.008058470632183352,0.008058470632183352,1,1.0
183,2,4,Direct,0.0994330562697804,0.0994330562697804,1,1.0
183,2,6,Direct,4.110067531934859,4.110067531934859,1,1.0
183,3,8,Direct,2.2910524466709967,2.2910524466709967,1,1.0
183,3,11,Direct,1.9485905303850553,1.9485905303850553,1,1.0
183,4,3,Direct,0.056382915329343586,0.056382915329343586,1,1.0
183,4,15,Direct,0.017252173202411902,0.017252173202411902,1,1.0
183,5,7,Direct,0.0394268656776144,0.0394268656776144,1,1.0
183,5,13,Direct,0.07508574674493447,0.07508574674493447,1,1.0
183,5,15,Direct,2.76629825044202,2.76629825044202,1,1.0
183,6,3,Direct,0.07310478785042379,0.07310478785042379,1,1.0
183,6,4,Direct,0.1892668978347083,0.1892668978347083,1,1.0
183,6,14,Direct,8.602908259796502,8.602908259796502,1,1.0
183,7,5,Direct,30.01848336789276,30.01848336789276,1,1.0
183,7,8,Direct,13.92897395361213,13.92897395361213,1,1.0
183,7,12,Direct,256.0,256.0,1,1.0
183,7,14,Direct,0.15764092279506373,0.15764092279506373,1,1.0
183,8,3,Direct,0.01355431806061026,0.01355431806061026,1,1.0
183,8,6,Direct,0.029824688483215473,0.029824688483215473,1,1.0
183,8,15,Direct,5.404267336297935,5.404267336297935,1,1.0
183,9,1,Direct,3.5652394222889354,3.5652394222889354,1,1.0
183,9,3,Direct,9.01199091450743,9.01199091450743,1,1.0
183,9,10,Direct,43.582536699949706,43.582536699949706,1,1.0
183,9,14,Direct,1.294044144531283,1.294044144531283,1,1.0
183,10,11,Direct,0.7804294460870368,0.7804294460870368,1,1.0
183,11,6,Direct,0.022608625115177246,0.022608625115177246,1,1.0
183,11,14,Direct,1.874109573421189,1.874109573421189,1,1.0
183,12,6,Direct,0.009934527388935483,0.009934527388935483,1,1.0
183,12,13,Direct,0.016505580897500906,0.016505580897500906,1,1.0
183,12,14,Direct,0.058185139221509995,0.058185139221509995,1,1.0
183,13,5,Direct,0.13519516275542592,0.13519516275542592,1,1.0
183,14,11,Direct,0.067396922374553,0.067396922374553,1,1.0
183,15,6,Direct,0.013905199087481192,0.013905199087481192,1,1.0
183,15,10,Direct,0.10333143663385082,0.10333143663385082,1,1.0
183,16,4,Direct,1.883388716725674,1.883388716725674,1,1.0
183,16,6,Direct,0.059071491932290714,0.059071491932290714,1,1.0
183,17,6,Direct,1.629705385954918,1.629705385954918,1,1.0
183,17,12,Direct,256.0,256.0,1,1.0
183,18,14,Direct,0.06812819826982187,0.06812819826982187,1,1.0
183,19,12,Direct,256.0,256.0,1,1.0
183,19,13,Direct,12.841405568396972,12.841405568396972,1,1.0
183,20,0,Direct,5.5936492512392535,5.5936492512392535,1,1.0
183,21,7,Direct,0.039707471561191164,0.039707471561191164,1,1.0
183,21,8,Direct,0.08300234771272019,0.08300234771272019,1,1.0
183,21,9,Direct,0.011742702843221032,0.011742702843221032,1,1.0
183,22,8,Direct,0.4396033468504906,0.4396033468504906,1,1.0
183,22,11,Direct,0.808089395960459,0.808089395960459,1,1.0
183,22,15,Direct,0.44199945536806107,0.44199945536806107,1,1.0
183,23,3,Direct,0.025142246108788943,0.025142246108788943,1,1.0
183,23,10,Direct,0.10382296195701159,0.10382296195701159,1,1.0
184,0,0,Direct,2.947645810972292,2.947645810972292,1,1.0
184,0,4,Direct,4.553407168927402,4.553407168927402,1,1.0
184,0,6,Direct,0.021093763138333332,0.021093763138333332,1,1.0
184,0,8,Direct,0.043727378335918665,0.043727378335918665,1,1.0
184,1,9,Direct,1.2595072723661769,1.2595072723661769,1,1.0
184,3,4,ViaRelay,95.01234986395998,95.01234986395998,1,1.0
184,3,6,Direct,0.01807074818790809,0.01807074818790809,1,1.0
184,3,13,Direct,3.2625005946469545,3.2625005946469545,1,1.0
184,4,10,Direct,0.17131150367192788,0.17131150367192788,1,1.0
184,6,6,Direct,0.5745410004889862,0.5745410004889862,1,1.0
184,6,13,Direct,0.5577474860379645,0.5577474860379645,1,1.0
184,8,13,Direct,0.056067564084509684,0.056067564084509684,1,1.0
184,9,4,Direct,0.04196641646855352,0.04196641646855352,1,1.0
184,9,7,Direct,0.22380639777357753,0.22380639777357753,1,1.0
184,9,13,Direct,0.5357533589711149,0.5357533589711149,1,1.0
184,10,1,Direct,5.050327819789146,5.050327819789146,1,1.0
184,10,4,Direct,0.27307115595434484,0.27307115595434484,1,1.0
184,10,10,Direct,0.4996529681762983,0.4996529681762983,1,1.0
184,11,0,Direct,0.30789818671494396,0.30789818671494396,1,1.0
184,11,4,Direct,0.4148718249879824,0.4148718249879824,1,1.0
184,11,8,Direct,0.05279841435132303,0.05279841435132303,1,1.0
184,12,7,ViaRelay,34.497121501233806,34.497121501233806,1,1.0
184,12,10,Direct,0.3519041876940749,0.3519041876940749,1,1.0
184,13,1,Direct,22.146785761112504,22.146785761112504,1,1.0
184,13,6,Direct,50.23661282957183,50.23661282957183,1,1.0
184,13,15,Direct,0.03998903749840543,0.03998903749840543,1,1.0
184,15,0,Direct,0.01868178970081728,0.01868178970081728,1,1.0
184,15,7,Direct,5.888104313124672,5.888104313124672,1,1.0
184,15,15,Direct,7.786962685418419,7.786962685418419,1,1.0
184,17,6,Direct,9.404518800845226,9.404518800845226,1,1.0
184,17,15,Direct,0.5895433984895311,0.5895433984895311,1,1.0
184,18,0,Direct,0.020670160876224968,0.020670160876224968,1,1.0
184,18,8,Direct,0.0335269325657641,0.0335269325657641,1,1.0
184,20,6,Direct,0.12344173876812525,0.12344173876812525,1,1.0
184,20,8,Direct,0.48142872106123524,0.48142872106123524,1,1.0
184,20,13,Direct,1.6300184799189423,1.6300184799189423,1,1.0
184,21,6,Direct,1.087245489182904,1.087245489182904,1,1.0
184,22,1,Direct,2.2277378516761255,2.2277378516761255,1,1.0
184,22,13,Direct,4.585077810367865,4.585077810367865,1,1.0
185,0,0,Direct,0.01427819179203628,0.01427819179203628,1,1.0
185,1,2,Direct,0.537493786594354,0.537493786594354,1,1.0
185,1,8,Direct,0.07260578820346812,0.07260578820346812,1,1.0
185,1,11,Direct,1.6029471412547285,1.6029471412547285,1,1.0
185,2,0,Direct,0.07504519158911126,0.07504519158911126,1,1.0
185,2,12,Direct,22.024107755422616,22.024107755422616,1,1.0
185,2,15,Direct,1.1214057331396583,1.1214057331396583,1,1.0
185,3,1,Direct,0.9333655681808031,0.9333655681808031,1,1.0
185,3,2,Direct,0.055423936002103165,0.055423936002103165,1,1.0
185,3,13,Direct,0.5742547039502861,0.5742547039502861,1,1.0
185,4,9,Direct,4.29198369454234,4.29198369454234,1,1.0
185,4,13,Direct,0.06807124309232479,0.06807124309232479,1,1.0
185,4,15,Direct,0.0205389703325789,0.0205389703325789,1,1.0
185,5,1,Direct,0.030646129413981312,0.030646129413981312,1,1.0
185,6,1,Direct,19.61626585930402,19.61626585930402,1,1.0
185,6,8,Direct,9.50605288882863,9.50605288882863,1,1.0
185,6,9,Direct,0.03612316417682682,0.03612316417682682,1,1.0
185,6,10,Direct,0.07163578481529088,0.07163578481529088,1,1.0
185,6,12,Direct,256.0,256.0,1,1.0
185,8,10,Direct,256.0,256.0,1,1.0
185,8,12,Direct,89.2304538200995,89.2304538200995,1,1.0
185,9,13,Direct,0.03212194062549368,0.03212194062549368,1,1.0
185,10,5,Direct,0.0306889493133015,0.0306889493133015,1,1.0
185,12,12,Direct,256.0,256.0,1,1.0
185,12,13,Direct,0.027679599256024902,0.027679599256024902,1,1.0
185,12,14,Direct,27.883156291173947,27.883156291173947,1,1.0
185,14,7,Direct,256.0,256.0,1,1.0
185,14,8,Direct,0.021464198969138953,0.021464198969138953,1,1.0
185,14,13,Direct,0.10505989524482039,0.10505989524482039,1,1.0
185,15,0,Direct,6.495693409967535,6.495693409967535,1,1.0
185,16,2,Direct,6.735067526849657,6.735067526849657,1,1.0
185,17,1,Direct,0.6823205943951313,0.6823205943951313,1,1.0
185,17,7,Direct,123.09440375679321,123.09440375679321,1,1.0
185,17,9,Direct,4.679796606096969,4.679796606096969,1,1.0
185,17,11,Direct,69.48374775555817,69.48374775555817,1,1.0
185,18,7,Direct,0.02153585781352248,0.02153585781352248,1,1.0
185,18,11,Direct,1.8566095178959325,1.8566095178959325,1,1.0
185,18,13,Direct,0.015566542313514977,0.015566542313514977,1,1.0
185,19,7,Direct,0.01247264401241305,0.01247264401241305,1,1.0
185,19,13,Direct,9.932709415029505,9.932709415029505,1,1.0
185,19,15,Direct,0.24640162302979213,0.24640162302979213,1,1.0
185,20,9,Direct,0.746568874010668,0.746568874010668,1,1.0
185,21,0,Direct,0.014341489530278459,0.014341489530278459,1,1.0
185,21,15,ViaRelay,2.0290992376812067,2.0290992376812067,1,1.0
185,22,5,Direct,145.78782335560592,145.78782335560592,1,1.0
185,23,1,Direct,1.0562441860309386,1.0562441860309386,1,1.0
186,0,8,Direct,2.0332747463863305,2.0332747463863305,1,1.0
186,0,15,Direct,0.0450150994868361,0.0450150994868361,1,1.0
186,1,12,Direct,10.965935062431708,10.965935062431708,1,1.0
186,2,9,Direct,3.672929701374566,3.672929701374566,1,1.0
186,3,9,Direct,0.008191356887752266,0.008191356887752266,1,1.0
186,3,14,Direct,3.691100173730892,3.691100173730892,1,1.0
186,4,4,Direct,16.77487235066972,16.77487235066972,1,1.0
186,4,9,Direct,0.021639156594347574,0.021639156594347574,1,1.0
186,4,12,Direct,0.18695831745428826,0.18695831745428826,1,1.0
186,4,14,Direct,0.3074879473874642,0.3074879473874642,1,1.0
186,5,12,Direct,36.85341795011532,36.85341795011532,1,1.0
186,6,8,Direct,0.02133204651689979,0.02133204651689979,1,1.0
186,7,1,Direct,0.5432256756857506,0.5432256756857506,1,1.0
186,9,1,Direct,3.7182515534154263,3.7182515534154263,1,1.0
186,9,14,Direct,2.4786486115704935,2.4786486115704935,1,1.0
186,10,4,Direct,32.17654080692201,32.17654080692201,1,1.0
186,10,8,Direct,3.6127905570652636,3.6127905570652636,1,1.0
186,10,9,Direct,0.007848629301884473,0.007848629301884473,1,1.0
186,10,10,Direct,15.519901555907381,15.519901555907381,1,1.0
186,10,14,Direct,2.398232708955771,2.398232708955771,1,1.0
186,11,11,Direct,0.05802702511114758,0.05802702511114758,1,1.0
186,12,1,Direct,19.618476385759852,19.618476385759852,1,1.0
186,12,11,Direct,35.23692067750639,35.23692067750639,1,1.0
186,13,8,Direct,0.24566230772111042,0.24566230772111042,1,1.0
186,13,9,Direct,0.016891188942183867,0.016891188942183867,1,1.0
186,14,1,Direct,24.148189782497774,24.148189782497774,1,1.0
186,15,12,Direct,1.0841513227858346,1.0841513227858346,1,1.0
186,16,8,Direct,0.08148681883306942,0.08148681883306942,1,1.0
186,18,1,Direct,2.6482874412161466,2.6482874412161466,1,1.0
186,19,1,Direct,6.030530876185131,6.030530876185131,1,1.0
186,19,3,Direct,5.894545718571541,5.894545718571541,1,1.0
186,19,10,Direct,0.02743503119791941,0.02743503119791941,1,1.0
186,21,11,Direct,0.22363767832441686,0.22363767832441686,1,1.0
186,23,14,ViaRelay,6.305105644123711,6.305105644123711,1,1.0
187,0,0,Direct,6.954131934256146,6.954131934256146,1,1.0
187,0,4,Direct,1.813925944465619,1.813925944465619,1,1.0
187,1,1,Direct,0.04279227791620315,0.04279227791620315,1,1.0
187,1,2,Direct,0.0320366660752153,0.0320366660752153,1,1.0
187,1,4,Direct,0.11696020599728636,0.11696020599728636,1,1.0
187,1,7,Direct,0.05268293831077028,0.05268293831077028,1,1.0
187,2,4,Direct,0.2697416403919756,0.2697416403919756,1,1.0
187,3,1,Direct,0.16473968752075713,0.16473968752075713,1,1.0
187,3,2,Direct,0.08000596330016171,0.08000596330016171,1,1.0
187,3,10,ViaRelay,12.788613279149374,12.788613279149374,1,1.0
187,3,12,Direct,0.2093415672900218,0.2093415672900218,1,1.0
187,4,12,Direct,3.49271864444003,3.49271864444003,1,1.0
187,6,3,Direct,0.03880849576020833,0.03880849576020833,1,1.0
187,7,0,Direct,0.8771746955984002,0.8771746955984002,1,1.0
187,7,4,Direct,0.16589430437521563,0.16589430437521563,1,1.0
187,7,15,Direct,16.617024585895642,16.617024585895642,1,1.0
187,8,5,Direct,0.11745386219978755,0.11745386219978755,1,1.0
187,9,0,Direct,1.4577994010217057,1.4577994010217057,1,1.0
187,10,2,Direct,0.3864520573161742,0.3864520573161742,1,1.0
187,10,12,Direct,0.9055557802067861,0.9055557802067861,1,1.0
187,12,7,Direct,8.493736621073113,8.493736621073113,1,1.0
187,12,10,Direct,0.45845356306176793,0.45845356306176793,1,1.0
187,13,3,Direct,4.912644767120978,4.912644767120978,1,1.0
187,13,8,Direct,0.851500901983388,0.851500901983388,1,1.0
187,13,12,Direct,1.3876471094494593,1.3876471094494593,1,1.0
187,13,14,Direct,4.831574093008218,4.831574093008218,1,1.0
187,14,7,Direct,0.06732393615255856,0.06732393615255856,1,1.0
187,14,8,Direct,0.04271563921814394,0.04271563921814394,1,1.0
187,14,14,Direct,0.04630848823913593,0.04630848823913593,1,1.0
187,15,9,Direct,0.021402675223467626,0.021402675223467626,1,1.0
187,15,10,Direct,1.4048207139336044,1.4048207139336044,1,1.0
187,15,11,Direct,0.49334740770321656,0.49334740770321656,1,1.0
187,15,14,Direct,0.17674013018133916,0.17674013018133916,1,1.0
187,16,2,Direct,16.008015381289287,16.008015381289287,1,1.0
187,16,14,Direct,0.4093084879521011,0.4093084879521011,1,1.0
187,17,3,Direct,0.05861820340927976,0.05861820340927976,1,1.0
187,17,5,Direct,33.762216804372954,33.762216804372954,1,1.0
187,17,11,Direct,41.57757739050161,41.57757739050161,1,1.0
187,18,7,Direct,0.27246169908349105,0.27246169908349105,1,1.0
187,18,11,Direct,0.05142591221180093,0.05142591221180093,1,1.0
187,18,15,Direct,14.690437931793559,14.690437931793559,1,1.0
187,20,9,Direct,0.008331818997145898,0.008331818997145898,1,1.0
187,20,12,Direct,6.020952818491086,6.020952818491086,1,1.0
187,21,15,Direct,3.1480798128030973,3.1480798128030973,1,1.0
187,22,3,Direct,0.08063898528422583,0.08063898528422583,1,1.0
187,23,1,Direct,2.9730377652382325,2.9730377652382325,1,1.0
187,23,7,Direct,13.634923834443981,13.634923834443981,1,1.0
187,23,8,Direct,0.012858002018991047,0.012858002018991047,1,1.0
188,0,2,Direct,0.013183113277204832,0.013183113277204832,1,1.0
188,1,2,Direct,0.22964246129473195,0.22964246129473195,1,1.0
188,1,6,Direct,11.279917024353162,11.279917024353162,1,1.0
188,1,14,Direct,0.011346361602046925,0.011346361602046925,1,1.0
188,3,14,Direct,0.11167407473450063,0.11167407473450063,1,1.0
188,3,15,Direct,0.31928860829930195,0.31928860829930195,1,1.0
188,4,13,Direct,0.010749900272558439,0.010749900272558439,1,1.0
188,4,15,Direct,10.001798886912093,10.001798886912093,1,1.0
188,5,14,Direct,16.020409438774013,16.020409438774013,1,1.0
188,6,7,Direct,6.640718661493464,6.640718661493464,1,1.0
188,6,8,Direct,3.2351742221309903,3.2351742221309903,1,1.0
188,6,14,Direct,67.96751668918061,67.96751668918061,1,1.0
188,7,2,Direct,1.672979481140567,1.672979481140567,1,1.0
188,7,14,Direct,0.04896626743888661,0.04896626743888661,1,1.0
188,9,2,Direct,1.380172334732426,1.380172334732426,1,1.0
188,10,2,Direct,0.012698802159807742,0.012698802159807742,1,1.0
188,12,3,Direct,11.150673205150984,11.150673205150984,1,1.0
188,14,3,Direct,0.571643604065471,0.571643604065471,1,1.0
188,14,15,Direct,0.038411244008627735,0.038411244008627735,1,1.0
188,16,8,Direct,0.029210304370699536,0.029210304370699536,1,1.0
188,17,9,Direct,0.009366911213115238,0.009366911213115238,1,1.0
188,17,12,Direct,8.293027819391652,8.293027819391652,1,1.0
188,18,8,Direct,0.02193256495138999,0.02193256495138999,1,1.0
188,18,9,Direct,0.019788441998907547,0.019788441998907547,1,1.0
188,18,10,Direct,25.66285658686817,25.66285658686817,1,1.0
188,18,12,Direct,0.3247810578380663,0.3247810578380663,1,1.0
188,18,13,Direct,7.186314864520143,7.186314864520143,1,1.0
188,19,4,Direct,256.0,256.0,1,1.0
188,19,6,Direct,0.11331544194962496,0.11331544194962496,1,1.0
188,19,12,Direct,0.1269060737398248,0.1269060737398248,1,1.0
188,20,6,Direct,0.051903838642539446,0.051903838642539446,1,1.0
188,21,3,Direct,1.232240927793185,1.232240927793185,1,1.0
188,21,6,Direct,5.897028899240523,5.897028899240523,1,1.0
188,21,9,Direct,0.2729127303965925,0.2729127303965925,1,1.0
188,22,1,Direct,14.28787843573399,14.28787843573399,1,1.0
188,22,4,Direct,0.12196859016425639,0.12196859016425639,1,1.0
188,22,5,Direct,0.020766998151737874,0.020766998151737874,1,1.0
188,23,3,Direct,0.03862210167962785,0.03862210167962785,1,1.0
188,23,14,ViaRelay,97.71547005648296,97.71547005648296,1,1.0
189,0,4,ViaRelay,114.23745950739507,114.23745950739507,1,1.0
189,0,13,Direct,9.240850281041356,9.240850281041356,1,1.0
189,1,2,Direct,0.031183124906298584,0.031183124906298584,1,1.0
189,2,3,Direct,4.077473690014656,4.077473690014656,1,1.0
189,2,5,Direct,83.76055691080703,83.76055691080703,1,1.0
189,4,1,Direct,0.0671960715209442,0.0671960715209442,1,1.0
189,5,0,Direct,1.735115686775851,1.735115686775851,1,1.0
189,6,4,Direct,4.348986208689406,4.348986208689406,1,1.0
189,7,3,Direct,109.79183166288495,109.79183166288495,1,1.0
189,7,5,Direct,252.39216191312914,252.39216191312914,1,1.0
189,7,10,Direct,0.44512530105113457,0.44512530105113457,1,1.0
189,8,2,Direct,10.223672589201241,10.223672589201241,1,1.0
189,8,4,Direct,0.12164299593725374,0.12164299593725374,1,1.0
189,9,14,Direct,0.5207136322461687,0.5207136322461687,1,1.0
189,11,5,Direct,0.0318504105170415,0.0318504105170415,1,1.0
189,11,10,Direct,8.031753068414643,8.031753068414643,1,1.0
189,12,0,Direct,0.40110904352973703,0.40110904352973703,1,1.0
189,13,4,Direct,1.3095082823164348,1.3095082823164348,1,1.0
189,14,0,Direct,1.6478810186294168,1.6478810186294168,1,1.0
189,14,4,Direct,56.890836264252684,56.890836264252684,1,1.0
189,14,6,Direct,0.013481836863849154,0.013481836863849154,1,1.0
189,16,3,Direct,9.339429890464194,9.339429890464194,1,1.0
189,16,11,Direct,0.26051525484788773,0.26051525484788773,1,1.0
189,17,0,Direct,1.3464200638203339,1.3464200638203339,1,1.0
189,17,4,Direct,256.0,256.0,1,1.0
189,19,4,Direct,0.28931794189216453,0.28931794189216453,1,1.0
189,19,5,Direct,23.555999804579656,23.555999804579656,1,1.0
189,19,10,Direct,2.569227737086662,2.569227737086662,1,1.0
189,19,11,Direct,1.4443003090113704,1.4443003090113704,1,1.0
189,20,1,Direct,0.6074741603652151,0.6074741603652151,1,1.0
189,20,6,Direct,0.3066178358088095,0.3066178358088095,1,1.0
189,21,6,Direct,0.01398765021530406,0.01398765021530406,1,1.0
189,22,0,Direct,3.488893173049148,3.488893173049148,1,1.0
189,22,1,Direct,3.534818037943309,3.534818037943309,1,1.0
189,22,4,Direct,0.08826815278708873,0.08826815278708873,1,1.0
189,22,6,Direct,0.010867541980029427,0.010867541980029427,1,1.0
189,23,0,Direct,0.018615806191975465,0.018615806191975465,1,1.0
189,23,9,Direct,0.010720091379494251,0.010720091379494251,1,1.0
190,0,6,Direct,1.9913545424275498,1.9913545424275498,1,1.0
190,0,7,Direct,0.01951225516269321,0.01951225516269321,1,1.0
190,0,13,Direct,0.07149647995180387,0.07149647995180387,1,1.0
190,2,14,Direct,6.566636055359356,6.566636055359356,1,1.0
190,3,0,Direct,3.896619830186061,3.896619830186061,1,1.0
190,4,2,Direct,0.4013115781610937,0.4013115781610937,1,1.0
190,5,4,Direct,0.6575004873513296,0.6575004873513296,1,1.0
190,6,2,Direct,0.013056096027454406,0.013056096027454406,1,1.0
190,6,5,Direct,48.37336852484659,48.37336852484659,1,1.0
190,7,1,Direct,0.05006674437033271,0.05006674437033271,1,1.0
190,7,5,Direct,0.03242333498697491,0.03242333498697491,1,1.0
190,8,1,Direct,7.880206005501017,7.880206005501017,1,1.0
190,9,1,Direct,0.1817148346729507,0.1817148346729507,1,1.0
190,9,2,Direct,8.29859403077971,8.29859403077971,1,1.0
190,10,13,Direct,1.8486970132127687,1.8486970132127687,1,1.0
190,11,7,Direct,1.2602451287569914,1.2602451287569914,1,1.0
190,12,7,Direct,36.07615893843544,36.07615893843544,1,1.0
190,13,5,Direct,0.21198160242572234,0.21198160242572234,1,1.0
190,13,13,Direct,7.762323693793684,7.762323693793684,1,1.0
190,13,15,Direct,5.918574640378258,5.918574640378258,1,1.0
190,14,1,Direct,0.25793968619951124,0.25793968619951124,1,1.0
190,14,5,Direct,0.8111587269003715,0.8111587269003715,1,1.0
190,16,13,Direct,0.012909932870524549,0.012909932870524549,1,1.0
190,16,14,Direct,3.853248760176059,3.853248760176059,1,1.0
190,16,15,Direct,0.02386528760043822,0.02386528760043822,1,1.0
190,17,4,Direct,45.343585337740784,45.343585337740784,1,1.0
190,17,6,Direct,60.90098148709878,60.90098148709878,1,1.0
190,17,7,Direct,0.07838467920679165,0.07838467920679165,1,1.0
190,18,0,Direct,22.557082456566725,22.557082456566725,1,1.0
190,20,6,Direct,205.0914306324178,205.0914306324178,1,1.0
190,22,5,Direct,0.05431443234237917,0.05431443234237917,1,1.0
190,23,4,Direct,174.64719747755794,174.64719747755794,1,1.0
191,1,4,Direct,2.4505136589604457,2.4505136589604457,1,1.0
191,1,12,Direct,0.34080841511888965,0.34080841511888965,1,1.0
191,1,14,Direct,0.023155290942976303,0.023155290942976303,1,1.0
191,2,4,Direct,26.936596925019394,26.936596925019394,1,1.0
191,2,6,Direct,2.0031374177418546,2.0031374177418546,1,1.0
191,3,2,Direct,1.3905461540480364,1.3905461540480364,1,1.0
191,3,10,Direct,1.2337660903472976,1.2337660903472976,1,1.0
191,3,12,Direct,0.2215341768278149,0.2215341768278149,1,1.0
191,4,10,Direct,150.4433905179642,150.4433905179642,1,1.0
191,4,15,Direct,0.019165111419919438,0.019165111419919438,1,1.0
191,5,6,Direct,8.913860381694727,8.913860381694727,1,1.0
191,6,2,Direct,0.028147643573243116,0.028147643573243116,1,1.0
191,6,13,Direct,0.017705597944694024,0.017705597944694024,1,1.0
191,7,12,Direct,17.474686074140674,17.474686074140674,1,1.0
191,8,3,Direct,0.012156727138525586,0.012156727138525586,1,1.0
191,8,10,Direct,0.10319373641331125,0.10319373641331125,1,1.0
191,9,2,Direct,2.882916368306438,2.882916368306438,1,1.0
191,9,10,Direct,45.94736947686084,45.94736947686084,1,1.0
191,9,13,Direct,0.02466921715827441,0.02466921715827441,1,1.0
191,9,15,Direct,0.2549990906957909,0.2549990906957909,1,1.0
191,10,2,Direct,0.012664899086353636,0.012664899086353636,1,1.0
191,10,11,Direct,0.0871458920096518,0.0871458920096518,1,1.0
191,11,4,Direct,81.25062253445262,81.25062253445262,1,1.0
191,12,0,Direct,1.36998138168899,1.36998138168899,1,1.0
191,12,4,Direct,9.738972400499044,9.738972400499044,1,1.0
191,13,2,Direct,0.02550745604068706,0.02550745604068706,1,1.0
191,13,6,Direct,0.025698014385627386,0.025698014385627386,1,1.0
191,13,11,Direct,13.69695687226251,13.69695687226251,1,1.0
191,14,6,Direct,0.46693139104567927,0.46693139104567927,1,1.0
191,14,11,Direct,256.0,256.0,1,1.0
191,15,4,Direct,24.506783787919385,24.506783787919385,1,1.0
191,15,11,Direct,15.043652745592489,15.043652745592489,1,1.0
191,16,13,Direct,0.030916735675369345,0.030916735675369345,1,1.0
191,16,15,Direct,10.751157089301676,10.751157089301676,1,1.0
191,17,15,Direct,6.47282932502517,6.47282932502517,1,1.0
191,18,10,Direct,9.3770773426277,9.3770773426277,1,1.0
191,19,4,Direct,5.879888592787751,5.879888592787751,1,1.0
191,19,6,Direct,0.011354449960571725,0.011354449960571725,1,1.0
191,20,0,Direct,0.5755690088029103,0.5755690088029103,1,1.0
191,20,10,Direct,0.7864234518032553,0.7864234518032553,1,1.0
191,21,2,Direct,3.022945809336713,3.022945809336713,1,1.0
191,22,6,Direct,0.22958721572981264,0.22958721572981264,1,1.0
192,1,6,Direct,13.171571911754263,13.171571911754263,1,1.0
192,2,14,Direct,11.3483444542448,11.3483444542448,1,1.0
192,4,14,Direct,0.07624502646139797,0.07624502646139797,1,1.0
192,5,4,Direct,0.10396239525489881,0.10396239525489881,1,1.0
192,5,6,Direct,0.02547983672847978,0.02547983672847978,1,1.0
192,7,9,Direct,0.6797530744248482,0.6797530744248482,1,1.0
192,7,14,Direct,0.08239273254223728,0.08239273254223728,1,1.0
192,8,9,Direct,0.8909661941438968,0.8909661941438968,1,1.0
192,9,0,Direct,0.21308339873715226,0.21308339873715226,1,1.0
192,9,2,Direct,17.44466281693386,17.44466281693386,1,1.0
192,9,4,Direct,0.020216346984444283,0.020216346984444283,1,1.0
192,9,12,Direct,162.12025248313356,162.12025248313356,1,1.0
192,10,9,Direct,0.012245808679926706,0.012245808679926706,1,1.0
192,10,14,Direct,0.8141470030740042,0.8141470030740042,1,1.0
192,11,9,Direct,0.07508634541289065,0.07508634541289065,1,1.0
192,11,12,Direct,32.83029343127811,32.83029343127811,1,1.0
192,11,14,Direct,0.018654213421452286,0.018654213421452286,1,1.0
192,12,11,Direct,0.7182557733115107,0.7182557733115107,1,1.0
192,14,8,Direct,0.5955205998230131,0.5955205998230131,1,1.0
192,16,0,Direct,0.010196044931248304,0.010196044931248304,1,1.0
192,16,12,Direct,4.672162243753319,4.672162243753319,1,1.0
192,17,4,Direct,0.051498925938043415,0.051498925938043415,1,1.0
192,18,4,Direct,167.01280955812496,167.01280955812496,1,1.0
192,18,12,Direct,256.0,256.0,1,1.0
192,18,14,Direct,0.12245351777831644,0.12245351777831644,1,1.0
192,19,7,Direct,0.05767398395868146,0.05767398395868146,1,1.0
192,21,8,Direct,0.017656066542522407,0.017656066542522407,1,1.0
192,22,6,Direct,2.6047794983134396,2.6047794983134396,1,1.0
192,22,15,Direct,2.1232567686348083,2.1232567686348083,1,1.0
192,23,0,Direct,0.042945900082504505,0.042945900082504505,1,1.0
192,23,8,Direct,0.0751573355946535,0.0751573355946535,1,1.0
192,23,11,Direct,256.0,256.0,1,1.0
193,0,9,Direct,0.11367356430772435,0.11367356430772435,1,1.0
193,0,13,Direct,0.01592119527097324,0.01592119527097324,1,1.0
193,1,3,Direct,0.10368523487731982,0.10368523487731982,1,1.0
193,1,9,Direct,1.9438820602139506,1.9438820602139506,1,1.0
193,3,5,Direct,76.24322988916384,76.24322988916384,1,1.0
193,4,0,Direct,0.02131949571116082,0.02131949571116082,1,1.0
193,4,5,Direct,0.03474241706683408,0.03474241706683408,1,1.0
193,4,8,Direct,0.0701133247691879,0.0701133247691879,1,1.0
193,4,15,Direct,0.019107564541591827,0.019107564541591827,1,1.0
193,6,0,Direct,0.02113643775845136,0.02113643775845136,1,1.0
193,6,13,Direct,0.018626915877743403,0.018626915877743403,1,1.0
193,6,15,Direct,22.79221127227384,22.79221127227384,1,1.0
193,7,0,Direct,0.4191734689626754,0.4191734689626754,1,1.0
193,7,8,Direct,0.1083312618386462,0.1083312618386462,1,1.0
193,7,15,Direct,4.772025443667625,4.772025443667625,1,1.0
193,8,8,Direct,6.815913043936273,6.815913043936273,1,1.0
193,9,3,Direct,0.05369049998560266,0.05369049998560266,1,1.0
193,10,0,Direct,2.0637258219009613,2.0637258219009613,1,1.0
193,11,5,Direct,0.06667313797652633,0.06667313797652633,1,1.0
193,12,7,Direct,0.036128559015384254,0.036128559015384254,1,1.0
193,12,9,Direct,0.015456000847753585,0.015456000847753585,1,1.0
193,13,0,Direct,0.01533614589630034,0.01533614589630034,1,1.0
193,14,3,Direct,0.39696718160399425,0.39696718160399425,1,1.0
193,16,15,Direct,7.27913696919362,7.27913696919362,1,1.0
193,17,8,Direct,0.04820015104179887,0.04820015104179887,1,1.0
193,17,9,Direct,0.01858710704245929,0.01858710704245929,1,1.0
193,18,8,Direct,0.3107988211226751,0.3107988211226751,1,1.0
193,18,13,Direct,0.02893147003825581,0.02893147003825581,1,1.0
193,19,2,Direct,0.06337866406615153,0.06337866406615153,1,1.0
193,19,7,Direct,2.0966196888542226,2.0966196888542226,1,1.0
193,20,5,Direct,0.17929576912842504,0.17929576912842504,1,1.0
193,20,7,Direct,0.019533872891429126,0.019533872891429126,1,1.0
193,20,15,Direct,0.10071520374030686,0.10071520374030686,1,1.0
193,21,5,Direct,48.523619165865874,48.523619165865874,1,1.0
193,23,3,Direct,7.726760597222869,7.726760597222869,1,1.0
193,23,8,Direct,18.14852128500301,18.14852128500301,1,1.0
193,23,15,Direct,0.013255609557982061,0.013255609557982061,1,1.0
194,0,1,Direct,0.026268641911814574,0.026268641911814574,1,1.0
194,0,14,Direct,0.024481098305960052,0.024481098305960052,1,1.0
194,0,15,Direct,0.10840913002038516,0.10840913002038516,1,1.0
194,1,0,Direct,0.1269700518276837,0.1269700518276837,1,1.0
194,1,2,Direct,0.42779764590599806,0.42779764590599806,1,1.0
194,1,15,Direct,0.02823554922839064,0.02823554922839064,1,1.0
194,2,2,Direct,1.8383589426136744,1.8383589426136744,1,1.0
194,2,3,Direct,0.00845805078215211,0.00845805078215211,1,1.0
194,2,12,Direct,0.13542958180310385,0.13542958180310385,1,1.0
194,3,13,Direct,0.014862289339547818,0.014862289339547818,1,1.0
194,3,15,Direct,1.0249728301846042,1.0249728301846042,1,1.0
194,5,14,Direct,9.944104401363157,9.944104401363157,1,1.0
194,8,1,Direct,0.03343635588728212,0.03343635588728212,1,1.0
194,8,12,Direct,10.160705912909055,10.160705912909055,1,1.0
194,9,3,Direct,0.16371886977329497,0.16371886977329497,1,1.0
194,9,9,Direct,0.013827704805897345,0.013827704805897345,1,1.0
194,10,15,Direct,8.010472977338617,8.010472977338617,1,1.0
194,12,8,Direct,19.725255952508974,19.725255952508974,1,1.0
194,14,15,Direct,0.07011607818700188,0.07011607818700188,1,1.0
194,15,0,Direct,0.06545777065615274,0.06545777065615274,1,1.0
194,15,15,Direct,3.417341912493856,3.417341912493856,1,1.0
194,16,2,Direct,0.02687028980572894,0.02687028980572894,1,1.0
194,16,9,Direct,20.909565868307983,20.909565868307983,1,1.0
194,16,13,Direct,0.14407689442246305,0.14407689442246305,1,1.0
194,16,14,Direct,0.04040652806832428,0.04040652806832428,1,1.0
194,17,9,Direct,0.0486895520779167,0.0486895520779167,1,1.0
194,17,15,Direct,0.050269037806318674,0.050269037806318674,1,1.0
194,18,12,Direct,94.45678961771497,94.45678961771497,1,1.0
194,18,13,Direct,0.017135961143186898,0.017135961143186898,1,1.0
194,19,3,Direct,0.02864452136359551,0.02864452136359551,1,1.0
194,19,9,Direct,0.08894598539720255,0.08894598539720255,1,1.0
194,20,9,Direct,2.005406892414927,2.005406892414927,1,1.0
194,21,0,Direct,0.2931430723755439,0.2931430723755439,1,1.0
194,21,1,Direct,40.46819376777771,40.46819376777771,1,1.0
194,21,2,Direct,0.02266820259626334,0.02266820259626334,1,1.0
194,22,2,Direct,0.3675480790474796,0.3675480790474796,1,1.0
194,22,9,Direct,1.6523701298941327,1.6523701298941327,1,1.0
194,22,14,Direct,45.621513675131794,45.621513675131794,1,1.0
195,0,1,Direct,0.05530955950249309,0.05530955950249309,1,1.0
195,0,9,Direct,1.5941281490011963,1.5941281490011963,1,1.0
195,0,14,Direct,1.4325345363788635,1.4325345363788635,1,1.0
195,1,1,Direct,0.34885292602180473,0.34885292602180473,1,1.0
195,2,1,Direct,3.1883469308835775,3.1883469308835775,1,1.0
195,2,13,Direct,0.01416407529697031,0.01416407529697031,1,1.0
195,2,15,Direct,0.02611307582516209,0.02611307582516209,1,1.0
195,3,2,Direct,0.021762362117939048,0.021762362117939048,1,1.0
195,3,5,Direct,0.282219772911485,0.282219772911485,1,1.0
195,4,2,Direct,8.342914577458544,8.342914577458544,1,1.0
195,6,9,Direct,0.09451189989808126,0.09451189989808126,1,1.0
195,7,10,Direct,0.09972140571753885,0.09972140571753885,1,1.0
195,7,13,Direct,0.26800983208882945,0.26800983208882945,1,1.0
195,8,10,ViaRelay,12.549634155045984,12.549634155045984,1,1.0
195,9,5,Direct,0.060378373008005144,0.060378373008005144,1,1.0
195,9,10,Direct,0.25639349890649726,0.25639349890649726,1,1.0
195,9,12,Direct,1.7956700716890692,1.7956700716890692,1,1.0
195,10,4,Direct,0.26566375795772756,0.26566375795772756,1,1.0
195,11,5,Direct,0.8394588914043067,0.8394588914043067,1,1.0
195,11,13,Direct,1.5115611293685778,1.5115611293685778,1,1.0
195,13,4,Direct,108.46256947687058,108.46256947687058,1,1.0
195,13,5,Direct,0.023223651672972752,0.023223651672972752,1,1.0
195,15,4,Direct,1.4175330292791042,1.4175330292791042,1,1.0
195,15,10,Direct,0.060259384008470175,0.060259384008470175,1,1.0
195,15,13,Direct,0.9130438636579692,0.9130438636579692,1,1.0
195,16,9,Direct,1.379404406054604,1.379404406054604,1,1.0
195,16,13,ViaRelay,2.029836395263596,2.029836395263596,1,1.0
195,17,5,Direct,1.607374653568345,1.607374653568345,1,1.0
195,17,15,Direct,0.015455820465685017,0.015455820465685017,1,1.0
195,18,10,Direct,10.953604076924025,10.953604076924025,1,1.0
195,18,12,ViaRelay,14.354485773077196,14.354485773077196,1,1.0
195,18,15,Direct,0.18453944887889878,0.18453944887889878,1,1.0
195,20,5,Direct,0.04278090384612563,0.04278090384612563,1,1.0
195,20,9,Direct,0.01604335092487353,0.01604335092487353,1,1.0
195,21,1,Direct,0.2194736392347758,0.2194736392347758,1,1.0
195,21,9,Direct,0.026220161557753887,0.026220161557753887,1,1.0
195,22,13,Direct,9.288049234803461,9.288049234803461,1,1.0
196,0,14,Direct,106.91780066274644,106.91780066274644,1,1.0
196,2,15,Direct,0.010979463109114547,0.010979463109114547,1,1.0
196,3,14,Direct,84.15841023584683,84.15841023584683,1,1.0
196,4,6,Direct,0.022655068853480797,0.022655068853480797,1,1.0
196,4,15,Direct,19.82379771298572,19.82379771298572,1,1.0
196,5,6,Direct,0.07415919160042558,0.07415919160042558,1,1.0
196,5,15,Direct,1.85751963956359,1.85751963956359,1,1.0
196,7,2,Direct,5.487917917063742,5.487917917063742,1,1.0
196,8,9,Direct,0.10370635452207781,0.10370635452207781,1,1.0
196,8,10,Direct,0.06541530376124549,0.06541530376124549,1,1.0
196,9,10,Direct,2.8647438106785854,2.8647438106785854,1,1.0
196,10,6,Direct,2.529185134646366,2.529185134646366,1,1.0
196,11,5,Direct,7.142684732068986,7.142684732068986,1,1.0
196,12,6,Direct,0.12558007433051147,0.12558007433051147,1,1.0
196,13,3,Direct,2.541511509372522,2.541511509372522,1,1.0
196,13,11,Direct,0.06761063787623822,0.06761063787623822,1,1.0
196,13,14,Direct,0.2268438575998076,0.2268438575998076,1,1.0
196,14,9,Direct,3.225816254723917,3.225816254723917,1,1.0
196,15,3,Direct,0.2793533522316015,0.2793533522316015,1,1.0
196,15,10,Direct,0.10521807467831669,0.10521807467831669,1,1.0
196,16,8,Direct,0.045956644375037985,0.045956644375037985,1,1.0
196,16,15,Direct,0.02782781719238847,0.02782781719238847,1,1.0
196,17,9,Direct,3.212154073651477,3.212154073651477,1,1.0
196,18,5,Direct,0.3088923029814226,0.3088923029814226,1,1.0
196,18,10,Direct,0.05619322139715497,0.05619322139715497,1,1.0
196,20,5,Direct,0.038584413236602035,0.038584413236602035,1,1.0
196,20,15,Direct,30.679565528741318,30.679565528741318,1,1.0
196,23,0,Direct,0.03916239287324993,0.03916239287324993,1,1.0
196,23,5,Direct,0.01993429243158042,0.01993429243158042,1,1.0
196,23,15,Direct,29.296512341447887,29.296512341447887,1,1.0
197,1,14,Direct,0.030101511587970402,0.030101511587970402,1,1.0
197,2,2,Direct,16.389090868855856,16.389090868855856,1,1.0
197,3,5,Direct,8.904273587958343,8.904273587958343,1,1.0
197,3,7,Direct,0.07588705833233418,0.07588705833233418,1,1.0
197,7,12,Direct,51.33986024124869,51.33986024124869,1,1.0
197,7,14,Direct,0.0475467055441238,0.0475467055441238,1,1.0
197,9,1,Direct,0.03670903551794965,0.03670903551794965,1,1.0
197,9,7,Direct,0.23956820234012097,0.23956820234012097,1,1.0
197,9,12,Direct,12.584790505086872,12.584790505086872,1,1.0
197,9,13,Direct,0.16734603674222875,0.16734603674222875,1,1.0
197,11,5,Direct,40.33986113100591,40.33986113100591,1,1.0
197,11,15,Direct,0.01214402237665585,0.01214402237665585,1,1.0
197,12,1,Direct,0.01912161161952171,0.01912161161952171,1,1.0
197,12,2,Direct,0.019443558292425916,0.019443558292425916,1,1.0
197,12,15,Direct,0.3537788371501588,0.3537788371501588,1,1.0
197,14,15,Direct,0.018086774923956456,0.018086774923956456,1,1.0
197,15,15,Direct,0.022278694481486658,0.022278694481486658,1,1.0
197,16,10,Direct,30.91920788468313,30.91920788468313,1,1.0
197,17,1,Direct,25.229696537409882,25.229696537409882,1,1.0
197,17,5,Direct,52.6901798711538,52.6901798711538,1,1.0
197,17,7,Direct,0.11365174742297147,0.11365174742297147,1,1.0
197,18,5,Direct,1.065345772387349,1.065345772387349,1,1.0
197,18,7,Direct,0.03788955602865386,0.03788955602865386,1,1.0
197,19,2,Direct,1.9449617433421285,1.9449617433421285,1,1.0
197,20,1,Direct,0.05870464818680129,0.05870464818680129,1,1.0
197,20,2,Direct,1.1378358641385107,1.1378358641385107,1,1.0
197,20,3,Direct,3.0524472408643435,3.0524472408643435,1,1.0
197,21,3,Direct,2.3909726755479963,2.3909726755479963,1,1.0
197,21,7,Direct,12.980074717750037,12.980074717750037,1,1.0
197,21,12,Direct,10.366991332787643,10.366991332787643,1,1.0
197,21,14,Direct,0.2214206040396643,0.2214206040396643,1,1.0
197,21,15,Direct,0.011704307153547885,0.011704307153547885,1,1.0
197,23,9,Direct,0.017259740544409152,0.017259740544409152,1,1.0
197,23,11,Direct,18.715682652102103,18.715682652102103,1,1.0
198,0,2,Direct,0.011228649476924358,0.011228649476924358,1,1.0
198,0,9,Direct,0.2858600061409857,0.2858600061409857,1,1.0
198,0,14,Direct,7.721990788512976,7.721990788512976,1,1.0
198,1,1,Direct,0.06725282532000058,0.06725282532000058,1,1.0
198,1,12,Direct,1.4366576377287121,1.4366576377287121,1,1.0
198,2,0,Direct,3.7736541618040946,3.7736541618040946,1,1.0
198,2,1,Direct,0.958509841903163,0.958509841903163,1,1.0
198,3,9,Direct,0.07674882129025812,0.07674882129025812,1,1.0
198,4,2,Direct,0.02745321978259417,0.02745321978259417,1,1.0
198,4,7,Direct,0.05251106602311241,0.05251106602311241,1,1.0
198,4,9,Direct,3.11765839852687,3.11765839852687,1,1.0
198,5,1,Direct,0.01277804494821553,0.01277804494821553,1,1.0
198,5,14,Direct,61.837795935538665,61.837795935538665,1,1.0
198,6,7,Direct,0.1467261652111881,0.1467261652111881,1,1.0
198,7,3,Direct,5.8093182952501525,5.8093182952501525,1,1.0
198,7,7,Direct,45.70459500218148,45.70459500218148,1,1.0
198,7,12,Direct,4.552543292411769,4.552543292411769,1,1.0
198,8,1,Direct,0.03748960468345838,0.03748960468345838,1,1.0
198,8,2,Direct,4.789248907305321,4.789248907305321,1,1.0
198,9,0,Direct,1.5924397343494887,1.5924397343494887,1,1.0
198,9,5,Direct,0.04191924781520921,0.04191924781520921,1,1.0
198,9,8,Direct,0.8204530582801668,0.8204530582801668,1,1.0
198,9,9,Direct,0.14821415820576325,0.14821415820576325,1,1.0
198,9,12,Direct,125.29495662004237,125.29495662004237,1,1.0
198,9,14,Direct,51.14627231829598,51.14627231829598,1,1.0
198,10,2,Direct,0.0492695710416897,0.0492695710416897,1,1.0
198,10,7,Direct,0.026710304295521386,0.026710304295521386,1,1.0
198,11,2,Direct,18.01722543461776,18.01722543461776,1,1.0
198,11,12,Direct,82.54562908765305,82.54562908765305,1,1.0
198,12,0,Direct,0.01047200190312112,0.01047200190312112,1,1.0
198,12,7,Direct,12.246833507204633,12.246833507204633,1,1.0
198,12,12,Direct,1.4411759136837428,1.4411759136837428,1,1.0
198,14,2,Direct,21.47685185632835,21.47685185632835,1,1.0
198,14,8,Direct,0.05612587443631581,0.05612587443631581,1,1.0
198,16,3,Direct,5.69877354039138,5.69877354039138,1,1.0
198,19,3,Direct,0.02878443545715086,0.02878443545715086,1,1.0
198,20,1,Direct,0.1712740527812053,0.1712740527812053,1,1.0
198,21,12,Direct,96.76037880036688,96.76037880036688,1,1.0
198,23,1,Direct,3.0272341330234007,3.0272341330234007,1,1.0
198,23,8,Direct,24.624370239990004,24.624370239990004,1,1.0
198,23,12,Direct,129.6781655646843,129.6781655646843,1,1.0
198,23,15,Direct,0.015542348585571589,0.015542348585571589,1,1.0
199,0,10,Direct,1.701994430135191,1.701994430135191,1,1.0
199,0,11,Direct,0.18860536590334814,0.18860536590334814,1,1.0
199,0,15,Direct,0.01653541653446941,0.01653541653446941,1,1.0
199,1,1,Direct,0.08107874487068086,0.08107874487068086,1,1.0
199,1,11,Direct,122.84193186538772,122.84193186538772,1,1.0
199,1,14,Direct,5.736400817894574,5.736400817894574,1,1.0
199,2,13,Direct,0.2549361184275103,0.2549361184275103,1,1.0
199,3,7,Direct,0.052984116686615026,0.052984116686615026,1,1.0
199,3,9,Direct,0.08490657687384867,0.08490657687384867,1,1.0
199,4,1,Direct,0.0731186989069778,0.0731186989069778,1,1.0
199,4,7,Direct,0.057398493268549095,0.057398493268549095,1,1.0
199,4,10,Direct,0.07294580653953506,0.07294580653953506,1,1.0
199,5,8,Direct,8.623814116495254,8.623814116495254,1,1.0
199,6,15,Direct,0.04130205218243308,0.04130205218243308,1,1.0
199,7,15,Direct,0.04740246519679112,0.04740246519679112,1,1.0
199,8,1,Direct,48.933022987266725,48.933022987266725,1,1.0
199,9,4,Direct,2.4167350995319237,2.4167350995319237,1,1.0
199,9,9,Direct,0.1331753959073517,0.1331753959073517,1,1.0
199,9,15,Direct,0.8458983698295506,0.8458983698295506,1,1.0
199,10,7,Direct,29.6400251655073,29.6400251655073,1,1.0
199,10,10,Direct,122.82019483448192,122.82019483448192,1,1.0
199,10,13,Direct,0.008230648132509427,0.008230648132509427,1,1.0
199,11,2,Direct,7.896155606575788,7.896155606575788,1,1.0
199,11,5,Direct,5.747764878091509,5.747764878091509,1,1.0
199,11,7,Direct,13.287408576353,13.287408576353,1,1.0
199,12,3,Direct,0.017732636119868025,0.017732636119868025,1,1.0
199,12,13,Direct,0.02415098482093051,0.02415098482093051,1,1.0
199,12,14,Direct,19.62087925593399,19.62087925593399,1,1.0
199,13,4,Direct,16.43368392371756,16.43368392371756,1,1.0
199,13,7,Direct,0.02424626144016775,0.02424626144016775,1,1.0
199,13,8,Direct,0.743358753893257,0.743358753893257,1,1.0
199,14,1,Direct,0.20964130128884542,0.20964130128884542,1,1.0
199,14,13,Direct,0.2896758829959541,0.2896758829959541,1,1.0
199,14,15,Direct,1.1811390796397765,1.1811390796397765,1,1.0
199,15,1,Direct,0.010209233186552391,0.010209233186552391,1,1.0
199,16,8,Direct,0.0850056425423026,0.0850056425423026,1,1.0
199,17,1,Direct,0.1667886944394305,0.1667886944394305,1,1.0
199,17,7,Direct,0.9181405474975312,0.9181405474975312,1,1.0
199,18,2,Direct,11.2625133836976,11.2625133836976,1,1.0
199,18,3,Direct,0.011258775709712584,0.011258775709712584,1,1.0
199,18,11,Direct,137.27335533525925,137.27335533525925,1,1.0
199,19,4,Direct,0.2883297659569679,0.2883297659569679,1,1.0
199,19,8,Direct,0.5618329836843259,0.5618329836843259,1,1.0
199,19,15,Direct,0.022792211531011436,0.022792211531011436,1,1.0
199,22,4,Direct,0.15654508340019654,0.15654508340019654,1,1.0
200,1,12,Direct,256.0,256.0,1,1.0
200,2,13,Direct,1.0355131775433377,1.0355131775433377,1,1.0
200,2,15,Direct,0.04024603672333161,0.04024603672333161,1,1.0
200,3,1,Direct,0.06583852654075453,0.06583852654075453,1,1.0
200,3,15,Direct,0.08790567549024927,0.08790567549024927,1,1.0
200,4,11,Direct,152.49310112443126,152.49310112443126,1,1.0
200,5,8,Direct,11.083799479683377,11.083799479683377,1,1.0
200,5,10,Direct,117.99289756015094,117.99289756015094,1,1.0
200,6,6,Direct,0.026323701866299842,0.026323701866299842,1,1.0
200,8,1,Direct,20.319371675421586,20.319371675421586,1,1.0
200,8,11,Direct,0.5633532390322599,0.5633532390322599,1,1.0
200,9,11,Direct,202.54681176231358,202.54681176231358,1,1.0
200,9,12,Direct,0.20703355772591334,0.20703355772591334,1,1.0
200,10,3,Direct,0.3466442576609062,0.3466442576609062,1,1.0
200,10,11,Direct,0.24868520727680007,0.24868520727680007,1,1.0
200,11,7,Direct,22.77747059814588,22.77747059814588,1,1.0
200,11,10,Direct,256.0,256.0,1,1.0
200,12,6,Direct,7.730971775659395,7.730971775659395,1,1.0
200,12,8,Direct,0.6506148246581552,0.6506148246581552,1,1.0
200,13,9,Direct,9.030571565298098,9.030571565298098,1,1.0
200,13,15,Direct,0.04983633063185659,0.04983633063185659,1,1.0
200,14,3,Direct,0.049072588183431534,0.049072588183431534,1,1.0
200,14,11,Direct,49.99110954096714,49.99110954096714,1,1.0
200,15,13,Direct,0.03442232885951824,0.03442232885951824,1,1.0
200,16,8,Direct,0.013836519394862374,0.013836519394862374,1,1.0
200,17,1,Direct,0.015285302610753929,0.015285302610753929,1,1.0
200,17,3,Direct,0.007123093182586251,0.007123093182586251,1,1.0
200,17,10,Direct,0.06206754881382791,0.06206754881382791,1,1.0
200,18,8,Direct,74.86719447843554,74.86719447843554,1,1.0
200,20,1,Direct,0.7380655648362826,0.7380655648362826,1,1.0
200,20,9,Direct,1.9173085071533063,1.9173085071533063,1,1.0
200,21,8,Direct,20.757752932353252,20.757752932353252,1,1.0
200,21,12,Direct,0.19630012674582015,0.19630012674582015,1,1.0
200,21,13,Direct,0.010309339988045868,0.010309339988045868,1,1.0
200,22,12,Direct,256.0,256.0,1,1.0
200,23,3,Direct,3.8377330379927805,3.8377330379927805,1,1.0
200,23,12,Direct,10.417089750409982,10.417089750409982,1,1.0
200,23,13,Direct,0.013888209156645712,0.013888209156645712,1,1.0
201,0,4,Direct,0.033581243523085835,0.033581243523085835,1,1.0
201,1,4,Direct,0.08391812472784085,0.08391812472784085,1,1.0
201,1,7,Direct,0.1453006177767865,0.1453006177767865,1,1.0
201,1,10,Direct,0.02330706366559808,0.02330706366559808,1,1.0
201,2,7,Direct,0.04319818580548659,0.04319818580548659,1,1.0
201,3,1,Direct,0.028681563417657333,0.028681563417657333,1,1.0
201,3,15,Direct,2.181547977342686,2.181547977342686,1,1.0
201,4,1,Direct,1.0487371510295147,1.0487371510295147,1,1.0
201,4,7,Direct,1.7198963603783752,1.7198963603783752,1,1.0
201,4,10,Direct,0.03979395515452092,0.03979395515452092,1,1.0
201,5,10,Direct,0.1065894845315064,0.1065894845315064,1,1.0
201,5,12,Direct,0.07470753722771238,0.07470753722771238,1,1.0
201,6,6,Direct,0.1519539361023317,0.1519539361023317,1,1.0
201,7,15,Direct,6.233786012083258,6.233786012083258,1,1.0
201,8,1,Direct,17.69889682930325,17.69889682930325,1,1.0
201,8,6,Direct,27.15100634275965,27.15100634275965,1,1.0
201,10,12,Direct,256.0,256.0,1,1.0
201,10,14,Direct,0.32631007410719975,0.32631007410719975,1,1.0
201,11,9,Direct,3.3273675263696436,3.3273675263696436,1,1.0
201,11,12,Direct,256.0,256.0,1,1.0
201,11,13,Direct,0.026296855674365734,0.026296855674365734,1,1.0
201,12,10,Direct,26.400839931044164,26.400839931044164,1,1.0
201,13,1,Direct,0.16472576340983855,0.16472576340983855,1,1.0
201,14,6,Direct,0.023469809706197376,0.023469809706197376,1,1.0
201,14,14,Direct,54.590247477455044,54.590247477455044,1,1.0
201,15,14,Direct,0.16291790277161416,0.16291790277161416,1,1.0
201,15,15,Direct,0.020675988609433114,0.020675988609433114,1,1.0
201,16,3,Direct,0.580680492611839,0.580680492611839,1,1.0
201,17,7,Direct,8.438894177904405,8.438894177904405,1,1.0
201,17,12,Direct,0.24347506908273592,0.24347506908273592,1,1.0
201,18,0,Direct,0.012855625963814413,0.012855625963814413,1,1.0
201,18,6,Direct,0.12431949270433817,0.12431949270433817,1,1.0
201,18,13,Direct,0.8324634970550426,0.8324634970550426,1,1.0
201,19,1,Direct,6.039417664463896,6.039417664463896,1,1.0
201,19,13,Direct,0.5256186300785121,0.5256186300785121,1,1.0
201,21,6,Direct,4.540861513274211,4.540861513274211,1,1.0
201,22,6,Direct,0.01494584536501955,0.01494584536501955,1,1.0
201,23,4,Direct,13.345035201095412,13.345035201095412,1,1.0
201,23,6,Direct,0.04341953513609373,0.04341953513609373,1,1.0
201,23,8,Direct,11.16698775208506,11.16698775208506,1,1.0
202,1,3,Direct,2.6563095211435903,2.6563095211435903,1,1.0
202,1,8,Direct,0.26006980113268857,0.26006980113268857,1,1.0
202,2,5,Direct,0.11546568005208158,0.11546568005208158,1,1.0
202,2,8,Direct,0.181255773559268,0.181255773559268,1,1.0
202,2,9,Direct,1.3223341702717057,1.3223341702717057,1,1.0
202,2,11,Direct,17.03052073513428,17.03052073513428,1,1.0
202,3,2,Direct,0.2848623863996279,0.2848623863996279,1,1.0
202,3,5,Direct,1.0583922031760693,1.0583922031760693,1,1.0
202,3,9,Direct,0.194914724026019,0.194914724026019,1,1.0
202,3,15,Direct,2.6020988008673083,2.6020988008673083,1,1.0
202,4,9,Direct,0.024803400973827338,0.024803400973827338,1,1.0
202,5,8,Direct,0.013160757755366794,0.013160757755366794,1,1.0
202,5,15,Direct,1.7503697844296016,1.7503697844296016,1,1.0
202,6,8,Direct,0.06690705905937488,0.06690705905937488,1,1.0
202,6,10,Direct,0.04812584396941989,0.04812584396941989,1,1.0
202,6,11,Direct,0.09039411482238685,0.09039411482238685,1,1.0
202,7,11,Direct,7.617138841334851,7.617138841334851,1,1.0
202,8,5,Direct,20.26247169416137,20.26247169416137,1,1.0
202,8,13,Direct,0.01828508668600163,0.01828508668600163,1,1.0
202,9,5,Direct,3.3977422423106285,3.3977422423106285,1,1.0
202,10,3,Direct,41.31639563187391,41.31639563187391,1,1.0
202,11,12,Direct,80.15437445158545,80.15437445158545,1,1.0
202,12,5,Direct,0.04661521627071619,0.04661521627071619,1,1.0
202,12,7,Direct,0.37861761712463804,0.37861761712463804,1,1.0
202,12,12,Direct,0.14380384737558943,0.14380384737558943,1,1.0
202,12,13,Direct,0.011861763597556871,0.011861763597556871,1,1.0
202,13,7,Direct,0.07512882898651352,0.07512882898651352,1,1.0
202,13,8,Direct,27.47779039725253,27.47779039725253,1,1.0
202,14,5,Direct,45.89640486151739,45.89640486151739,1,1.0
202,14,13,Direct,0.026102091842848892,0.026102091842848892,1,1.0
202,15,2,Direct,7.726536114510491,7.726536114510491,1,1.0
202,16,4,Direct,0.08051099592959621,0.08051099592959621,1,1.0
202,16,9,Direct,0.008893376242919172,0.008893376242919172,1,1.0
202,17,10,Direct,13.894256501040928,13.894256501040928,1,1.0
202,18,3,Direct,0.01115823223424368,0.01115823223424368,1,1.0
202,18,15,Direct,0.3851729644358733,0.3851729644358733,1,1.0
202,19,12,Direct,256.0,256.0,1,1.0
202,20,9,Direct,0.007823032004733544,0.007823032004733544,1,1.0
202,21,4,Direct,0.05011220036067845,0.05011220036067845,1,1.0
202,21,10,Direct,0.019859457421632174,0.019859457421632174,1,1.0
202,22,8,Direct,24.19686873916424,24.19686873916424,1,1.0
203,1,6,Direct,0.1275773859879772,0.1275773859879772,1,1.0
203,1,13,Direct,0.024516836437343852,0.024516836437343852,1,1.0
203,2,2,Direct,0.012868049243725583,0.012868049243725583,1,1.0
203,3,0,Direct,0.026186041311453034,0.026186041311453034,1,1.0
203,3,5,Direct,0.06564755488203827,0.06564755488203827,1,1.0
203,3,10,Direct,0.045072838714367014,0.045072838714367014,1,1.0
203,3,14,Direct,0.20192954617202963,0.20192954617202963,1,1.0
203,5,2,Direct,4.340175719396792,4.340175719396792,1,1.0
203,6,6,Direct,10.00063606117851,10.00063606117851,1,1.0
203,6,10,Direct,0.06231240858852778,0.06231240858852778,1,1.0
203,7,0,Direct,0.02789516861445262,0.02789516861445262,1,1.0
203,7,13,Direct,0.024575982338633368,0.024575982338633368,1,1.0
203,8,0,Direct,21.81602620225139,21.81602620225139,1,1.0
203,8,6,Direct,0.01778858943561603,0.01778858943561603,1,1.0
203,8,7,Direct,0.03181395665461952,0.03181395665461952,1,1.0
203,11,7,Direct,0.033669617551345184,0.033669617551345184,1,1.0
203,13,7,Direct,57.2487449659662,57.2487449659662,1,1.0
203,13,9,Direct,0.01674806501732054,0.01674806501732054,1,1.0
203,16,12,Direct,256.0,256.0,1,1.0
203,17,0,Direct,10.000161891517784,10.000161891517784,1,1.0
203,17,6,Direct,1.2404667050861804,1.2404667050861804,1,1.0
203,17,7,Direct,0.03868564569138831,0.03868564569138831,1,1.0
203,17,13,Direct,0.06759139787015143,0.06759139787015143,1,1.0
203,18,15,Direct,11.84549800656531,11.84549800656531,1,1.0
203,19,12,Direct,14.217345678478218,14.217345678478218,1,1.0
203,20,10,Direct,0.053266219757637664,0.053266219757637664,1,1.0
203,20,13,Direct,0.041978333270182994,0.041978333270182994,1,1.0
203,21,12,Direct,135.97934258983574,135.97934258983574,1,1.0
203,21,13,Direct,0.03645201319570333,0.03645201319570333,1,1.0
203,22,3,Direct,0.029410175351102463,0.029410175351102463,1,1.0
203,22,13,Direct,2.614518126114755,2.614518126114755,1,1.0
204,0,1,Direct,0.5930245126471677,0.5930245126471677,1,1.0
204,0,5,Direct,31.115887414323822,31.115887414323822,1,1.0
204,1,14,Direct,0.9021943157454015,0.9021943157454015,1,1.0
204,3,1,Direct,19.96229867145527,19.96229867145527,1,1.0
204,3,14,Direct,0.04188877306747237,0.04188877306747237,1,1.0
204,4,3,Direct,0.03811729483456124,0.03811729483456124,1,1.0
204,5,3,Direct,0.005782781575946347,0.005782781575946347,1,1.0
204,6,1,Direct,7.1956531782543545,7.1956531782543545,1,1.0
204,8,0,Direct,0.7401264632287663,0.7401264632287663,1,1.0
204,8,7,Direct,0.07308074223569655,0.07308074223569655,1,1.0
204,8,12,ViaRelay,112.49423032568662,112.49423032568662,1,1.0
204,9,0,Direct,0.057946045766372245,0.057946045766372245,1,1.0
204,9,12,Direct,256.0,256.0,1,1.0
204,9,14,Direct,256.0,256.0,1,1.0
204,10,2,Direct,0.01666120137833142,0.01666120137833142,1,1.0
204,12,2,Direct,0.015351248415917836,0.015351248415917836,1,1.0
204,12,5,Direct,0.10199988337991532,0.10199988337991532,1,1.0
204,12,12,Direct,1.2760015391052901,1.2760015391052901,1,1.0
204,12,14,Direct,30.737996268091752,30.737996268091752,1,1.0
204,13,7,Direct,21.363129471544894,21.363129471544894,1,1.0
204,14,0,Direct,0.01878683873115034,0.01878683873115034,1,1.0
204,14,7,Direct,0.1216415622829446,0.1216415622829446,1,1.0
204,15,0,Direct,0.10722977332658708,0.10722977332658708,1,1.0
204,15,12,Direct,0.21521861894744151,0.21521861894744151,1,1.0
204,16,0,Direct,9.082600034074943,9.082600034074943,1,1.0
204,16,3,Direct,0.01785658585288081,0.01785658585288081,1,1.0
204,17,14,Direct,0.07357294007360936,0.07357294007360936,1,1.0
204,18,4,Direct,2.2183193984299496,2.2183193984299496,1,1.0
204,18,7,Direct,8.931986235732024,8.931986235732024,1,1.0
204,20,2,Direct,0.037444749969104234,0.037444749969104234,1,1.0
204,20,5,Direct,0.03664972320162205,0.03664972320162205,1,1.0
204,22,7,Direct,0.262083033673547,0.262083033673547,1,1.0
204,22,12,ViaRelay,24.147562528795458,24.147562528795458,1,1.0
205,0,15,Direct,0.5469902051332991,0.5469902051332991,1,1.0
205,1,1,Direct,0.2005704204449517,0.2005704204449517,1,1.0
205,1,4,Direct,0.2629922813172968,0.2629922813172968,1,1.0
205,1,11,Direct,18.976384844254078,18.976384844254078,1,1.0
205,2,6,Direct,23.661459337510962,23.661459337510962,1,1.0
205,2,11,Direct,48.58308794996765,48.58308794996765,1,1.0
205,2,12,Direct,0.9557463613213857,0.9557463613213857,1,1.0
205,3,6,Direct,7.121032372457091,7.121032372457091,1,1.0
205,3,11,Direct,44.8392440254391,44.8392440254391,1,1.0
205,4,4,Direct,0.05101300634996216,0.05101300634996216,1,1.0
205,4,6,Direct,0.22208330662983577,0.22208330662983577,1,1.0
205,4,8,Direct,1.8597785087369656,1.8597785087369656,1,1.0
205,4,9,Direct,0.02561795794845446,0.02561795794845446,1,1.0
205,5,7,Direct,0.4963449008433199,0.4963449008433199,1,1.0
205,5,15,Direct,0.014978858160044734,0.014978858160044734,1,1.0
205,6,0,Direct,0.035339861719526265,0.035339861719526265,1,1.0
205,6,1,Direct,0.10822521523032909,0.10822521523032909,1,1.0
205,6,2,Direct,0.011506918775222525,0.011506918775222525,1,1.0
205,6,11,Direct,0.8009750710494608,0.8009750710494608,1,1.0
205,7,4,Direct,0.3989094820147154,0.3989094820147154,1,1.0
205,8,6,Direct,1.6753424562896617,1.6753424562896617,1,1.0
205,8,10,Direct,0.06516287110846551,0.06516287110846551,1,1.0
205,8,12,Direct,0.24955525026316333,0.24955525026316333,1,1.0
205,9,7,Direct,0.024806595111177013,0.024806595111177013,1,1.0
205,9,14,Direct,128.54747061480143,128.54747061480143,1,1.0
205,10,6,Direct,0.37460003916493156,0.37460003916493156,1,1.0
205,12,8,Direct,0.39865047455075947,0.39865047455075947,1,1.0
205,12,9,Direct,1.3450328488141694,1.3450328488141694,1,1.0
205,12,11,Direct,1.2000348301427937,1.2000348301427937,1,1.0
205,13,4,Direct,0.2374718959233865,0.2374718959233865,1,1.0
205,13,5,Direct,0.2292365680334715,0.2292365680334715,1,1.0
205,13,8,Direct,0.06675366952189939,0.06675366952189939,1,1.0
205,13,10,Direct,0.16779264156266582,0.16779264156266582,1,1.0
205,13,11,Direct,0.33600836501379655,0.33600836501379655,1,1.0
205,14,14,Direct,1.9494084266873974,1.9494084266873974,1,1.0
205,15,6,Direct,0.01886798242090931,0.01886798242090931,1,1.0
205,15,9,Direct,0.03564662525989306,0.03564662525989306,1,1.0
205,15,12,Direct,256.0,256.0,1,1.0
205,16,9,Direct,1.2059073200844375,1.2059073200844375,1,1.0
205,17,10,Direct,0.13569967762038548,0.13569967762038548,1,1.0
205,18,4,Direct,0.02396727744422633,0.02396727744422633,1,1.0
205,18,5,Direct,256.0,256.0,1,1.0
205,18,14,Direct,1.338099708543432,1.338099708543432,1,1.0
205,18,15,Direct,33.226836480640635,33.226836480640635,1,1.0
205,19,6,Direct,0.045335870945143276,0.045335870945143276,1,1.0
205,21,7,Direct,13.678776072876346,13.678776072876346,1,1.0
205,21,10,Direct,15.920332393848907,15.920332393848907,1,1.0
205,21,12,Direct,0.3598699768899454,0.3598699768899454,1,1.0
205,21,15,Direct,2.1534254614860115,2.1534254614860115,1,1.0
205,23,5,Direct,0.4331145254073529,0.4331145254073529,1,1.0
205,23,8,Direct,0.04706354122651637,0.04706354122651637,1,1.0
205,23,10,Direct,55.34707898313474,55.34707898313474,1,1.0
205,23,14,Direct,0.8940457623234028,0.8940457623234028,1,1.0
206,0,7,Direct,3.4774571669876564,3.4774571669876564,1,1.0
206,0,12,Direct,3.7121818596005225,3.7121818596005225,1,1.0
206,1,6,Direct,0.01722587944121403,0.01722587944121403,1,1.0
206,1,14,Direct,4.381262366379519,4.381262366379519,1,1.0
206,3,13,Direct,0.11022611160445803,0.11022611160445803,1,1.0
206,4,3,Direct,2.0478674139684983,2.0478674139684983,1,1.0
206,4,5,Direct,0.32244682751652154,0.32244682751652154,1,1.0
206,4,13,Direct,0.09058802817442226,0.09058802817442226,1,1.0
206,5,0,Direct,0.018677123120267154,0.018677123120267154,1,1.0
206,5,4,Direct,23.29120756600111,23.29120756600111,1,1.0
206,5,12,Direct,0.22038063412604164,0.22038063412604164,1,1.0
206,7,11,Direct,0.6433681975355229,0.6433681975355229,1,1.0
206,7,13,Direct,0.033340364648100404,0.033340364648100404,1,1.0
206,8,3,Direct,0.014070467394161424,0.014070467394161424,1,1.0
206,9,0,Direct,0.02181061701641098,0.02181061701641098,1,1.0
206,9,3,Direct,0.018073918079106917,0.018073918079106917,1,1.0
206,9,4,Direct,0.0873407381379826,0.0873407381379826,1,1.0
206,10,2,Direct,0.03928626574568199,0.03928626574568199,1,1.0
206,10,5,Direct,0.024157463825077566,0.024157463825077566,1,1.0
206,11,3,Direct,20.178244112615026,20.178244112615026,1,1.0
206,11,7,Direct,0.35948873390950636,0.35948873390950636,1,1.0
206,12,0,Direct,1.2963338085453524,1.2963338085453524,1,1.0
206,12,7,Direct,0.5671145384485428,0.5671145384485428,1,1.0
206,12,12,Direct,0.9492760121151158,0.9492760121151158,1,1.0
206,13,2,Direct,20.17194338559695,20.17194338559695,1,1.0
206,13,7,Direct,0.13571035230358316,0.13571035230358316,1,1.0
206,13,12,Direct,0.1304551112969467,0.1304551112969467,1,1.0
206,14,0,Direct,58.99348833638128,58.99348833638128,1,1.0
206,15,5,Direct,0.49302238819608757,0.49302238819608757,1,1.0
206,16,7,Direct,21.521112731186356,21.521112731186356,1,1.0
206,18,0,Direct,0.013789274638293481,0.013789274638293481,1,1.0
206,18,5,Direct,0.014439359020083913,0.014439359020083913,1,1.0
206,18,11,Direct,256.0,256.0,1,1.0
206,18,12,Direct,0.24001639840340966,0.24001639840340966,1,1.0
206,20,1,Direct,8.427875962752163,8.427875962752163,1,1.0
206,20,3,Direct,0.37368358951960035,0.37368358951960035,1,1.0
206,20,4,Direct,0.13870340149045757,0.13870340149045757,1,1.0
206,20,14,Direct,0.1374433610452784,0.1374433610452784,1,1.0
207,0,1,Direct,0.037133130500382604,0.037133130500382604,1,1.0
207,0,14,Direct,2.6962975176059385,2.6962975176059385,1,1.0
207,1,2,Direct,0.0075581614120362175,0.0075581614120362175,1,1.0
207,1,12,Direct,34.72231024369485,34.72231024369485,1,1.0
207,2,12,Direct,3.712372024531457,3.712372024531457,1,1.0
207,3,3,Direct,7.268487716740159,7.268487716740159,1,1.0
207,3,8,Direct,0.13148211153429754,0.13148211153429754,1,1.0
207,4,12,Direct,256.0,256.0,1,1.0
207,7,2,Direct,0.12405697054816342,0.12405697054816342,1,1.0
207,7,6,Direct,0.11723274131644905,0.11723274131644905,1,1.0
207,7,9,Direct,0.7629099578116889,0.7629099578116889,1,1.0
207,7,12,Direct,199.7315769472185,199.7315769472185,1,1.0
207,8,3,Direct,0.01394317560029862,0.01394317560029862,1,1.0
207,8,8,Direct,0.06418782181004815,0.06418782181004815,1,1.0
207,8,9,Direct,0.03466891660608092,0.03466891660608092,1,1.0
207,9,2,Direct,1.815869812598754,1.815869812598754,1,1.0
207,11,14,Direct,0.2357568433043941,0.2357568433043941,1,1.0
207,12,6,Direct,0.021961652699269245,0.021961652699269245,1,1.0
207,12,12,Direct,161.93235900320033,161.93235900320033,1,1.0
207,13,9,Direct,0.011738845233228394,0.011738845233228394,1,1.0
207,14,6,ViaRelay,10.978154992777771,10.978154992777771,1,1.0
207,15,9,Direct,1.3729856343468074,1.3729856343468074,1,1.0
207,16,1,Direct,0.03290057199238162,0.03290057199238162,1,1.0
207,16,3,Direct,0.02551248239176931,0.02551248239176931,1,1.0
207,16,8,Direct,11.22857346601436,11.22857346601436,1,1.0
207,18,9,Direct,0.8689726269470541,0.8689726269470541,1,1.0
207,19,2,Direct,0.06333078562858421,0.06333078562858421,1,1.0
207,20,1,Direct,0.428687279967545,0.428687279967545,1,1.0
207,20,2,Direct,0.04074414091682755,0.04074414091682755,1,1.0
207,20,9,Direct,0.02587444674900674,0.02587444674900674,1,1.0
207,22,3,Direct,0.012516551703351215,0.012516551703351215,1,1.0
207,22,7,Direct,17.01275813031031,17.01275813031031,1,1.0
207,23,6,Direct,0.04465521164549375,0.04465521164549375,1,1.0
208,0,8,Direct,0.020740818011623023,0.020740818011623023,1,1.0
208,0,10,Direct,0.031089493858621736,0.031089493858621736,1,1.0
208,3,15,Direct,3.4786236388410603,3.4786236388410603,1,1.0
208,5,8,Direct,2.813782413443394,2.813782413443394,1,1.0
208,8,5,Direct,0.05394535830947873,0.05394535830947873,1,1.0
208,8,6,Direct,16.185839752125226,16.185839752125226,1,1.0
208,8,7,Direct,0.03548306629725471,0.03548306629725471,1,1.0
208,9,6,Direct,0.02831505501835656,0.02831505501835656,1,1.0
208,9,8,Direct,14.093853650110633,14.093853650110633,1,1.0
208,9,9,Direct,0.3366757297838767,0.3366757297838767,1,1.0
208,9,15,Direct,12.551473087638156,12.551473087638156,1,1.0
208,10,4,Direct,0.9160521436171976,0.9160521436171976,1,1.0
208,11,8,Direct,0.07256525717852369,0.07256525717852369,1,1.0
208,11,9,Direct,0.34172896540015996,0.34172896540015996,1,1.0
208,12,4,Direct,9.857339462457928,9.857339462457928,1,1.0
208,12,6,Direct,16.698172366410788,16.698172366410788,1,1.0
208,13,9,Direct,0.014139279271725222,0.014139279271725222,1,1.0
208,13,13,Direct,0.02038917519637704,0.02038917519637704,1,1.0
208,14,5,Direct,0.703213918003078,0.703213918003078,1,1.0
208,15,6,Direct,1.4184679697436355,1.4184679697436355,1,1.0
208,15,10,Direct,0.035148855949318984,0.035148855949318984,1,1.0
208,15,13,Direct,0.04158558637975676,0.04158558637975676,1,1.0
208,16,5,Direct,256.0,256.0,1,1.0
208,18,5,Direct,10.67478042156225,10.67478042156225,1,1.0
208,18,8,Direct,0.48509558957257687,0.48509558957257687,1,1.0
208,19,15,Direct,0.013997516914682805,0.013997516914682805,1,1.0
208,20,8,Direct,0.29057746899141706,0.29057746899141706,1,1.0
208,21,6,Direct,0.09128372009688389,0.09128372009688389,1,1.0
208,23,13,Direct,0.4377882559493776,0.4377882559493776,1,1.0
209,0,14,Direct,2.3937887625336716,2.3937887625336716,1,1.0
209,1,0,Direct,3.1819643804219635,3.1819643804219635,1,1.0
209,1,10,Direct,0.39638619095164196,0.39638619095164196,1,1.0
209,2,1,Direct,11.793746458913821,11.793746458913821,1,1.0
209,2,2,Direct,4.130751200322306,4.130751200322306,1,1.0
209,3,2,Direct,0.011272542187017329,0.011272542187017329,1,1.0
209,3,10,Direct,3.070968590090902,3.070968590090902,1,1.0
209,3,15,Direct,0.7194329832270713,0.7194329832270713,1,1.0
209,4,10,Direct,0.049404948440220094,0.049404948440220094,1,1.0
209,5,5,Direct,0.2972630874420828,0.2972630874420828,1,1.0
209,5,8,Direct,0.010410104717233474,0.010410104717233474,1,1.0
209,6,9,Direct,0.5189142569135092,0.5189142569135092,1,1.0
209,6,10,Direct,0.2503271157639172,0.2503271157639172,1,1.0
209,6,15,Direct,0.3908948301276703,0.3908948301276703,1,1.0
209,7,8,Direct,0.12981744320067623,0.12981744320067623,1,1.0
209,9,0,Direct,0.01468289180856344,0.01468289180856344,1,1.0
209,9,1,Direct,1.6821118321176467,1.6821118321176467,1,1.0
209,10,8,Direct,0.04526966783650912,0.04526966783650912,1,1.0
209,11,2,Direct,1.3752983568072952,1.3752983568072952,1,1.0
209,13,5,Direct,0.07148453607598426,0.07148453607598426,1,1.0
209,14,14,Direct,21.446382780166424,21.446382780166424,1,1.0
209,14,15,Direct,0.24361486635829097,0.24361486635829097,1,1.0
209,15,0,Direct,0.008224129587563203,0.008224129587563203,1,1.0
209,15,10,Direct,0.043226920799721964,0.043226920799721964,1,1.0
209,16,4,Direct,0.09209324434136584,0.09209324434136584,1,1.0
209,17,4,Direct,1.0183103519553518,1.0183103519553518,1,1.0
209,18,0,Direct,0.02339416822164224,0.02339416822164224,1,1.0
209,18,2,Direct,0.03708722934253039,0.03708722934253039,1,1.0
209,18,5,Direct,20.639621493113438,20.639621493113438,1,1.0
209,18,14,Direct,0.08670751605930826,0.08670751605930826,1,1.0
209,18,15,Direct,0.2601321254228889,0.2601321254228889,1,1.0
209,19,8,Direct,4.870036939687507,4.870036939687507,1,1.0
209,19,10,Direct,0.3486855192923154,0.3486855192923154,1,1.0
209,20,14,Direct,0.29179954925867935,0.29179954925867935,1,1.0
209,20,15,Direct,0.037251016347253904,0.037251016347253904,1,1.0
209,21,14,Direct,1.5052097040118264,1.5052097040118264,1,1.0
209,22,15,ViaRelay,23.32509226109265,23.32509226109265,1,1.0
209,23,0,Direct,30.691343329127236,30.691343329127236,1,1.0
209,23,2,Direct,0.4146940127560569,0.4146940127560569,1,1.0
210,0,6,Direct,0.87249081684531,0.87249081684531,1,1.0
210,1,5,Direct,1.62105532164294,1.62105532164294,1,1.0
210,1,8,Direct,0.015976418149256398,0.015976418149256398,1,1.0
210,1,14,Direct,0.6172663960977621,0.6172663960977621,1,1.0
210,2,1,Direct,0.6190592840886112,0.6190592840886112,1,1.0
210,2,11,Direct,236.57447694331663,236.57447694331663,1,1.0
210,3,1,Direct,6.391268460661544,6.391268460661544,1,1.0
210,3,7,Direct,0.022194825769475363,0.022194825769475363,1,1.0
210,3,12,Direct,1.3854924797547281,1.3854924797547281,1,1.0
210,4,4,Direct,0.4035187585319408,0.4035187585319408,1,1.0
210,5,0,Direct,0.05009603758121729,0.05009603758121729,1,1.0
210,5,5,Direct,1.6504989518814281,1.6504989518814281,1,1.0
210,7,1,Direct,0.023946458435825248,0.023946458435825248,1,1.0
210,7,8,Direct,10.038011487720636,10.038011487720636,1,1.0
210,7,10,Direct,0.21423864223209438,0.21423864223209438,1,1.0
210,7,14,Direct,2.3886482978427024,2.3886482978427024,1,1.0
210,8,0,Direct,0.15461321655877383,0.15461321655877383,1,1.0
210,8,14,Direct,0.4990983216655562,0.4990983216655562,1,1.0
210,8,15,Direct,22.321370562458082,22.321370562458082,1,1.0
210,9,8,Direct,12.78515865494719,12.78515865494719,1,1.0
210,9,13,Direct,5.535969312905501,5.535969312905501,1,1.0
210,10,7,Direct,0.017954380507127977,0.017954380507127977,1,1.0
210,10,14,Direct,0.083581711143592,0.083581711143592,1,1.0
210,11,0,Direct,0.9943704252023768,0.9943704252023768,1,1.0
210,11,8,Direct,0.10809349057580483,0.10809349057580483,1,1.0
210,12,12,Direct,0.39054684525179023,0.39054684525179023,1,1.0
210,12,13,Direct,22.827988259000026,22.827988259000026,1,1.0
210,12,14,Direct,7.739573204055345,7.739573204055345,1,1.0
210,13,13,Direct,1.360906018733667,1.360906018733667,1,1.0
210,13,14,Direct,6.696382653928333,6.696382653928333,1,1.0
210,13,15,Direct,1.5961515597520615,1.5961515597520615,1,1.0
210,14,6,Direct,8.413486148240315,8.413486148240315,1,1.0
210,14,8,Direct,0.01858956992172629,0.01858956992172629,1,1.0
210,15,4,Direct,149.97806694756207,149.97806694756207,1,1.0
210,15,6,Direct,0.011028649284437472,0.011028649284437472,1,1.0
210,15,10,Direct,0.25929861342013694,0.25929861342013694,1,1.0
210,15,12,Direct,256.0,256.0,1,1.0
210,16,0,Direct,0.09807311811817165,0.09807311811817165,1,1.0
210,17,13,Direct,0.01646893057654636,0.01646893057654636,1,1.0
210,18,0,Direct,18.749545171375924,18.749545171375924,1,1.0
210,18,8,Direct,0.08433574868418203,0.08433574868418203,1,1.0
210,18,10,Direct,0.08406492851801166,0.08406492851801166,1,1.0
210,18,12,Direct,1.017104187657955,1.017104187657955,1,1.0
210,19,0,Direct,0.3808019660618948,0.3808019660618948,1,1.0
210,19,13,Direct,0.03785792104801824,0.03785792104801824,1,1.0
210,20,4,Direct,1.000295055866358,1.000295055866358,1,1.0
210,20,14,Direct,0.023723990846629114,0.023723990846629114,1,1.0
210,21,0,Direct,1.275892383230196,1.275892383230196,1,1.0
210,21,6,Direct,14.718488593736964,14.718488593736964,1,1.0
210,22,14,Direct,0.03933436379507684,0.03933436379507684,1,1.0
210,23,0,Direct,0.22512425676384312,0.22512425676384312,1,1.0
210,23,4,Direct,2.94109642284018,2.94109642284018,1,1.0
210,23,6,Direct,0.1692861343765246,0.1692861343765246,1,1.0
210,23,15,Direct,0.4805545326332332,0.4805545326332332,1,1.0
211,0,5,Direct,0.07641907855684305,0.07641907855684305,1,1.0
211,0,8,Direct,0.06833056083571959,0.06833056083571959,1,1.0
211,1,4,Direct,6.513234692131678,6.513234692131678,1,1.0
211,1,12,Direct,34.102622202118496,34.102622202118496,1,1.0
211,2,3,Direct,0.021277098287927256,0.021277098287927256,1,1.0
211,2,4,Direct,0.06622025330885571,0.06622025330885571,1,1.0
211,2,10,Direct,21.83471735265095,21.83471735265095,1,1.0
211,3,0,Direct,41.033877592569844,41.033877592569844,1,1.0
211,3,4,Direct,2.600976291421187,2.600976291421187,1,1.0
211,4,5,Direct,256.0,256.0,1,1.0
211,4,6,Direct,2.3599754084357327,2.3599754084357327,1,1.0
211,4,12,Direct,35.15561324750842,35.15561324750842,1,1.0
211,5,1,Direct,0.041001921052860796,0.041001921052860796,1,1.0
211,5,3,Direct,33.57349828981428,33.57349828981428,1,1.0
211,5,4,Direct,0.06032245243978501,0.06032245243978501,1,1.0
211,5,5,Direct,111.43677999286669,111.43677999286669,1,1.0
211,5,7,Direct,11.090635562002175,11.090635562002175,1,1.0
211,5,12,Direct,256.0,256.0,1,1.0
211,5,13,Direct,0.04482144336539049,0.04482144336539049,1,1.0
211,6,6,Direct,0.09925175026522666,0.09925175026522666,1,1.0
211,6,9,Direct,0.0102307666598683,0.0102307666598683,1,1.0
211,7,3,Direct,0.05075767219330653,0.05075767219330653,1,1.0
211,7,6,Direct,15.668175635248152,15.668175635248152,1,1.0
211,8,0,Direct,0.035047310849223655,0.035047310849223655,1,1.0
211,8,8,Direct,48.17294800255927,48.17294800255927,1,1.0
211,9,3,Direct,0.9407646330566142,0.9407646330566142,1,1.0
211,9,8,Direct,0.0492753919524763,0.0492753919524763,1,1.0
211,10,3,Direct,0.014942619500687532,0.014942619500687532,1,1.0
211,10,9,Direct,0.1531415812008848,0.1531415812008848,1,1.0
211,12,6,Direct,0.01451028607005289,0.01451028607005289,1,1.0
211,12,9,Direct,0.01721345549968547,0.01721345549968547,1,1.0
211,12,11,Direct,2.597478419226783,2.597478419226783,1,1.0
211,12,12,Direct,17.258075865517142,17.258075865517142,1,1.0
211,13,4,Direct,2.885722122968106,2.885722122968106,1,1.0
211,13,8,Direct,0.026773773193958822,0.026773773193958822,1,1.0
211,13,11,Direct,0.2495014740773356,0.2495014740773356,1,1.0
211,14,9,Direct,2.1366752059962826,2.1366752059962826,1,1.0
211,15,3,Direct,0.018567765326906682,0.018567765326906682,1,1.0
211,15,12,Direct,13.85025943631722,13.85025943631722,1,1.0
211,16,3,Direct,0.014999739995477287,0.014999739995477287,1,1.0
211,16,8,Direct,0.04643186058765166,0.04643186058765166,1,1.0
211,16,11,Direct,0.1410602180504999,0.1410602180504999,1,1.0
211,17,4,Direct,33.18837963450379,33.18837963450379,1,1.0
211,18,0,Direct,5.0279481816834775,5.0279481816834775,1,1.0
211,18,4,Direct,256.0,256.0,1,1.0
211,18,11,Direct,0.06083155894899662,0.06083155894899662,1,1.0
211,19,2,Direct,0.2774079995449019,0.2774079995449019,1,1.0
211,19,4,Direct,44.457873006167226,44.457873006167226,1,1.0
211,20,0,Direct,7.559806417161038,7.559806417161038,1,1.0
211,20,1,Direct,0.01565259528534391,0.01565259528534391,1,1.0
211,20,5,Direct,0.18800759275155365,0.18800759275155365,1,1.0
211,20,7,Direct,1.4549797294200433,1.4549797294200433,1,1.0
211,21,4,Direct,38.82250337466674,38.82250337466674,1,1.0
211,22,7,Direct,0.04589868690785031,0.04589868690785031,1,1.0
211,22,8,Direct,9.407748842426296,9.407748842426296,1,1.0
211,22,9,Direct,0.009078126073618702,0.009078126073618702,1,1.0
211,23,1,Direct,0.01862567113974241,0.01862567113974241,1,1.0
211,23,8,Direct,0.07005312448118549,0.07005312448118549,1,1.0
211,23,11,Direct,0.5399853333206203,0.5399853333206203,1,1.0
212,0,8,Direct,5.063341212419712,5.063341212419712,1,1.0
212,1,1,Direct,0.00812290124544404,0.00812290124544404,1,1.0
212,1,7,Direct,0.025456220986915284,0.025456220986915284,1,1.0
212,1,14,Direct,3.047472674357089,3.047472674357089,1,1.0
212,3,0,Direct,0.010528187864282853,0.010528187864282853,1,1.0
212,3,3,Direct,8.294788113321427,8.294788113321427,1,1.0
212,3,7,Direct,0.028307821710339326,0.028307821710339326,1,1.0
212,4,7,Direct,0.02810941155192854,0.02810941155192854,1,1.0
212,4,9,Direct,0.05407133034140014,0.05407133034140014,1,1.0
212,5,0,Direct,0.014124266701481295,0.014124266701481295,1,1.0
212,5,2,Direct,1.214097227704035,1.214097227704035,1,1.0
212,5,3,Direct,0.5632354088563831,0.5632354088563831,1,1.0
212,5,10,Direct,0.6323517352724214,0.6323517352724214,1,1.0
212,5,11,Direct,1.1538360190100638,1.1538360190100638,1,1.0
212,6,11,Direct,0.2558054546875016,0.2558054546875016,1,1.0
212,7,2,Direct,0.5755525426111278,0.5755525426111278,1,1.0
212,7,6,Direct,0.035487918605920286,0.035487918605920286,1,1.0
212,8,10,Direct,0.05464042461425135,0.05464042461425135,1,1.0
212,8,11,Direct,0.11394573841032014,0.11394573841032014,1,1.0
212,9,3,Direct,0.015585517353649443,0.015585517353649443,1,1.0
212,9,13,Direct,1.0752331953799206,1.0752331953799206,1,1.0
212,10,1,Direct,0.02392576970088557,0.02392576970088557,1,1.0
212,10,2,Direct,2.8878039308316095,2.8878039308316095,1,1.0
212,10,9,Direct,11.917838259392662,11.917838259392662,1,1.0
212,10,13,Direct,0.05118413399433486,0.05118413399433486,1,1.0
212,11,2,Direct,40.40202828834496,40.40202828834496,1,1.0
212,12,1,Direct,0.03596726082475187,0.03596726082475187,1,1.0
212,12,3,Direct,0.0188127382148273,0.0188127382148273,1,1.0
212,12,12,Direct,9.5029067599067,9.5029067599067,1,1.0
212,13,1,Direct,0.02784306995798245,0.02784306995798245,1,1.0
212,13,7,Direct,11.5567757590094,11.5567757590094,1,1.0
212,13,11,Direct,14.230691812540716,14.230691812540716,1,1.0
212,13,12,Direct,80.18588362933514,80.18588362933514,1,1.0
212,14,3,Direct,0.013420205209925326,0.013420205209925326,1,1.0
212,14,10,Direct,4.529859571859704,4.529859571859704,1,1.0
212,14,14,Direct,91.93166224482064,91.93166224482064,1,1.0
212,15,3,Direct,0.021209866455489165,0.021209866455489165,1,1.0
212,15,5,Direct,12.469817300112526,12.469817300112526,1,1.0
212,16,14,Direct,0.7216420280526671,0.7216420280526671,1,1.0
212,20,10,Direct,78.63139813152947,78.63139813152947,1,1.0
212,20,14,Direct,45.79120663090242,45.79120663090242,1,1.0
212,21,3,Direct,26.355691618275443,26.355691618275443,1,1.0
212,21,13,Direct,0.013242294714230695,0.013242294714230695,1,1.0
212,22,1,Direct,0.03661084403044714,0.03661084403044714,1,1.0
212,23,1,Direct,0.020942623266685362,0.020942623266685362,1,1.0
213,0,12,ViaRelay,134.5249806422944,134.5249806422944,1,1.0
213,1,5,Direct,0.04548419597423127,0.04548419597423127,1,1.0
213,2,0,Direct,0.04899698169466596,0.04899698169466596,1,1.0
213,2,2,Direct,1.8766497471096515,1.8766497471096515,1,1.0
213,2,4,Direct,22.513425891092634,22.513425891092634,1,1.0
213,2,6,Direct,10.821387018164422,10.821387018164422,1,1.0
213,2,7,Direct,0.04898676716090288,0.04898676716090288,1,1.0
213,2,8,Direct,33.24877485724048,33.24877485724048,1,1.0
213,3,2,Direct,0.030408162232416377,0.030408162232416377,1,1.0
213,5,5,Direct,8.250042954608123,8.250042954608123,1,1.0
213,5,12,Direct,1.0940019081733219,1.0940019081733219,1,1.0
213,6,8,Direct,29.198223510391887,29.198223510391887,1,1.0
213,7,2,Direct,17.780129114554022,17.780129114554022,1,1.0
213,7,6,Direct,0.3417781199366584,0.3417781199366584,1,1.0
213,7,11,Direct,61.74107047846568,61.74107047846568,1,1.0
213,8,0,Direct,0.02456569671420952,0.02456569671420952,1,1.0
213,8,3,Direct,0.7602458340381429,0.7602458340381429,1,1.0
213,8,5,Direct,113.93048345578221,113.93048345578221,1,1.0
213,8,8,Direct,0.8590088020883181,0.8590088020883181,1,1.0
213,9,3,Direct,11.855395920002463,11.855395920002463,1,1.0
213,9,7,Direct,0.020717108599633403,0.020717108599633403,1,1.0
213,9,11,Direct,0.5523848934050273,0.5523848934050273,1,1.0
213,10,8,Direct,11.129934535288207,11.129934535288207,1,1.0
213,10,11,Direct,1.1429328844360025,1.1429328844360025,1,1.0
213,11,6,Direct,12.147541571652765,12.147541571652765,1,1.0
213,12,4,Direct,0.0322797174913371,0.0322797174913371,1,1.0
213,12,5,Direct,0.06926281769741519,0.06926281769741519,1,1.0
213,12,11,Direct,70.1295501550059,70.1295501550059,1,1.0
213,12,14,Direct,0.9561903385274367,0.9561903385274367,1,1.0
213,13,2,Direct,58.578641322929094,58.578641322929094,1,1.0
213,14,4,Direct,0.07834005826542242,0.07834005826542242,1,1.0
213,14,9,Direct,0.8492492092322977,0.8492492092322977,1,1.0
213,14,10,Direct,4.3861928257739855,4.3861928257739855,1,1.0
213,15,7,Direct,19.558200983661433,19.558200983661433,1,1.0
213,15,12,ViaRelay,91.2063502070237,91.2063502070237,1,1.0
213,16,4,Direct,0.8126842933165443,0.8126842933165443,1,1.0
213,16,11,Direct,0.05400087764555449,0.05400087764555449,1,1.0
213,16,12,Direct,0.4110122375917595,0.4110122375917595,1,1.0
213,17,1,Direct,14.300662040609625,14.300662040609625,1,1.0
213,17,3,Direct,0.03170494155685415,0.03170494155685415,1,1.0
213,18,0,Direct,0.03695874559825695,0.03695874559825695,1,1.0
213,18,1,Direct,0.5981673387056113,0.5981673387056113,1,1.0
213,18,8,Direct,0.10719438903658882,0.10719438903658882,1,1.0
213,18,12,Direct,0.4557467946078602,0.4557467946078602,1,1.0
213,19,2,Direct,0.06748981484267028,0.06748981484267028,1,1.0
213,19,3,Direct,0.7136009343831068,0.7136009343831068,1,1.0
213,20,3,Direct,6.764616378334907,6.764616378334907,1,1.0
213,20,11,Direct,41.73107602280423,41.73107602280423,1,1.0
213,21,1,Direct,4.619222011004429,4.619222011004429,1,1.0
213,21,14,Direct,0.126729569422967,0.126729569422967,1,1.0
213,22,4,Direct,22.732514023613255,22.732514023613255,1,1.0
213,22,5,Direct,8.31208950510094,8.31208950510094,1,1.0
213,22,10,Direct,56.26822897659054,56.26822897659054,1,1.0
213,22,11,Direct,0.6687960040920151,0.6687960040920151,1,1.0
213,22,12,Direct,0.09185545378961431,0.09185545378961431,1,1.0
213,23,0,Direct,0.020180297105461577,0.020180297105461577,1,1.0
213,23,14,Direct,0.13436890447578936,0.13436890447578936,1,1.0
214,0,2,Direct,0.729302425346513,0.729302425346513,1,1.0
214,0,4,Direct,16.336400133772734,16.336400133772734,1,1.0
214,0,6,Direct,0.16425894301284444,0.16425894301284444,1,1.0
214,3,2,Direct,0.022588267434847174,0.022588267434847174,1,1.0
214,3,6,Direct,18.217115833448773,18.217115833448773,1,1.0
214,3,8,Direct,0.3287264739782104,0.3287264739782104,1,1.0
214,3,10,Direct,158.80258082559823,158.80258082559823,1,1.0
214,4,2,Direct,4.07381593691463,4.07381593691463,1,1.0
214,4,5,Direct,0.34662399532634075,0.34662399532634075,1,1.0
214,7,10,Direct,2.255530053176246,2.255530053176246,1,1.0
214,9,10,Direct,1.0591937434209533,1.0591937434209533,1,1.0
214,10,7,Direct,0.09519923469889885,0.09519923469889885,1,1.0
214,14,2,Direct,0.020190611129837173,0.020190611129837173,1,1.0
214,17,3,Direct,2.041275041794716,2.041275041794716,1,1.0
214,17,4,Direct,0.7387246900753248,0.7387246900753248,1,1.0
214,19,9,Direct,4.022801500756545,4.022801500756545,1,1.0
214,20,3,Direct,0.01058307123481632,0.01058307123481632,1,1.0
214,21,2,Direct,7.164604521921013,7.164604521921013,1,1.0
214,21,4,Direct,0.5146931125099432,0.5146931125099432,1,1.0
214,21,6,Direct,0.02454857842481503,0.02454857842481503,1,1.0
214,21,7,Direct,0.02792463332733225,0.02792463332733225,1,1.0
214,21,10,Direct,0.08603087399151306,0.08603087399151306,1,1.0
214,22,2,Direct,7.541272263353176,7.541272263353176,1,1.0
214,22,6,Direct,0.07940902004121057,0.07940902004121057,1,1.0
214,23,12,Direct,182.16226523256137,182.16226523256137,1,1.0
214,23,14,Direct,50.69841904421516,50.69841904421516,1,1.0
215,0,0,Direct,2.7416095997702903,2.7416095997702903,1,1.0
215,0,13,Direct,0.019547379484222735,0.019547379484222735,1,1.0
215,0,15,Direct,0.02517013375008161,0.02517013375008161,1,1.0
215,2,1,Direct,7.559136021900607,7.559136021900607,1,1.0
215,2,8,Direct,0.014741105431281753,0.014741105431281753,1,1.0
215,3,5,Direct,0.4920023465820269,0.4920023465820269,1,1.0
215,3,7,Direct,0.07974276711125973,0.07974276711125973,1,1.0
215,3,8,Direct,0.016540731826505544,0.016540731826505544,1,1.0
215,4,11,Direct,14.798535618870172,14.798535618870172,1,1.0
215,5,2,Direct,3.8941875730108286,3.8941875730108286,1,1.0
215,5,11,Direct,21.591651711857818,21.591651711857818,1,1.0
215,5,12,Direct,0.4848975566658084,0.4848975566658084,1,1.0
215,5,13,Direct,0.09324870717849035,0.09324870717849035,1,1.0
215,6,11,Direct,0.19873783034324374,0.19873783034324374,1,1.0
215,7,5,Direct,2.198435179230171,2.198435179230171,1,1.0
215,7,9,Direct,0.327638307065063,0.327638307065063,1,1.0
215,7,12,Direct,3.6151883750347387,3.6151883750347387,1,1.0
215,9,1,Direct,0.11773625722374503,0.11773625722374503,1,1.0
215,9,3,Direct,3.631639847791821,3.631639847791821,1,1.0
215,9,11,Direct,13.53827953340974,13.53827953340974,1,1.0
215,10,0,Direct,21.632208654368096,21.632208654368096,1,1.0
215,10,5,Direct,0.13200264081487326,0.13200264081487326,1,1.0
215,10,8,Direct,0.01580776620827431,0.01580776620827431,1,1.0
215,11,11,Direct,13.969042416481884,13.969042416481884,1,1.0
215,11,12,Direct,1.1032314620880024,1.1032314620880024,1,1.0
215,13,0,Direct,1.5404026843984575,1.5404026843984575,1,1.0
215,13,3,Direct,6.036913429089191,6.036913429089191,1,1.0
215,13,12,Direct,256.0,256.0,1,1.0
215,15,2,Direct,15.071095903157612,15.071095903157612,1,1.0
215,15,9,Direct,0.0073868028207256095,0.0073868028207256095,1,1.0
215,16,0,Direct,0.054305589296973586,0.054305589296973586,1,1.0
215,16,3,Direct,4.239172976331151,4.239172976331151,1,1.0
215,16,12,Direct,0.3609206386535041,0.3609206386535041,1,1.0
215,18,0,Direct,42.91975746126866,42.91975746126866,1,1.0
215,18,1,Direct,0.04457036500727219,0.04457036500727219,1,1.0
215,18,5,Direct,9.77054270633979,9.77054270633979,1,1.0
215,18,11,Direct,0.13279858700263933,0.13279858700263933,1,1.0
215,19,8,Direct,14.984303927515043,14.984303927515043,1,1.0
215,19,15,Direct,0.017809304528583838,0.017809304528583838,1,1.0
215,20,10,Direct,4.379842135886136,4.379842135886136,1,1.0
215,20,12,Direct,82.30235305471005,82.30235305471005,1,1.0
215,23,0,Direct,1.129278539414711,1.129278539414711,1,1.0
215,23,10,Direct,256.0,256.0,1,1.0
216,0,11,Direct,0.07941486462232095,0.07941486462232095,1,1.0
216,1,15,Direct,0.04604577035459656,0.04604577035459656,1,1.0
216,2,14,Direct,47.891609847040094,47.891609847040094,1,1.0
216,3,0,Direct,0.010937645077609845,0.010937645077609845,1,1.0
216,3,7,Direct,237.84323740599604,237.84323740599604,1,1.0
216,4,3,Direct,25.267106693116805,25.267106693116805,1,1.0
216,4,5,Direct,0.04576213334338124,0.04576213334338124,1,1.0
216,4,7,Direct,0.06331759495450313,0.06331759495450313,1,1.0
216,5,12,Direct,0.33095480386964576,0.33095480386964576,1,1.0
216,7,0,Direct,0.027897053516383018,0.027897053516383018,1,1.0
216,7,2,Direct,0.028916264228029058,0.028916264228029058,1,1.0
216,7,3,Direct,0.03865112967787449,0.03865112967787449,1,1.0
216,7,4,Direct,0.11664109684687005,0.11664109684687005,1,1.0
216,7,5,Direct,0.08401320918905641,0.08401320918905641,1,1.0
216,7,12,Direct,5.001710042553557,5.001710042553557,1,1.0
216,8,13,Direct,0.11383111567950084,0.11383111567950084,1,1.0
216,8,15,Direct,0.021948755492360066,0.021948755492360066,1,1.0
216,10,0,Direct,0.01891988596414337,0.01891988596414337,1,1.0
216,10,2,Direct,5.88296637395284,5.88296637395284,1,1.0
216,10,6,Direct,31.83384456027636,31.83384456027636,1,1.0
216,10,10,Direct,39.64427164682851,39.64427164682851,1,1.0
216,11,10,Direct,58.504418161126814,58.504418161126814,1,1.0
216,11,12,Direct,0.33760745996602043,0.33760745996602043,1,1.0
216,12,6,Direct,0.016051809605993582,0.016051809605993582,1,1.0
216,12,11,Direct,0.04175756533365763,0.04175756533365763,1,1.0
216,12,15,Direct,7.132153159310664,7.132153159310664,1,1.0
216,13,7,Direct,0.017686578462131605,0.017686578462131605,1,1.0
216,14,6,Direct,0.013287056775313055,0.013287056775313055,1,1.0
216,14,9,Direct,0.05710340886916586,0.05710340886916586,1,1.0
216,14,10,Direct,46.53723473788372,46.53723473788372,1,1.0
216,15,4,Direct,0.46076605077985416,0.46076605077985416,1,1.0
216,15,12,Direct,0.32969861512568627,0.32969861512568627,1,1.0
216,16,4,Direct,129.4455070239775,129.4455070239775,1,1.0
216,16,10,Direct,0.1929938934373258,0.1929938934373258,1,1.0
216,17,14,Direct,0.05094128943112942,0.05094128943112942,1,1.0
216,18,3,Direct,0.8943594432461904,0.8943594432461904,1,1.0
216,18,12,ViaRelay,241.34176962416066,241.34176962416066,1,1.0
216,18,14,Direct,109.93559925604936,109.93559925604936,1,1.0
216,19,0,Direct,23.293429336716038,23.293429336716038,1,1.0
216,19,4,Direct,103.07618533217078,103.07618533217078,1,1.0
216,19,5,Direct,0.041249995747973375,0.041249995747973375,1,1.0
216,19,9,Direct,0.020687560859896544,0.020687560859896544,1,1.0
216,19,13,Direct,2.205368337462772,2.205368337462772,1,1.0
216,20,7,Direct,37.135351927790715,37.135351927790715,1,1.0
216,20,10,Direct,1.2266167792469485,1.2266167792469485,1,1.0
216,22,2,Direct,0.019119384669974506,0.019119384669974506,1,1.0
216,22,9,Direct,0.3397073710345589,0.3397073710345589,1,1.0
216,22,13,Direct,0.025766883327543524,0.025766883327543524,1,1.0
216,23,2,Direct,0.2578227112920212,0.2578227112920212,1,1.0
216,23,15,Direct,61.67257258853891,61.67257258853891,1,1.0
217,0,12,Direct,0.09707124438638987,0.09707124438638987,1,1.0
217,1,1,Direct,0.021262850308946844,0.021262850308946844,1,1.0
217,2,3,Direct,0.02823674041177089,0.02823674041177089,1,1.0
217,2,7,Direct,0.06681623629797458,0.06681623629797458,1,1.0
217,2,12,Direct,256.0,256.0,1,1.0
217,2,14,Direct,0.0407258928595195,0.0407258928595195,1,1.0
217,4,3,Direct,0.024326237456676794,0.024326237456676794,1,1.0
217,4,12,Direct,66.49995722104879,66.49995722104879,1,1.0
217,6,8,Direct,20.890951811265168,20.890951811265168,1,1.0
217,9,3,Direct,0.013025792953838676,0.013025792953838676,1,1.0
217,10,9,Direct,0.08233571188972331,0.08233571188972331,1,1.0
217,10,12,Direct,0.08649329366733068,0.08649329366733068,1,1.0
217,10,14,Direct,0.020404325812942416,0.020404325812942416,1,1.0
217,11,2,Direct,0.15614515555627892,0.15614515555627892,1,1.0
217,12,4,Direct,5.3112212162908765,5.3112212162908765,1,1.0
217,14,3,Direct,0.010844404456690037,0.010844404456690037,1,1.0
217,14,6,Direct,0.019093115226506207,0.019093115226506207,1,1.0
217,16,7,Direct,3.2331438102211494,3.2331438102211494,1,1.0
217,16,12,Direct,53.00201784702826,53.00201784702826,1,1.0
217,16,14,Direct,0.12991180650991738,0.12991180650991738,1,1.0
217,17,10,Direct,0.06443044601863412,0.06443044601863412,1,1.0
217,18,3,Direct,2.9878204223900813,2.9878204223900813,1,1.0
217,18,7,ViaRelay,28.5972955360363,28.5972955360363,1,1.0
217,18,9,Direct,0.2601665023886697,0.2601665023886697,1,1.0
217,19,3,Direct,0.008536869327038064,0.008536869327038064,1,1.0
217,20,7,Direct,1.1349146117431173,1.1349146117431173,1,1.0
217,21,7,Direct,0.48525301216110883,0.48525301216110883,1,1.0
217,21,12,Direct,0.40105297949666524,0.40105297949666524,1,1.0
217,23,6,Direct,0.23555420841670124,0.23555420841670124,1,1.0
217,23,12,Direct,0.3465491100197332,0.3465491100197332,1,1.0
218,0,4,Direct,10.821406508376171,10.821406508376171,1,1.0
218,0,7,Direct,16.621517980985015,16.621517980985015,1,1.0
218,0,15,Direct,9.020214416778293,9.020214416778293,1,1.0
218,1,3,Direct,0.14472726961624824,0.14472726961624824,1,1.0
218,1,8,Direct,0.03923520395026828,0.03923520395026828,1,1.0
218,1,15,Direct,4.305626457248481,4.305626457248481,1,1.0
218,2,9,Direct,7.437781809354856,7.437781809354856,1,1.0
218,3,0,Direct,0.10143526633159099,0.10143526633159099,1,1.0
218,3,8,Direct,0.019829890262976668,0.019829890262976668,1,1.0
218,3,14,Direct,0.9150855589221494,0.9150855589221494,1,1.0
218,4,11,Direct,0.12938778683951419,0.12938778683951419,1,1.0
218,4,15,Direct,24.229093977688436,24.229093977688436,1,1.0
218,5,4,ViaRelay,33.03602030411809,33.03602030411809,1,1.0
218,5,9,Direct,0.12447069776519755,0.12447069776519755,1,1.0
218,6,4,ViaRelay,81.06643526092184,81.06643526092184,1,1.0
218,7,3,Direct,0.011467367944648975,0.011467367944648975,1,1.0
218,7,4,Direct,0.6623865182840213,0.6623865182840213,1,1.0
218,7,11,Direct,6.37921082832593,6.37921082832593,1,1.0
218,7,14,Direct,196.83111723349583,196.83111723349583,1,1.0
218,8,7,Direct,0.22138254044439734,0.22138254044439734,1,1.0
218,8,8,Direct,22.59505688114985,22.59505688114985,1,1.0
218,9,10,Direct,5.041069335665629,5.041069335665629,1,1.0
218,10,4,Direct,7.985427259499594,7.985427259499594,1,1.0
218,10,8,Direct,0.06090967225285232,0.06090967225285232,1,1.0
218,11,0,Direct,0.3060954672487955,0.3060954672487955,1,1.0
218,11,4,Direct,22.189976655703575,22.189976655703575,1,1.0
218,11,9,Direct,0.46989836836318116,0.46989836836318116,1,1.0
218,11,14,Direct,190.4325302325167,190.4325302325167,1,1.0
218,14,0,Direct,0.4330350976401485,0.4330350976401485,1,1.0
218,14,10,Direct,0.07632737615046754,0.07632737615046754,1,1.0
218,14,13,Direct,0.015093523892269034,0.015093523892269034,1,1.0
218,15,2,Direct,0.2236584346263124,0.2236584346263124,1,1.0
218,15,7,Direct,0.3985167227078777,0.3985167227078777,1,1.0
218,15,14,Direct,2.2084196011416926,2.2084196011416926,1,1.0
218,16,13,Direct,0.8564497441950423,0.8564497441950423,1,1.0
218,17,2,Direct,4.932075231572859,4.932075231572859,1,1.0
218,18,4,Direct,0.0409543153829406,0.0409543153829406,1,1.0
218,18,10,Direct,0.21392583271304874,0.21392583271304874,1,1.0
218,19,10,Direct,13.861387012513795,13.861387012513795,1,1.0
218,20,2,Direct,0.020051601168480343,0.020051601168480343,1,1.0
218,20,11,Direct,0.1218990037660711,0.1218990037660711,1,1.0
218,21,4,Direct,0.2475563443360787,0.2475563443360787,1,1.0
218,21,8,Direct,0.06422809720159557,0.06422809720159557,1,1.0
218,22,10,Direct,0.055312021071281255,0.055312021071281255,1,1.0
218,22,14,Direct,15.426185513988871,15.426185513988871,1,1.0
219,0,9,Direct,0.062339844432332044,0.062339844432332044,1,1.0
219,1,5,Direct,8.453434400307223,8.453434400307223,1,1.0
219,1,15,Direct,0.01677472058641034,0.01677472058641034,1,1.0
219,2,1,Direct,0.02802949375492909,0.02802949375492909,1,1.0
219,2,11,Direct,256.0,256.0,1,1.0
219,3,8,Direct,0.0135063452876191,0.0135063452876191,1,1.0
219,3,11,Direct,256.0,256.0,1,1.0
219,4,1,Direct,0.04024896955329039,0.04024896955329039,1,1.0
219,4,4,Direct,0.1974825219158499,0.1974825219158499,1,1.0
219,4,13,Direct,27.35983011313467,27.35983011313467,1,1.0
219,5,8,Direct,0.015933074877269346,0.015933074877269346,1,1.0
219,5,12,Direct,17.843580549756574,17.843580549756574,1,1.0
219,5,13,Direct,0.027065847743191138,0.027065847743191138,1,1.0
219,6,9,Direct,0.17502890773235164,0.17502890773235164,1,1.0
219,7,0,Direct,0.11558355344490778,0.11558355344490778,1,1.0
219,7,6,Direct,0.011490358177387937,0.011490358177387937,1,1.0
219,7,11,Direct,85.42385865316301,85.42385865316301,1,1.0
219,7,13,Direct,0.026810689671547497,0.026810689671547497,1,1.0
219,8,9,Direct,5.6606251295761325,5.6606251295761325,1,1.0
219,8,11,Direct,0.03158315973845968,0.03158315973845968,1,1.0
219,9,4,Direct,133.52501992985535,133.52501992985535,1,1.0
219,9,11,Direct,0.07168584985722064,0.07168584985722064,1,1.0
219,10,0,Direct,0.1846014897842289,0.1846014897842289,1,1.0
219,11,6,Direct,0.1079197645187194,0.1079197645187194,1,1.0
219,11,14,Direct,51.8393651131304,51.8393651131304,1,1.0
219,13,11,Direct,121.48105708138723,121.48105708138723,1,1.0
219,13,15,Direct,0.0135278141218547,0.0135278141218547,1,1.0
219,14,11,Direct,1.1140809132759817,1.1140809132759817,1,1.0
219,15,10,Direct,0.2517804350851126,0.2517804350851126,1,1.0
219,15,13,Direct,0.3262041616985986,0.3262041616985986,1,1.0
219,16,13,Direct,15.06440324440445,15.06440324440445,1,1.0
219,17,0,Direct,75.00799866589671,75.00799866589671,1,1.0
219,17,9,Direct,1.387993829076455,1.387993829076455,1,1.0
219,17,12,Direct,1.5615928553631488,1.5615928553631488,1,1.0
219,18,13,Direct,0.03794873321839445,0.03794873321839445,1,1.0
219,19,8,Direct,0.9716066284000547,0.9716066284000547,1,1.0
219,19,9,Direct,6.234713619499719,6.234713619499719,1,1.0
219,19,15,Direct,2.5746381614717375,2.5746381614717375,1,1.0
219,20,0,Direct,0.022564226797748346,0.022564226797748346,1,1.0
219,20,2,Direct,4.777548230514408,4.777548230514408,1,1.0
219,20,8,Direct,0.018552030519711316,0.018552030519711316,1,1.0
219,20,11,Direct,8.527928827126503,8.527928827126503,1,1.0
219,21,2,Direct,0.03288203196232823,0.03288203196232823,1,1.0
219,21,8,Direct,0.06270581362425308,0.06270581362425308,1,1.0
219,21,14,Direct,0.8279283575561631,0.8279283575561631,1,1.0
219,22,8,Direct,21.3524150312612,21.3524150312612,1,1.0
219,22,10,Direct,0.045861522828913114,0.045861522828913114,1,1.0
219,22,12,Direct,256.0,256.0,1,1.0
219,23,2,Direct,3.7587513307040425,3.7587513307040425,1,1.0
219,23,6,Direct,1.1097767840092678,1.1097767840092678,1,1.0
219,23,12,Direct,256.0,256.0,1,1.0
219,23,15,Direct,0.01703950024435908,0.01703950024435908,1,1.0
220,2,10,Direct,256.0,256.0,1,1.0
220,2,12,Direct,0.37882871519768235,0.37882871519768235,1,1.0
220,2,13,Direct,4.258769902972992,4.258769902972992,1,1.0
220,3,3,Direct,0.024375706175945967,0.024375706175945967,1,1.0
220,3,13,Direct,0.012348916540560754,0.012348916540560754,1,1.0
220,4,4,Direct,0.06458383902294558,0.06458383902294558,1,1.0
220,5,13,Direct,0.9655571023216177,0.9655571023216177,1,1.0
220,6,2,Direct,1.1753775945352563,1.1753775945352563,1,1.0
220,6,3,Direct,0.1644264415851332,0.1644264415851332,1,1.0
220,6,5,Direct,0.03916543066138327,0.03916543066138327,1,1.0
220,6,13,Direct,0.038833937682532266,0.038833937682532266,1,1.0
220,7,7,Direct,0.020104429871199144,0.020104429871199144,1,1.0
220,7,11,Direct,0.14838241613245406,0.14838241613245406,1,1.0
220,7,13,Direct,25.3655491522637,25.3655491522637,1,1.0
220,9,1,Direct,0.008406621071042978,0.008406621071042978,1,1.0
220,9,11,Direct,25.90840472235265,25.90840472235265,1,1.0
220,9,12,Direct,256.0,256.0,1,1.0
220,9,13,Direct,0.2662509278158728,0.2662509278158728,1,1.0
220,9,14,Direct,0.10093812007566876,0.10093812007566876,1,1.0
220,10,8,Direct,6.282106245575911,6.282106245575911,1,1.0
220,10,10,Direct,1.0679349991613347,1.0679349991613347,1,1.0
220,10,11,Direct,1.1262873490221645,1.1262873490221645,1,1.0
220,11,1,Direct,0.7382420225326342,0.7382420225326342,1,1.0
220,11,4,Direct,0.3719188374976896,0.3719188374976896,1,1.0
220,11,5,Direct,0.1235975247394235,0.1235975247394235,1,1.0
220,11,7,Direct,0.027140089593697615,0.027140089593697615,1,1.0
220,11,8,Direct,27.577760524854206,27.577760524854206,1,1.0
220,12,3,Direct,0.7412991817540571,0.7412991817540571,1,1.0
220,13,1,Direct,2.6008388169381185,2.6008388169381185,1,1.0
220,13,3,Direct,7.1371047256064495,7.1371047256064495,1,1.0
220,14,4,Direct,51.86506731835303,51.86506731835303,1,1.0
220,15,11,Direct,1.2434684931373807,1.2434684931373807,1,1.0
220,15,13,Direct,0.42087183032427106,0.42087183032427106,1,1.0
220,16,1,Direct,0.1049757442759107,0.1049757442759107,1,1.0
220,17,1,Direct,0.12510072385572665,0.12510072385572665,1,1.0
220,17,11,Direct,10.228855636121652,10.228855636121652,1,1.0
220,17,14,Direct,0.15900008579858327,0.15900008579858327,1,1.0
220,19,3,Direct,6.022339134310672,6.022339134310672,1,1.0
220,19,5,Direct,15.071571449950053,15.071571449950053,1,1.0
220,19,10,Direct,29.928796133926028,29.928796133926028,1,1.0
220,19,13,Direct,0.12590927069690966,0.12590927069690966,1,1.0
220,20,1,Direct,0.03946669723973052,0.03946669723973052,1,1.0
220,20,4,Direct,18.323698352925962,18.323698352925962,1,1.0
220,21,3,Direct,3.386671585935776,3.386671585935776,1,1.0
220,21,8,Direct,16.2747306553431,16.2747306553431,1,1.0
220,22,3,Direct,2.4863910361205495,2.4863910361205495,1,1.0
220,22,5,Direct,0.10524188341627638,0.10524188341627638,1,1.0
220,23,14,Direct,1.6712317451092569,1.6712317451092569,1,1.0
221,0,1,Direct,0.026636362538657078,0.026636362538657078,1,1.0
221,1,9,Direct,0.020105504251134516,0.020105504251134516,1,1.0
221,2,9,Direct,2.5138511218126274,2.5138511218126274,1,1.0
221,3,3,Direct,0.013838968125189595,0.013838968125189595,1,1.0
221,4,6,Direct,0.011201247542608948,0.011201247542608948,1,1.0
221,4,11,Direct,0.08012056528911567,0.08012056528911567,1,1.0
221,5,10,Direct,19.348440336331482,19.348440336331482,1,1.0
221,6,3,Direct,19.06809381207712,19.06809381207712,1,1.0
221,7,1,Direct,8.329102657661721,8.329102657661721,1,1.0
221,7,11,Direct,0.0831434828127689,0.0831434828127689,1,1.0
221,8,9,Direct,0.02511750224444801,0.02511750224444801,1,1.0
221,9,2,Direct,0.019091595848302688,0.019091595848302688,1,1.0
221,9,8,Direct,0.0240242673644008,0.0240242673644008,1,1.0
221,10,1,Direct,0.06695855634560724,0.06695855634560724,1,1.0
221,10,10,Direct,0.15921619097169942,0.15921619097169942,1,1.0
221,11,1,Direct,0.030602573840462433,0.030602573840462433,1,1.0
221,11,10,Direct,0.14196283116775307,0.14196283116775307,1,1.0
221,12,8,Direct,1.363755809516453,1.363755809516453,1,1.0
221,13,10,ViaRelay,11.723388899123583,11.723388899123583,1,1.0
221,13,14,Direct,0.020770866118763456,0.020770866118763456,1,1.0
221,15,8,Direct,0.13536585049167862,0.13536585049167862,1,1.0
221,16,3,Direct,0.01052342452224202,0.01052342452224202,1,1.0
221,17,9,Direct,0.009300661980132657,0.009300661980132657,1,1.0
221,18,7,Direct,0.126691469982926,0.126691469982926,1,1.0
221,18,8,Direct,0.023212760542122002,0.023212760542122002,1,1.0
221,19,1,Direct,0.03419328200152823,0.03419328200152823,1,1.0
221,19,6,Direct,0.03467486759310869,0.03467486759310869,1,1.0
221,20,8,Direct,0.10074176425750649,0.10074176425750649,1,1.0
221,21,3,Direct,0.24400265945689026,0.24400265945689026,1,1.0
221,21,12,Direct,0.85723341006733,0.85723341006733,1,1.0
221,22,8,Direct,0.20446827767895784,0.20446827767895784,1,1.0
221,23,1,Direct,0.011942629302565037,0.011942629302565037,1,1.0
222,0,5,Direct,0.05107657334945074,0.05107657334945074,1,1.0
222,0,9,Direct,0.03384320912784301,0.03384320912784301,1,1.0
222,0,14,Direct,0.0372051612928853,0.0372051612928853,1,1.0
222,1,11,Direct,110.32697825552911,110.32697825552911,1,1.0
222,2,4,Direct,0.6067792466559627,0.6067792466559627,1,1.0
222,3,13,Direct,0.015337718361567537,0.015337718361567537,1,1.0
222,3,14,Direct,0.4918849367110356,0.4918849367110356,1,1.0
222,5,6,Direct,0.01691632121414728,0.01691632121414728,1,1.0
222,5,14,Direct,53.99839697452115,53.99839697452115,1,1.0
222,6,3,Direct,0.12787091409807516,0.12787091409807516,1,1.0
222,6,8,Direct,0.03717727365160203,0.03717727365160203,1,1.0
222,6,10,Direct,0.1396783192091009,0.1396783192091009,1,1.0
222,7,5,Direct,35.567404390024485,35.567404390024485,1,1.0
222,7,6,Direct,0.35611926987673487,0.35611926987673487,1,1.0
222,7,9,Direct,0.03701360618459428,0.03701360618459428,1,1.0
222,9,0,Direct,0.007466287474456657,0.007466287474456657,1,1.0
222,9,5,Direct,22.50097378303099,22.50097378303099,1,1.0
222,10,11,Direct,242.47657647077057,242.47657647077057,1,1.0
222,10,13,Direct,0.015697209695379036,0.015697209695379036,1,1.0
222,11,4,Direct,144.99389302751138,144.99389302751138,1,1.0
222,11,5,Direct,0.21651482626696952,0.21651482626696952,1,1.0
222,12,13,Direct,0.019768848735273424,0.019768848735273424,1,1.0
222,13,4,Direct,0.10698224137183616,0.10698224137183616,1,1.0
222,14,2,Direct,0.2871079046148511,0.2871079046148511,1,1.0
222,14,3,Direct,3.022299804126175,3.022299804126175,1,1.0
222,15,6,Direct,3.107865731261889,3.107865731261889,1,1.0
222,15,8,Direct,0.14438722144851643,0.14438722144851643,1,1.0
222,15,9,Direct,0.8496051845357869,0.8496051845357869,1,1.0
222,16,5,Direct,2.9777977695525095,2.9777977695525095,1,1.0
222,17,10,Direct,0.2327454048410487,0.2327454048410487,1,1.0
222,17,13,Direct,0.1725485485179307,0.1725485485179307,1,1.0
222,18,3,Direct,22.139099166131516,22.139099166131516,1,1.0
222,19,3,Direct,0.015056215216492905,0.015056215216492905,1,1.0
222,19,6,Direct,2.378979094298664,2.378979094298664,1,1.0
222,19,9,Direct,0.19274376608515403,0.19274376608515403,1,1.0
222,20,6,Direct,0.012549949042404444,0.012549949042404444,1,1.0
222,20,11,Direct,5.742455134040218,5.742455134040218,1,1.0
222,21,5,Direct,2.2912991079821214,2.2912991079821214,1,1.0
222,21,9,Direct,0.013481472866510007,0.013481472866510007,1,1.0
222,22,11,Direct,73.70117650178399,73.70117650178399,1,1.0
222,23,2,Direct,5.6644379678633,5.6644379678633,1,1.0
222,23,9,Direct,0.032417937237943895,0.032417937237943895,1,1.0
223,0,2,Direct,9.025863738280163,9.025863738280163,1,1.0
223,1,2,Direct,0.03736560954908279,0.03736560954908279,1,1.0
223,2,2,Direct,18.612104579263246,18.612104579263246,1,1.0
223,2,3,Direct,0.011492960722710437,0.011492960722710437,1,1.0
223,2,7,Direct,0.027738924286015623,0.027738924286015623,1,1.0
223,3,9,Direct,0.009212991522074165,0.009212991522074165,1,1.0
223,3,12,Direct,0.5153162163385774,0.5153162163385774,1,1.0
223,4,7,Direct,0.06260669791686953,0.06260669791686953,1,1.0
223,4,8,Direct,0.047540705198850376,0.047540705198850376,1,1.0
223,4,11,Direct,4.67568741007522,4.67568741007522,1,1.0
223,6,2,Direct,0.389277792791755,0.389277792791755,1,1.0
223,8,6,Direct,0.01126893406360025,0.01126893406360025,1,1.0
223,8,9,Direct,0.013151765093089199,0.013151765093089199,1,1.0
223,9,1,Direct,7.6572792201691104,7.6572792201691104,1,1.0
223,10,3,Direct,10.722735897589205,10.722735897589205,1,1.0
223,10,12,Direct,55.95452047721103,55.95452047721103,1,1.0
223,11,1,Direct,0.042123853231664836,0.042123853231664836,1,1.0
223,11,3,Direct,0.012063159534504184,0.012063159534504184,1,1.0
223,12,4,Direct,0.07276474672421407,0.07276474672421407,1,1.0
223,13,7,Direct,15.255328092721838,15.255328092721838,1,1.0
223,13,9,Direct,0.3235774870883453,0.3235774870883453,1,1.0
223,16,4,Direct,6.075144883298363,6.075144883298363,1,1.0
223,16,12,Direct,3.3552045902401595,3.3552045902401595,1,1.0
223,17,1,Direct,4.9262575379293265,4.9262575379293265,1,1.0
223,18,1,Direct,43.42129726432029,43.42129726432029,1,1.0
223,18,12,Direct,95.71391725286178,95.71391725286178,1,1.0
223,18,13,Direct,123.80573168418057,123.80573168418057,1,1.0
223,19,4,Direct,17.546995073331104,17.546995073331104,1,1.0
223,19,9,Direct,0.04676814172937341,0.04676814172937341,1,1.0
223,19,11,Direct,4.117939573832276,4.117939573832276,1,1.0
223,23,1,Direct,0.02188270018093632,0.02188270018093632,1,1.0
223,23,7,Direct,8.617704552973802,8.617704552973802,1,1.0
223,23,9,Direct,2.4440924891739524,2.4440924891739524,1,1.0
223,23,12,Direct,256.0,256.0,1,1.0
224,0,5,Direct,21.929536472242198,21.929536472242198,1,1.0
224,0,7,Direct,9.189099725480592,9.189099725480592,1,1.0
224,1,15,Direct,0.01005674227639508,0.01005674227639508,1,1.0
224,2,7,Direct,0.03488606027952949,0.03488606027952949,1,1.0
224,2,13,Direct,0.23051374294512716,0.23051374294512716,1,1.0
224,3,1,Direct,15.602723726926104,15.602723726926104,1,1.0
224,3,15,Direct,0.5261559461888323,0.5261559461888323,1,1.0
224,4,8,Direct,0.9322993735757018,0.9322993735757018,1,1.0
224,4,9,Direct,0.01567121950590812,0.01567121950590812,1,1.0
224,5,0,Direct,32.0649516223901,32.0649516223901,1,1.0
224,5,11,Direct,256.0,256.0,1,1.0
224,6,7,Direct,0.18657212668559647,0.18657212668559647,1,1.0
224,8,1,Direct,0.10233619053683479,0.10233619053683479,1,1.0
224,8,11,Direct,146.60863814381656,146.60863814381656,1,1.0
224,8,13,Direct,7.126503658024633,7.126503658024633,1,1.0
224,8,15,Direct,0.01082399998317215,0.01082399998317215,1,1.0
224,9,5,Direct,0.7042625888873097,0.7042625888873097,1,1.0
224,9,8,Direct,9.366496578374173,9.366496578374173,1,1.0
224,9,10,Direct,2.7563805025574055,2.7563805025574055,1,1.0
224,9,15,Direct,0.026495803115576665,0.026495803115576665,1,1.0
224,10,1,Direct,0.02982428402414573,0.02982428402414573,1,1.0
224,11,0,Direct,0.016654071567758586,0.016654071567758586,1,1.0
224,11,1,Direct,0.07989416656101422,0.07989416656101422,1,1.0
224,11,7,Direct,23.76372118024502,23.76372118024502,1,1.0
224,11,11,Direct,60.88218853081501,60.88218853081501,1,1.0
224,13,5,Direct,0.7934054892239124,0.7934054892239124,1,1.0
224,13,7,Direct,0.10013623509051213,0.10013623509051213,1,1.0
224,13,10,Direct,2.4732929679311,2.4732929679311,1,1.0
224,13,11,Direct,0.18026526834231163,0.18026526834231163,1,1.0
224,14,9,Direct,3.961043674189141,3.961043674189141,1,1.0
224,15,1,Direct,0.25324567687636307,0.25324567687636307,1,1.0
224,15,12,Direct,256.0,256.0,1,1.0
224,16,11,Direct,0.8109234240569221,0.8109234240569221,1,1.0
224,17,1,Direct,9.260512024875874,9.260512024875874,1,1.0
224,17,12,Direct,0.5555875861945321,0.5555875861945321,1,1.0
224,18,5,Direct,0.07905875842203931,0.07905875842203931,1,1.0
224,19,9,Direct,0.032505903243584454,0.032505903243584454,1,1.0
224,19,13,Direct,0.03658249395903055,0.03658249395903055,1,1.0
224,20,5,Direct,1.6826474695099467,1.6826474695099467,1,1.0
224,21,10,Direct,0.18821249556927686,0.18821249556927686,1,1.0
224,23,7,Direct,1.239143073539335,1.239143073539335,1,1.0
225,0,14,Direct,12.02121894444167,12.02121894444167,1,1.0
225,1,9,Direct,7.345683282339944,7.345683282339944,1,1.0
225,2,8,Direct,34.701640856385275,34.701640856385275,1,1.0
225,2,9,Direct,0.5156330782569393,0.5156330782569393,1,1.0
225,3,2,Direct,1.5565246814004334,1.5565246814004334,1,1.0
225,5,1,Direct,16.66826694564472,16.66826694564472,1,1.0
225,6,1,Direct,0.04494743462568773,0.04494743462568773,1,1.0
225,6,11,Direct,256.0,256.0,1,1.0
225,6,14,Direct,0.03691751690750383,0.03691751690750383,1,1.0
225,7,4,Direct,0.04037110026394031,0.04037110026394031,1,1.0
225,8,1,Direct,47.474727573944556,47.474727573944556,1,1.0
225,8,4,Direct,0.6125836697718976,0.6125836697718976,1,1.0
225,8,15,Direct,1.9674447966694666,1.9674447966694666,1,1.0
225,11,7,Direct,0.15536852055517514,0.15536852055517514,1,1.0
225,12,0,Direct,0.17927115584467632,0.17927115584467632,1,1.0
225,13,1,Direct,1.2815409548953405,1.2815409548953405,1,1.0
225,13,8,Direct,1.5290032175551143,1.5290032175551143,1,1.0
225,14,0,Direct,0.021910722913899654,0.021910722913899654,1,1.0
225,14,3,Direct,0.008592351806497044,0.008592351806497044,1,1.0
225,16,0,Direct,0.6996958489527769,0.6996958489527769,1,1.0
225,17,0,Direct,0.42303465735682483,0.42303465735682483,1,1.0
225,17,15,Direct,0.3430740057518471,0.3430740057518471,1,1.0
225,18,11,Direct,0.09609060658154545,0.09609060658154545,1,1.0
225,19,1,Direct,0.07699879023463459,0.07699879023463459,1,1.0
225,19,3,Direct,0.013211054013293482,0.013211054013293482,1,1.0
225,21,1,Direct,0.1622598723595395,0.1622598723595395,1,1.0
225,21,4,Direct,0.2797299410597543,0.2797299410597543,1,1.0
225,22,5,Direct,17.85922933057364,17.85922933057364,1,1.0
225,22,7,Direct,0.21367962220842815,0.21367962220842815,1,1.0
225,22,9,Direct,0.02791647385693086,0.02791647385693086,1,1.0
225,22,11,Direct,1.068853893362163,1.068853893362163,1,1.0
225,23,2,Direct,0.06295271663480505,0.06295271663480505,1,1.0
225,23,15,Direct,0.0843293316513864,0.0843293316513864,1,1.0
226,0,2,Direct,16.87694853889211,16.87694853889211,1,1.0
226,0,8,Direct,0.2962501901290874,0.2962501901290874,1,1.0
226,0,13,Direct,0.021097486115795407,0.021097486115795407,1,1.0
226,1,3,Direct,12.351028359270664,12.351028359270664,1,1.0
226,1,7,Direct,0.030985099370722725,0.030985099370722725,1,1.0
226,1,11,Direct,0.03831120364330738,0.03831120364330738,1,1.0
226,3,2,Direct,0.01313180662671508,0.01313180662671508,1,1.0
226,3,6,Direct,3.1221801258828976,3.1221801258828976,1,1.0
226,3,8,Direct,23.694677778065646,23.694677778065646,1,1.0
226,4,0,Direct,0.036378940330842734,0.036378940330842734,1,1.0
226,4,3,Direct,0.560982342172016,0.560982342172016,1,1.0
226,4,7,Direct,0.04622635300777619,0.04622635300777619,1,1.0
226,5,8,Direct,0.044494721125577855,0.044494721125577855,1,1.0
226,5,11,Direct,0.14983649118109896,0.14983649118109896,1,1.0
226,6,7,Direct,0.03410196258178187,0.03410196258178187,1,1.0
226,7,9,Direct,3.2245731475883086,3.2245731475883086,1,1.0
226,8,10,Direct,30.166486201425833,30.166486201425833,1,1.0
226,9,2,Direct,0.011639326615591068,0.011639326615591068,1,1.0
226,9,3,Direct,0.08534781173979969,0.08534781173979969,1,1.0
226,9,9,Direct,5.755347453441631,5.755347453441631,1,1.0
226,10,0,Direct,0.014617139929728339,0.014617139929728339,1,1.0
226,10,6,Direct,1.1207296955939938,1.1207296955939938,1,1.0
226,10,8,Direct,0.01964635360194683,0.01964635360194683,1,1.0
226,11,7,Direct,1.0866786763336558,1.0866786763336558,1,1.0
226,12,8,Direct,36.676352689383464,36.676352689383464,1,1.0
226,13,3,Direct,0.06658383866018804,0.06658383866018804,1,1.0
226,13,13,Direct,0.00746639811008823,0.00746639811008823,1,1.0
226,14,3,Direct,10.306329409009853,10.306329409009853,1,1.0
226,14,5,Direct,0.05189901655395215,0.05189901655395215,1,1.0
226,14,11,Direct,13.169086589666287,13.169086589666287,1,1.0
226,16,3,Direct,9.396861707609034,9.396861707609034,1,1.0
226,17,0,Direct,0.035127483453163535,0.035127483453163535,1,1.0
226,17,6,Direct,56.82954948271088,56.82954948271088,1,1.0
226,18,0,Direct,0.022065160860854176,0.022065160860854176,1,1.0
226,18,2,Direct,0.03313432569833767,0.03313432569833767,1,1.0
226,18,3,Direct,0.017143233640242745,0.017143233640242745,1,1.0
226,19,0,Direct,16.623952127337695,16.623952127337695,1,1.0
226,19,3,Direct,1.5848010703857436,1.5848010703857436,1,1.0
226,20,7,Direct,73.0957435819389,73.0957435819389,1,1.0
226,21,5,Direct,0.17156531748848863,0.17156531748848863,1,1.0
226,22,10,Direct,2.4888976383353247,2.4888976383353247,1,1.0
226,22,11,Direct,0.047100110820669595,0.047100110820669595,1,1.0
226,23,2,Direct,4.717555672952918,4.717555672952918,1,1.0
227,0,6,Direct,0.008170117291833406,0.008170117291833406,1,1.0
227,1,6,Direct,0.04348230381410911,0.04348230381410911,1,1.0
227,1,13,Direct,15.38915934284459,15.38915934284459,1,1.0
227,2,7,Direct,7.364087543989518,7.364087543989518,1,1.0
227,2,14,Direct,0.30146870054080244,0.30146870054080244,1,1.0
227,3,7,Direct,44.74328696903524,44.74328696903524,1,1.0
227,3,11,Direct,14.451028208868253,14.451028208868253,1,1.0
227,4,8,Direct,0.09807480297038858,0.09807480297038858,1,1.0
227,5,6,Direct,8.486547638771793,8.486547638771793,1,1.0
227,5,12,Direct,256.0,256.0,1,1.0
227,5,15,Direct,0.014540688171029836,0.014540688171029836,1,1.0
227,6,6,Direct,11.950090170922637,11.950090170922637,1,1.0
227,6,14,Direct,0.2139090413433281,0.2139090413433281,1,1.0
227,6,15,Direct,12.6750692256779,12.6750692256779,1,1.0
227,7,6,Direct,2.99556424580792,2.99556424580792,1,1.0
227,7,12,Direct,0.11202482180681003,0.11202482180681003,1,1.0
227,8,3,Direct,0.1625336269509066,0.1625336269509066,1,1.0
227,8,8,Direct,14.74617260925233,14.74617260925233,1,1.0
227,9,4,Direct,128.44188428532593,128.44188428532593,1,1.0
227,10,4,Direct,2.7527952863957896,2.7527952863957896,1,1.0
227,10,8,Direct,3.0201156423763926,3.0201156423763926,1,1.0
227,10,11,Direct,30.054117414535323,30.054117414535323,1,1.0
227,11,9,Direct,5.74514338605061,5.74514338605061,1,1.0
227,12,9,Direct,0.008599292697521639,0.008599292697521639,1,1.0
227,12,12,Direct,37.660131624439074,37.660131624439074,1,1.0
227,13,4,Direct,3.3729761954249984,3.3729761954249984,1,1.0
227,13,6,Direct,23.605964762555,23.605964762555,1,1.0
227,13,15,Direct,0.0211029205654158,0.0211029205654158,1,1.0
227,14,7,Direct,7.199079802889206,7.199079802889206,1,1.0
227,14,12,Direct,11.49231974039813,11.49231974039813,1,1.0
227,14,14,Direct,0.1896139074950138,0.1896139074950138,1,1.0
227,15,3,Direct,0.19893349696734658,0.19893349696734658,1,1.0
227,15,11,Direct,0.11713963733728246,0.11713963733728246,1,1.0
227,16,3,Direct,1.5923311548077506,1.5923311548077506,1,1.0
227,16,10,Direct,80.39673779109428,80.39673779109428,1,1.0
227,16,12,Direct,256.0,256.0,1,1.0
227,17,4,Direct,0.038470728325929904,0.038470728325929904,1,1.0
227,17,7,Direct,0.031243685897873883,0.031243685897873883,1,1.0
227,17,8,Direct,4.3503446976074045,4.3503446976074045,1,1.0
227,17,10,Direct,24.83714518517069,24.83714518517069,1,1.0
227,17,11,Direct,59.10253278322192,59.10253278322192,1,1.0
227,18,3,Direct,0.012475854463697504,0.012475854463697504,1,1.0
227,18,4,Direct,5.372227082208949,5.372227082208949,1,1.0
227,18,8,Direct,0.01686895460728029,0.01686895460728029,1,1.0
227,18,13,Direct,2.1528339400364005,2.1528339400364005,1,1.0
227,19,8,Direct,0.26049014181459973,0.26049014181459973,1,1.0
227,19,10,Direct,0.02515224442173188,0.02515224442173188,1,1.0
227,19,12,Direct,0.9458387209207798,0.9458387209207798,1,1.0
227,20,7,Direct,0.02494047481183439,0.02494047481183439,1,1.0
227,22,12,Direct,2.590119400501421,2.590119400501421,1,1.0
227,22,15,Direct,0.015901741046336345,0.015901741046336345,1,1.0
227,23,9,Direct,0.01725849935562705,0.01725849935562705,1,1.0
227,23,15,Direct,0.03476909041123625,0.03476909041123625,1,1.0
228,0,0,Direct,0.7400816354492837,0.7400816354492837,1,1.0
228,1,4,Direct,4.109735639356784,4.109735639356784,1,1.0
228,1,12,Direct,256.0,256.0,1,1.0
228,2,2,Direct,6.719929136924822,6.719929136924822,1,1.0
228,2,7,Direct,0.5427296624123834,0.5427296624123834,1,1.0
228,2,12,Direct,0.3132987775079995,0.3132987775079995,1,1.0
228,3,15,Direct,0.03781667175623827,0.03781667175623827,1,1.0
228,5,8,Direct,16.457026144488665,16.457026144488665,1,1.0
228,5,11,Direct,0.36212282300184034,0.36212282300184034,1,1.0
228,5,12,Direct,0.20424539193766797,0.20424539193766797,1,1.0
228,6,15,Direct,47.820454126566915,47.820454126566915,1,1.0
228,7,2,Direct,0.008186069310363406,0.008186069310363406,1,1.0
228,9,12,Direct,40.697286794303004,40.697286794303004,1,1.0
228,10,2,Direct,44.53660333444218,44.53660333444218,1,1.0
228,11,12,Direct,0.17559558183536644,0.17559558183536644,1,1.0
228,12,4,Direct,53.32281868599777,53.32281868599777,1,1.0
228,12,8,Direct,5.91027184685457,5.91027184685457,1,1.0
228,12,11,Direct,125.5089302358324,125.5089302358324,1,1.0
228,13,0,Direct,0.012553192815370911,0.012553192815370911,1,1.0
228,13,4,Direct,0.35212726717091924,0.35212726717091924,1,1.0
228,13,13,Direct,0.047285435677830556,0.047285435677830556,1,1.0
228,15,4,Direct,5.160860697157726,5.160860697157726,1,1.0
228,16,10,Direct,1.1297139250675945,1.1297139250675945,1,1.0
228,16,15,Direct,1.4049843005443272,1.4049843005443272,1,1.0
228,17,11,Direct,256.0,256.0,1,1.0
228,18,2,Direct,0.01565607970883064,0.01565607970883064,1,1.0
228,18,7,Direct,0.01513308535291676,0.01513308535291676,1,1.0
228,18,13,Direct,2.9948841387516687,2.9948841387516687,1,1.0
228,19,0,Direct,0.021014672780692644,0.021014672780692644,1,1.0
228,20,10,Direct,0.056821111117271894,0.056821111117271894,1,1.0
228,20,15,Direct,139.85424453480832,139.85424453480832,1,1.0
228,21,3,Direct,0.016698266584528058,0.016698266584528058,1,1.0
228,21,4,Direct,3.1248558564850426,3.1248558564850426,1,1.0
228,22,4,Direct,118.85539249741934,118.85539249741934,1,1.0
228,22,11,Direct,0.11402847660693606,0.11402847660693606,1,1.0
228,23,3,Direct,0.01568050016305025,0.01568050016305025,1,1.0
228,23,14,Direct,0.1969544817846984,0.1969544817846984,1,1.0
229,1,5,Direct,52.99678789181871,52.99678789181871,1,1.0
229,2,7,Direct,17.556079274015477,17.556079274015477,1,1.0
229,2,14,Direct,3.4561034302647142,3.4561034302647142,1,1.0
229,2,15,Direct,0.14460069344535023,0.14460069344535023,1,1.0
229,3,0,Direct,2.1425842193921283,2.1425842193921283,1,1.0
229,3,4,Direct,3.087807482545391,3.087807482545391,1,1.0
229,4,0,Direct,6.958172428483141,6.958172428483141,1,1.0
229,4,14,Direct,0.06736504145867674,0.06736504145867674,1,1.0
229,4,15,Direct,3.9634032687858127,3.9634032687858127,1,1.0
229,6,3,Direct,0.01626027359664799,0.01626027359664799,1,1.0
229,6,14,Direct,35.2942718980968,35.2942718980968,1,1.0
229,7,0,Direct,0.07805234815100794,0.07805234815100794,1,1.0
229,7,9,Direct,4.2011206917467785,4.2011206917467785,1,1.0
229,8,15,Direct,7.115229510074194,7.115229510074194,1,1.0
229,9,0,Direct,0.03604324739468506,0.03604324739468506,1,1.0
229,9,4,Direct,0.12017252331389146,0.12017252331389146,1,1.0
229,10,10,Direct,30.19875034429781,30.19875034429781,1,1.0
229,10,12,Direct,63.537709916373615,63.537709916373615,1,1.0
229,12,14,Direct,0.12685571790990458,0.12685571790990458,1,1.0
229,13,3,Direct,3.478647500060763,3.478647500060763,1,1.0
229,14,3,Direct,0.13413026770556602,0.13413026770556602,1,1.0
229,14,9,Direct,0.00811411982122145,0.00811411982122145,1,1.0
229,15,14,Direct,1.991946471606056,1.991946471606056,1,1.0
229,15,15,Direct,0.025246272534486174,0.025246272534486174,1,1.0
229,16,4,Direct,0.31686683505672614,0.31686683505672614,1,1.0
229,16,12,Direct,22.399179571813807,22.399179571813807,1,1.0
229,17,9,Direct,0.08844251257503034,0.08844251257503034,1,1.0
229,18,0,Direct,12.527451535162632,12.527451535162632,1,1.0
229,18,9,Direct,0.010834801276885905,0.010834801276885905,1,1.0
229,19,3,Direct,0.03631826141252421,0.03631826141252421,1,1.0
229,19,11,Direct,17.07411571081806,17.07411571081806,1,1.0
229,19,12,Direct,0.10385416904096838,0.10385416904096838,1,1.0
229,22,14,Direct,0.020373230664033334,0.020373230664033334,1,1.0
229,22,15,Direct,0.26833257959292844,0.26833257959292844,1,1.0
229,23,12,Direct,10.881217728566405,10.881217728566405,1,1.0
230,1,1,Direct,16.491201378425323,16.491201378425323,1,1.0
230,2,0,Direct,8.3730426957744,8.3730426957744,1,1.0
230,2,8,Direct,15.777527845918726,15.777527845918726,1,1.0
230,2,10,Direct,3.005251255488313,3.005251255488313,1,1.0
230,3,1,Direct,0.015270183666238177,0.015270183666238177,1,1.0
230,4,8,Direct,16.595617736076633,16.595617736076633,1,1.0
230,5,7,Direct,0.07100877055837133,0.07100877055837133,1,1.0
230,6,1,Direct,0.08736689143470515,0.08736689143470515,1,1.0
230,6,13,Direct,0.06694817278928973,0.06694817278928973,1,1.0
230,7,4,Direct,0.06620113728491012,0.06620113728491012,1,1.0
230,8,8,Direct,23.748268370752474,23.748268370752474,1,1.0
230,8,10,Direct,0.025486529855002545,0.025486529855002545,1,1.0
230,8,12,Direct,256.0,256.0,1,1.0
230,9,4,Direct,19.422178170418768,19.422178170418768,1,1.0
230,10,7,Direct,0.08613246830975416,0.08613246830975416,1,1.0
230,11,3,Direct,3.960241277678767,3.960241277678767,1,1.0
230,12,4,Direct,44.92354287855416,44.92354287855416,1,1.0
230,12,8,Direct,21.3592197350289,21.3592197350289,1,1.0
230,12,15,Direct,0.11099779690504306,0.11099779690504306,1,1.0
230,13,10,Direct,1.0428794116185733,1.0428794116185733,1,1.0
230,14,0,Direct,0.02124213441904875,0.02124213441904875,1,1.0
230,14,1,Direct,2.947042447552035,2.947042447552035,1,1.0
230,14,10,Direct,0.07396642394960928,0.07396642394960928,1,1.0
230,15,7,Direct,21.687343883071883,21.687343883071883,1,1.0
230,16,3,Direct,27.434494228783407,27.434494228783407,1,1.0
230,16,10,Direct,102.03379545822052,102.03379545822052,1,1.0
230,16,12,Direct,28.408555783661196,28.408555783661196,1,1.0
230,17,3,Direct,5.382660461702345,5.382660461702345,1,1.0
230,18,10,Direct,0.033029644324632894,0.033029644324632894,1,1.0
230,18,13,Direct,0.026023327741248943,0.026023327741248943,1,1.0
230,19,4,Direct,0.7400927081738682,0.7400927081738682,1,1.0
230,20,8,Direct,45.8704719425876,45.8704719425876,1,1.0
230,21,12,Direct,256.0,256.0,1,1.0
231,0,3,Direct,0.032630956837612746,0.032630956837612746,1,1.0
231,0,14,Direct,11.398392910669848,11.398392910669848,1,1.0
231,1,7,Direct,2.24507043575171,2.24507043575171,1,1.0
231,2,6,Direct,0.026075171754198965,0.026075171754198965,1,1.0
231,2,13,Direct,0.02956255890935473,0.02956255890935473,1,1.0
231,3,0,Direct,0.026582686350032372,0.026582686350032372,1,1.0
231,3,7,Direct,1.0917658453427121,1.0917658453427121,1,1.0
231,3,10,Direct,2.1033714380941944,2.1033714380941944,1,1.0
231,3,13,Direct,0.09057458345225733,0.09057458345225733,1,1.0
231,5,0,Direct,1.1495715983065808,1.1495715983065808,1,1.0
231,5,3,Direct,0.08164374494865997,0.08164374494865997,1,1.0
231,5,8,Direct,0.15292161277391464,0.15292161277391464,1,1.0
231,5,9,Direct,0.01627291480890944,0.01627291480890944,1,1.0
231,5,13,Direct,0.031012495412744343,0.031012495412744343,1,1.0
231,6,5,Direct,28.025519410723078,28.025519410723078,1,1.0
231,6,10,Direct,256.0,256.0,1,1.0
231,7,13,Direct,7.842823659865664,7.842823659865664,1,1.0
231,8,0,Direct,0.018998064151529572,0.018998064151529572,1,1.0
231,8,6,Direct,1.9417774370645235,1.9417774370645235,1,1.0
231,9,0,Direct,87.39256448446449,87.39256448446449,1,1.0
231,9,5,Direct,0.037405210079749514,0.037405210079749514,1,1.0
231,9,8,Direct,3.923518546691421,3.923518546691421,1,1.0
231,10,0,Direct,0.03464265518644644,0.03464265518644644,1,1.0
231,10,8,Direct,0.18201332691548894,0.18201332691548894,1,1.0
231,11,5,Direct,2.7987338601908482,2.7987338601908482,1,1.0
231,11,7,Direct,21.455430331505987,21.455430331505987,1,1.0
231,12,5,Direct,0.1176054260684675,0.1176054260684675,1,1.0
231,12,6,Direct,0.019052206121691753,0.019052206121691753,1,1.0
231,12,14,Direct,9.597036918223752,9.597036918223752,1,1.0
231,13,11,Direct,0.3376279802211572,0.3376279802211572,1,1.0
231,13,13,Direct,0.03767752179416762,0.03767752179416762,1,1.0
231,15,1,Direct,0.025538833409962065,0.025538833409962065,1,1.0
231,17,7,Direct,27.728503030371876,27.728503030371876,1,1.0
231,17,9,Direct,4.112865444945263,4.112865444945263,1,1.0
231,19,5,Direct,0.23299264710013204,0.23299264710013204,1,1.0
231,19,8,Direct,0.08105443238956361,0.08105443238956361,1,1.0
231,19,11,Direct,51.08516358830571,51.08516358830571,1,1.0
231,20,3,Direct,0.039384548478577766,0.039384548478577766,1,1.0
231,20,7,Direct,49.09345673530986,49.09345673530986,1,1.0
231,20,13,Direct,11.487542289483772,11.487542289483772,1,1.0
231,21,11,Direct,19.282994173024438,19.282994173024438,1,1.0
231,22,11,ViaRelay,157.82162905075964,157.82162905075964,1,1.0
231,22,13,Direct,0.017852652490529055,0.017852652490529055,1,1.0
231,23,0,Direct,0.020520406167920745,0.020520406167920745,1,1.0
231,23,1,Direct,13.905074180583078,13.905074180583078,1,1.0
231,23,3,Direct,2.5062129351080826,2.5062129351080826,1,1.0
232,1,14,Direct,22.506283011616716,22.506283011616716,1,1.0
232,2,6,Direct,0.010705129365556499,0.010705129365556499,1,1.0
232,2,9,Direct,1.1024685714980627,1.1024685714980627,1,1.0
232,3,3,Direct,0.007821486491497307,0.007821486491497307,1,1.0
232,4,0,Direct,30.648796040621534,30.648796040621534,1,1.0
232,4,2,Direct,0.015446530252943565,0.015446530252943565,1,1.0
232,5,12,Direct,0.05734582107075789,0.05734582107075789,1,1.0
232,6,6,Direct,0.44640284026556126,0.44640284026556126,1,1.0
232,7,12,Direct,1.0540645688624513,1.0540645688624513,1,1.0
232,9,9,Direct,0.05939629820729178,0.05939629820729178,1,1.0
232,10,12,Direct,0.912811847871621,0.912811847871621,1,1.0
232,11,3,Direct,0.39560818504508327,0.39560818504508327,1,1.0
232,12,4,Direct,0.5038650804893507,0.5038650804893507,1,1.0
232,13,9,Direct,0.012393758917615915,0.012393758917615915,1,1.0
232,14,14,Direct,0.05782224484833261,0.05782224484833261,1,1.0
232,15,3,Direct,3.747507259930451,3.747507259930451,1,1.0
232,15,4,Direct,1.386198196419099,1.386198196419099,1,1.0
232,15,12,ViaRelay,72.1378111657101,72.1378111657101,1,1.0
232,15,14,Direct,1.0053679367649317,1.0053679367649317,1,1.0
232,16,3,Direct,0.07652545921489169,0.07652545921489169,1,1.0
232,17,2,Direct,1.5643919075246133,1.5643919075246133,1,1.0
232,18,10,Direct,96.56869495545068,96.56869495545068,1,1.0
232,19,4,Direct,56.989165768783785,56.989165768783785,1,1.0
232,19,12,Direct,0.13154715658088967,0.13154715658088967,1,1.0
232,20,4,Direct,0.06632068624673886,0.06632068624673886,1,1.0
232,20,14,Direct,0.7246595517431499,0.7246595517431499,1,1.0
232,21,6,Direct,0.0716746684046369,0.0716746684046369,1,1.0
232,22,12,ViaRelay,225.02752117123356,225.02752117123356,1,1.0
233,0,3,Direct,7.344954442297145,7.344954442297145,1,1.0
233,1,11,Direct,0.02485780708108659,0.02485780708108659,1,1.0
233,2,0,Direct,1.7722310771738385,1.7722310771738385,1,1.0
233,2,3,Direct,9.210379206078546,9.210379206078546,1,1.0
233,2,9,Direct,4.473149795275421,4.473149795275421,1,1.0
233,2,11,Direct,1.0956926823898914,1.0956926823898914,1,1.0
233,2,15,Direct,0.9784265730898719,0.9784265730898719,1,1.0
233,3,4,Direct,0.12283706700555011,0.12283706700555011,1,1.0
233,3,11,ViaRelay,36.16855145761154,36.16855145761154,1,1.0
233,3,15,Direct,0.05472654756670096,0.05472654756670096,1,1.0
233,4,11,Direct,1.2140410744466017,1.2140410744466017,1,1.0
233,6,12,Direct,0.0593559440942161,0.0593559440942161,1,1.0
233,8,0,Direct,0.01707200574119725,0.01707200574119725,1,1.0
233,10,0,Direct,0.10257055538112828,0.10257055538112828,1,1.0
233,10,1,Direct,0.3501035730804638,0.3501035730804638,1,1.0
233,11,2,Direct,0.009733846939734071,0.009733846939734071,1,1.0
233,11,9,Direct,0.03484581331911229,0.03484581331911229,1,1.0
233,11,15,Direct,0.021535217691905417,0.021535217691905417,1,1.0
233,13,2,Direct,0.4477249137020828,0.4477249137020828,1,1.0
233,14,11,Direct,0.2731530725351678,0.2731530725351678,1,1.0
233,16,0,Direct,1.545120398499461,1.545120398499461,1,1.0
233,17,12,Direct,0.24032386664884312,0.24032386664884312,1,1.0
233,17,15,Direct,1.744424149706383,1.744424149706383,1,1.0
233,18,3,Direct,2.1627597785978177,2.1627597785978177,1,1.0
233,18,7,Direct,0.04419873348112329,0.04419873348112329,1,1.0
233,19,0,Direct,0.028350320645001523,0.028350320645001523,1,1.0
233,19,11,Direct,43.597880758802944,43.597880758802944,1,1.0
233,21,12,Direct,0.12798357928925108,0.12798357928925108,1,1.0
233,22,2,Direct,0.017939001940897023,0.017939001940897023,1,1.0
233,23,0,Direct,0.8783928424100987,0.8783928424100987,1,1.0
234,0,7,Direct,0.031144095452173493,0.031144095452173493,1,1.0
234,0,9,Direct,0.012897819724548077,0.012897819724548077,1,1.0
234,2,8,Direct,6.670329383544232,6.670329383544232,1,1.0
234,2,13,Direct,0.0565409021975377,0.0565409021975377,1,1.0
234,4,8,Direct,0.34433496335162533,0.34433496335162533,1,1.0
234,4,13,Direct,6.96968452949301,6.96968452949301,1,1.0
234,5,6,Direct,5.086197895522059,5.086197895522059,1,1.0
234,5,10,Direct,12.440605797727905,12.440605797727905,1,1.0
234,6,3,Direct,0.06865963550053827,0.06865963550053827,1,1.0
234,6,7,Direct,16.890463157406323,16.890463157406323,1,1.0
234,6,12,Direct,0.19292786803812328,0.19292786803812328,1,1.0
234,7,0,Direct,4.979653142638466,4.979653142638466,1,1.0
234,7,10,Direct,67.52174484732686,67.52174484732686,1,1.0
234,8,0,Direct,0.021753038634135354,0.021753038634135354,1,1.0
234,9,3,Direct,5.552734384686614,5.552734384686614,1,1.0
234,9,6,Direct,1.3295937120013175,1.3295937120013175,1,1.0
234,10,0,Direct,0.03925764256463839,0.03925764256463839,1,1.0
234,10,8,Direct,0.02617373697812036,0.02617373697812036,1,1.0
234,10,12,Direct,1.5997196533933387,1.5997196533933387,1,1.0
234,11,9,Direct,0.010074011662139724,0.010074011662139724,1,1.0
234,11,13,Direct,5.257230141736945,5.257230141736945,1,1.0
234,12,8,Direct,0.026439359138362515,0.026439359138362515,1,1.0
234,13,6,Direct,1.0334706916923821,1.0334706916923821,1,1.0
234,13,8,Direct,0.8839712794939693,0.8839712794939693,1,1.0
234,14,0,Direct,0.051366393145954904,0.051366393145954904,1,1.0
234,14,3,Direct,0.012165028764497782,0.012165028764497782,1,1.0
234,14,11,Direct,0.21521089072258826,0.21521089072258826,1,1.0
234,15,0,Direct,0.029574822211356946,0.029574822211356946,1,1.0
234,15,13,Direct,0.009112106397281359,0.009112106397281359,1,1.0
234,16,3,Direct,1.192281110958683,1.192281110958683,1,1.0
234,16,9,Direct,0.027633618471264467,0.027633618471264467,1,1.0
234,17,9,Direct,0.01209637243342273,0.01209637243342273,1,1.0
234,18,11,Direct,0.27641866157960626,0.27641866157960626,1,1.0
234,19,0,Direct,4.043766409494554,4.043766409494554,1,1.0
234,20,10,Direct,0.3543953497352445,0.3543953497352445,1,1.0
234,21,9,Direct,8.92663025545517,8.92663025545517,1,1.0
234,22,7,Direct,5.666515220783128,5.666515220783128,1,1.0
234,22,13,Direct,0.052203972194372346,0.052203972194372346,1,1.0
234,22,15,Direct,0.017923884598231663,0.017923884598231663,1,1.0
234,23,6,Direct,9.478394737470367,9.478394737470367,1,1.0
234,23,8,Direct,0.10021656621759134,0.10021656621759134,1,1.0
234,23,15,Direct,96.46965252815279,96.46965252815279,1,1.0
235,0,3,Direct,0.01486968876012212,0.01486968876012212,1,1.0
235,0,7,Direct,0.1922962870035305,0.1922962870035305,1,1.0
235,0,8,Direct,0.018881181720298654,0.018881181720298654,1,1.0
235,0,10,Direct,41.69980645486144,41.69980645486144,1,1.0
235,0,11,Direct,0.0856414832494408,0.0856414832494408,1,1.0
235,3,8,Direct,34.459007067388946,34.459007067388946,1,1.0
235,4,11,Direct,6.018688628776657,6.018688628776657,1,1.0
235,4,12,Direct,7.175415419836993,7.175415419836993,1,1.0
235,4,14,Direct,0.04584338326630529,0.04584338326630529,1,1.0
235,5,11,Direct,0.06922850859991225,0.06922850859991225,1,1.0
235,5,12,Direct,0.16056981906525034,0.16056981906525034,1,1.0
235,6,14,Direct,31.090648321444693,31.090648321444693,1,1.0
235,6,15,Direct,4.773441050201058,4.773441050201058,1,1.0
235,7,1,Direct,0.038550314147204,0.038550314147204,1,1.0
235,8,1,Direct,0.05276119481967892,0.05276119481967892,1,1.0
235,8,4,Direct,42.29045560522128,42.29045560522128,1,1.0
235,9,15,Direct,0.10015677949567518,0.10015677949567518,1,1.0
235,10,0,Direct,0.39273518007016744,0.39273518007016744,1,1.0
235,10,6,Direct,2.593948874787333,2.593948874787333,1,1.0
235,10,10,Direct,0.6419824216684186,0.6419824216684186,1,1.0
235,11,1,Direct,0.07102331867456457,0.07102331867456457,1,1.0
235,11,7,Direct,0.024109037946300267,0.024109037946300267,1,1.0
235,11,8,Direct,0.22438831596052838,0.22438831596052838,1,1.0
235,15,15,Direct,0.028151301801589944,0.028151301801589944,1,1.0
235,18,4,Direct,0.05606691063893764,0.05606691063893764,1,1.0
235,18,11,Direct,185.80127180806983,185.80127180806983,1,1.0
235,18,15,Direct,12.844688563826512,12.844688563826512,1,1.0
235,19,4,Direct,0.1622781745683943,0.1622781745683943,1,1.0
235,19,12,Direct,5.243486892704347,5.243486892704347,1,1.0
235,20,1,Direct,0.02905109585526478,0.02905109585526478,1,1.0
235,20,8,Direct,20.779284030804973,20.779284030804973,1,1.0
235,21,14,Direct,0.054736117201371566,0.054736117201371566,1,1.0
235,22,1,Direct,18.63125933964582,18.63125933964582,1,1.0
235,22,7,Direct,13.31749702766035,13.31749702766035,1,1.0
235,22,10,Direct,3.8992344904012195,3.8992344904012195,1,1.0
235,23,11,Direct,8.775065269282074,8.775065269282074,1,1.0
235,23,12,Direct,129.28999824195483,129.28999824195483,1,1.0
235,23,15,Direct,3.75303796996228,3.75303796996228,1,1.0
236,0,1,Direct,0.8845866166603097,0.8845866166603097,1,1.0
236,0,4,Direct,256.0,256.0,1,1.0
236,0,9,Direct,0.03290556600166171,0.03290556600166171,1,1.0
236,0,12,Direct,0.1929725404415843,0.1929725404415843,1,1.0
236,1,12,Direct,21.19670689572427,21.19670689572427,1,1.0
236,2,4,Direct,4.3680744205265825,4.3680744205265825,1,1.0
236,3,6,Direct,26.550938490313758,26.550938490313758,1,1.0
236,4,1,Direct,0.8197714894434454,0.8197714894434454,1,1.0
236,5,14,Direct,0.0398838668472733,0.0398838668472733,1,1.0
236,6,7,Direct,70.24912032751337,70.24912032751337,1,1.0
236,6,9,Direct,2.0933844151035848,2.0933844151035848,1,1.0
236,7,11,Direct,0.1589430061694001,0.1589430061694001,1,1.0
236,8,0,Direct,0.015654578474924956,0.015654578474924956,1,1.0
236,8,1,Direct,2.31530089915577,2.31530089915577,1,1.0
236,8,6,Direct,2.0799680860627303,2.0799680860627303,1,1.0
236,9,2,Direct,0.0217773201253855,0.0217773201253855,1,1.0
236,10,1,Direct,0.04225318530311775,0.04225318530311775,1,1.0
236,12,0,Direct,0.424153403793422,0.424153403793422,1,1.0
236,12,1,Direct,5.2754817526984406,5.2754817526984406,1,1.0
236,12,7,Direct,3.74138128212626,3.74138128212626,1,1.0
236,12,9,Direct,0.062302048505255544,0.062302048505255544,1,1.0
236,13,0,Direct,0.04180290929624745,0.04180290929624745,1,1.0
236,13,6,Direct,3.240645200248489,3.240645200248489,1,1.0
236,13,12,ViaRelay,23.247241576143445,23.247241576143445,1,1.0
236,14,2,Direct,0.1327714646665669,0.1327714646665669,1,1.0
236,14,4,Direct,0.33126468275901394,0.33126468275901394,1,1.0
236,14,12,Direct,14.899803747244304,14.899803747244304,1,1.0
236,15,2,Direct,0.7061222480909883,0.7061222480909883,1,1.0
236,17,9,Direct,0.8358666800981015,0.8358666800981015,1,1.0
236,17,12,Direct,19.739734823320777,19.739734823320777,1,1.0
236,18,1,Direct,62.542247783278285,62.542247783278285,1,1.0
236,18,6,Direct,0.04085658294596416,0.04085658294596416,1,1.0
236,19,0,Direct,9.628700702181295,9.628700702181295,1,1.0
236,19,13,Direct,17.89133611590863,17.89133611590863,1,1.0
236,20,2,Direct,0.023029352350294435,0.023029352350294435,1,1.0
236,21,4,Direct,84.39644779152005,84.39644779152005,1,1.0
236,21,9,Direct,0.01760449631185351,0.01760449631185351,1,1.0
236,21,11,Direct,53.28664858686543,53.28664858686543,1,1.0
236,22,6,Direct,8.762163697108951,8.762163697108951,1,1.0
236,22,12,Direct,4.477915375318301,4.477915375318301,1,1.0
237,0,6,Direct,0.22650098601243995,0.22650098601243995,1,1.0
237,0,8,Direct,0.35055798145457,0.35055798145457,1,1.0
237,1,1,Direct,13.94740818891203,13.94740818891203,1,1.0
237,1,3,Direct,0.1849493429337456,0.1849493429337456,1,1.0
237,2,0,Direct,0.05070132267450991,0.05070132267450991,1,1.0
237,2,14,Direct,0.9431480657136956,0.9431480657136956,1,1.0
237,3,11,Direct,256.0,256.0,1,1.0
237,3,14,Direct,2.7063079683785145,2.7063079683785145,1,1.0
237,4,3,Direct,1.5211555021771097,1.5211555021771097,1,1.0
237,4,15,Direct,0.39657401251855384,0.39657401251855384,1,1.0
237,5,2,Direct,2.8764252482830415,2.8764252482830415,1,1.0
237,5,8,Direct,11.285276129902899,11.285276129902899,1,1.0
237,6,0,Direct,0.4069167591766179,0.4069167591766179,1,1.0
237,6,12,Direct,256.0,256.0,1,1.0
237,6,14,Direct,3.3847400381997743,3.3847400381997743,1,1.0
237,7,14,Direct,8.688515601853577,8.688515601853577,1,1.0
237,8,3,Direct,9.063156502203977,9.063156502203977,1,1.0
237,8,15,Direct,0.08670259338330344,0.08670259338330344,1,1.0
237,9,9,Direct,1.6864045927683005,1.6864045927683005,1,1.0
237,9,11,Direct,125.49638216973705,125.49638216973705,1,1.0
237,9,14,Direct,17.42233123462117,17.42233123462117,1,1.0
237,10,2,Direct,0.016452732809584848,0.016452732809584848,1,1.0
237,11,12,ViaRelay,243.47590522824228,243.47590522824228,1,1.0
237,12,1,Direct,0.035895143671962726,0.035895143671962726,1,1.0
237,12,12,Direct,256.0,256.0,1,1.0
237,13,13,Direct,0.049522307871083,0.049522307871083,1,1.0
237,13,15,Direct,32.54714978751421,32.54714978751421,1,1.0
237,14,9,Direct,0.4711740766664532,0.4711740766664532,1,1.0
237,14,11,Direct,0.08591544671890608,0.08591544671890608,1,1.0
237,15,11,Direct,0.6397143113618233,0.6397143113618233,1,1.0
237,15,14,Direct,0.13344154071315867,0.13344154071315867,1,1.0
237,15,15,Direct,0.031908642618031884,0.031908642618031884,1,1.0
237,17,0,Direct,0.35365292500202283,0.35365292500202283,1,1.0
237,17,15,Direct,1.6856104907495435,1.6856104907495435,1,1.0
237,18,0,Direct,45.06319233450894,45.06319233450894,1,1.0
237,18,2,Direct,0.009871626699548835,0.009871626699548835,1,1.0
237,18,7,Direct,14.607741527699902,14.607741527699902,1,1.0
237,19,3,Direct,0.01353586785368498,0.01353586785368498,1,1.0
237,19,11,Direct,44.28867314311021,44.28867314311021,1,1.0
237,20,12,Direct,1.6309921748511387,1.6309921748511387,1,1.0
237,20,14,Direct,53.34664047975918,53.34664047975918,1,1.0
237,21,3,Direct,3.7910827888606824,3.7910827888606824,1,1.0
237,21,12,Direct,0.5976019580110741,0.5976019580110741,1,1.0
237,21,13,Direct,0.29125952566820223,0.29125952566820223,1,1.0
237,22,6,Direct,45.773141620943065,45.773141620943065,1,1.0
237,23,3,Direct,0.16984275888997596,0.16984275888997596,1,1.0
237,23,9,Direct,0.0108446647473492,0.0108446647473492,1,1.0
237,23,13,Direct,2.6150837345046183,2.6150837345046183,1,1.0
237,23,15,Direct,0.13517018000617784,0.13517018000617784,1,1.0
238,0,4,Direct,0.07665144442440598,0.07665144442440598,1,1.0
238,0,5,Direct,6.224376633009547,6.224376633009547,1,1.0
238,0,14,Direct,28.79902863482496,28.79902863482496,1,1.0
238,1,6,Direct,12.313138862942514,12.313138862942514,1,1.0
238,1,11,Direct,0.2945256729823162,0.2945256729823162,1,1.0
238,1,14,Direct,0.011420317377531483,0.011420317377531483,1,1.0
238,2,5,Direct,0.921674627785916,0.921674627785916,1,1.0
238,2,6,Direct,1.3302813086098002,1.3302813086098002,1,1.0
238,2,12,Direct,72.60412519784607,72.60412519784607,1,1.0
238,3,3,Direct,7.547728845141028,7.547728845141028,1,1.0
238,4,3,Direct,0.6659464079506399,0.6659464079506399,1,1.0
238,5,12,Direct,1.7292104246842777,1.7292104246842777,1,1.0
238,6,8,Direct,0.012206974861217234,0.012206974861217234,1,1.0
238,7,6,Direct,0.034218975049795375,0.034218975049795375,1,1.0
238,7,7,Direct,0.025168684230491227,0.025168684230491227,1,1.0
238,8,12,Direct,1.0249295193106007,1.0249295193106007,1,1.0
238,9,6,Direct,0.4370293151757338,0.4370293151757338,1,1.0
238,11,12,Direct,0.5674255609865361,0.5674255609865361,1,1.0
238,12,1,Direct,0.3840203283690131,0.3840203283690131,1,1.0
238,12,9,Direct,0.014049960697963824,0.014049960697963824,1,1.0
238,13,13,Direct,47.7881127042633,47.7881127042633,1,1.0
238,14,1,Direct,0.71051699018038,0.71051699018038,1,1.0
238,14,3,Direct,0.8404811338706311,0.8404811338706311,1,1.0
238,14,7,Direct,0.027589861933536675,0.027589861933536675,1,1.0
238,14,8,Direct,0.018188928486078226,0.018188928486078226,1,1.0
238,14,9,Direct,0.14950429555582725,0.14950429555582725,1,1.0
238,15,6,Direct,0.07399515459987832,0.07399515459987832,1,1.0
238,15,9,Direct,0.014913641915512052,0.014913641915512052,1,1.0
238,16,3,Direct,0.010755964899055809,0.010755964899055809,1,1.0
238,16,5,Direct,7.027114154468478,7.027114154468478,1,1.0
238,17,5,Direct,49.27109145293023,49.27109145293023,1,1.0
238,18,3,Direct,12.560051454613433,12.560051454613433,1,1.0
238,18,8,Direct,18.0974178436946,18.0974178436946,1,1.0
238,18,12,Direct,1.6425517682385622,1.6425517682385622,1,1.0
238,19,14,Direct,2.142701906715505,2.142701906715505,1,1.0
238,20,3,Direct,13.366598624641593,13.366598624641593,1,1.0
238,20,4,Direct,0.1465163236009388,0.1465163236009388,1,1.0
238,20,6,Direct,1.2411899440257819,1.2411899440257819,1,1.0
238,21,1,Direct,0.4503263729622823,0.4503263729622823,1,1.0
238,21,11,Direct,0.07061503912583265,0.07061503912583265,1,1.0
238,21,12,Direct,256.0,256.0,1,1.0
238,22,4,Direct,0.37857081864346315,0.37857081864346315,1,1.0
238,22,13,Direct,0.11042907688068851,0.11042907688068851,1,1.0
238,23,6,Direct,0.033640337167166814,0.033640337167166814,1,1.0
238,23,9,Direct,5.931198308498432,5.931198308498432,1,1.0
238,23,13,Direct,0.01090059032175578,0.01090059032175578,1,1.0
239,0,1,Direct,0.1498659013392681,0.1498659013392681,1,1.0
239,1,9,Direct,0.012088776947051485,0.012088776947051485,1,1.0
239,2,1,Direct,0.20477460965195673,0.20477460965195673,1,1.0
239,3,1,Direct,14.81877966052442,14.81877966052442,1,1.0
239,4,0,Direct,1.6286086302984066,1.6286086302984066,1,1.0
239,4,9,Direct,0.017749080105378897,0.017749080105378897,1,1.0
239,5,6,Direct,0.028918376921098464,0.028918376921098464,1,1.0
239,6,11,Direct,0.7763732932445487,0.7763732932445487,1,1.0
239,7,6,Direct,2.0950320719888706,2.0950320719888706,1,1.0
239,7,9,Direct,0.10653583945787827,0.10653583945787827,1,1.0
239,8,1,Direct,4.032781034239896,4.032781034239896,1,1.0
239,8,14,Direct,8.414963524068037,8.414963524068037,1,1.0
239,10,11,Direct,0.06460392193404138,0.06460392193404138,1,1.0
239,11,0,Direct,3.397393141409957,3.397393141409957,1,1.0
239,12,0,Direct,0.582071692909448,0.582071692909448,1,1.0
239,12,9,Direct,2.589672178817732,2.589672178817732,1,1.0
239,13,6,Direct,0.08758571213480897,0.08758571213480897,1,1.0
239,13,7,Direct,64.68674613462282,64.68674613462282,1,1.0
239,14,0,Direct,0.5888048011510436,0.5888048011510436,1,1.0
239,15,0,Direct,0.009912257270590249,0.009912257270590249,1,1.0
239,15,6,Direct,21.612341355844066,21.612341355844066,1,1.0
239,15,11,Direct,159.71779408400735,159.71779408400735,1,1.0
239,16,3,Direct,13.242663245739994,13.242663245739994,1,1.0
239,16,6,Direct,5.659067301198856,5.659067301198856,1,1.0
239,16,7,Direct,3.7254205514896914,3.7254205514896914,1,1.0
239,16,9,Direct,0.849733925253554,0.849733925253554,1,1.0
239,17,0,Direct,0.024349990451223172,0.024349990451223172,1,1.0
239,17,4,Direct,21.14298327879635,21.14298327879635,1,1.0
239,18,13,Direct,0.01842556284379844,0.01842556284379844,1,1.0
239,18,14,Direct,0.026309982275598876,0.026309982275598876,1,1.0
239,20,0,Direct,0.01799495349550544,0.01799495349550544,1,1.0
239,20,1,Direct,0.01102780076478323,0.01102780076478323,1,1.0
239,20,9,Direct,3.3326319499939068,3.3326319499939068,1,1.0
239,20,13,Direct,0.018464789293269293,0.018464789293269293,1,1.0
239,21,0,Direct,0.027869315933632306,0.027869315933632306,1,1.0
239,21,6,Direct,0.01709493595732628,0.01709493595732628,1,1.0
239,22,12,Direct,22.49237538830794,22.49237538830794,1,1.0
239,22,13,Direct,0.05148755187883844,0.05148755187883844,1,1.0
239,22,14,Direct,6.063122675046798,6.063122675046798,1,1.0
239,23,1,Direct,2.7860567166118457,2.7860567166118457,1,1.0
239,23,3,Direct,0.013863420620686401,0.013863420620686401,1,1.0
240,0,11,Direct,2.3372927533818912,2.3372927533818912,1,1.0
240,0,15,Direct,0.00929825604192813,0.00929825604192813,1,1.0
240,1,11,Direct,0.4565174284413923,0.4565174284413923,1,1.0
240,1,15,Direct,0.04535525618852726,0.04535525618852726,1,1.0
240,2,13,Direct,0.32239801797799245,0.32239801797799245,1,1.0
240,2,15,Direct,0.01685318723548732,0.01685318723548732,1,1.0
240,3,11,Direct,11.715143650888123,11.715143650888123,1,1.0
240,3,15,Direct,0.014579622810774564,0.014579622810774564,1,1.0
240,4,1,Direct,0.15357087969149796,0.15357087969149796,1,1.0
240,4,2,Direct,9.464967575374851,9.464967575374851,1,1.0
240,4,15,Direct,2.481502610560068,2.481502610560068,1,1.0
240,5,6,Direct,0.13886490397802773,0.13886490397802773,1,1.0
240,5,11,Direct,0.6244134586943536,0.6244134586943536,1,1.0
240,6,0,Direct,63.44349358302388,63.44349358302388,1,1.0
240,6,1,Direct,0.016729099550447473,0.016729099550447473,1,1.0
240,6,2,Direct,0.5733445105093296,0.5733445105093296,1,1.0
240,6,3,Direct,0.01538146834991012,0.01538146834991012,1,1.0
240,7,6,Direct,30.433704371225698,30.433704371225698,1,1.0
240,9,0,Direct,1.0549711665431392,1.0549711665431392,1,1.0
240,9,2,Direct,0.024108859010784755,0.024108859010784755,1,1.0
240,10,0,Direct,26.59440810750685,26.59440810750685,1,1.0
240,10,2,Direct,0.01829544359832596,0.01829544359832596,1,1.0
240,10,12,ViaRelay,142.50909000823287,142.50909000823287,1,1.0
240,11,1,Direct,0.6718649941569604,0.6718649941569604,1,1.0
240,12,0,Direct,4.946559209180299,4.946559209180299,1,1.0
240,12,6,Direct,0.016125593996212086,0.016125593996212086,1,1.0
240,12,15,Direct,0.046009076537752304,0.046009076537752304,1,1.0
240,13,0,Direct,8.316131042436185,8.316131042436185,1,1.0
240,15,2,Direct,4.648134842330898,4.648134842330898,1,1.0
240,15,10,Direct,2.1854147127738206,2.1854147127738206,1,1.0
240,16,3,Direct,0.016198268580502037,0.016198268580502037,1,1.0
240,16,5,Direct,9.129057198517586,9.129057198517586,1,1.0
240,17,13,Direct,0.05758470276724818,0.05758470276724818,1,1.0
240,18,10,Direct,0.10986591063700094,0.10986591063700094,1,1.0
240,18,15,Direct,0.02083605932099645,0.02083605932099645,1,1.0
240,19,10,Direct,0.3626636199507602,0.3626636199507602,1,1.0
240,20,13,Direct,0.024729757692707546,0.024729757692707546,1,1.0
240,21,7,Direct,14.111010624855712,14.111010624855712,1,1.0
240,21,11,Direct,18.538928121883437,18.538928121883437,1,1.0
240,22,1,Direct,0.013860143312366749,0.013860143312366749,1,1.0
240,23,0,Direct,7.284325317169068,7.284325317169068,1,1.0
240,23,11,Direct,0.4549930137694529,0.4549930137694529,1,1.0
241,1,3,Direct,0.02950087202624478,0.02950087202624478,1,1.0
241,3,3,Direct,0.5016840544677982,0.5016840544677982,1,1.0
241,3,13,Direct,0.022417195131159858,0.022417195131159858,1,1.0
241,3,15,Direct,8.33797021110702,8.33797021110702,1,1.0
241,4,9,Direct,0.09871342651179223,0.09871342651179223,1,1.0
241,4,12,Direct,0.09592173950774098,0.09592173950774098,1,1.0
241,5,13,Direct,0.017051576071071044,0.017051576071071044,1,1.0
241,6,3,Direct,0.009649243257631468,0.009649243257631468,1,1.0
241,6,15,Direct,0.0864557701296965,0.0864557701296965,1,1.0
241,7,6,Direct,0.01650730831108831,0.01650730831108831,1,1.0
241,7,8,Direct,3.3888923898450147,3.3888923898450147,1,1.0
241,7,9,Direct,0.009951035472399459,0.009951035472399459,1,1.0
241,8,14,Direct,5.64620172484522,5.64620172484522,1,1.0
241,9,2,Direct,14.914359269839215,14.914359269839215,1,1.0
241,10,13,Direct,0.029840868117575078,0.029840868117575078,1,1.0
241,11,12,Direct,256.0,256.0,1,1.0
241,14,2,Direct,4.880649433217189,4.880649433217189,1,1.0
241,15,12,Direct,21.741048649843954,21.741048649843954,1,1.0
241,15,13,Direct,0.046844978753650804,0.046844978753650804,1,1.0
241,15,14,Direct,0.8639295165857659,0.8639295165857659,1,1.0
241,16,6,Direct,0.2759464718794802,0.2759464718794802,1,1.0
241,16,7,Direct,0.2688908746655484,0.2688908746655484,1,1.0
241,17,8,Direct,0.02246850586739633,0.02246850586739633,1,1.0
241,19,14,Direct,2.9989094652938193,2.9989094652938193,1,1.0
241,20,6,Direct,1.0771693918116376,1.0771693918116376,1,1.0
241,20,7,Direct,23.57686682267095,23.57686682267095,1,1.0
241,20,15,Direct,0.027797974332986905,0.027797974332986905,1,1.0
241,22,9,Direct,0.9534696738864067,0.9534696738864067,1,1.0
241,23,12,Direct,256.0,256.0,1,1.0
242,1,15,Direct,0.012612044219836312,0.012612044219836312,1,1.0
242,2,15,Direct,0.009427290299235393,0.009427290299235393,1,1.0
242,3,0,Direct,0.02175736608170561,0.02175736608170561,1,1.0
242,3,5,Direct,0.2699444382858534,0.2699444382858534,1,1.0
242,3,13,Direct,3.1458655935384576,3.1458655935384576,1,1.0
242,4,2,Direct,0.9533769780192803,0.9533769780192803,1,1.0
242,4,7,Direct,0.029681081994145136,0.029681081994145136,1,1.0
242,5,15,Direct,0.03741421729311408,0.03741421729311408,1,1.0
242,7,7,Direct,23.182318380776998,23.182318380776998,1,1.0
242,8,7,ViaRelay,90.92809270195406,90.92809270195406,1,1.0
242,8,8,Direct,42.42291989482105,42.42291989482105,1,1.0
242,8,15,Direct,11.53569829352593,11.53569829352593,1,1.0
242,9,2,Direct,0.012754271293783604,0.012754271293783604,1,1.0
242,9,5,Direct,8.660682464142909,8.660682464142909,1,1.0
242,9,13,Direct,0.46915738993392575,0.46915738993392575,1,1.0
242,10,11,Direct,0.41877055893518034,0.41877055893518034,1,1.0
242,11,11,Direct,14.83983796628964,14.83983796628964,1,1.0
242,12,8,Direct,0.012330690412552848,0.012330690412552848,1,1.0
242,12,11,Direct,27.944815947276755,27.944815947276755,1,1.0
242,12,15,Direct,4.1439388260365355,4.1439388260365355,1,1.0
242,13,14,Direct,74.75287691619226,74.75287691619226,1,1.0
242,14,2,Direct,8.854429594082562,8.854429594082562,1,1.0
242,14,13,Direct,11.076530589805381,11.076530589805381,1,1.0
242,14,14,Direct,22.932435742991196,22.932435742991196,1,1.0
242,15,5,Direct,0.6903473251944161,0.6903473251944161,1,1.0
242,15,8,Direct,0.6502001044409177,0.6502001044409177,1,1.0
242,15,13,Direct,0.9284688049999003,0.9284688049999003,1,1.0
242,16,5,Direct,0.033072597382560034,0.033072597382560034,1,1.0
242,16,7,Direct,87.40183175689326,87.40183175689326,1,1.0
242,16,10,Direct,4.349810852639407,4.349810852639407,1,1.0
242,16,15,Direct,0.846428985762536,0.846428985762536,1,1.0
242,19,5,Direct,0.13042828309445617,0.13042828309445617,1,1.0
242,20,2,Direct,0.021485381515591543,0.021485381515591543,1,1.0
242,20,5,Direct,2.4744416290108684,2.4744416290108684,1,1.0
242,21,0,Direct,1.8980404617704134,1.8980404617704134,1,1.0
242,22,5,Direct,8.265950760204117,8.265950760204117,1,1.0
242,22,15,Direct,0.07310461973313044,0.07310461973313044,1,1.0
242,23,2,Direct,1.8688082364232526,1.8688082364232526,1,1.0
242,23,10,Direct,0.07985167943983063,0.07985167943983063,1,1.0
243,0,1,Direct,0.04455886087167321,0.04455886087167321,1,1.0
243,0,3,Direct,0.17755474419303677,0.17755474419303677,1,1.0
243,0,14,Direct,0.12048662774507544,0.12048662774507544,1,1.0
243,1,5,Direct,91.79930969994888,91.79930969994888,1,1.0
243,1,8,Direct,0.024581522077007298,0.024581522077007298,1,1.0
243,2,10,Direct,10.72763695592196,10.72763695592196,1,1.0
243,2,11,Direct,0.08935154044503203,0.08935154044503203,1,1.0
243,2,12,Direct,23.20174401067831,23.20174401067831,1,1.0
243,3,8,Direct,0.08091947244052153,0.08091947244052153,1,1.0
243,3,10,Direct,0.461800924169272,0.461800924169272,1,1.0
243,4,8,Direct,5.706178073672792,5.706178073672792,1,1.0
243,5,1,Direct,0.03636458529398976,0.03636458529398976,1,1.0
243,6,8,Direct,12.16498191767212,12.16498191767212,1,1.0
243,6,14,Direct,0.36894529877285265,0.36894529877285265,1,1.0
243,7,3,Direct,0.13817262917986617,0.13817262917986617,1,1.0
243,7,6,Direct,60.94067718626467,60.94067718626467,1,1.0
243,7,8,Direct,0.03041068476377757,0.03041068476377757,1,1.0
243,8,6,Direct,1.9835532346759293,1.9835532346759293,1,1.0
243,8,11,Direct,9.004776924146979,9.004776924146979,1,1.0
243,8,12,Direct,10.557233984919433,10.557233984919433,1,1.0
243,9,2,Direct,1.8199738369179002,1.8199738369179002,1,1.0
243,9,5,Direct,0.05400581740354828,0.05400581740354828,1,1.0
243,9,12,Direct,19.37499793423036,19.37499793423036,1,1.0
243,10,2,Direct,0.2774093826720227,0.2774093826720227,1,1.0
243,10,11,Direct,11.984477304551726,11.984477304551726,1,1.0
243,10,12,Direct,0.10935111420297497,0.10935111420297497,1,1.0
243,11,3,Direct,0.008768757190536427,0.008768757190536427,1,1.0
243,13,1,Direct,19.52510979844269,19.52510979844269,1,1.0
243,13,2,Direct,2.8280335651126323,2.8280335651126323,1,1.0
243,13,3,Direct,0.045676187202950407,0.045676187202950407,1,1.0
243,13,6,Direct,0.03117862214382423,0.03117862214382423,1,1.0
243,13,14,Direct,73.85235161243777,73.85235161243777,1,1.0
243,14,6,Direct,7.250826343934122,7.250826343934122,1,1.0
243,15,5,Direct,0.7792835606580286,0.7792835606580286,1,1.0
243,15,11,Direct,0.16455093539894594,0.16455093539894594,1,1.0
243,15,12,Direct,0.26650334913995427,0.26650334913995427,1,1.0
243,16,10,Direct,0.4333536506259697,0.4333536506259697,1,1.0
243,17,2,Direct,0.010909047897078595,0.010909047897078595,1,1.0
243,17,10,Direct,1.1161824745713744,1.1161824745713744,1,1.0
243,17,12,Direct,0.4465389972546987,0.4465389972546987,1,1.0
243,19,12,Direct,153.26334535855017,153.26334535855017,1,1.0
243,20,11,Direct,6.04587245963652,6.04587245963652,1,1.0
243,20,12,Direct,2.314442981156708,2.314442981156708,1,1.0
243,21,5,Direct,30.094296665716517,30.094296665716517,1,1.0
243,22,2,Direct,1.1716364914542092,1.1716364914542092,1,1.0
243,22,3,Direct,0.0637979022431585,0.0637979022431585,1,1.0
243,23,9,Direct,0.03165962551900855,0.03165962551900855,1,1.0
244,0,7,Direct,7.641401465754821,7.641401465754821,1,1.0
244,1,6,Direct,2.796676514186783,2.796676514186783,1,1.0
244,1,9,Direct,0.00794348056560481,0.00794348056560481,1,1.0
244,2,13,Direct,2.564339272299784,2.564339272299784,1,1.0
244,4,6,Direct,0.40785270557549597,0.40785270557549597,1,1.0
244,5,14,Direct,0.38820657377514145,0.38820657377514145,1,1.0
244,6,14,Direct,4.884313953837171,4.884313953837171,1,1.0
244,7,5,Direct,57.608744573031665,57.608744573031665,1,1.0
244,7,13,Direct,0.03444174077280158,0.03444174077280158,1,1.0
244,7,14,Direct,1.760397680841998,1.760397680841998,1,1.0
244,9,5,Direct,1.939841260746967,1.939841260746967,1,1.0
244,9,9,Direct,4.601433339491678,4.601433339491678,1,1.0
244,9,13,Direct,0.01291631914944285,0.01291631914944285,1,1.0
244,9,14,Direct,0.21855791945375194,0.21855791945375194,1,1.0
244,10,11,Direct,0.7889571343689091,0.7889571343689091,1,1.0
244,10,14,Direct,115.48989590668153,115.48989590668153,1,1.0
244,12,14,Direct,164.54863635045893,164.54863635045893,1,1.0
244,14,5,Direct,9.501465947945027,9.501465947945027,1,1.0
244,14,7,Direct,8.266947127390667,8.266947127390667,1,1.0
244,16,7,Direct,0.03632966431434327,0.03632966431434327,1,1.0
244,18,6,Direct,18.753927691964446,18.753927691964446,1,1.0
244,20,7,Direct,0.025041459126320335,0.025041459126320335,1,1.0
244,21,13,Direct,0.009283804493366493,0.009283804493366493,1,1.0
244,23,7,Direct,0.025476418838434167,0.025476418838434167,1,1.0
244,23,9,Direct,0.3481181187773457,0.3481181187773457,1,1.0
245,1,9,Direct,0.009243395723075991,0.009243395723075991,1,1.0
245,2,0,Direct,1.3678540354898916,1.3678540354898916,1,1.0
245,3,13,Direct,0.012744160877745846,0.012744160877745846,1,1.0
245,4,0,Direct,0.014122253201316501,0.014122253201316501,1,1.0
245,5,10,Direct,0.3274412179865557,0.3274412179865557,1,1.0
245,5,15,Direct,0.14955687726346778,0.14955687726346778,1,1.0
245,7,0,Direct,0.44646500253890187,0.44646500253890187,1,1.0
245,7,1,Direct,0.09438609263617348,0.09438609263617348,1,1.0
245,7,14,ViaRelay,108.62434997495363,108.62434997495363,1,1.0
245,10,1,Direct,0.40913936854279914,0.40913936854279914,1,1.0
245,10,2,Direct,0.22203470480582466,0.22203470480582466,1,1.0
245,11,0,Direct,1.1843475252430193,1.1843475252430193,1,1.0
245,11,15,Direct,0.02356051811410706,0.02356051811410706,1,1.0
245,13,13,Direct,1.9549586804506824,1.9549586804506824,1,1.0
245,14,9,Direct,0.03178767851541719,0.03178767851541719,1,1.0
245,15,10,Direct,0.06771978503647774,0.06771978503647774,1,1.0
245,15,14,Direct,0.2798178836646535,0.2798178836646535,1,1.0
245,16,9,Direct,0.02053555050186392,0.02053555050186392,1,1.0
245,17,14,Direct,0.04038109245703774,0.04038109245703774,1,1.0
245,18,0,Direct,7.935643039674787,7.935643039674787,1,1.0
245,18,11,Direct,8.832239034717352,8.832239034717352,1,1.0
245,18,15,Direct,0.014505851934358546,0.014505851934358546,1,1.0
245,20,11,Direct,256.0,256.0,1,1.0
245,20,15,Direct,0.0163795235161288,0.0163795235161288,1,1.0
245,21,9,Direct,0.022552892981736503,0.022552892981736503,1,1.0
245,21,10,Direct,0.151723611740726,0.151723611740726,1,1.0
245,23,10,Direct,0.8431942984711271,0.8431942984711271,1,1.0
246,0,6,Direct,5.477654082714045,5.477654082714045,1,1.0
246,0,11,Direct,0.1197272253343811,0.1197272253343811,1,1.0
246,1,2,Direct,29.63949397930579,29.63949397930579,1,1.0
246,3,0,Direct,0.03814310640095821,0.03814310640095821,1,1.0
246,3,12,Direct,9.452744099797833,9.452744099797833,1,1.0
246,4,2,Direct,0.42061311433795134,0.42061311433795134,1,1.0
246,4,8,Direct,0.030902254829212678,0.030902254829212678,1,1.0
246,7,1,Direct,49.51525552519404,49.51525552519404,1,1.0
246,7,6,Direct,0.31563266013686914,0.31563266013686914,1,1.0
246,8,0,Direct,0.20521280260788924,0.20521280260788924,1,1.0
246,8,8,Direct,0.18533384926523255,0.18533384926523255,1,1.0
246,9,1,Direct,0.8167597792176197,0.8167597792176197,1,1.0
246,9,5,Direct,7.577303109244934,7.577303109244934,1,1.0
246,9,15,Direct,0.020144472375080578,0.020144472375080578,1,1.0
246,11,4,Direct,0.041181829730458704,0.041181829730458704,1,1.0
246,12,12,Direct,0.06410955270963116,0.06410955270963116,1,1.0
246,13,4,Direct,0.17323912638499483,0.17323912638499483,1,1.0
246,14,5,Direct,96.09935979618493,96.09935979618493,1,1.0
246,14,12,Direct,27.329654506104102,27.329654506104102,1,1.0
246,15,2,Direct,0.7911583553004149,0.7911583553004149,1,1.0
246,15,9,Direct,0.0332816518086494,0.0332816518086494,1,1.0
246,16,1,Direct,0.07246838759942756,0.07246838759942756,1,1.0
246,17,2,Direct,0.36301656047947184,0.36301656047947184,1,1.0
246,17,4,Direct,256.0,256.0,1,1.0
246,19,5,Direct,0.050860380937247276,0.050860380937247276,1,1.0
246,20,2,Direct,0.029920111304976828,0.029920111304976828,1,1.0
246,20,8,Direct,0.008259575283427877,0.008259575283427877,1,1.0
246,21,2,Direct,0.17458474018885173,0.17458474018885173,1,1.0
246,21,4,Direct,0.303759602675248,0.303759602675248,1,1.0
246,21,8,Direct,21.184215123592807,21.184215123592807,1,1.0
246,21,9,Direct,0.05522827391968524,0.05522827391968524,1,1.0
246,22,8,Direct,0.02608418469278122,0.02608418469278122,1,1.0
247,0,4,Direct,0.11377029304846445,0.11377029304846445,1,1.0
247,1,5,Direct,0.1562884926845232,0.1562884926845232,1,1.0
247,1,10,Direct,75.41547726549348,75.41547726549348,1,1.0
247,2,6,Direct,10.469474583111698,10.469474583111698,1,1.0
247,2,9,Direct,0.01138662747356503,0.01138662747356503,1,1.0
247,3,5,Direct,0.28075231218658664,0.28075231218658664,1,1.0
247,4,0,Direct,4.8854041771544585,4.8854041771544585,1,1.0
247,4,12,Direct,46.76790765751194,46.76790765751194,1,1.0
247,6,4,Direct,0.05556651862052651,0.05556651862052651,1,1.0
247,7,7,Direct,0.09133530394841037,0.09133530394841037,1,1.0
247,8,15,Direct,0.06835694465784307,0.06835694465784307,1,1.0
247,9,10,Direct,0.04198968003707095,0.04198968003707095,1,1.0
247,9,11,Direct,86.04026877098978,86.04026877098978,1,1.0
247,10,12,Direct,13.29456872442998,13.29456872442998,1,1.0
247,10,14,Direct,33.09344640501377,33.09344640501377,1,1.0
247,11,0,Direct,0.08540827363819119,0.08540827363819119,1,1.0
247,11,4,Direct,0.05422520803755285,0.05422520803755285,1,1.0
247,12,2,Direct,0.5215755934594886,0.5215755934594886,1,1.0
247,13,7,Direct,4.547389311314871,4.547389311314871,1,1.0
247,14,1,Direct,6.06157066446511,6.06157066446511,1,1.0
247,14,6,Direct,0.05600900311066613,0.05600900311066613,1,1.0
247,14,8,Direct,6.825025170372971,6.825025170372971,1,1.0
247,14,15,Direct,41.220338510033834,41.220338510033834,1,1.0
247,15,10,Direct,0.2027157809065554,0.2027157809065554,1,1.0
247,16,5,Direct,0.06330330740267763,0.06330330740267763,1,1.0
247,16,10,Direct,51.857934209615664,51.857934209615664,1,1.0
247,17,2,Direct,2.0347792177582416,2.0347792177582416,1,1.0
247,17,15,Direct,0.043252484615394084,0.043252484615394084,1,1.0
247,19,4,Direct,42.72319019583498,42.72319019583498,1,1.0
247,19,12,Direct,9.349465424010685,9.349465424010685,1,1.0
247,20,0,Direct,0.015918538949219265,0.015918538949219265,1,1.0
247,20,2,Direct,0.2401124866869844,0.2401124866869844,1,1.0
247,21,0,Direct,0.4238199241419018,0.4238199241419018,1,1.0
247,21,5,Direct,46.3900188823748,46.3900188823748,1,1.0
247,21,10,Direct,32.86514563498288,32.86514563498288,1,1.0
247,22,11,Direct,256.0,256.0,1,1.0
247,22,12,Direct,22.34608770254145,22.34608770254145,1,1.0
247,23,2,Direct,0.022241732643458037,0.022241732643458037,1,1.0
247,23,15,Direct,0.7921021060734191,0.7921021060734191,1,1.0
248,0,0,Direct,0.027813975458120272,0.027813975458120272,1,1.0
248,0,10,Direct,0.03666566109721151,0.03666566109721151,1,1.0
248,2,11,Direct,0.10774215383571711,0.10774215383571711,1,1.0
248,3,15,Direct,1.3440626297737344,1.3440626297737344,1,1.0
248,4,10,Direct,36.64660051486289,36.64660051486289,1,1.0
248,4,14,Direct,47.57888950985994,47.57888950985994,1,1.0
248,6,9,Direct,0.009449753998702109,0.009449753998702109,1,1.0
248,8,5,Direct,0.06395131086789613,0.06395131086789613,1,1.0
248,8,14,Direct,68.91336301300582,68.91336301300582,1,1.0
248,8,15,Direct,17.12100440408931,17.12100440408931,1,1.0
248,9,15,Direct,0.6136553144629253,0.6136553144629253,1,1.0
248,10,9,Direct,0.021111899934635598,0.021111899934635598,1,1.0
248,11,6,Direct,26.22371719097513,26.22371719097513,1,1.0
248,11,9,Direct,0.0764495876904274,0.0764495876904274,1,1.0
248,12,0,Direct,5.5155704253291535,5.5155704253291535,1,1.0
248,12,9,Direct,0.01746857771777219,0.01746857771777219,1,1.0
248,13,9,Direct,0.00975157535460667,0.00975157535460667,1,1.0
248,14,2,Direct,0.1634752099413699,0.1634752099413699,1,1.0
248,15,2,Direct,3.3245848553854276,3.3245848553854276,1,1.0
248,15,6,Direct,2.0486337312772513,2.0486337312772513,1,1.0
248,16,5,Direct,0.36849437723274425,0.36849437723274425,1,1.0
248,17,0,Direct,0.24462459103672432,0.24462459103672432,1,1.0
248,17,15,Direct,0.0217369505980004,0.0217369505980004,1,1.0
248,18,5,Direct,0.059917699018749916,0.059917699018749916,1,1.0
248,18,11,Direct,1.1629871150646662,1.1629871150646662,1,1.0
248,18,14,Direct,0.10974369321117974,0.10974369321117974,1,1.0
248,19,0,Direct,0.029867718685558795,0.029867718685558795,1,1.0
248,20,0,Direct,10.931030559237604,10.931030559237604,1,1.0
248,21,9,Direct,22.797088529247162,22.797088529247162,1,1.0
248,21,15,Direct,0.04114723187505466,0.04114723187505466,1,1.0
248,23,8,Direct,0.03191348591558251,0.03191348591558251,1,1.0
248,23,10,Direct,256.0,256.0,1,1.0
249,1,1,Direct,26.74584015404626,26.74584015404626,1,1.0
249,1,14,Direct,0.8499266818797208,0.8499266818797208,1,1.0
249,2,1,Direct,35.57846876145993,35.57846876145993,1,1.0
249,3,14,Direct,0.035740310093274365,0.035740310093274365,1,1.0
249,5,11,Direct,25.6953829701404,25.6953829701404,1,1.0
249,9,14,Direct,0.241033197928376,0.241033197928376,1,1.0
249,10,8,Direct,0.22492767345166942,0.22492767345166942,1,1.0
249,13,0,Direct,0.24349461751437554,0.24349461751437554,1,1.0
249,13,8,Direct,10.166479330155363,10.166479330155363,1,1.0
249,14,14,Direct,2.634959658780125,2.634959658780125,1,1.0
249,14,15,Direct,0.008551608846764105,0.008551608846764105,1,1.0
249,15,0,Direct,34.19703507045256,34.19703507045256,1,1.0
249,15,9,Direct,0.3390608367273162,0.3390608367273162,1,1.0
249,16,0,Direct,0.012984095990818605,0.012984095990818605,1,1.0
249,16,8,Direct,0.02258360089815668,0.02258360089815668,1,1.0
249,16,14,Direct,91.91463776338743,91.91463776338743,1,1.0
249,17,1,Direct,0.13660545286374012,0.13660545286374012,1,1.0
249,17,9,Direct,0.03301703097558088,0.03301703097558088,1,1.0
249,17,12,Direct,47.47327366601942,47.47327366601942,1,1.0
249,17,15,Direct,1.2495208162827187,1.2495208162827187,1,1.0
249,19,8,Direct,0.0182574295812712,0.0182574295812712,1,1.0
249,20,8,Direct,0.011992515823482087,0.011992515823482087,1,1.0
249,20,9,Direct,0.012242386753757053,0.012242386753757053,1,1.0
249,20,14,Direct,153.03074160817928,153.03074160817928,1,1.0
249,21,8,Direct,0.09889541474539891,0.09889541474539891,1,1.0
249,22,8,Direct,0.031902179665458025,0.031902179665458025,1,1.0
249,23,11,Direct,127.68200789849612,127.68200789849612,1,1.0
